user,video_name,frame_index,hand_landmark,x_coords,y_coords
1,[3] Key Hover Detection.mp4,1,0,-2354.2104,-908.0148
1,[3] Key Hover Detection.mp4,1,1,-2271.739,-1045.5677
1,[3] Key Hover Detection.mp4,1,2,-2132.0864,-1139.5161
1,[3] Key Hover Detection.mp4,1,3,-2031.5782,-1208.0284
1,[3] Key Hover Detection.mp4,1,4,-1980.3932,-1303.1934
1,[3] Key Hover Detection.mp4,1,5,-1972.6562,-994.0714
1,[3] Key Hover Detection.mp4,1,6,-1989.1698,-1058.0536
1,[3] Key Hover Detection.mp4,1,7,-2046.8346,-1084.9784
1,[3] Key Hover Detection.mp4,1,8,-2083.4885,-1087.8438
1,[3] Key Hover Detection.mp4,1,9,-2006.6748,-915.0421
1,[3] Key Hover Detection.mp4,1,10,-2044.1991,-1003.0837
1,[3] Key Hover Detection.mp4,1,11,-2101.3804,-1046.6882
1,[3] Key Hover Detection.mp4,1,12,-2134.746,-1047.7767
1,[3] Key Hover Detection.mp4,1,13,-2073.8174,-845.4412
1,[3] Key Hover Detection.mp4,1,14,-2111.3418,-933.4828
1,[3] Key Hover Detection.mp4,1,15,-2163.7114,-970.2522
1,[3] Key Hover Detection.mp4,1,16,-2197.0771,-971.3407
1,[3] Key Hover Detection.mp4,1,17,-2153.8708,-791.28766
1,[3] Key Hover Detection.mp4,1,18,-2183.5374,-862.37726
1,[3] Key Hover Detection.mp4,1,19,-2224.2776,-897.09766
1,[3] Key Hover Detection.mp4,1,20,-2247.7786,-892.85565
1,[3] Key Hover Detection.mp4,1,0,-2353.0017,-949.7145
1,[3] Key Hover Detection.mp4,1,1,-2280.8784,-1075.9181
1,[3] Key Hover Detection.mp4,1,2,-2124.543,-1169.3221
1,[3] Key Hover Detection.mp4,1,3,-2024.2764,-1229.4946
1,[3] Key Hover Detection.mp4,1,4,-1966.7567,-1312.7659
1,[3] Key Hover Detection.mp4,1,5,-1951.9597,-1016.77014
1,[3] Key Hover Detection.mp4,1,6,-1986.4377,-1094.695
1,[3] Key Hover Detection.mp4,1,7,-2072.8984,-1107.533
1,[3] Key Hover Detection.mp4,1,8,-2090.065,-1091.3973
1,[3] Key Hover Detection.mp4,1,9,-1984.6969,-924.34247
1,[3] Key Hover Detection.mp4,1,10,-2050.292,-1023.31726
1,[3] Key Hover Detection.mp4,1,11,-2129.6929,-1049.2815
1,[3] Key Hover Detection.mp4,1,12,-2145.3362,-1028.0875
1,[3] Key Hover Detection.mp4,1,13,-2058.6577,-849.9554
1,[3] Key Hover Detection.mp4,1,14,-2112.623,-946.88116
1,[3] Key Hover Detection.mp4,1,15,-2186.9707,-974.3501
1,[3] Key Hover Detection.mp4,1,16,-2199.3257,-951.3793
1,[3] Key Hover Detection.mp4,1,17,-2143.7644,-794.29706
1,[3] Key Hover Detection.mp4,1,18,-2174.9543,-870.44507
1,[3] Key Hover Detection.mp4,1,19,-2227.5657,-898.87445
1,[3] Key Hover Detection.mp4,1,20,-2244.7322,-882.73883
1,[3] Key Hover Detection.mp4,1,0,-2371.6914,-938.63727
1,[3] Key Hover Detection.mp4,1,1,-2290.7432,-1081.2485
1,[3] Key Hover Detection.mp4,1,2,-2131.361,-1164.5359
1,[3] Key Hover Detection.mp4,1,3,-2022.7532,-1224.4362
1,[3] Key Hover Detection.mp4,1,4,-1966.9985,-1304.426
1,[3] Key Hover Detection.mp4,1,5,-1962.0662,-1013.76074
1,[3] Key Hover Detection.mp4,1,6,-1968.7152,-1072.4125
1,[3] Key Hover Detection.mp4,1,7,-2059.7456,-1100.4257
1,[3] Key Hover Detection.mp4,1,8,-2085.2534,-1084.5621
1,[3] Key Hover Detection.mp4,1,9,-2001.3798,-924.8868
1,[3] Key Hover Detection.mp4,1,10,-2029.2812,-999.2579
1,[3] Key Hover Detection.mp4,1,11,-2118.305,-1038.8926
1,[3] Key Hover Detection.mp4,1,12,-2135.4714,-1022.75696
1,[3] Key Hover Detection.mp4,1,13,-2072.0522,-848.7228
1,[3] Key Hover Detection.mp4,1,14,-2096.6655,-921.3171
1,[3] Key Hover Detection.mp4,1,15,-2175.5828,-963.9612
1,[3] Key Hover Detection.mp4,1,16,-2192.7493,-947.82556
1,[3] Key Hover Detection.mp4,1,17,-2158.924,-789.78296
1,[3] Key Hover Detection.mp4,1,18,-2163.808,-851.7162
1,[3] Key Hover Detection.mp4,1,19,-2219.466,-890.2624
1,[3] Key Hover Detection.mp4,1,20,-2239.9207,-875.9036
1,[3] Key Hover Detection.mp4,1,0,-2371.6914,-938.63727
1,[3] Key Hover Detection.mp4,1,1,-2292.508,-1077.967
1,[3] Key Hover Detection.mp4,1,2,-2131.361,-1164.5359
1,[3] Key Hover Detection.mp4,1,3,-2022.7532,-1224.4362
1,[3] Key Hover Detection.mp4,1,4,-1965.2335,-1307.7075
1,[3] Key Hover Detection.mp4,1,5,-1955.2479,-1018.547
1,[3] Key Hover Detection.mp4,1,6,-1973.2848,-1087.5875
1,[3] Key Hover Detection.mp4,1,7,-2066.322,-1103.9794
1,[3] Key Hover Detection.mp4,1,8,-2087.0186,-1081.2806
1,[3] Key Hover Detection.mp4,1,9,-1987.9851,-926.1193
1,[3] Key Hover Detection.mp4,1,10,-2032.0859,-1017.7146
1,[3] Key Hover Detection.mp4,1,11,-2126.4045,-1047.5046
1,[3] Key Hover Detection.mp4,1,12,-2135.4714,-1022.75696
1,[3] Key Hover Detection.mp4,1,13,-2061.9458,-851.7322
1,[3] Key Hover Detection.mp4,1,14,-2099.4702,-939.7738
1,[3] Key Hover Detection.mp4,1,15,-2183.6826,-972.57324
1,[3] Key Hover Detection.mp4,1,16,-2191.226,-942.7672
1,[3] Key Hover Detection.mp4,1,17,-2147.0527,-796.0739
1,[3] Key Hover Detection.mp4,1,18,-2165.0896,-865.1145
1,[3] Key Hover Detection.mp4,1,19,-2224.2776,-897.09766
1,[3] Key Hover Detection.mp4,1,20,-2236.6326,-874.1268
1,[3] Key Hover Detection.mp4,1,0,-603.18536,-21.11597
1,[3] Key Hover Detection.mp4,1,1,-603.8865,-169.73015
1,[3] Key Hover Detection.mp4,1,2,-593.68335,-291.27554
1,[3] Key Hover Detection.mp4,1,3,-566.2412,-373.85855
1,[3] Key Hover Detection.mp4,1,4,-532.4644,-444.5479
1,[3] Key Hover Detection.mp4,1,5,-511.96143,-230.1747
1,[3] Key Hover Detection.mp4,1,6,-667.95844,-263.6465
1,[3] Key Hover Detection.mp4,1,7,-707.90063,-268.2887
1,[3] Key Hover Detection.mp4,1,8,-699.5592,-268.01657
1,[3] Key Hover Detection.mp4,1,9,-515.10455,-121.75549
1,[3] Key Hover Detection.mp4,1,10,-688.8241,-177.50983
1,[3] Key Hover Detection.mp4,1,11,-725.4781,-180.37518
1,[3] Key Hover Detection.mp4,1,12,-720.6666,-173.53995
1,[3] Key Hover Detection.mp4,1,13,-534.68884,-22.220493
1,[3] Key Hover Detection.mp4,1,14,-698.0601,-89.32418
1,[3] Key Hover Detection.mp4,1,15,-728.37946,-80.29592
1,[3] Key Hover Detection.mp4,1,16,-712.1801,-63.071785
1,[3] Key Hover Detection.mp4,1,17,-570.4724,60.090378
1,[3] Key Hover Detection.mp4,1,18,-694.1433,5.9688187
1,[3] Key Hover Detection.mp4,1,19,-725.98584,9.938693
1,[3] Key Hover Detection.mp4,1,20,-721.65796,33.453796
1,[3] Key Hover Detection.mp4,1,0,-2331.3381,-1005.77295
1,[3] Key Hover Detection.mp4,1,1,-2243.5715,-1153.1705
1,[3] Key Hover Detection.mp4,1,2,-2085.4712,-1249.8562
1,[3] Key Hover Detection.mp4,1,3,-1963.2268,-1319.329
1,[3] Key Hover Detection.mp4,1,4,-1907.2303,-1407.6587
1,[3] Key Hover Detection.mp4,1,5,-1901.8145,-1133.6733
1,[3] Key Hover Detection.mp4,1,6,-1894.2709,-1163.4794
1,[3] Key Hover Detection.mp4,1,7,-1979.2085,-1171.2592
1,[3] Key Hover Detection.mp4,1,8,-2002.9513,-1158.6771
1,[3] Key Hover Detection.mp4,1,9,-1931.0215,-1047.8088
1,[3] Key Hover Detection.mp4,1,10,-1956.6019,-1087.0433
1,[3] Key Hover Detection.mp4,1,11,-2038.0095,-1101.3861
1,[3] Key Hover Detection.mp4,1,12,-2058.464,-1087.0273
1,[3] Key Hover Detection.mp4,1,13,-1993.3527,-971.3727
1,[3] Key Hover Detection.mp4,1,14,-2014.3634,-995.43207
1,[3] Key Hover Detection.mp4,1,15,-2082.1345,-1019.34735
1,[3] Key Hover Detection.mp4,1,16,-2112.2122,-1018.65906
1,[3] Key Hover Detection.mp4,1,17,-2072.1248,-903.8208
1,[3] Key Hover Detection.mp4,1,18,-2085.2778,-910.92816
1,[3] Key Hover Detection.mp4,1,19,-2131.3127,-935.8039
1,[3] Key Hover Detection.mp4,1,20,-2154.3303,-948.24176
1,[3] Key Hover Detection.mp4,1,0,-682.27185,-0.32215214
1,[3] Key Hover Detection.mp4,1,1,-664.52515,-151.67363
1,[3] Key Hover Detection.mp4,1,2,-609.8827,-308.4997
1,[3] Key Hover Detection.mp4,1,3,-566.55554,-420.61664
1,[3] Key Hover Detection.mp4,1,4,-522.1888,-510.9953
1,[3] Key Hover Detection.mp4,1,5,-452.846,-253.28961
1,[3] Key Hover Detection.mp4,1,6,-576.83124,-354.16925
1,[3] Key Hover Detection.mp4,1,7,-669.1431,-395.5808
1,[3] Key Hover Detection.mp4,1,8,-715.1782,-420.45654
1,[3] Key Hover Detection.mp4,1,9,-470.66525,-157.03616
1,[3] Key Hover Detection.mp4,1,10,-632.5859,-274.17947
1,[3] Key Hover Detection.mp4,1,11,-718.0796,-320.3773
1,[3] Key Hover Detection.mp4,1,12,-762.3497,-348.53458
1,[3] Key Hover Detection.mp4,1,13,-515.03204,-66.65748
1,[3] Key Hover Detection.mp4,1,14,-675.1877,-187.08235
1,[3] Key Hover Detection.mp4,1,15,-744.2403,-224.39597
1,[3] Key Hover Detection.mp4,1,16,-765.4928,-240.11539
1,[3] Key Hover Detection.mp4,1,17,-574.3167,19.895395
1,[3] Key Hover Detection.mp4,1,18,-709.6898,-91.373146
1,[3] Key Hover Detection.mp4,1,19,-763.8245,-124.86096
1,[3] Key Hover Detection.mp4,1,20,-768.636,-131.69618
1,[3] Key Hover Detection.mp4,1,0,-2313.93,-1030.2485
1,[3] Key Hover Detection.mp4,1,1,-2238.035,-1171.3551
1,[3] Key Hover Detection.mp4,1,2,-2084.9875,-1266.5361
1,[3] Key Hover Detection.mp4,1,3,-1966.2732,-1329.4458
1,[3] Key Hover Detection.mp4,1,4,-1918.6182,-1418.0476
1,[3] Key Hover Detection.mp4,1,5,-1915.7651,-1170.8589
1,[3] Key Hover Detection.mp4,1,6,-1853.289,-1137.099
1,[3] Key Hover Detection.mp4,1,7,-1933.4152,-1138.0435
1,[3] Key Hover Detection.mp4,1,8,-1978.4105,-1141.1809
1,[3] Key Hover Detection.mp4,1,9,-1948.2605,-1086.7712
1,[3] Key Hover Detection.mp4,1,10,-1907.7622,-1043.7108
1,[3] Key Hover Detection.mp4,1,11,-1989.1698,-1058.0536
1,[3] Key Hover Detection.mp4,1,12,-2025.582,-1069.2589
1,[3] Key Hover Detection.mp4,1,13,-2005.5385,-1011.83984
1,[3] Key Hover Detection.mp4,1,14,-1975.1465,-965.7701
1,[3] Key Hover Detection.mp4,1,15,-2044.6827,-986.4038
1,[3] Key Hover Detection.mp4,1,16,-2084.383,-999.3859
1,[3] Key Hover Detection.mp4,1,17,-2085.8337,-949.3463
1,[3] Key Hover Detection.mp4,1,18,-2060.495,-901.77185
1,[3] Key Hover Detection.mp4,1,19,-2106.772,-918.3076
1,[3] Key Hover Detection.mp4,1,20,-2136.366,-934.2992
1,[3] Key Hover Detection.mp4,1,0,-698.4712,-17.546286
1,[3] Key Hover Detection.mp4,1,1,-680.48267,-177.2377
1,[3] Key Hover Detection.mp4,1,2,-619.2638,-330.51007
1,[3] Key Hover Detection.mp4,1,3,-561.01874,-438.8012
1,[3] Key Hover Detection.mp4,1,4,-521.46344,-536.01514
1,[3] Key Hover Detection.mp4,1,5,-465.9989,-260.39697
1,[3] Key Hover Detection.mp4,1,6,-632.9727,-376.03558
1,[3] Key Hover Detection.mp4,1,7,-681.0146,-389.28983
1,[3] Key Hover Detection.mp4,1,8,-666.09674,-385.46402
1,[3] Key Hover Detection.mp4,1,9,-479.00668,-157.30829
1,[3] Key Hover Detection.mp4,1,10,-680.62775,-287.43375
1,[3] Key Hover Detection.mp4,1,11,-730.4346,-297.40643
1,[3] Key Hover Detection.mp4,1,12,-720.3281,-300.41586
1,[3] Key Hover Detection.mp4,1,13,-522.09204,-53.53128
1,[3] Key Hover Detection.mp4,1,14,-721.94806,-186.93828
1,[3] Key Hover Detection.mp4,1,15,-763.6553,-188.29892
1,[3] Key Hover Detection.mp4,1,16,-748.9792,-176.13318
1,[3] Key Hover Detection.mp4,1,17,-584.9067,39.584694
1,[3] Key Hover Detection.mp4,1,18,-734.9559,-83.849594
1,[3] Key Hover Detection.mp4,1,19,-774.6563,-96.831726
1,[3] Key Hover Detection.mp4,1,20,-760.222,-76.32604
1,[3] Key Hover Detection.mp4,1,0,-2282.0874,-1034.2184
1,[3] Key Hover Detection.mp4,1,1,-2211.0037,-1182.1603
1,[3] Key Hover Detection.mp4,1,2,-2069.5862,-1279.3901
1,[3] Key Hover Detection.mp4,1,3,-1957.9318,-1329.1737
1,[3] Key Hover Detection.mp4,1,4,-1907.2303,-1407.6587
1,[3] Key Hover Detection.mp4,1,5,-1898.0426,-1148.5764
1,[3] Key Hover Detection.mp4,1,6,-1859.8655,-1140.6526
1,[3] Key Hover Detection.mp4,1,7,-1936.2198,-1156.5001
1,[3] Key Hover Detection.mp4,1,8,-1979.4502,-1162.9192
1,[3] Key Hover Detection.mp4,1,9,-1923.9615,-1060.9349
1,[3] Key Hover Detection.mp4,1,10,-1905.9972,-1046.9924
1,[3] Key Hover Detection.mp4,1,11,-1983.633,-1076.2383
1,[3] Key Hover Detection.mp4,1,12,-2025.0985,-1085.9388
1,[3] Key Hover Detection.mp4,1,13,-1976.1862,-987.5083
1,[3] Key Hover Detection.mp4,1,14,-1971.6166,-972.3331
1,[3] Key Hover Detection.mp4,1,15,-2037.6227,-999.53
1,[3] Key Hover Detection.mp4,1,16,-2074.035,-1010.7353
1,[3] Key Hover Detection.mp4,1,17,-2046.3751,-928.02423
1,[3] Key Hover Detection.mp4,1,18,-2048.6238,-908.0628
1,[3] Key Hover Detection.mp4,1,19,-2092.8938,-936.2201
1,[3] Key Hover Detection.mp4,1,20,-2119.1995,-950.4348
1,[3] Key Hover Detection.mp4,1,0,-745.9569,7.617597
1,[3] Key Hover Detection.mp4,1,1,-743.92596,-177.63788
1,[3] Key Hover Detection.mp4,1,2,-665.5406,-347.04587
1,[3] Key Hover Detection.mp4,1,3,-577.2181,-456.02536
1,[3] Key Hover Detection.mp4,1,4,-507.3434,-562.2675
1,[3] Key Hover Detection.mp4,1,5,-478.42642,-292.52414
1,[3] Key Hover Detection.mp4,1,6,-692.1607,-408.01868
1,[3] Key Hover Detection.mp4,1,7,-741.41144,-379.57324
1,[3] Key Hover Detection.mp4,1,8,-700.42957,-353.19278
1,[3] Key Hover Detection.mp4,1,9,-483.33456,-180.8234
1,[3] Key Hover Detection.mp4,1,10,-748.3989,-311.34903
1,[3] Key Hover Detection.mp4,1,11,-779.9271,-260.62106
1,[3] Key Hover Detection.mp4,1,12,-734.13385,-227.40538
1,[3] Key Hover Detection.mp4,1,13,-524.8967,-71.98799
1,[3] Key Hover Detection.mp4,1,14,-781.61957,-202.2415
1,[3] Key Hover Detection.mp4,1,15,-806.5714,-147.95987
1,[3] Key Hover Detection.mp4,1,16,-764.3081,-108.18108
1,[3] Key Hover Detection.mp4,1,17,-591.2414,27.691076
1,[3] Key Hover Detection.mp4,1,18,-786.5278,-90.54076
1,[3] Key Hover Detection.mp4,1,19,-812.51917,-57.997387
1,[3] Key Hover Detection.mp4,1,20,-772.0209,-14.937054
1,[3] Key Hover Detection.mp4,1,0,-2269.7324,-1057.1892
1,[3] Key Hover Detection.mp4,1,1,-2209.2388,-1185.4418
1,[3] Key Hover Detection.mp4,1,2,-2066.2979,-1277.6133
1,[3] Key Hover Detection.mp4,1,3,-1959.6968,-1325.8921
1,[3] Key Hover Detection.mp4,1,4,-1913.8068,-1411.2124
1,[3] Key Hover Detection.mp4,1,5,-1891.708,-1136.6827
1,[3] Key Hover Detection.mp4,1,6,-1859.8655,-1140.6526
1,[3] Key Hover Detection.mp4,1,7,-1944.3195,-1165.1122
1,[3] Key Hover Detection.mp4,1,8,-1992.6031,-1170.0265
1,[3] Key Hover Detection.mp4,1,9,-1917.6268,-1049.0414
1,[3] Key Hover Detection.mp4,1,10,-1919.1501,-1054.0997
1,[3] Key Hover Detection.mp4,1,11,-2001.8391,-1081.8408
1,[3] Key Hover Detection.mp4,1,12,-2040.2582,-1081.4247
1,[3] Key Hover Detection.mp4,1,13,-1974.9048,-974.11
1,[3] Key Hover Detection.mp4,1,14,-1986.5344,-976.15894
1,[3] Key Hover Detection.mp4,1,15,-2055.8289,-1005.1326
1,[3] Key Hover Detection.mp4,1,16,-2092.4827,-1007.998
1,[3] Key Hover Detection.mp4,1,17,-2048.382,-916.4028
1,[3] Key Hover Detection.mp4,1,18,-2068.5947,-910.3839
1,[3] Key Hover Detection.mp4,1,19,-2114.63,-935.25964
1,[3] Key Hover Detection.mp4,1,20,-2137.6475,-947.6975
1,[3] Key Hover Detection.mp4,1,0,-779.3227,6.5290833
1,[3] Key Hover Detection.mp4,1,1,-765.1785,-193.35732
1,[3] Key Hover Detection.mp4,1,2,-673.3985,-363.9979
1,[3] Key Hover Detection.mp4,1,3,-578.4995,-469.42368
1,[3] Key Hover Detection.mp4,1,4,-505.8202,-557.2091
1,[3] Key Hover Detection.mp4,1,5,-483.23785,-299.35938
1,[3] Key Hover Detection.mp4,1,6,-710.36676,-413.6213
1,[3] Key Hover Detection.mp4,1,7,-735.31854,-359.3397
1,[3] Key Hover Detection.mp4,1,8,-669.79596,-315.46298
1,[3] Key Hover Detection.mp4,1,9,-489.911,-184.37706
1,[3] Key Hover Detection.mp4,1,10,-754.97534,-314.9027
1,[3] Key Hover Detection.mp4,1,11,-755.1446,-251.46475
1,[3] Key Hover Detection.mp4,1,12,-689.3802,-215.92796
1,[3] Key Hover Detection.mp4,1,13,-533.23816,-72.260124
1,[3] Key Hover Detection.mp4,1,14,-783.3846,-198.95996
1,[3] Key Hover Detection.mp4,1,15,-783.55383,-135.522
1,[3] Key Hover Detection.mp4,1,16,-722.84265,-98.48051
1,[3] Key Hover Detection.mp4,1,17,-603.1128,33.982048
1,[3] Key Hover Detection.mp4,1,18,-790.29956,-75.63772
1,[3] Key Hover Detection.mp4,1,19,-791.26666,-42.277966
1,[3] Key Hover Detection.mp4,1,20,-737.3737,-0.4502126
1,[3] Key Hover Detection.mp4,1,0,-2267.3145,-1140.5886
1,[3] Key Hover Detection.mp4,1,1,-2185.0122,-1214.7036
1,[3] Key Hover Detection.mp4,1,2,-2020.819,-1291.1558
1,[3] Key Hover Detection.mp4,1,3,-1908.4392,-1365.959
1,[3] Key Hover Detection.mp4,1,4,-1859.0192,-1457.8424
1,[3] Key Hover Detection.mp4,1,5,-1990.814,-1346.942
1,[3] Key Hover Detection.mp4,1,6,-1804.3525,-1212.3025
1,[3] Key Hover Detection.mp4,1,7,-1862.1865,-1175.7892
1,[3] Key Hover Detection.mp4,1,8,-1926.6694,-1197.9277
1,[3] Key Hover Detection.mp4,1,9,-2030.9254,-1288.1462
1,[3] Key Hover Detection.mp4,1,10,-1837.0897,-1119.8749
1,[3] Key Hover Detection.mp4,1,11,-1909.5997,-1095.5273
1,[3] Key Hover Detection.mp4,1,12,-1985.2288,-1136.3947
1,[3] Key Hover Detection.mp4,1,13,-2078.5803,-1199.5444
1,[3] Key Hover Detection.mp4,1,14,-1889.5562,-1038.1083
1,[3] Key Hover Detection.mp4,1,15,-1959.8176,-1033.7222
1,[3] Key Hover Detection.mp4,1,16,-2032.1584,-1072.8126
1,[3] Key Hover Detection.mp4,1,17,-2129.7654,-1104.3795
1,[3] Key Hover Detection.mp4,1,18,-1981.4812,-977.6637
1,[3] Key Hover Detection.mp4,1,19,-2039.8712,-979.5686
1,[3] Key Hover Detection.mp4,1,20,-2103.8706,-1018.3869
1,[3] Key Hover Detection.mp4,1,0,-743.1523,26.074312
1,[3] Key Hover Detection.mp4,1,1,-750.01886,-197.87144
1,[3] Key Hover Detection.mp4,1,2,-664.3317,-388.74557
1,[3] Key Hover Detection.mp4,1,3,-572.23737,-512.62805
1,[3] Key Hover Detection.mp4,1,4,-500.59772,-622.1518
1,[3] Key Hover Detection.mp4,1,5,-474.96896,-354.18524
1,[3] Key Hover Detection.mp4,1,6,-729.3708,-449.3022
1,[3] Key Hover Detection.mp4,1,7,-785.9233,-399.3906
1,[3] Key Hover Detection.mp4,1,8,-738.6068,-361.11652
1,[3] Key Hover Detection.mp4,1,9,-493.27176,-241.25192
1,[3] Key Hover Detection.mp4,1,10,-784.08575,-347.57413
1,[3] Key Hover Detection.mp4,1,11,-810.80255,-290.01096
1,[3] Key Hover Detection.mp4,1,12,-755.1446,-251.46475
1,[3] Key Hover Detection.mp4,1,13,-545.1821,-121.06717
1,[3] Key Hover Detection.mp4,1,14,-819.0715,-235.18506
1,[3] Key Hover Detection.mp4,1,15,-830.6286,-182.136
1,[3] Key Hover Detection.mp4,1,16,-771.68243,-141.81297
1,[3] Key Hover Detection.mp4,1,17,-616.8218,-11.543451
1,[3] Key Hover Detection.mp4,1,18,-825.7446,-120.20276
1,[3] Key Hover Detection.mp4,1,19,-829.99994,-88.61985
1,[3] Key Hover Detection.mp4,1,20,-781.1602,-45.287384
1,[3] Key Hover Detection.mp4,1,0,-2264.6792,-1058.694
1,[3] Key Hover Detection.mp4,1,1,-2170.2637,-1147.4398
1,[3] Key Hover Detection.mp4,1,2,-2011.9214,-1252.4655
1,[3] Key Hover Detection.mp4,1,3,-1910.6877,-1345.9976
1,[3] Key Hover Detection.mp4,1,4,-1859.261,-1449.5024
1,[3] Key Hover Detection.mp4,1,5,-2000.1951,-1368.9524
1,[3] Key Hover Detection.mp4,1,6,-1801.3062,-1202.1857
1,[3] Key Hover Detection.mp4,1,7,-1857.8586,-1152.2742
1,[3] Key Hover Detection.mp4,1,8,-1918.5698,-1189.3157
1,[3] Key Hover Detection.mp4,1,9,-2050.4128,-1307.1472
1,[3] Key Hover Detection.mp4,1,10,-1833.8015,-1118.098
1,[3] Key Hover Detection.mp4,1,11,-1898.4536,-1076.7985
1,[3] Key Hover Detection.mp4,1,12,-1962.6948,-1107.2769
1,[3] Key Hover Detection.mp4,1,13,-2109.6975,-1220.5944
1,[3] Key Hover Detection.mp4,1,14,-1894.3676,-1044.9435
1,[3] Key Hover Detection.mp4,1,15,-1963.8312,-1010.4792
1,[3] Key Hover Detection.mp4,1,16,-2024.7842,-1039.1807
1,[3] Key Hover Detection.mp4,1,17,-2164.4126,-1118.8663
1,[3] Key Hover Detection.mp4,1,18,-1983.0044,-982.72205
1,[3] Key Hover Detection.mp4,1,19,-2032.0134,-962.6166
1,[3] Key Hover Detection.mp4,1,20,-2094.7314,-988.03656
1,[3] Key Hover Detection.mp4,1,0,-769.62726,75.297554
1,[3] Key Hover Detection.mp4,1,1,-795.7396,-175.9891
1,[3] Key Hover Detection.mp4,1,2,-696.17426,-384.7757
1,[3] Key Hover Detection.mp4,1,3,-585.632,-511.39548
1,[3] Key Hover Detection.mp4,1,4,-504.12772,-615.5887
1,[3] Key Hover Detection.mp4,1,5,-482.82684,-371.13727
1,[3] Key Hover Detection.mp4,1,6,-745.3283,-474.86624
1,[3] Key Hover Detection.mp4,1,7,-787.93005,-387.7691
1,[3] Key Hover Detection.mp4,1,8,-725.9375,-337.32928
1,[3] Key Hover Detection.mp4,1,9,-479.39355,-259.1644
1,[3] Key Hover Detection.mp4,1,10,-786.6486,-374.3708
1,[3] Key Hover Detection.mp4,1,11,-800.93787,-284.68042
1,[3] Key Hover Detection.mp4,1,12,-741.9917,-244.35739
1,[3] Key Hover Detection.mp4,1,13,-521.19745,-141.98904
1,[3] Key Hover Detection.mp4,1,14,-806.71643,-258.1559
1,[3] Key Hover Detection.mp4,1,15,-815.46893,-186.65015
1,[3] Key Hover Detection.mp4,1,16,-754.75775,-149.60864
1,[3] Key Hover Detection.mp4,1,17,-592.8371,-32.465332
1,[3] Key Hover Detection.mp4,1,18,-808.33636,-144.67831
1,[3] Key Hover Detection.mp4,1,19,-808.0221,-97.92024
1,[3] Key Hover Detection.mp4,1,20,-752.6059,-51.0341
1,[3] Key Hover Detection.mp4,1,0,-2291.952,-1039.549
1,[3] Key Hover Detection.mp4,1,1,-2174.2773,-1124.1969
1,[3] Key Hover Detection.mp4,1,2,-2017.2164,-1242.6208
1,[3] Key Hover Detection.mp4,1,3,-1917.506,-1341.2113
1,[3] Key Hover Detection.mp4,1,4,-1859.261,-1449.5024
1,[3] Key Hover Detection.mp4,1,5,-2013.5897,-1367.7198
1,[3] Key Hover Detection.mp4,1,6,-1789.9182,-1191.7968
1,[3] Key Hover Detection.mp4,1,7,-1848.2357,-1138.6036
1,[3] Key Hover Detection.mp4,1,8,-1917.2883,-1175.9172
1,[3] Key Hover Detection.mp4,1,9,-2067.0957,-1307.6915
1,[3] Key Hover Detection.mp4,1,10,-1832.52,-1104.6997
1,[3] Key Hover Detection.mp4,1,11,-1901.9836,-1070.2354
1,[3] Key Hover Detection.mp4,1,12,-1966.2249,-1100.7137
1,[3] Key Hover Detection.mp4,1,13,-2119.804,-1217.585
1,[3] Key Hover Detection.mp4,1,14,-1898.1394,-1030.0404
1,[3] Key Hover Detection.mp4,1,15,-1970.6494,-1005.69293
1,[3] Key Hover Detection.mp4,1,16,-2025.0259,-1030.8408
1,[3] Key Hover Detection.mp4,1,17,-2166.4194,-1107.2449
1,[3] Key Hover Detection.mp4,1,18,-1974.9048,-974.11
1,[3] Key Hover Detection.mp4,1,19,-2028.7252,-960.8397
1,[3] Key Hover Detection.mp4,1,20,-2094.7314,-988.03656
1,[3] Key Hover Detection.mp4,1,0,-758.9647,110.706276
1,[3] Key Hover Detection.mp4,1,1,-799.2696,-169.42601
1,[3] Key Hover Detection.mp4,1,2,-702.9925,-379.98944
1,[3] Key Hover Detection.mp4,1,3,-587.39703,-508.11395
1,[3] Key Hover Detection.mp4,1,4,-504.12772,-615.5887
1,[3] Key Hover Detection.mp4,1,5,-485.6315,-389.59396
1,[3] Key Hover Detection.mp4,1,6,-748.37476,-484.98303
1,[3] Key Hover Detection.mp4,1,7,-794.50653,-391.32278
1,[3] Key Hover Detection.mp4,1,8,-729.2257,-339.10614
1,[3] Key Hover Detection.mp4,1,9,-470.32675,-283.91208
1,[3] Key Hover Detection.mp4,1,10,-789.69507,-384.48755
1,[3] Key Hover Detection.mp4,1,11,-809.03754,-293.2925
1,[3] Key Hover Detection.mp4,1,12,-745.27997,-246.13423
1,[3] Key Hover Detection.mp4,1,13,-510.36566,-170.01828
1,[3] Key Hover Detection.mp4,1,14,-802.94464,-273.05893
1,[3] Key Hover Detection.mp4,1,15,-821.8036,-198.54376
1,[3] Key Hover Detection.mp4,1,16,-757.8042,-159.72543
1,[3] Key Hover Detection.mp4,1,17,-580.24036,-63.776115
1,[3] Key Hover Detection.mp4,1,18,-811.14105,-163.13504
1,[3] Key Hover Detection.mp4,1,19,-822.6982,-110.08598
1,[3] Key Hover Detection.mp4,1,20,-765.51697,-66.48139
1,[3] Key Hover Detection.mp4,1,0,-2310.8833,-1020.1317
1,[3] Key Hover Detection.mp4,1,1,-2181.3372,-1111.0707
1,[3] Key Hover Detection.mp4,1,2,-2019.2231,-1230.9993
1,[3] Key Hover Detection.mp4,1,3,-1915.9828,-1336.153
1,[3] Key Hover Detection.mp4,1,4,-1859.261,-1449.5024
1,[3] Key Hover Detection.mp4,1,5,-2016.8779,-1369.4967
1,[3] Key Hover Detection.mp4,1,6,-1791.4414,-1196.8552
1,[3] Key Hover Detection.mp4,1,7,-1854.8123,-1142.1573
1,[3] Key Hover Detection.mp4,1,8,-1925.6299,-1176.1895
1,[3] Key Hover Detection.mp4,1,9,-2062.0425,-1309.1963
1,[3] Key Hover Detection.mp4,1,10,-1827.4668,-1106.2043
1,[3] Key Hover Detection.mp4,1,11,-1905.2719,-1072.0122
1,[3] Key Hover Detection.mp4,1,12,-1966.2249,-1100.7137
1,[3] Key Hover Detection.mp4,1,13,-2113.2275,-1214.0312
1,[3] Key Hover Detection.mp4,1,14,-1893.0862,-1031.5452
1,[3] Key Hover Detection.mp4,1,15,-1967.3612,-1003.9161
1,[3] Key Hover Detection.mp4,1,16,-2021.7377,-1029.064
1,[3] Key Hover Detection.mp4,1,17,-2159.843,-1103.6912
1,[3] Key Hover Detection.mp4,1,18,-1973.3816,-969.05164
1,[3] Key Hover Detection.mp4,1,19,-2033.7784,-959.335
1,[3] Key Hover Detection.mp4,1,20,-2101.3079,-991.5903
1,[3] Key Hover Detection.mp4,1,0,-755.6765,112.483116
1,[3] Key Hover Detection.mp4,1,1,-797.5046,-172.70755
1,[3] Key Hover Detection.mp4,1,2,-701.2275,-383.271
1,[3] Key Hover Detection.mp4,1,3,-588.9203,-513.1723
1,[3] Key Hover Detection.mp4,1,4,-505.65094,-620.6471
1,[3] Key Hover Detection.mp4,1,5,-486.91293,-402.9923
1,[3] Key Hover Detection.mp4,1,6,-750.1397,-481.70148
1,[3] Key Hover Detection.mp4,1,7,-799.55975,-389.81808
1,[3] Key Hover Detection.mp4,1,8,-739.09033,-344.43665
1,[3] Key Hover Detection.mp4,1,9,-476.9032,-287.46576
1,[3] Key Hover Detection.mp4,1,10,-789.9368,-376.1476
1,[3] Key Hover Detection.mp4,1,11,-807.2725,-296.57404
1,[3] Key Hover Detection.mp4,1,12,-746.80316,-251.19261
1,[3] Key Hover Detection.mp4,1,13,-510.36566,-170.01828
1,[3] Key Hover Detection.mp4,1,14,-803.18646,-264.719
1,[3] Key Hover Detection.mp4,1,15,-816.75037,-200.04846
1,[3] Key Hover Detection.mp4,1,16,-756.0392,-163.00697
1,[3] Key Hover Detection.mp4,1,17,-578.7171,-58.717728
1,[3] Key Hover Detection.mp4,1,18,-806.3296,-156.2998
1,[3] Key Hover Detection.mp4,1,19,-812.8335,-104.75547
1,[3] Key Hover Detection.mp4,1,20,-753.8873,-64.43243
1,[3] Key Hover Detection.mp4,1,0,-2292.4355,-1022.869
1,[3] Key Hover Detection.mp4,1,1,-2128.2422,-1099.3212
1,[3] Key Hover Detection.mp4,1,2,-1967.4095,-1232.6481
1,[3] Key Hover Detection.mp4,1,3,-1863.9274,-1346.1417
1,[3] Key Hover Detection.mp4,1,4,-1803.6755,-1466.0543
1,[3] Key Hover Detection.mp4,1,5,-1979.2568,-1399.9911
1,[3] Key Hover Detection.mp4,1,6,-1759.3572,-1209.165
1,[3] Key Hover Detection.mp4,1,7,-1834.3575,-1156.5161
1,[3] Key Hover Detection.mp4,1,8,-1903.4102,-1193.8297
1,[3] Key Hover Detection.mp4,1,9,-2030.7561,-1351.5842
1,[3] Key Hover Detection.mp4,1,10,-1807.0121,-1120.5631
1,[3] Key Hover Detection.mp4,1,11,-1889.8705,-1084.8663
1,[3] Key Hover Detection.mp4,1,12,-1944.0051,-1118.3541
1,[3] Key Hover Detection.mp4,1,13,-2083.4644,-1261.4777
1,[3] Key Hover Detection.mp4,1,14,-1866.055,-1042.3502
1,[3] Key Hover Detection.mp4,1,15,-1950.1947,-1020.0517
1,[3] Key Hover Detection.mp4,1,16,-2002.8063,-1048.4811
1,[3] Key Hover Detection.mp4,1,17,-2121.7383,-1150.8655
1,[3] Key Hover Detection.mp4,1,18,-1951.1619,-986.69196
1,[3] Key Hover Detection.mp4,1,19,-2015.0887,-970.41223
1,[3] Key Hover Detection.mp4,1,20,-2079.0881,-1009.2306
1,[3] Key Hover Detection.mp4,1,0,-728.8872,110.01795
1,[3] Key Hover Detection.mp4,1,1,-775.52673,-182.00795
1,[3] Key Hover Detection.mp4,1,2,-690.63745,-402.9603
1,[3] Key Hover Detection.mp4,1,3,-587.9531,-546.5321
1,[3] Key Hover Detection.mp4,1,4,-507.97205,-655.7837
1,[3] Key Hover Detection.mp4,1,5,-488.99225,-446.46884
1,[3] Key Hover Detection.mp4,1,6,-772.1901,-527.4991
1,[3] Key Hover Detection.mp4,1,7,-791.7744,-427.96408
1,[3] Key Hover Detection.mp4,1,8,-713.09894,-376.98
1,[3] Key Hover Detection.mp4,1,9,-476.97574,-342.56375
1,[3] Key Hover Detection.mp4,1,10,-803.40405,-430.01306
1,[3] Key Hover Detection.mp4,1,11,-790.904,-342.78787
1,[3] Key Hover Detection.mp4,1,12,-717.0399,-298.63904
1,[3] Key Hover Detection.mp4,1,13,-508.67322,-228.39786
1,[3] Key Hover Detection.mp4,1,14,-809.83545,-323.3707
1,[3] Key Hover Detection.mp4,1,15,-803.67,-248.03912
1,[3] Key Hover Detection.mp4,1,16,-734.61743,-210.72551
1,[3] Key Hover Detection.mp4,1,17,-577.02466,-117.0973
1,[3] Key Hover Detection.mp4,1,18,-816.50854,-208.38841
1,[3] Key Hover Detection.mp4,1,19,-804.8064,-151.24142
1,[3] Key Hover Detection.mp4,1,20,-735.99554,-105.58786
1,[3] Key Hover Detection.mp4,1,0,-2304.7905,-999.8982
1,[3] Key Hover Detection.mp4,1,1,-2140.5972,-1076.3502
1,[3] Key Hover Detection.mp4,1,2,-1974.4696,-1219.5219
1,[3] Key Hover Detection.mp4,1,3,-1865.6924,-1342.8601
1,[3] Key Hover Detection.mp4,1,4,-1810.252,-1469.608
1,[3] Key Hover Detection.mp4,1,5,-1985.8333,-1403.5448
1,[3] Key Hover Detection.mp4,1,6,-1757.8339,-1204.1066
1,[3] Key Hover Detection.mp4,1,7,-1836.3644,-1144.8947
1,[3] Key Hover Detection.mp4,1,8,-1908.4634,-1192.3251
1,[3] Key Hover Detection.mp4,1,9,-2032.5211,-1348.3027
1,[3] Key Hover Detection.mp4,1,10,-1803.7239,-1118.7863
1,[3] Key Hover Detection.mp4,1,11,-1891.6355,-1081.5847
1,[3] Key Hover Detection.mp4,1,12,-1949.0583,-1116.8494
1,[3] Key Hover Detection.mp4,1,13,-2080.176,-1259.7008
1,[3] Key Hover Detection.mp4,1,14,-1866.055,-1042.3502
1,[3] Key Hover Detection.mp4,1,15,-1951.9597,-1016.77014
1,[3] Key Hover Detection.mp4,1,16,-2007.6177,-1055.3163
1,[3] Key Hover Detection.mp4,1,17,-2121.7383,-1150.8655
1,[3] Key Hover Detection.mp4,1,18,-1952.9269,-983.4104
1,[3] Key Hover Detection.mp4,1,19,-2020.142,-968.90753
1,[3] Key Hover Detection.mp4,1,20,-2084.1414,-1007.7259
1,[3] Key Hover Detection.mp4,1,0,-732.1754,108.24111
1,[3] Key Hover Detection.mp4,1,1,-782.345,-177.2217
1,[3] Key Hover Detection.mp4,1,2,-698.9789,-403.23242
1,[3] Key Hover Detection.mp4,1,3,-591.2414,-548.3089
1,[3] Key Hover Detection.mp4,1,4,-505.96527,-667.40515
1,[3] Key Hover Detection.mp4,1,5,-493.80368,-453.30405
1,[3] Key Hover Detection.mp4,1,6,-767.1369,-529.0038
1,[3] Key Hover Detection.mp4,1,7,-795.0626,-429.74094
1,[3] Key Hover Detection.mp4,1,8,-719.67535,-380.5337
1,[3] Key Hover Detection.mp4,1,9,-475.21072,-345.8453
1,[3] Key Hover Detection.mp4,1,10,-805.16907,-426.7315
1,[3] Key Hover Detection.mp4,1,11,-795.9572,-341.28317
1,[3] Key Hover Detection.mp4,1,12,-725.38135,-298.91116
1,[3] Key Hover Detection.mp4,1,13,-506.9082,-231.6794
1,[3] Key Hover Detection.mp4,1,14,-811.6004,-320.08914
1,[3] Key Hover Detection.mp4,1,15,-810.4882,-243.25287
1,[3] Key Hover Detection.mp4,1,16,-738.1474,-204.16241
1,[3] Key Hover Detection.mp4,1,17,-575.25964,-120.378845
1,[3] Key Hover Detection.mp4,1,18,-814.98535,-203.33002
1,[3] Key Hover Detection.mp4,1,19,-803.28314,-146.18303
1,[3] Key Hover Detection.mp4,1,20,-735.99554,-105.58786
1,[3] Key Hover Detection.mp4,1,0,-2323.2385,-997.1609
1,[3] Key Hover Detection.mp4,1,1,-2147.1736,-1079.9039
1,[3] Key Hover Detection.mp4,1,2,-1977.7578,-1221.2987
1,[3] Key Hover Detection.mp4,1,3,-1868.9806,-1344.637
1,[3] Key Hover Detection.mp4,1,4,-1808.487,-1472.8895
1,[3] Key Hover Detection.mp4,1,5,-1984.31,-1398.4865
1,[3] Key Hover Detection.mp4,1,6,-1759.3572,-1209.165
1,[3] Key Hover Detection.mp4,1,7,-1839.6526,-1146.6715
1,[3] Key Hover Detection.mp4,1,8,-1910.2284,-1189.0435
1,[3] Key Hover Detection.mp4,1,9,-2032.5211,-1348.3027
1,[3] Key Hover Detection.mp4,1,10,-1800.4357,-1117.0095
1,[3] Key Hover Detection.mp4,1,11,-1891.6355,-1081.5847
1,[3] Key Hover Detection.mp4,1,12,-1949.0583,-1116.8494
1,[3] Key Hover Detection.mp4,1,13,-2083.4644,-1261.4777
1,[3] Key Hover Detection.mp4,1,14,-1864.29,-1045.6317
1,[3] Key Hover Detection.mp4,1,15,-1951.9597,-1016.77014
1,[3] Key Hover Detection.mp4,1,16,-2009.3827,-1052.0348
1,[3] Key Hover Detection.mp4,1,17,-2125.0264,-1152.6423
1,[3] Key Hover Detection.mp4,1,18,-1947.8737,-984.9151
1,[3] Key Hover Detection.mp4,1,19,-2020.142,-968.90753
1,[3] Key Hover Detection.mp4,1,20,-2089.1946,-1006.2211
1,[3] Key Hover Detection.mp4,1,0,-730.4104,104.959564
1,[3] Key Hover Detection.mp4,1,1,-780.57996,-180.50323
1,[3] Key Hover Detection.mp4,1,2,-697.2139,-406.51398
1,[3] Key Hover Detection.mp4,1,3,-589.4764,-551.59045
1,[3] Key Hover Detection.mp4,1,4,-505.96527,-667.40515
1,[3] Key Hover Detection.mp4,1,5,-493.80368,-453.30405
1,[3] Key Hover Detection.mp4,1,6,-767.1369,-529.0038
1,[3] Key Hover Detection.mp4,1,7,-795.0626,-429.74094
1,[3] Key Hover Detection.mp4,1,8,-717.91034,-383.81525
1,[3] Key Hover Detection.mp4,1,9,-476.97574,-342.56375
1,[3] Key Hover Detection.mp4,1,10,-800.11584,-428.23624
1,[3] Key Hover Detection.mp4,1,11,-794.1922,-344.5647
1,[3] Key Hover Detection.mp4,1,12,-720.3281,-300.41586
1,[3] Key Hover Detection.mp4,1,13,-508.67322,-228.39786
1,[3] Key Hover Detection.mp4,1,14,-811.6004,-320.08914
1,[3] Key Hover Detection.mp4,1,15,-807.2,-241.47603
1,[3] Key Hover Detection.mp4,1,16,-736.3824,-207.44395
1,[3] Key Hover Detection.mp4,1,17,-577.02466,-117.0973
1,[3] Key Hover Detection.mp4,1,18,-814.98535,-203.33002
1,[3] Key Hover Detection.mp4,1,19,-803.28314,-146.18303
1,[3] Key Hover Detection.mp4,1,20,-732.70734,-103.81102
1,[3] Key Hover Detection.mp4,1,0,-2325.245,-985.53937
1,[3] Key Hover Detection.mp4,1,1,-2140.8389,-1068.0104
1,[3] Key Hover Detection.mp4,1,2,-1972.9463,-1214.4635
1,[3] Key Hover Detection.mp4,1,3,-1865.6924,-1342.8601
1,[3] Key Hover Detection.mp4,1,4,-1808.487,-1472.8895
1,[3] Key Hover Detection.mp4,1,5,-1984.31,-1398.4865
1,[3] Key Hover Detection.mp4,1,6,-1759.3572,-1209.165
1,[3] Key Hover Detection.mp4,1,7,-1839.6526,-1146.6715
1,[3] Key Hover Detection.mp4,1,8,-1910.2284,-1189.0435
1,[3] Key Hover Detection.mp4,1,9,-2032.5211,-1348.3027
1,[3] Key Hover Detection.mp4,1,10,-1801.959,-1122.0679
1,[3] Key Hover Detection.mp4,1,11,-1890.1122,-1076.5264
1,[3] Key Hover Detection.mp4,1,12,-1950.8234,-1113.5679
1,[3] Key Hover Detection.mp4,1,13,-2083.4644,-1261.4777
1,[3] Key Hover Detection.mp4,1,14,-1861.0018,-1043.855
1,[3] Key Hover Detection.mp4,1,15,-1951.9597,-1016.77014
1,[3] Key Hover Detection.mp4,1,16,-2006.0945,-1050.2579
1,[3] Key Hover Detection.mp4,1,17,-2128.3147,-1154.4192
1,[3] Key Hover Detection.mp4,1,18,-1947.8737,-984.9151
1,[3] Key Hover Detection.mp4,1,19,-2018.6188,-963.8491
1,[3] Key Hover Detection.mp4,1,20,-2085.9062,-1004.44434
1,[3] Key Hover Detection.mp4,1,0,-727.1222,106.736404
1,[3] Key Hover Detection.mp4,1,1,-782.345,-177.2217
1,[3] Key Hover Detection.mp4,1,2,-698.9789,-403.23242
1,[3] Key Hover Detection.mp4,1,3,-586.1882,-549.81366
1,[3] Key Hover Detection.mp4,1,4,-502.67703,-665.6283
1,[3] Key Hover Detection.mp4,1,5,-493.80368,-453.30405
1,[3] Key Hover Detection.mp4,1,6,-767.1369,-529.0038
1,[3] Key Hover Detection.mp4,1,7,-791.7744,-427.96408
1,[3] Key Hover Detection.mp4,1,8,-717.91034,-383.81525
1,[3] Key Hover Detection.mp4,1,9,-476.97574,-342.56375
1,[3] Key Hover Detection.mp4,1,10,-801.88086,-424.95468
1,[3] Key Hover Detection.mp4,1,11,-795.9572,-341.28317
1,[3] Key Hover Detection.mp4,1,12,-720.3281,-300.41586
1,[3] Key Hover Detection.mp4,1,13,-508.67322,-228.39786
1,[3] Key Hover Detection.mp4,1,14,-813.3654,-316.80762
1,[3] Key Hover Detection.mp4,1,15,-810.4882,-243.25287
1,[3] Key Hover Detection.mp4,1,16,-738.1474,-204.16241
1,[3] Key Hover Detection.mp4,1,17,-577.02466,-117.0973
1,[3] Key Hover Detection.mp4,1,18,-820.0386,-201.8253
1,[3] Key Hover Detection.mp4,1,19,-808.33636,-144.67831
1,[3] Key Hover Detection.mp4,1,20,-737.76056,-102.30631
1,[3] Key Hover Detection.mp4,1,0,-2313.3738,-991.8304
1,[3] Key Hover Detection.mp4,1,1,-2108.9963,-1071.9802
1,[3] Key Hover Detection.mp4,1,2,-1936.0505,-1219.9381
1,[3] Key Hover Detection.mp4,1,3,-1837.1381,-1348.6068
1,[3] Key Hover Detection.mp4,1,4,-1778.1677,-1481.9178
1,[3] Key Hover Detection.mp4,1,5,-1952.4675,-1402.4563
1,[3] Key Hover Detection.mp4,1,6,-1741.151,-1203.5624
1,[3] Key Hover Detection.mp4,1,7,-1819.6815,-1144.3503
1,[3] Key Hover Detection.mp4,1,8,-1886.7273,-1193.2855
1,[3] Key Hover Detection.mp4,1,9,-2013.8314,-1359.3799
1,[3] Key Hover Detection.mp4,1,10,-1792.0942,-1116.7373
1,[3] Key Hover Detection.mp4,1,11,-1880.0057,-1079.5358
1,[3] Key Hover Detection.mp4,1,12,-1938.9519,-1119.8588
1,[3] Key Hover Detection.mp4,1,13,-2073.1162,-1272.827
1,[3] Key Hover Detection.mp4,1,14,-1862.7668,-1040.5734
1,[3] Key Hover Detection.mp4,1,15,-1948.6715,-1014.9933
1,[3] Key Hover Detection.mp4,1,16,-2002.5645,-1056.821
1,[3] Key Hover Detection.mp4,1,17,-2123.0198,-1164.2638
1,[3] Key Hover Detection.mp4,1,18,-1951.1619,-986.69196
1,[3] Key Hover Detection.mp4,1,19,-2021.6652,-973.96594
1,[3] Key Hover Detection.mp4,1,20,-2087.1877,-1017.84265
1,[3] Key Hover Detection.mp4,1,0,-715.49255,108.78537
1,[3] Key Hover Detection.mp4,1,1,-777.29175,-178.7264
1,[3] Key Hover Detection.mp4,1,2,-692.1607,-408.01868
1,[3] Key Hover Detection.mp4,1,3,-584.42316,-553.09515
1,[3] Key Hover Detection.mp4,1,4,-499.14703,-672.1914
1,[3] Key Hover Detection.mp4,1,5,-495.0851,-466.7024
1,[3] Key Hover Detection.mp4,1,6,-774.75305,-554.2958
1,[3] Key Hover Detection.mp4,1,7,-796.34406,-443.13925
1,[3] Key Hover Detection.mp4,1,8,-720.9568,-393.93204
1,[3] Key Hover Detection.mp4,1,9,-472.9622,-365.80673
1,[3] Key Hover Detection.mp4,1,10,-809.49695,-450.2466
1,[3] Key Hover Detection.mp4,1,11,-798.76184,-359.73987
1,[3] Key Hover Detection.mp4,1,12,-724.8978,-315.59103
1,[3] Key Hover Detection.mp4,1,13,-504.65964,-251.64082
1,[3] Key Hover Detection.mp4,1,14,-817.6933,-340.3227
1,[3] Key Hover Detection.mp4,1,15,-810.00464,-259.93274
1,[3] Key Hover Detection.mp4,1,16,-735.89886,-224.12384
1,[3] Key Hover Detection.mp4,1,17,-573.0111,-140.34027
1,[3] Key Hover Detection.mp4,1,18,-817.79004,-221.78673
1,[3] Key Hover Detection.mp4,1,19,-799.51135,-161.08607
1,[3] Key Hover Detection.mp4,1,20,-723.8823,-120.21877
1,[3] Key Hover Detection.mp4,1,0,-2320.192,-987.0441
1,[3] Key Hover Detection.mp4,1,1,-2115.8147,-1067.194
1,[3] Key Hover Detection.mp4,1,2,-1946.157,-1216.9287
1,[3] Key Hover Detection.mp4,1,3,-1847.0027,-1353.9374
1,[3] Key Hover Detection.mp4,1,4,-1781.4559,-1483.6946
1,[3] Key Hover Detection.mp4,1,5,-1952.7092,-1394.1163
1,[3] Key Hover Detection.mp4,1,6,-1737.8628,-1201.7855
1,[3] Key Hover Detection.mp4,1,7,-1819.6815,-1144.3503
1,[3] Key Hover Detection.mp4,1,8,-1893.5455,-1188.4993
1,[3] Key Hover Detection.mp4,1,9,-2015.8383,-1347.7584
1,[3] Key Hover Detection.mp4,1,10,-1788.806,-1114.9604
1,[3] Key Hover Detection.mp4,1,11,-1880.0057,-1079.5358
1,[3] Key Hover Detection.mp4,1,12,-1938.9519,-1119.8588
1,[3] Key Hover Detection.mp4,1,13,-2076.6462,-1266.2639
1,[3] Key Hover Detection.mp4,1,14,-1861.0018,-1043.855
1,[3] Key Hover Detection.mp4,1,15,-1946.9065,-1018.27484
1,[3] Key Hover Detection.mp4,1,16,-2004.3295,-1053.5396
1,[3] Key Hover Detection.mp4,1,17,-2133.1262,-1161.2544
1,[3] Key Hover Detection.mp4,1,18,-1947.8737,-984.9151
1,[3] Key Hover Detection.mp4,1,19,-2018.377,-972.1891
1,[3] Key Hover Detection.mp4,1,20,-2088.953,-1014.5611
1,[3] Key Hover Detection.mp4,1,0,-717.01575,103.72698
1,[3] Key Hover Detection.mp4,1,1,-779.0567,-175.44485
1,[3] Key Hover Detection.mp4,1,2,-693.92566,-404.73712
1,[3] Key Hover Detection.mp4,1,3,-584.42316,-553.09515
1,[3] Key Hover Detection.mp4,1,4,-495.85883,-670.4146
1,[3] Key Hover Detection.mp4,1,5,-493.32013,-469.98395
1,[3] Key Hover Detection.mp4,1,6,-772.98804,-557.5773
1,[3] Key Hover Detection.mp4,1,7,-792.814,-449.70236
1,[3] Key Hover Detection.mp4,1,8,-714.13855,-398.7183
1,[3] Key Hover Detection.mp4,1,9,-472.9622,-365.80673
1,[3] Key Hover Detection.mp4,1,10,-807.73193,-453.52817
1,[3] Key Hover Detection.mp4,1,11,-796.9969,-363.02142
1,[3] Key Hover Detection.mp4,1,12,-723.1328,-318.8726
1,[3] Key Hover Detection.mp4,1,13,-504.65964,-251.64082
1,[3] Key Hover Detection.mp4,1,14,-815.9283,-343.60425
1,[3] Key Hover Detection.mp4,1,15,-808.2397,-263.2143
1,[3] Key Hover Detection.mp4,1,16,-735.89886,-224.12384
1,[3] Key Hover Detection.mp4,1,17,-571.48785,-135.28188
1,[3] Key Hover Detection.mp4,1,18,-819.31323,-226.84512
1,[3] Key Hover Detection.mp4,1,19,-801.0346,-166.14445
1,[3] Key Hover Detection.mp4,1,20,-725.4056,-125.27716
1,[3] Key Hover Detection.mp4,1,0,-2323.4802,-988.8209
1,[3] Key Hover Detection.mp4,1,1,-2107.4731,-1066.9219
1,[3] Key Hover Detection.mp4,1,2,-1927.9509,-1211.326
1,[3] Key Hover Detection.mp4,1,3,-1823.9851,-1341.4995
1,[3] Key Hover Detection.mp4,1,4,-1759.9615,-1476.3152
1,[3] Key Hover Detection.mp4,1,5,-1942.6028,-1397.1257
1,[3] Key Hover Detection.mp4,1,6,-1733.0514,-1194.9503
1,[3] Key Hover Detection.mp4,1,7,-1818.1582,-1139.292
1,[3] Key Hover Detection.mp4,1,8,-1880.1509,-1189.7318
1,[3] Key Hover Detection.mp4,1,9,-2007.255,-1355.8263
1,[3] Key Hover Detection.mp4,1,10,-1789.0479,-1106.6206
1,[3] Key Hover Detection.mp4,1,11,-1881.7708,-1076.2543
1,[3] Key Hover Detection.mp4,1,12,-1938.9519,-1119.8588
1,[3] Key Hover Detection.mp4,1,13,-2073.1162,-1272.827
1,[3] Key Hover Detection.mp4,1,14,-1864.5319,-1037.2919
1,[3] Key Hover Detection.mp4,1,15,-1953.7247,-1013.4886
1,[3] Key Hover Detection.mp4,1,16,-2007.6177,-1055.3163
1,[3] Key Hover Detection.mp4,1,17,-2131.361,-1164.5359
1,[3] Key Hover Detection.mp4,1,18,-1957.9801,-981.9057
1,[3] Key Hover Detection.mp4,1,19,-2026.7184,-972.46124
1,[3] Key Hover Detection.mp4,1,20,-2095.5293,-1018.11475
1,[3] Key Hover Detection.mp4,1,0,-704.1047,119.17428
1,[3] Key Hover Detection.mp4,1,1,-772.72205,-163.55124
1,[3] Key Hover Detection.mp4,1,2,-692.40247,-399.67874
1,[3] Key Hover Detection.mp4,1,3,-582.65814,-556.3767
1,[3] Key Hover Detection.mp4,1,4,-495.61703,-678.7545
1,[3] Key Hover Detection.mp4,1,5,-488.2669,-471.48865
1,[3] Key Hover Detection.mp4,1,6,-776.0345,-567.6941
1,[3] Key Hover Detection.mp4,1,7,-800.9137,-458.31442
1,[3] Key Hover Detection.mp4,1,8,-724.00323,-404.0488
1,[3] Key Hover Detection.mp4,1,9,-472.7204,-374.14667
1,[3] Key Hover Detection.mp4,1,10,-812.3016,-468.70334
1,[3] Key Hover Detection.mp4,1,11,-810.1497,-370.12878
1,[3] Key Hover Detection.mp4,1,12,-738.0507,-322.6984
1,[3] Key Hover Detection.mp4,1,13,-507.7061,-261.7576
1,[3] Key Hover Detection.mp4,1,14,-822.26294,-355.49786
1,[3] Key Hover Detection.mp4,1,15,-818.1043,-268.5448
1,[3] Key Hover Detection.mp4,1,16,-750.8167,-227.94965
1,[3] Key Hover Detection.mp4,1,17,-574.5343,-145.39867
1,[3] Key Hover Detection.mp4,1,18,-820.59467,-240.24345
1,[3] Key Hover Detection.mp4,1,19,-807.36926,-178.03807
1,[3] Key Hover Detection.mp4,1,20,-733.5052,-133.88922
1,[3] Key Hover Detection.mp4,1,0,-2328.5334,-987.3162
1,[3] Key Hover Detection.mp4,1,1,-2112.5264,-1065.4171
1,[3] Key Hover Detection.mp4,1,2,-1931.2391,-1213.1029
1,[3] Key Hover Detection.mp4,1,3,-1827.2734,-1343.2764
1,[3] Key Hover Detection.mp4,1,4,-1754.9083,-1477.8198
1,[3] Key Hover Detection.mp4,1,5,-1939.3146,-1395.3489
1,[3] Key Hover Detection.mp4,1,6,-1731.2864,-1198.2318
1,[3] Key Hover Detection.mp4,1,7,-1813.105,-1140.7968
1,[3] Key Hover Detection.mp4,1,8,-1885.2041,-1188.227
1,[3] Key Hover Detection.mp4,1,9,-2007.255,-1355.8263
1,[3] Key Hover Detection.mp4,1,10,-1787.2828,-1109.9021
1,[3] Key Hover Detection.mp4,1,11,-1881.7708,-1076.2543
1,[3] Key Hover Detection.mp4,1,12,-1938.9519,-1119.8588
1,[3] Key Hover Detection.mp4,1,13,-2074.881,-1269.5455
1,[3] Key Hover Detection.mp4,1,14,-1862.7668,-1040.5734
1,[3] Key Hover Detection.mp4,1,15,-1951.9597,-1016.77014
1,[3] Key Hover Detection.mp4,1,16,-2007.6177,-1055.3163
1,[3] Key Hover Detection.mp4,1,17,-2136.4143,-1163.0312
1,[3] Key Hover Detection.mp4,1,18,-1957.9801,-981.9057
1,[3] Key Hover Detection.mp4,1,19,-2026.7184,-972.46124
1,[3] Key Hover Detection.mp4,1,20,-2095.5293,-1018.11475
1,[3] Key Hover Detection.mp4,1,0,-719.0225,115.34847
1,[3] Key Hover Detection.mp4,1,1,-780.8217,-172.1633
1,[3] Key Hover Detection.mp4,1,2,-692.1607,-408.01868
1,[3] Key Hover Detection.mp4,1,3,-580.8931,-559.65826
1,[3] Key Hover Detection.mp4,1,4,-490.5638,-680.2592
1,[3] Key Hover Detection.mp4,1,5,-493.07834,-478.32388
1,[3] Key Hover Detection.mp4,1,6,-774.2695,-570.97565
1,[3] Key Hover Detection.mp4,1,7,-792.57227,-458.0423
1,[3] Key Hover Detection.mp4,1,8,-718.95,-405.5535
1,[3] Key Hover Detection.mp4,1,9,-474.24362,-379.20508
1,[3] Key Hover Detection.mp4,1,10,-810.53656,-471.9849
1,[3] Key Hover Detection.mp4,1,11,-800.0433,-373.1382
1,[3] Key Hover Detection.mp4,1,12,-726.17926,-328.98935
1,[3] Key Hover Detection.mp4,1,13,-505.94107,-265.03915
1,[3] Key Hover Detection.mp4,1,14,-818.733,-362.06097
1,[3] Key Hover Detection.mp4,1,15,-811.28613,-273.3311
1,[3] Key Hover Detection.mp4,1,16,-742.2335,-236.01746
1,[3] Key Hover Detection.mp4,1,17,-574.29254,-153.7386
1,[3] Key Hover Detection.mp4,1,18,-822.11786,-245.30183
1,[3] Key Hover Detection.mp4,1,19,-805.60425,-181.31963
1,[3] Key Hover Detection.mp4,1,20,-729.9752,-140.45233
1,[3] Key Hover Detection.mp4,1,0,-2333.5867,-985.8115
1,[3] Key Hover Detection.mp4,1,1,-2114.2915,-1062.1356
1,[3] Key Hover Detection.mp4,1,2,-1933.0042,-1209.8213
1,[3] Key Hover Detection.mp4,1,3,-1827.2734,-1343.2764
1,[3] Key Hover Detection.mp4,1,4,-1754.9083,-1477.8198
1,[3] Key Hover Detection.mp4,1,5,-1941.0796,-1392.0674
1,[3] Key Hover Detection.mp4,1,6,-1731.2864,-1198.2318
1,[3] Key Hover Detection.mp4,1,7,-1818.1582,-1139.292
1,[3] Key Hover Detection.mp4,1,8,-1885.2041,-1188.227
1,[3] Key Hover Detection.mp4,1,9,-2009.02,-1352.5447
1,[3] Key Hover Detection.mp4,1,10,-1792.336,-1108.3975
1,[3] Key Hover Detection.mp4,1,11,-1881.7708,-1076.2543
1,[3] Key Hover Detection.mp4,1,12,-1944.0051,-1118.3541
1,[3] Key Hover Detection.mp4,1,13,-2078.1694,-1271.3224
1,[3] Key Hover Detection.mp4,1,14,-1864.5319,-1037.2919
1,[3] Key Hover Detection.mp4,1,15,-1953.7247,-1013.4886
1,[3] Key Hover Detection.mp4,1,16,-2007.6177,-1055.3163
1,[3] Key Hover Detection.mp4,1,17,-2136.4143,-1163.0312
1,[3] Key Hover Detection.mp4,1,18,-1957.9801,-981.9057
1,[3] Key Hover Detection.mp4,1,19,-2028.4834,-969.1797
1,[3] Key Hover Detection.mp4,1,20,-2097.2942,-1014.83325
1,[3] Key Hover Detection.mp4,1,0,-709.1579,120.678986
1,[3] Key Hover Detection.mp4,1,1,-782.58673,-168.88174
1,[3] Key Hover Detection.mp4,1,2,-697.2139,-406.51398
1,[3] Key Hover Detection.mp4,1,3,-584.18134,-561.4351
1,[3] Key Hover Detection.mp4,1,4,-490.5638,-680.2592
1,[3] Key Hover Detection.mp4,1,5,-491.5551,-473.26547
1,[3] Key Hover Detection.mp4,1,6,-770.98126,-569.1988
1,[3] Key Hover Detection.mp4,1,7,-794.3373,-454.76074
1,[3] Key Hover Detection.mp4,1,8,-715.6618,-403.77667
1,[3] Key Hover Detection.mp4,1,9,-472.7204,-374.14667
1,[3] Key Hover Detection.mp4,1,10,-807.24835,-470.20804
1,[3] Key Hover Detection.mp4,1,11,-800.0433,-373.1382
1,[3] Key Hover Detection.mp4,1,12,-731.2325,-327.48465
1,[3] Key Hover Detection.mp4,1,13,-505.94107,-265.03915
1,[3] Key Hover Detection.mp4,1,14,-816.96796,-365.34253
1,[3] Key Hover Detection.mp4,1,15,-814.57434,-275.1079
1,[3] Key Hover Detection.mp4,1,16,-747.28674,-234.51274
1,[3] Key Hover Detection.mp4,1,17,-574.29254,-153.7386
1,[3] Key Hover Detection.mp4,1,18,-822.11786,-245.30183
1,[3] Key Hover Detection.mp4,1,19,-805.60425,-181.31963
1,[3] Key Hover Detection.mp4,1,20,-733.2634,-142.22916
1,[3] Key Hover Detection.mp4,1,0,-2333.5867,-985.8115
1,[3] Key Hover Detection.mp4,1,1,-2111.0032,-1060.3588
1,[3] Key Hover Detection.mp4,1,2,-1933.0042,-1209.8213
1,[3] Key Hover Detection.mp4,1,3,-1827.2734,-1343.2764
1,[3] Key Hover Detection.mp4,1,4,-1754.9083,-1477.8198
1,[3] Key Hover Detection.mp4,1,5,-1939.3146,-1395.3489
1,[3] Key Hover Detection.mp4,1,6,-1733.0514,-1194.9503
1,[3] Key Hover Detection.mp4,1,7,-1819.9232,-1136.0105
1,[3] Key Hover Detection.mp4,1,8,-1886.9691,-1184.9456
1,[3] Key Hover Detection.mp4,1,9,-2007.255,-1355.8263
1,[3] Key Hover Detection.mp4,1,10,-1792.336,-1108.3975
1,[3] Key Hover Detection.mp4,1,11,-1886.824,-1074.7495
1,[3] Key Hover Detection.mp4,1,12,-1944.0051,-1118.3541
1,[3] Key Hover Detection.mp4,1,13,-2076.4043,-1274.6039
1,[3] Key Hover Detection.mp4,1,14,-1864.5319,-1037.2919
1,[3] Key Hover Detection.mp4,1,15,-1953.7247,-1013.4886
1,[3] Key Hover Detection.mp4,1,16,-2007.6177,-1055.3163
1,[3] Key Hover Detection.mp4,1,17,-2137.9375,-1168.0896
1,[3] Key Hover Detection.mp4,1,18,-1961.2683,-983.6825
1,[3] Key Hover Detection.mp4,1,19,-2028.4834,-969.1797
1,[3] Key Hover Detection.mp4,1,20,-2092.241,-1016.33795
1,[3] Key Hover Detection.mp4,1,0,-710.6811,115.6206
1,[3] Key Hover Detection.mp4,1,1,-775.7685,-173.66801
1,[3] Key Hover Detection.mp4,1,2,-695.4489,-409.7955
1,[3] Key Hover Detection.mp4,1,3,-582.4164,-564.7167
1,[3] Key Hover Detection.mp4,1,4,-488.79883,-683.5408
1,[3] Key Hover Detection.mp4,1,5,-493.07834,-478.32388
1,[3] Key Hover Detection.mp4,1,6,-772.50446,-574.2572
1,[3] Key Hover Detection.mp4,1,7,-792.57227,-458.0423
1,[3] Key Hover Detection.mp4,1,8,-718.95,-405.5535
1,[3] Key Hover Detection.mp4,1,9,-474.24362,-379.20508
1,[3] Key Hover Detection.mp4,1,10,-808.7716,-475.26642
1,[3] Key Hover Detection.mp4,1,11,-798.2783,-376.41974
1,[3] Key Hover Detection.mp4,1,12,-729.46747,-330.7662
1,[3] Key Hover Detection.mp4,1,13,-504.1761,-268.3207
1,[3] Key Hover Detection.mp4,1,14,-816.96796,-365.34253
1,[3] Key Hover Detection.mp4,1,15,-814.57434,-275.1079
1,[3] Key Hover Detection.mp4,1,16,-742.2335,-236.01746
1,[3] Key Hover Detection.mp4,1,17,-572.5275,-157.02014
1,[3] Key Hover Detection.mp4,1,18,-820.3529,-248.58339
1,[3] Key Hover Detection.mp4,1,19,-807.1275,-186.378
1,[3] Key Hover Detection.mp4,1,20,-733.2634,-142.22916
1,[3] Key Hover Detection.mp4,1,0,-2334.8682,-999.20984
1,[3] Key Hover Detection.mp4,1,1,-2107.4731,-1066.9219
1,[3] Key Hover Detection.mp4,1,2,-1919.8513,-1202.714
1,[3] Key Hover Detection.mp4,1,3,-1811.0741,-1326.0522
1,[3] Key Hover Detection.mp4,1,4,-1740.474,-1457.3142
1,[3] Key Hover Detection.mp4,1,5,-1925.9199,-1396.5815
1,[3] Key Hover Detection.mp4,1,6,-1731.2864,-1198.2318
1,[3] Key Hover Detection.mp4,1,7,-1814.87,-1137.5151
1,[3] Key Hover Detection.mp4,1,8,-1880.1509,-1189.7318
1,[3] Key Hover Detection.mp4,1,9,-1998.6719,-1363.894
1,[3] Key Hover Detection.mp4,1,10,-1797.3893,-1106.8927
1,[3] Key Hover Detection.mp4,1,11,-1891.8772,-1073.2448
1,[3] Key Hover Detection.mp4,1,12,-1950.5817,-1121.9078
1,[3] Key Hover Detection.mp4,1,13,-2079.4507,-1284.7207
1,[3] Key Hover Detection.mp4,1,14,-1879.4497,-1041.1177
1,[3] Key Hover Detection.mp4,1,15,-1965.3544,-1015.53754
1,[3] Key Hover Detection.mp4,1,16,-2019.2473,-1057.3654
1,[3] Key Hover Detection.mp4,1,17,-2147.5605,-1181.76
1,[3] Key Hover Detection.mp4,1,18,-1976.1862,-987.5083
1,[3] Key Hover Detection.mp4,1,19,-2040.113,-971.22864
1,[3] Key Hover Detection.mp4,1,20,-2103.8706,-1018.3869
1,[3] Key Hover Detection.mp4,1,0,-715.009,92.10549
1,[3] Key Hover Detection.mp4,1,1,-765.1785,-193.35732
1,[3] Key Hover Detection.mp4,1,2,-681.5707,-427.70798
1,[3] Key Hover Detection.mp4,1,3,-575.3564,-577.8429
1,[3] Key Hover Detection.mp4,1,4,-490.08026,-696.9391
1,[3] Key Hover Detection.mp4,1,5,-489.30655,-493.2269
1,[3] Key Hover Detection.mp4,1,6,-777.3159,-581.0924
1,[3] Key Hover Detection.mp4,1,7,-787.2773,-467.88693
1,[3] Key Hover Detection.mp4,1,8,-708.6018,-416.90286
1,[3] Key Hover Detection.mp4,1,9,-473.76004,-395.88495
1,[3] Key Hover Detection.mp4,1,10,-815.348,-478.8201
1,[3] Key Hover Detection.mp4,1,11,-798.0365,-384.7597
1,[3] Key Hover Detection.mp4,1,12,-724.1725,-340.61084
1,[3] Key Hover Detection.mp4,1,13,-503.69254,-285.00058
1,[3] Key Hover Detection.mp4,1,14,-820.25616,-367.11935
1,[3] Key Hover Detection.mp4,1,15,-811.0443,-281.67102
1,[3] Key Hover Detection.mp4,1,16,-738.7035,-242.58055
1,[3] Key Hover Detection.mp4,1,17,-570.52075,-168.64163
1,[3] Key Hover Detection.mp4,1,18,-823.6411,-250.36023
1,[3] Key Hover Detection.mp4,1,19,-805.3625,-189.65956
1,[3] Key Hover Detection.mp4,1,20,-729.73346,-148.79227
1,[3] Key Hover Detection.mp4,1,0,-2326.5266,-998.93774
1,[3] Key Hover Detection.mp4,1,1,-2097.6086,-1061.5913
1,[3] Key Hover Detection.mp4,1,2,-1913.2748,-1199.1603
1,[3] Key Hover Detection.mp4,1,3,-1807.7859,-1324.2754
1,[3] Key Hover Detection.mp4,1,4,-1740.474,-1457.3142
1,[3] Key Hover Detection.mp4,1,5,-1924.1549,-1399.863
1,[3] Key Hover Detection.mp4,1,6,-1733.0514,-1194.9503
1,[3] Key Hover Detection.mp4,1,7,-1816.635,-1134.2336
1,[3] Key Hover Detection.mp4,1,8,-1878.6277,-1184.6735
1,[3] Key Hover Detection.mp4,1,9,-1998.6719,-1363.894
1,[3] Key Hover Detection.mp4,1,10,-1799.1543,-1103.6112
1,[3] Key Hover Detection.mp4,1,11,-1890.354,-1068.1864
1,[3] Key Hover Detection.mp4,1,12,-1949.0583,-1116.8494
1,[3] Key Hover Detection.mp4,1,13,-2079.4507,-1284.7207
1,[3] Key Hover Detection.mp4,1,14,-1879.4497,-1041.1177
1,[3] Key Hover Detection.mp4,1,15,-1967.1194,-1012.256
1,[3] Key Hover Detection.mp4,1,16,-2019.2473,-1057.3654
1,[3] Key Hover Detection.mp4,1,17,-2150.8486,-1183.5369
1,[3] Key Hover Detection.mp4,1,18,-1974.4211,-990.78986
1,[3] Key Hover Detection.mp4,1,19,-2040.113,-971.22864
1,[3] Key Hover Detection.mp4,1,20,-2103.8706,-1018.3869
1,[3] Key Hover Detection.mp4,1,0,-709.95575,90.600784
1,[3] Key Hover Detection.mp4,1,1,-755.31384,-188.0268
1,[3] Key Hover Detection.mp4,1,2,-676.7593,-420.87274
1,[3] Key Hover Detection.mp4,1,3,-573.8331,-572.7845
1,[3] Key Hover Detection.mp4,1,4,-486.79205,-695.1623
1,[3] Key Hover Detection.mp4,1,5,-487.54156,-496.50845
1,[3] Key Hover Detection.mp4,1,6,-777.3159,-581.0924
1,[3] Key Hover Detection.mp4,1,7,-790.5655,-469.6638
1,[3] Key Hover Detection.mp4,1,8,-710.125,-421.96127
1,[3] Key Hover Detection.mp4,1,9,-473.76004,-395.88495
1,[3] Key Hover Detection.mp4,1,10,-817.11304,-475.53857
1,[3] Key Hover Detection.mp4,1,11,-794.7483,-382.98285
1,[3] Key Hover Detection.mp4,1,12,-719.11926,-342.11554
1,[3] Key Hover Detection.mp4,1,13,-503.69254,-285.00058
1,[3] Key Hover Detection.mp4,1,14,-822.0212,-363.8378
1,[3] Key Hover Detection.mp4,1,15,-811.0443,-281.67102
1,[3] Key Hover Detection.mp4,1,16,-731.88525,-247.3668
1,[3] Key Hover Detection.mp4,1,17,-567.23254,-166.86479
1,[3] Key Hover Detection.mp4,1,18,-822.11786,-245.30183
1,[3] Key Hover Detection.mp4,1,19,-803.83923,-184.60117
1,[3] Key Hover Detection.mp4,1,20,-729.73346,-148.79227
1,[3] Key Hover Detection.mp4,1,0,-2326.5266,-998.93774
1,[3] Key Hover Detection.mp4,1,1,-2099.1318,-1066.6497
1,[3] Key Hover Detection.mp4,1,2,-1916.563,-1200.9371
1,[3] Key Hover Detection.mp4,1,3,-1807.7859,-1324.2754
1,[3] Key Hover Detection.mp4,1,4,-1740.474,-1457.3142
1,[3] Key Hover Detection.mp4,1,5,-1925.9199,-1396.5815
1,[3] Key Hover Detection.mp4,1,6,-1733.0514,-1194.9503
1,[3] Key Hover Detection.mp4,1,7,-1811.5818,-1135.7383
1,[3] Key Hover Detection.mp4,1,8,-1876.8627,-1187.955
1,[3] Key Hover Detection.mp4,1,9,-2001.9601,-1365.6709
1,[3] Key Hover Detection.mp4,1,10,-1797.3893,-1106.8927
1,[3] Key Hover Detection.mp4,1,11,-1888.589,-1071.468
1,[3] Key Hover Detection.mp4,1,12,-1947.2933,-1120.131
1,[3] Key Hover Detection.mp4,1,13,-2079.4507,-1284.7207
1,[3] Key Hover Detection.mp4,1,14,-1879.4497,-1041.1177
1,[3] Key Hover Detection.mp4,1,15,-1965.3544,-1015.53754
1,[3] Key Hover Detection.mp4,1,16,-2019.2473,-1057.3654
1,[3] Key Hover Detection.mp4,1,17,-2147.5605,-1181.76
1,[3] Key Hover Detection.mp4,1,18,-1974.4211,-990.78986
1,[3] Key Hover Detection.mp4,1,19,-2041.6362,-976.28705
1,[3] Key Hover Detection.mp4,1,20,-2105.3938,-1023.4453
1,[3] Key Hover Detection.mp4,1,0,-709.95575,90.600784
1,[3] Key Hover Detection.mp4,1,1,-753.5488,-191.30833
1,[3] Key Hover Detection.mp4,1,2,-678.2825,-425.93112
1,[3] Key Hover Detection.mp4,1,3,-577.12134,-574.56134
1,[3] Key Hover Detection.mp4,1,4,-486.79205,-695.1623
1,[3] Key Hover Detection.mp4,1,5,-487.54156,-496.50845
1,[3] Key Hover Detection.mp4,1,6,-777.3159,-581.0924
1,[3] Key Hover Detection.mp4,1,7,-788.8005,-472.94534
1,[3] Key Hover Detection.mp4,1,8,-708.36,-425.2428
1,[3] Key Hover Detection.mp4,1,9,-473.76004,-395.88495
1,[3] Key Hover Detection.mp4,1,10,-815.348,-478.8201
1,[3] Key Hover Detection.mp4,1,11,-794.7483,-382.98285
1,[3] Key Hover Detection.mp4,1,12,-719.11926,-342.11554
1,[3] Key Hover Detection.mp4,1,13,-503.69254,-285.00058
1,[3] Key Hover Detection.mp4,1,14,-820.25616,-367.11935
1,[3] Key Hover Detection.mp4,1,15,-811.0443,-281.67102
1,[3] Key Hover Detection.mp4,1,16,-735.1735,-249.14365
1,[3] Key Hover Detection.mp4,1,17,-567.23254,-166.86479
1,[3] Key Hover Detection.mp4,1,18,-820.3529,-248.58339
1,[3] Key Hover Detection.mp4,1,19,-803.83923,-184.60117
1,[3] Key Hover Detection.mp4,1,20,-726.4452,-147.01543
1,[3] Key Hover Detection.mp4,1,0,-2321.4734,-1000.44244
1,[3] Key Hover Detection.mp4,1,1,-2099.1318,-1066.6497
1,[3] Key Hover Detection.mp4,1,2,-1913.2748,-1199.1603
1,[3] Key Hover Detection.mp4,1,3,-1804.4977,-1322.4985
1,[3] Key Hover Detection.mp4,1,4,-1737.1858,-1455.5374
1,[3] Key Hover Detection.mp4,1,5,-1925.9199,-1396.5815
1,[3] Key Hover Detection.mp4,1,6,-1731.2864,-1198.2318
1,[3] Key Hover Detection.mp4,1,7,-1811.5818,-1135.7383
1,[3] Key Hover Detection.mp4,1,8,-1873.5745,-1186.1781
1,[3] Key Hover Detection.mp4,1,9,-1998.6719,-1363.894
1,[3] Key Hover Detection.mp4,1,10,-1797.3893,-1106.8927
1,[3] Key Hover Detection.mp4,1,11,-1888.589,-1071.468
1,[3] Key Hover Detection.mp4,1,12,-1944.0051,-1118.3541
1,[3] Key Hover Detection.mp4,1,13,-2079.4507,-1284.7207
1,[3] Key Hover Detection.mp4,1,14,-1879.4497,-1041.1177
1,[3] Key Hover Detection.mp4,1,15,-1965.3544,-1015.53754
1,[3] Key Hover Detection.mp4,1,16,-2017.4824,-1060.6469
1,[3] Key Hover Detection.mp4,1,17,-2144.2722,-1179.9832
1,[3] Key Hover Detection.mp4,1,18,-1974.4211,-990.78986
1,[3] Key Hover Detection.mp4,1,19,-2041.6362,-976.28705
1,[3] Key Hover Detection.mp4,1,20,-2105.3938,-1023.4453
1,[3] Key Hover Detection.mp4,1,0,-706.66754,92.377625
1,[3] Key Hover Detection.mp4,1,1,-758.60205,-189.80363
1,[3] Key Hover Detection.mp4,1,2,-680.0475,-422.6496
1,[3] Key Hover Detection.mp4,1,3,-580.4096,-576.33813
1,[3] Key Hover Detection.mp4,1,4,-493.36847,-698.71594
1,[3] Key Hover Detection.mp4,1,5,-489.30655,-493.2269
1,[3] Key Hover Detection.mp4,1,6,-777.3159,-581.0924
1,[3] Key Hover Detection.mp4,1,7,-788.8005,-472.94534
1,[3] Key Hover Detection.mp4,1,8,-708.36,-425.2428
1,[3] Key Hover Detection.mp4,1,9,-475.52505,-392.6034
1,[3] Key Hover Detection.mp4,1,10,-815.348,-478.8201
1,[3] Key Hover Detection.mp4,1,11,-796.27155,-388.04123
1,[3] Key Hover Detection.mp4,1,12,-720.64246,-347.17395
1,[3] Key Hover Detection.mp4,1,13,-502.1693,-279.9422
1,[3] Key Hover Detection.mp4,1,14,-823.5444,-368.8962
1,[3] Key Hover Detection.mp4,1,15,-809.2793,-284.95258
1,[3] Key Hover Detection.mp4,1,16,-735.1735,-249.14365
1,[3] Key Hover Detection.mp4,1,17,-565.7093,-161.80641
1,[3] Key Hover Detection.mp4,1,18,-820.3529,-248.58339
1,[3] Key Hover Detection.mp4,1,19,-802.0743,-187.88272
1,[3] Key Hover Detection.mp4,1,20,-727.96844,-152.0738
1,[3] Key Hover Detection.mp4,1,0,-2327.3245,-1029.0159
1,[3] Key Hover Detection.mp4,1,1,-2090.3066,-1083.0575
1,[3] Key Hover Detection.mp4,1,2,-1897.8734,-1212.0143
1,[3] Key Hover Detection.mp4,1,3,-1789.338,-1327.0127
1,[3] Key Hover Detection.mp4,1,4,-1717.2147,-1453.2162
1,[3] Key Hover Detection.mp4,1,5,-1910.5186,-1409.4355
1,[3] Key Hover Detection.mp4,1,6,-1736.5814,-1188.3872
1,[3] Key Hover Detection.mp4,1,7,-1819.6815,-1144.3503
1,[3] Key Hover Detection.mp4,1,8,-1877.9023,-1209.6932
1,[3] Key Hover Detection.mp4,1,9,-1989.8468,-1380.3018
1,[3] Key Hover Detection.mp4,1,10,-1803.9657,-1110.4464
1,[3] Key Hover Detection.mp4,1,11,-1896.4469,-1088.4199
1,[3] Key Hover Detection.mp4,1,12,-1951.6212,-1143.646
1,[3] Key Hover Detection.mp4,1,13,-2077.2021,-1304.6821
1,[3] Key Hover Detection.mp4,1,14,-1892.3608,-1056.565
1,[3] Key Hover Detection.mp4,1,15,-1976.5005,-1034.2664
1,[3] Key Hover Detection.mp4,1,16,-2025.3402,-1077.5989
1,[3] Key Hover Detection.mp4,1,17,-2155.1765,-1207.052
1,[3] Key Hover Detection.mp4,1,18,-1992.1437,-1013.0724
1,[3] Key Hover Detection.mp4,1,19,-2051.0173,-998.2974
1,[3] Key Hover Detection.mp4,1,20,-2106.4336,-1045.1836
1,[3] Key Hover Detection.mp4,1,0,-699.8493,87.59136
1,[3] Key Hover Detection.mp4,1,1,-756.83704,-193.08517
1,[3] Key Hover Detection.mp4,1,2,-678.0407,-434.2711
1,[3] Key Hover Detection.mp4,1,3,-570.06134,-587.6875
1,[3] Key Hover Detection.mp4,1,4,-483.02026,-710.0653
1,[3] Key Hover Detection.mp4,1,5,-478.95834,-504.57626
1,[3] Key Hover Detection.mp4,1,6,-775.30914,-592.71387
1,[3] Key Hover Detection.mp4,1,7,-796.90015,-481.5574
1,[3] Key Hover Detection.mp4,1,8,-718.2247,-430.57333
1,[3] Key Hover Detection.mp4,1,9,-463.65363,-398.89438
1,[3] Key Hover Detection.mp4,1,10,-818.3945,-488.9369
1,[3] Key Hover Detection.mp4,1,11,-804.613,-388.3134
1,[3] Key Hover Detection.mp4,1,12,-728.9839,-347.44608
1,[3] Key Hover Detection.mp4,1,13,-495.35107,-284.72845
1,[3] Key Hover Detection.mp4,1,14,-825.0676,-373.9546
1,[3] Key Hover Detection.mp4,1,15,-817.6208,-285.2247
1,[3] Key Hover Detection.mp4,1,16,-740.22675,-247.63895
1,[3] Key Hover Detection.mp4,1,17,-562.4211,-160.02957
1,[3] Key Hover Detection.mp4,1,18,-821.8761,-253.64177
1,[3] Key Hover Detection.mp4,1,19,-805.3625,-189.65956
1,[3] Key Hover Detection.mp4,1,20,-724.68024,-150.29697
1,[3] Key Hover Detection.mp4,1,0,-2330.8545,-1022.4528
1,[3] Key Hover Detection.mp4,1,1,-2089.0254,-1069.659
1,[3] Key Hover Detection.mp4,1,2,-1896.5919,-1198.616
1,[3] Key Hover Detection.mp4,1,3,-1789.5797,-1318.6727
1,[3] Key Hover Detection.mp4,1,4,-1718.9797,-1449.9347
1,[3] Key Hover Detection.mp4,1,5,-1905.707,-1402.6003
1,[3] Key Hover Detection.mp4,1,6,-1730.005,-1184.8335
1,[3] Key Hover Detection.mp4,1,7,-1818.4,-1130.952
1,[3] Key Hover Detection.mp4,1,8,-1881.9159,-1186.4503
1,[3] Key Hover Detection.mp4,1,9,-1989.8468,-1380.3018
1,[3] Key Hover Detection.mp4,1,10,-1803.9657,-1110.4464
1,[3] Key Hover Detection.mp4,1,11,-1896.6886,-1080.0801
1,[3] Key Hover Detection.mp4,1,12,-1950.3398,-1130.2477
1,[3] Key Hover Detection.mp4,1,13,-2073.672,-1311.2452
1,[3] Key Hover Detection.mp4,1,14,-1894.1257,-1053.2833
1,[3] Key Hover Detection.mp4,1,15,-1980.0305,-1027.7032
1,[3] Key Hover Detection.mp4,1,16,-2028.8702,-1071.0358
1,[3] Key Hover Detection.mp4,1,17,-2151.6465,-1213.6151
1,[3] Key Hover Detection.mp4,1,18,-1992.1437,-1013.0724
1,[3] Key Hover Detection.mp4,1,19,-2054.5474,-991.7343
1,[3] Key Hover Detection.mp4,1,20,-2118.305,-1038.8926
1,[3] Key Hover Detection.mp4,1,0,-698.3261,92.64975
1,[3] Key Hover Detection.mp4,1,1,-753.5488,-191.30833
1,[3] Key Hover Detection.mp4,1,2,-678.0407,-434.2711
1,[3] Key Hover Detection.mp4,1,3,-573.3496,-589.46436
1,[3] Key Hover Detection.mp4,1,4,-484.5435,-715.1237
1,[3] Key Hover Detection.mp4,1,5,-482.24655,-506.35312
1,[3] Key Hover Detection.mp4,1,6,-780.36237,-591.20917
1,[3] Key Hover Detection.mp4,1,7,-793.61194,-479.78055
1,[3] Key Hover Detection.mp4,1,8,-711.40643,-435.3596
1,[3] Key Hover Detection.mp4,1,9,-466.94183,-400.6712
1,[3] Key Hover Detection.mp4,1,10,-820.1595,-485.65533
1,[3] Key Hover Detection.mp4,1,11,-799.55975,-389.81808
1,[3] Key Hover Detection.mp4,1,12,-718.87744,-350.4555
1,[3] Key Hover Detection.mp4,1,13,-498.6393,-286.50528
1,[3] Key Hover Detection.mp4,1,14,-825.0676,-373.9546
1,[3] Key Hover Detection.mp4,1,15,-810.80255,-290.01096
1,[3] Key Hover Detection.mp4,1,16,-731.6435,-255.70676
1,[3] Key Hover Detection.mp4,1,17,-558.8911,-166.59267
1,[3] Key Hover Detection.mp4,1,18,-821.8761,-253.64177
1,[3] Key Hover Detection.mp4,1,19,-800.30927,-191.16428
1,[3] Key Hover Detection.mp4,1,20,-719.627,-151.80168
1,[3] Key Hover Detection.mp4,1,0,-2327.5664,-1020.67596
1,[3] Key Hover Detection.mp4,1,1,-2083.9722,-1071.1638
1,[3] Key Hover Detection.mp4,1,2,-1894.8269,-1201.8976
1,[3] Key Hover Detection.mp4,1,3,-1787.8147,-1321.9542
1,[3] Key Hover Detection.mp4,1,4,-1713.9265,-1451.4395
1,[3] Key Hover Detection.mp4,1,5,-1905.707,-1402.6003
1,[3] Key Hover Detection.mp4,1,6,-1731.5282,-1189.8918
1,[3] Key Hover Detection.mp4,1,7,-1819.9232,-1136.0105
1,[3] Key Hover Detection.mp4,1,8,-1881.6741,-1194.7902
1,[3] Key Hover Detection.mp4,1,9,-1989.8468,-1380.3018
1,[3] Key Hover Detection.mp4,1,10,-1802.2007,-1113.7279
1,[3] Key Hover Detection.mp4,1,11,-1896.6886,-1080.0801
1,[3] Key Hover Detection.mp4,1,12,-1953.628,-1132.0245
1,[3] Key Hover Detection.mp4,1,13,-2076.9604,-1313.0221
1,[3] Key Hover Detection.mp4,1,14,-1889.0725,-1054.7881
1,[3] Key Hover Detection.mp4,1,15,-1974.9773,-1029.208
1,[3] Key Hover Detection.mp4,1,16,-2027.1052,-1074.3173
1,[3] Key Hover Detection.mp4,1,17,-2154.9348,-1215.392
1,[3] Key Hover Detection.mp4,1,18,-1992.1437,-1013.0724
1,[3] Key Hover Detection.mp4,1,19,-2052.7825,-995.01587
1,[3] Key Hover Detection.mp4,1,20,-2116.54,-1042.1742
1,[3] Key Hover Detection.mp4,1,0,-703.37933,94.154465
1,[3] Key Hover Detection.mp4,1,1,-756.83704,-193.08517
1,[3] Key Hover Detection.mp4,1,2,-678.0407,-434.2711
1,[3] Key Hover Detection.mp4,1,3,-573.3496,-589.46436
1,[3] Key Hover Detection.mp4,1,4,-483.02026,-710.0653
1,[3] Key Hover Detection.mp4,1,5,-484.01157,-503.07156
1,[3] Key Hover Detection.mp4,1,6,-778.59735,-594.4907
1,[3] Key Hover Detection.mp4,1,7,-795.13513,-484.83896
1,[3] Key Hover Detection.mp4,1,8,-711.40643,-435.3596
1,[3] Key Hover Detection.mp4,1,9,-466.94183,-400.6712
1,[3] Key Hover Detection.mp4,1,10,-818.3945,-488.9369
1,[3] Key Hover Detection.mp4,1,11,-802.84796,-391.5949
1,[3] Key Hover Detection.mp4,1,12,-722.1657,-352.23233
1,[3] Key Hover Detection.mp4,1,13,-495.35107,-284.72845
1,[3] Key Hover Detection.mp4,1,14,-823.3026,-377.23615
1,[3] Key Hover Detection.mp4,1,15,-810.80255,-290.01096
1,[3] Key Hover Detection.mp4,1,16,-731.6435,-255.70676
1,[3] Key Hover Detection.mp4,1,17,-560.65607,-163.31113
1,[3] Key Hover Detection.mp4,1,18,-818.5879,-251.86493
1,[3] Key Hover Detection.mp4,1,19,-800.30927,-191.16428
1,[3] Key Hover Detection.mp4,1,20,-719.627,-151.80168
1,[3] Key Hover Detection.mp4,1,0,-2325.8013,-1023.9575
1,[3] Key Hover Detection.mp4,1,1,-2083.9722,-1071.1638
1,[3] Key Hover Detection.mp4,1,2,-1896.5919,-1198.616
1,[3] Key Hover Detection.mp4,1,3,-1789.5797,-1318.6727
1,[3] Key Hover Detection.mp4,1,4,-1713.9265,-1451.4395
1,[3] Key Hover Detection.mp4,1,5,-1905.707,-1402.6003
1,[3] Key Hover Detection.mp4,1,6,-1728.24,-1188.1151
1,[3] Key Hover Detection.mp4,1,7,-1814.87,-1137.5151
1,[3] Key Hover Detection.mp4,1,8,-1878.3859,-1193.0134
1,[3] Key Hover Detection.mp4,1,9,-1989.8468,-1380.3018
1,[3] Key Hover Detection.mp4,1,10,-1802.2007,-1113.7279
1,[3] Key Hover Detection.mp4,1,11,-1894.9237,-1083.3616
1,[3] Key Hover Detection.mp4,1,12,-1948.5748,-1133.5293
1,[3] Key Hover Detection.mp4,1,13,-2076.9604,-1313.0221
1,[3] Key Hover Detection.mp4,1,14,-1889.0725,-1054.7881
1,[3] Key Hover Detection.mp4,1,15,-1974.9773,-1029.208
1,[3] Key Hover Detection.mp4,1,16,-2027.1052,-1074.3173
1,[3] Key Hover Detection.mp4,1,17,-2153.4116,-1210.3335
1,[3] Key Hover Detection.mp4,1,18,-1988.8555,-1011.29553
1,[3] Key Hover Detection.mp4,1,19,-2052.7825,-995.01587
1,[3] Key Hover Detection.mp4,1,20,-2114.775,-1045.4557
1,[3] Key Hover Detection.mp4,1,0,-700.0911,95.9313
1,[3] Key Hover Detection.mp4,1,1,-755.31384,-188.0268
1,[3] Key Hover Detection.mp4,1,2,-676.51746,-429.21268
1,[3] Key Hover Detection.mp4,1,3,-571.82635,-584.40594
1,[3] Key Hover Detection.mp4,1,4,-484.78525,-706.78375
1,[3] Key Hover Detection.mp4,1,5,-484.01157,-503.07156
1,[3] Key Hover Detection.mp4,1,6,-780.36237,-591.20917
1,[3] Key Hover Detection.mp4,1,7,-795.13513,-484.83896
1,[3] Key Hover Detection.mp4,1,8,-711.40643,-435.3596
1,[3] Key Hover Detection.mp4,1,9,-466.94183,-400.6712
1,[3] Key Hover Detection.mp4,1,10,-820.1595,-485.65533
1,[3] Key Hover Detection.mp4,1,11,-802.84796,-391.5949
1,[3] Key Hover Detection.mp4,1,12,-723.93066,-348.95078
1,[3] Key Hover Detection.mp4,1,13,-495.35107,-284.72845
1,[3] Key Hover Detection.mp4,1,14,-825.0676,-373.9546
1,[3] Key Hover Detection.mp4,1,15,-810.80255,-290.01096
1,[3] Key Hover Detection.mp4,1,16,-731.6435,-255.70676
1,[3] Key Hover Detection.mp4,1,17,-560.65607,-163.31113
1,[3] Key Hover Detection.mp4,1,18,-821.8761,-253.64177
1,[3] Key Hover Detection.mp4,1,19,-800.30927,-191.16428
1,[3] Key Hover Detection.mp4,1,20,-719.627,-151.80168
1,[3] Key Hover Detection.mp4,1,0,-2355.1536,-1048.2891
1,[3] Key Hover Detection.mp4,1,1,-2090.5486,-1074.7175
1,[3] Key Hover Detection.mp4,1,2,-1894.8269,-1201.8976
1,[3] Key Hover Detection.mp4,1,3,-1774.6619,-1314.8469
1,[3] Key Hover Detection.mp4,1,4,-1685.8557,-1440.5062
1,[3] Key Hover Detection.mp4,1,5,-1903.4585,-1422.5618
1,[3] Key Hover Detection.mp4,1,6,-1702.2485,-1220.6584
1,[3] Key Hover Detection.mp4,1,7,-1776.9346,-1121.2515
1,[3] Key Hover Detection.mp4,1,8,-1846.7125,-1133.5453
1,[3] Key Hover Detection.mp4,1,9,-1987.3564,-1408.6031
1,[3] Key Hover Detection.mp4,1,10,-1797.9453,-1145.3108
1,[3] Key Hover Detection.mp4,1,11,-1882.0126,-1067.9143
1,[3] Key Hover Detection.mp4,1,12,-1942.7238,-1104.9558
1,[3] Key Hover Detection.mp4,1,13,-2075.9934,-1346.3818
1,[3] Key Hover Detection.mp4,1,14,-1884.5754,-1094.7109
1,[3] Key Hover Detection.mp4,1,15,-1953.2412,-1030.1685
1,[3] Key Hover Detection.mp4,1,16,-2007.376,-1063.6562
1,[3] Key Hover Detection.mp4,1,17,-2155.491,-1253.81
1,[3] Key Hover Detection.mp4,1,18,-1993.9813,-1064.8889
1,[3] Key Hover Detection.mp4,1,19,-2043.9574,-1011.42365
1,[3] Key Hover Detection.mp4,1,20,-2098.334,-1036.5715
1,[3] Key Hover Detection.mp4,1,0,-688.21967,89.64033
1,[3] Key Hover Detection.mp4,1,1,-756.5953,-201.42511
1,[3] Key Hover Detection.mp4,1,2,-670.9807,-447.39728
1,[3] Key Hover Detection.mp4,1,3,-557.9481,-602.3184
1,[3] Key Hover Detection.mp4,1,4,-467.6188,-722.9194
1,[3] Key Hover Detection.mp4,1,5,-463.55692,-517.43036
1,[3] Key Hover Detection.mp4,1,6,-766.7259,-600.7817
1,[3] Key Hover Detection.mp4,1,7,-783.5055,-482.78998
1,[3] Key Hover Detection.mp4,1,8,-703.065,-435.08746
1,[3] Key Hover Detection.mp4,1,9,-448.25217,-411.74844
1,[3] Key Hover Detection.mp4,1,10,-804.758,-498.5094
1,[3] Key Hover Detection.mp4,1,11,-790.9765,-397.8859
1,[3] Key Hover Detection.mp4,1,12,-713.8243,-351.9602
1,[3] Key Hover Detection.mp4,1,13,-481.71463,-294.30096
1,[3] Key Hover Detection.mp4,1,14,-814.7194,-385.30396
1,[3] Key Hover Detection.mp4,1,15,-805.7493,-291.51566
1,[3] Key Hover Detection.mp4,1,16,-728.3553,-253.92992
1,[3] Key Hover Detection.mp4,1,17,-547.01965,-172.88364
1,[3] Key Hover Detection.mp4,1,18,-811.5279,-264.99115
1,[3] Key Hover Detection.mp4,1,19,-793.491,-195.95053
1,[3] Key Hover Detection.mp4,1,20,-714.5738,-153.3064
1,[3] Key Hover Detection.mp4,1,0,-2350.342,-1041.4539
1,[3] Key Hover Detection.mp4,1,1,-2075.8726,-1062.5518
1,[3] Key Hover Detection.mp4,1,2,-1890.2573,-1186.7224
1,[3] Key Hover Detection.mp4,1,3,-1774.9037,-1306.507
1,[3] Key Hover Detection.mp4,1,4,-1687.6207,-1437.2247
1,[3] Key Hover Detection.mp4,1,5,-1910.2767,-1417.7755
1,[3] Key Hover Detection.mp4,1,6,-1705.5367,-1222.4353
1,[3] Key Hover Detection.mp4,1,7,-1775.1696,-1124.5331
1,[3] Key Hover Detection.mp4,1,8,-1846.7125,-1133.5453
1,[3] Key Hover Detection.mp4,1,9,-1994.1747,-1403.8169
1,[3] Key Hover Detection.mp4,1,10,-1796.1804,-1148.5924
1,[3] Key Hover Detection.mp4,1,11,-1873.6711,-1067.6422
1,[3] Key Hover Detection.mp4,1,12,-1936.1473,-1101.4021
1,[3] Key Hover Detection.mp4,1,13,-2081.2883,-1336.5371
1,[3] Key Hover Detection.mp4,1,14,-1879.5222,-1096.2157
1,[3] Key Hover Detection.mp4,1,15,-1948.188,-1031.6732
1,[3] Key Hover Detection.mp4,1,16,-2005.8527,-1058.5979
1,[3] Key Hover Detection.mp4,1,17,-2159.0208,-1247.247
1,[3] Key Hover Detection.mp4,1,18,-1990.693,-1063.112
1,[3] Key Hover Detection.mp4,1,19,-2040.6692,-1009.6468
1,[3] Key Hover Detection.mp4,1,20,-2098.334,-1036.5715
1,[3] Key Hover Detection.mp4,1,0,-683.4082,96.475555
1,[3] Key Hover Detection.mp4,1,1,-751.7838,-194.58989
1,[3] Key Hover Detection.mp4,1,2,-671.2225,-439.05734
1,[3] Key Hover Detection.mp4,1,3,-559.71313,-599.03687
1,[3] Key Hover Detection.mp4,1,4,-467.6188,-722.9194
1,[3] Key Hover Detection.mp4,1,5,-468.36835,-524.26556
1,[3] Key Hover Detection.mp4,1,6,-771.7791,-599.277
1,[3] Key Hover Detection.mp4,1,7,-786.7937,-484.56683
1,[3] Key Hover Detection.mp4,1,8,-703.065,-435.08746
1,[3] Key Hover Detection.mp4,1,9,-449.7754,-416.80682
1,[3] Key Hover Detection.mp4,1,10,-811.57623,-493.72314
1,[3] Key Hover Detection.mp4,1,11,-794.2647,-399.66272
1,[3] Key Hover Detection.mp4,1,12,-715.3475,-357.0186
1,[3] Key Hover Detection.mp4,1,13,-481.47287,-302.6409
1,[3] Key Hover Detection.mp4,1,14,-818.0076,-387.08078
1,[3] Key Hover Detection.mp4,1,15,-802.2193,-298.07877
1,[3] Key Hover Detection.mp4,1,16,-723.0603,-263.77457
1,[3] Key Hover Detection.mp4,1,17,-546.7779,-181.22357
1,[3] Key Hover Detection.mp4,1,18,-811.5279,-264.99115
1,[3] Key Hover Detection.mp4,1,19,-791.726,-199.23209
1,[3] Key Hover Detection.mp4,1,20,-711.04376,-159.86949
1,[3] Key Hover Detection.mp4,1,0,-2339.0266,-1086.163
1,[3] Key Hover Detection.mp4,1,1,-2065.2825,-1082.2411
1,[3] Key Hover Detection.mp4,1,2,-1880.1509,-1189.7318
1,[3] Key Hover Detection.mp4,1,3,-1758.2208,-1305.9626
1,[3] Key Hover Detection.mp4,1,4,-1646.3971,-1419.1842
1,[3] Key Hover Detection.mp4,1,5,-1881.7224,-1423.5222
1,[3] Key Hover Detection.mp4,1,6,-1702.321,-1275.7565
1,[3] Key Hover Detection.mp4,1,7,-1717.8192,-1144.3665
1,[3] Key Hover Detection.mp4,1,8,-1774.6135,-1086.1149
1,[3] Key Hover Detection.mp4,1,9,-1961.6068,-1432.8066
1,[3] Key Hover Detection.mp4,1,10,-1782.3746,-1221.6029
1,[3] Key Hover Detection.mp4,1,11,-1826.1854,-1092.806
1,[3] Key Hover Detection.mp4,1,12,-1890.5958,-1059.8464
1,[3] Key Hover Detection.mp4,1,13,-2051.2834,-1392.3235
1,[3] Key Hover Detection.mp4,1,14,-1885.6876,-1171.5472
1,[3] Key Hover Detection.mp4,1,15,-1923.7197,-1069.2749
1,[3] Key Hover Detection.mp4,1,16,-1979.547,-1044.3832
1,[3] Key Hover Detection.mp4,1,17,-2136.8738,-1319.9854
1,[3] Key Hover Detection.mp4,1,18,-1997.8981,-1160.1819
1,[3] Key Hover Detection.mp4,1,19,-2008.8992,-1068.7147
1,[3] Key Hover Detection.mp4,1,20,-2043.232,-1036.4435
1,[3] Key Hover Detection.mp4,1,0,-666.9671,105.35976
1,[3] Key Hover Detection.mp4,1,1,-735.3428,-185.70569
1,[3] Key Hover Detection.mp4,1,2,-642.9099,-436.4641
1,[3] Key Hover Detection.mp4,1,3,-531.40063,-596.44366
1,[3] Key Hover Detection.mp4,1,4,-444.11774,-727.1614
1,[3] Key Hover Detection.mp4,1,5,-421.8497,-516.0697
1,[3] Key Hover Detection.mp4,1,6,-737.68805,-623.2083
1,[3] Key Hover Detection.mp4,1,7,-766.5808,-490.58566
1,[3] Key Hover Detection.mp4,1,8,-679.80566,-430.98953
1,[3] Key Hover Detection.mp4,1,9,-405.02176,-405.3294
1,[3] Key Hover Detection.mp4,1,10,-774.4387,-507.53766
1,[3] Key Hover Detection.mp4,1,11,-769.2404,-398.84634
1,[3] Key Hover Detection.mp4,1,12,-685.5117,-349.36697
1,[3] Key Hover Detection.mp4,1,13,-443.53745,-286.37723
1,[3] Key Hover Detection.mp4,1,14,-784.64185,-385.99228
1,[3] Key Hover Detection.mp4,1,15,-780.72504,-290.69928
1,[3] Key Hover Detection.mp4,1,16,-703.57275,-244.77359
1,[3] Key Hover Detection.mp4,1,17,-518.9489,-161.95047
1,[3] Key Hover Detection.mp4,1,18,-791.55676,-262.67004
1,[3] Key Hover Detection.mp4,1,19,-775.2849,-190.34789
1,[3] Key Hover Detection.mp4,1,20,-694.8445,-142.64536
1,[3] Key Hover Detection.mp4,1,0,-2335.9802,-1076.0461
1,[3] Key Hover Detection.mp4,1,1,-2065.5242,-1073.9011
1,[3] Key Hover Detection.mp4,1,2,-1877.1044,-1179.615
1,[3] Key Hover Detection.mp4,1,3,-1761.7507,-1299.3997
1,[3] Key Hover Detection.mp4,1,4,-1654.7385,-1419.4563
1,[3] Key Hover Detection.mp4,1,5,-1883.4874,-1420.2407
1,[3] Key Hover Detection.mp4,1,6,-1702.0792,-1284.0964
1,[3] Key Hover Detection.mp4,1,7,-1709.236,-1152.4342
1,[3] Key Hover Detection.mp4,1,8,-1752.6356,-1095.4153
1,[3] Key Hover Detection.mp4,1,9,-1965.1368,-1426.2435
1,[3] Key Hover Detection.mp4,1,10,-1789.1929,-1216.8167
1,[3] Key Hover Detection.mp4,1,11,-1824.4204,-1096.0876
1,[3] Key Hover Detection.mp4,1,12,-1883.7776,-1064.6327
1,[3] Key Hover Detection.mp4,1,13,-2058.1016,-1387.5372
1,[3] Key Hover Detection.mp4,1,14,-1885.6876,-1171.5472
1,[3] Key Hover Detection.mp4,1,15,-1920.4315,-1067.498
1,[3] Key Hover Detection.mp4,1,16,-1972.7288,-1049.1694
1,[3] Key Hover Detection.mp4,1,17,-2148.745,-1313.6943
1,[3] Key Hover Detection.mp4,1,18,-1999.9049,-1148.5604
1,[3] Key Hover Detection.mp4,1,19,-2012.4292,-1062.1516
1,[3] Key Hover Detection.mp4,1,20,-2051.5735,-1036.7156
1,[3] Key Hover Detection.mp4,1,0,-666.72534,97.01981
1,[3] Key Hover Detection.mp4,1,1,-733.0942,-205.66711
1,[3] Key Hover Detection.mp4,1,2,-644.19135,-449.86243
1,[3] Key Hover Detection.mp4,1,3,-524.3406,-609.5698
1,[3] Key Hover Detection.mp4,1,4,-432.24628,-733.45233
1,[3] Key Hover Detection.mp4,1,5,-423.37292,-521.1281
1,[3] Key Hover Detection.mp4,1,6,-737.9298,-614.86835
1,[3] Key Hover Detection.mp4,1,7,-764.81586,-493.86722
1,[3] Key Hover Detection.mp4,1,8,-684.6171,-437.82474
1,[3] Key Hover Detection.mp4,1,9,-408.30997,-407.10623
1,[3] Key Hover Detection.mp4,1,10,-777.9687,-500.97458
1,[3] Key Hover Detection.mp4,1,11,-772.5286,-400.62317
1,[3] Key Hover Detection.mp4,1,12,-692.08813,-352.92065
1,[3] Key Hover Detection.mp4,1,13,-448.59067,-284.87253
1,[3] Key Hover Detection.mp4,1,14,-786.40686,-382.71072
1,[3] Key Hover Detection.mp4,1,15,-789.06647,-290.9714
1,[3] Key Hover Detection.mp4,1,16,-711.6724,-253.38565
1,[3] Key Hover Detection.mp4,1,17,-520.71387,-158.66893
1,[3] Key Hover Detection.mp4,1,18,-790.03357,-257.61166
1,[3] Key Hover Detection.mp4,1,19,-778.5732,-192.12473
1,[3] Key Hover Detection.mp4,1,20,-699.6559,-149.48059
1,[3] Key Hover Detection.mp4,1,0,-2335.9802,-1076.0461
1,[3] Key Hover Detection.mp4,1,1,-2065.5242,-1073.9011
1,[3] Key Hover Detection.mp4,1,2,-1875.3394,-1182.8966
1,[3] Key Hover Detection.mp4,1,3,-1759.9857,-1302.6812
1,[3] Key Hover Detection.mp4,1,4,-1652.9735,-1422.7378
1,[3] Key Hover Detection.mp4,1,5,-1885.2524,-1416.9591
1,[3] Key Hover Detection.mp4,1,6,-1702.0792,-1284.0964
1,[3] Key Hover Detection.mp4,1,7,-1709.236,-1152.4342
1,[3] Key Hover Detection.mp4,1,8,-1752.6356,-1095.4153
1,[3] Key Hover Detection.mp4,1,9,-1968.425,-1428.0204
1,[3] Key Hover Detection.mp4,1,10,-1785.9047,-1215.0398
1,[3] Key Hover Detection.mp4,1,11,-1826.1854,-1092.806
1,[3] Key Hover Detection.mp4,1,12,-1883.7776,-1064.6327
1,[3] Key Hover Detection.mp4,1,13,-2059.8665,-1384.2557
1,[3] Key Hover Detection.mp4,1,14,-1882.3994,-1169.7704
1,[3] Key Hover Detection.mp4,1,15,-1920.4315,-1067.498
1,[3] Key Hover Detection.mp4,1,16,-1972.7288,-1049.1694
1,[3] Key Hover Detection.mp4,1,17,-2148.745,-1313.6943
1,[3] Key Hover Detection.mp4,1,18,-1996.6167,-1146.7836
1,[3] Key Hover Detection.mp4,1,19,-2012.4292,-1062.1516
1,[3] Key Hover Detection.mp4,1,20,-2049.8083,-1039.9971
1,[3] Key Hover Detection.mp4,1,0,-666.9671,105.35976
1,[3] Key Hover Detection.mp4,1,1,-724.9945,-197.05505
1,[3] Key Hover Detection.mp4,1,2,-637.6149,-446.30875
1,[3] Key Hover Detection.mp4,1,3,-524.3406,-609.5698
1,[3] Key Hover Detection.mp4,1,4,-433.7695,-738.51074
1,[3] Key Hover Detection.mp4,1,5,-426.66113,-522.9049
1,[3] Key Hover Detection.mp4,1,6,-737.9298,-614.86835
1,[3] Key Hover Detection.mp4,1,7,-764.81586,-493.86722
1,[3] Key Hover Detection.mp4,1,8,-681.3289,-436.0479
1,[3] Key Hover Detection.mp4,1,9,-411.5982,-408.8831
1,[3] Key Hover Detection.mp4,1,10,-776.20374,-504.25613
1,[3] Key Hover Detection.mp4,1,11,-770.7636,-403.90472
1,[3] Key Hover Detection.mp4,1,12,-690.3232,-356.2022
1,[3] Key Hover Detection.mp4,1,13,-446.82565,-288.15408
1,[3] Key Hover Detection.mp4,1,14,-787.93005,-387.7691
1,[3] Key Hover Detection.mp4,1,15,-785.53644,-297.53452
1,[3] Key Hover Detection.mp4,1,16,-706.6192,-254.89037
1,[3] Key Hover Detection.mp4,1,17,-522.2371,-163.72731
1,[3] Key Hover Detection.mp4,1,18,-791.55676,-262.67004
1,[3] Key Hover Detection.mp4,1,19,-776.80817,-195.40628
1,[3] Key Hover Detection.mp4,1,20,-699.6559,-149.48059
1,[3] Key Hover Detection.mp4,1,0,-2344.3218,-1076.3182
1,[3] Key Hover Detection.mp4,1,1,-2065.5242,-1073.9011
1,[3] Key Hover Detection.mp4,1,2,-1878.6277,-1184.6735
1,[3] Key Hover Detection.mp4,1,3,-1759.9857,-1302.6812
1,[3] Key Hover Detection.mp4,1,4,-1652.9735,-1422.7378
1,[3] Key Hover Detection.mp4,1,5,-1888.5406,-1418.736
1,[3] Key Hover Detection.mp4,1,6,-1702.0792,-1284.0964
1,[3] Key Hover Detection.mp4,1,7,-1707.471,-1155.7157
1,[3] Key Hover Detection.mp4,1,8,-1750.8706,-1098.6968
1,[3] Key Hover Detection.mp4,1,9,-1968.425,-1428.0204
1,[3] Key Hover Detection.mp4,1,10,-1790.9579,-1213.535
1,[3] Key Hover Detection.mp4,1,11,-1826.1854,-1092.806
1,[3] Key Hover Detection.mp4,1,12,-1887.0658,-1066.4095
1,[3] Key Hover Detection.mp4,1,13,-2063.1548,-1386.0325
1,[3] Key Hover Detection.mp4,1,14,-1884.1644,-1166.4889
1,[3] Key Hover Detection.mp4,1,15,-1923.7197,-1069.2749
1,[3] Key Hover Detection.mp4,1,16,-1979.3052,-1052.7231
1,[3] Key Hover Detection.mp4,1,17,-2150.5103,-1310.4128
1,[3] Key Hover Detection.mp4,1,18,-1996.6167,-1146.7836
1,[3] Key Hover Detection.mp4,1,19,-2015.7174,-1063.9285
1,[3] Key Hover Detection.mp4,1,20,-2054.8616,-1038.4924
1,[3] Key Hover Detection.mp4,1,0,-670.2554,103.58292
1,[3] Key Hover Detection.mp4,1,1,-728.2827,-198.8319
1,[3] Key Hover Detection.mp4,1,2,-640.90314,-448.0856
1,[3] Key Hover Detection.mp4,1,3,-526.1056,-606.2883
1,[3] Key Hover Detection.mp4,1,4,-432.24628,-733.45233
1,[3] Key Hover Detection.mp4,1,5,-426.66113,-522.9049
1,[3] Key Hover Detection.mp4,1,6,-741.218,-616.6452
1,[3] Key Hover Detection.mp4,1,7,-768.10406,-495.64404
1,[3] Key Hover Detection.mp4,1,8,-684.6171,-437.82474
1,[3] Key Hover Detection.mp4,1,9,-411.5982,-408.8831
1,[3] Key Hover Detection.mp4,1,10,-779.49194,-506.03296
1,[3] Key Hover Detection.mp4,1,11,-774.0519,-405.68158
1,[3] Key Hover Detection.mp4,1,12,-695.37634,-354.6975
1,[3] Key Hover Detection.mp4,1,13,-446.82565,-288.15408
1,[3] Key Hover Detection.mp4,1,14,-789.69507,-384.48755
1,[3] Key Hover Detection.mp4,1,15,-787.30145,-294.25296
1,[3] Key Hover Detection.mp4,1,16,-711.6724,-253.38565
1,[3] Key Hover Detection.mp4,1,17,-518.9489,-161.95047
1,[3] Key Hover Detection.mp4,1,18,-793.3218,-259.3885
1,[3] Key Hover Detection.mp4,1,19,-778.5732,-192.12473
1,[3] Key Hover Detection.mp4,1,20,-699.6559,-149.48059
1,[3] Key Hover Detection.mp4,1,0,-2344.3218,-1076.3182
1,[3] Key Hover Detection.mp4,1,1,-2065.5242,-1073.9011
1,[3] Key Hover Detection.mp4,1,2,-1878.6277,-1184.6735
1,[3] Key Hover Detection.mp4,1,3,-1759.9857,-1302.6812
1,[3] Key Hover Detection.mp4,1,4,-1656.2618,-1424.5146
1,[3] Key Hover Detection.mp4,1,5,-1888.5406,-1418.736
1,[3] Key Hover Detection.mp4,1,6,-1702.0792,-1284.0964
1,[3] Key Hover Detection.mp4,1,7,-1709.236,-1152.4342
1,[3] Key Hover Detection.mp4,1,8,-1752.6356,-1095.4153
1,[3] Key Hover Detection.mp4,1,9,-1968.425,-1428.0204
1,[3] Key Hover Detection.mp4,1,10,-1790.9579,-1213.535
1,[3] Key Hover Detection.mp4,1,11,-1829.4736,-1094.5829
1,[3] Key Hover Detection.mp4,1,12,-1890.354,-1068.1864
1,[3] Key Hover Detection.mp4,1,13,-2059.8665,-1384.2557
1,[3] Key Hover Detection.mp4,1,14,-1884.1644,-1166.4889
1,[3] Key Hover Detection.mp4,1,15,-1927.0079,-1071.0518
1,[3] Key Hover Detection.mp4,1,16,-1982.5934,-1054.5
1,[3] Key Hover Detection.mp4,1,17,-2150.5103,-1310.4128
1,[3] Key Hover Detection.mp4,1,18,-1996.6167,-1146.7836
1,[3] Key Hover Detection.mp4,1,19,-2015.7174,-1063.9285
1,[3] Key Hover Detection.mp4,1,20,-2054.8616,-1038.4924
1,[3] Key Hover Detection.mp4,1,0,-666.9671,105.35976
1,[3] Key Hover Detection.mp4,1,1,-730.0477,-195.55034
1,[3] Key Hover Detection.mp4,1,2,-642.66815,-444.80405
1,[3] Key Hover Detection.mp4,1,3,-526.1056,-606.2883
1,[3] Key Hover Detection.mp4,1,4,-432.24628,-733.45233
1,[3] Key Hover Detection.mp4,1,5,-425.13794,-517.84656
1,[3] Key Hover Detection.mp4,1,6,-741.218,-616.6452
1,[3] Key Hover Detection.mp4,1,7,-768.10406,-495.64404
1,[3] Key Hover Detection.mp4,1,8,-686.38214,-434.5432
1,[3] Key Hover Detection.mp4,1,9,-411.5982,-408.8831
1,[3] Key Hover Detection.mp4,1,10,-777.9687,-500.97458
1,[3] Key Hover Detection.mp4,1,11,-775.81683,-402.40002
1,[3] Key Hover Detection.mp4,1,12,-697.14136,-351.41595
1,[3] Key Hover Detection.mp4,1,13,-446.82565,-288.15408
1,[3] Key Hover Detection.mp4,1,14,-789.69507,-384.48755
1,[3] Key Hover Detection.mp4,1,15,-787.30145,-294.25296
1,[3] Key Hover Detection.mp4,1,16,-711.6724,-253.38565
1,[3] Key Hover Detection.mp4,1,17,-518.9489,-161.95047
1,[3] Key Hover Detection.mp4,1,18,-790.03357,-257.61166
1,[3] Key Hover Detection.mp4,1,19,-778.5732,-192.12473
1,[3] Key Hover Detection.mp4,1,20,-699.6559,-149.48059
1,[3] Key Hover Detection.mp4,1,0,-2321.8604,-1102.2986
1,[3] Key Hover Detection.mp4,1,1,-2048.8413,-1073.3568
1,[3] Key Hover Detection.mp4,1,2,-1849.0337,-1168.6819
1,[3] Key Hover Detection.mp4,1,3,-1714.1925,-1269.4655
1,[3] Key Hover Detection.mp4,1,4,-1589.4578,-1367.2396
1,[3] Key Hover Detection.mp4,1,5,-1856.6981,-1422.7058
1,[3] Key Hover Detection.mp4,1,6,-1672.7996,-1314.8629
1,[3] Key Hover Detection.mp4,1,7,-1690.3046,-1171.8513
1,[3] Key Hover Detection.mp4,1,8,-1742.5292,-1098.4247
1,[3] Key Hover Detection.mp4,1,9,-1944.4404,-1448.9423
1,[3] Key Hover Detection.mp4,1,10,-1773.3079,-1246.3506
1,[3] Key Hover Detection.mp4,1,11,-1832.52,-1104.6997
1,[3] Key Hover Detection.mp4,1,12,-1896.6886,-1080.0801
1,[3] Key Hover Detection.mp4,1,13,-2043.7397,-1422.1295
1,[3] Key Hover Detection.mp4,1,14,-1877.9023,-1209.6932
1,[3] Key Hover Detection.mp4,1,15,-1937.9122,-1098.1206
1,[3] Key Hover Detection.mp4,1,16,-1998.3092,-1088.4039
1,[3] Key Hover Detection.mp4,1,17,-2138.9531,-1363.4619
1,[3] Key Hover Detection.mp4,1,18,-2001.5006,-1208.7168
1,[3] Key Hover Detection.mp4,1,19,-2019.0781,-1120.8032
1,[3] Key Hover Detection.mp4,1,20,-2054.4507,-1110.2703
1,[3] Key Hover Detection.mp4,1,0,-670.2554,103.58292
1,[3] Key Hover Detection.mp4,1,1,-733.33594,-197.32718
1,[3] Key Hover Detection.mp4,1,2,-624.46204,-439.2014
1,[3] Key Hover Detection.mp4,1,3,-498.03485,-595.35516
1,[3] Key Hover Detection.mp4,1,4,-399.1223,-724.0239
1,[3] Key Hover Detection.mp4,1,5,-370.51962,-501.0386
1,[3] Key Hover Detection.mp4,1,6,-683.6258,-644.8185
1,[3] Key Hover Detection.mp4,1,7,-735.77795,-516.2938
1,[3] Key Hover Detection.mp4,1,8,-667.69244,-445.62042
1,[3] Key Hover Detection.mp4,1,9,-360.26813,-393.852
1,[3] Key Hover Detection.mp4,1,10,-725.1879,-535.9831
1,[3] Key Hover Detection.mp4,1,11,-748.544,-421.54507
1,[3] Key Hover Detection.mp4,1,12,-678.4517,-362.49316
1,[3] Key Hover Detection.mp4,1,13,-405.36026,-278.4535
1,[3] Key Hover Detection.mp4,1,14,-743.73254,-414.70984
1,[3] Key Hover Detection.mp4,1,15,-765.0818,-311.89328
1,[3] Key Hover Detection.mp4,1,16,-691.45953,-259.4045
1,[3] Key Hover Detection.mp4,1,17,-490.63635,-159.35725
1,[3] Key Hover Detection.mp4,1,18,-764.28394,-281.8151
1,[3] Key Hover Detection.mp4,1,19,-764.69495,-210.03719
1,[3] Key Hover Detection.mp4,1,20,-689.3077,-160.82994
1,[3] Key Hover Detection.mp4,1,0,-2325.1484,-1104.0753
1,[3] Key Hover Detection.mp4,1,1,-2047.0763,-1076.6384
1,[3] Key Hover Detection.mp4,1,2,-1850.7987,-1165.4003
1,[3] Key Hover Detection.mp4,1,3,-1719.2457,-1267.9608
1,[3] Key Hover Detection.mp4,1,4,-1599.3224,-1372.5702
1,[3] Key Hover Detection.mp4,1,5,-1856.94,-1414.3658
1,[3] Key Hover Detection.mp4,1,6,-1674.5646,-1311.5813
1,[3] Key Hover Detection.mp4,1,7,-1687.0164,-1170.0746
1,[3] Key Hover Detection.mp4,1,8,-1739.241,-1096.6478
1,[3] Key Hover Detection.mp4,1,9,-1947.9703,-1442.3792
1,[3] Key Hover Detection.mp4,1,10,-1778.1194,-1253.1858
1,[3] Key Hover Detection.mp4,1,11,-1823.9368,-1112.7675
1,[3] Key Hover Detection.mp4,1,12,-1881.529,-1084.5941
1,[3] Key Hover Detection.mp4,1,13,-2047.2698,-1415.5664
1,[3] Key Hover Detection.mp4,1,14,-1882.9556,-1208.1885
1,[3] Key Hover Detection.mp4,1,15,-1931.0941,-1102.9069
1,[3] Key Hover Detection.mp4,1,16,-1981.3845,-1096.1997
1,[3] Key Hover Detection.mp4,1,17,-2142.4832,-1356.8988
1,[3] Key Hover Detection.mp4,1,18,-2008.5607,-1195.5906
1,[3] Key Hover Detection.mp4,1,19,-2025.8964,-1116.017
1,[3] Key Hover Detection.mp4,1,20,-2062.792,-1110.5425
1,[3] Key Hover Detection.mp4,1,0,-657.1025,110.69027
1,[3] Key Hover Detection.mp4,1,1,-718.4181,-193.50137
1,[3] Key Hover Detection.mp4,1,2,-614.3556,-442.21082
1,[3] Key Hover Detection.mp4,1,3,-489.69342,-595.083
1,[3] Key Hover Detection.mp4,1,4,-394.0691,-725.5286
1,[3] Key Hover Detection.mp4,1,5,-370.27786,-509.37854
1,[3] Key Hover Detection.mp4,1,6,-687.1558,-638.2554
1,[3] Key Hover Detection.mp4,1,7,-730.72473,-517.7985
1,[3] Key Hover Detection.mp4,1,8,-651.0096,-445.07617
1,[3] Key Hover Detection.mp4,1,9,-360.02634,-402.19193
1,[3] Key Hover Detection.mp4,1,10,-735.5362,-524.6337
1,[3] Key Hover Detection.mp4,1,11,-736.9143,-419.4961
1,[3] Key Hover Detection.mp4,1,12,-661.76886,-361.9489
1,[3] Key Hover Detection.mp4,1,13,-405.36026,-278.4535
1,[3] Key Hover Detection.mp4,1,14,-749.0275,-404.86517
1,[3] Key Hover Detection.mp4,1,15,-760.2703,-305.05804
1,[3] Key Hover Detection.mp4,1,16,-684.88306,-255.85081
1,[3] Key Hover Detection.mp4,1,17,-487.34814,-157.58041
1,[3] Key Hover Detection.mp4,1,18,-759.4725,-274.97986
1,[3] Key Hover Detection.mp4,1,19,-759.8835,-203.20195
1,[3] Key Hover Detection.mp4,1,20,-684.4962,-153.99472
1,[3] Key Hover Detection.mp4,1,0,-2325.1484,-1104.0753
1,[3] Key Hover Detection.mp4,1,1,-2045.3114,-1079.9199
1,[3] Key Hover Detection.mp4,1,2,-1854.0869,-1167.1771
1,[3] Key Hover Detection.mp4,1,3,-1719.2457,-1267.9608
1,[3] Key Hover Detection.mp4,1,4,-1597.5574,-1375.8517
1,[3] Key Hover Detection.mp4,1,5,-1858.4631,-1419.4243
1,[3] Key Hover Detection.mp4,1,6,-1671.2764,-1309.8046
1,[3] Key Hover Detection.mp4,1,7,-1687.0164,-1170.0746
1,[3] Key Hover Detection.mp4,1,8,-1739.241,-1096.6478
1,[3] Key Hover Detection.mp4,1,9,-1947.9703,-1442.3792
1,[3] Key Hover Detection.mp4,1,10,-1778.1194,-1253.1858
1,[3] Key Hover Detection.mp4,1,11,-1823.9368,-1112.7675
1,[3] Key Hover Detection.mp4,1,12,-1883.294,-1081.3126
1,[3] Key Hover Detection.mp4,1,13,-2050.558,-1417.3433
1,[3] Key Hover Detection.mp4,1,14,-1881.1906,-1211.4701
1,[3] Key Hover Detection.mp4,1,15,-1929.3291,-1106.1884
1,[3] Key Hover Detection.mp4,1,16,-1978.0963,-1094.4229
1,[3] Key Hover Detection.mp4,1,17,-2145.7712,-1358.6755
1,[3] Key Hover Detection.mp4,1,18,-2008.5607,-1195.5906
1,[3] Key Hover Detection.mp4,1,19,-2025.8964,-1116.017
1,[3] Key Hover Detection.mp4,1,20,-2061.027,-1113.824
1,[3] Key Hover Detection.mp4,1,0,-662.1557,112.194984
1,[3] Key Hover Detection.mp4,1,1,-718.4181,-193.50137
1,[3] Key Hover Detection.mp4,1,2,-617.64386,-443.98767
1,[3] Key Hover Detection.mp4,1,3,-494.50485,-601.9182
1,[3] Key Hover Detection.mp4,1,4,-395.59232,-730.587
1,[3] Key Hover Detection.mp4,1,5,-372.04285,-506.097
1,[3] Key Hover Detection.mp4,1,6,-685.3908,-641.5369
1,[3] Key Hover Detection.mp4,1,7,-730.72473,-517.7985
1,[3] Key Hover Detection.mp4,1,8,-657.586,-448.62985
1,[3] Key Hover Detection.mp4,1,9,-363.55634,-395.6288
1,[3] Key Hover Detection.mp4,1,10,-733.7712,-527.9153
1,[3] Key Hover Detection.mp4,1,11,-740.2025,-421.27295
1,[3] Key Hover Detection.mp4,1,12,-665.05707,-363.72577
1,[3] Key Hover Detection.mp4,1,13,-412.17847,-273.66724
1,[3] Key Hover Detection.mp4,1,14,-752.31573,-406.64203
1,[3] Key Hover Detection.mp4,1,15,-760.2703,-305.05804
1,[3] Key Hover Detection.mp4,1,16,-686.6481,-252.56927
1,[3] Key Hover Detection.mp4,1,17,-495.93137,-149.5126
1,[3] Key Hover Detection.mp4,1,18,-759.4725,-274.97986
1,[3] Key Hover Detection.mp4,1,19,-758.1185,-206.4835
1,[3] Key Hover Detection.mp4,1,20,-684.4962,-153.99472
1,[3] Key Hover Detection.mp4,1,0,-2326.6716,-1109.1338
1,[3] Key Hover Detection.mp4,1,1,-2072.3425,-1069.1149
1,[3] Key Hover Detection.mp4,1,2,-1867.1672,-1119.1865
1,[3] Key Hover Detection.mp4,1,3,-1713.5638,-1175.9493
1,[3] Key Hover Detection.mp4,1,4,-1573.5969,-1223.1396
1,[3] Key Hover Detection.mp4,1,5,-1850.847,-1394.1323
1,[3] Key Hover Detection.mp4,1,6,-1682.1807,-1336.8733
1,[3] Key Hover Detection.mp4,1,7,-1664.5549,-1196.0548
1,[3] Key Hover Detection.mp4,1,8,-1692.2388,-1105.1318
1,[3] Key Hover Detection.mp4,1,9,-1940.1125,-1425.4271
1,[3] Key Hover Detection.mp4,1,10,-1786.7025,-1245.1179
1,[3] Key Hover Detection.mp4,1,11,-1826.1854,-1092.806
1,[3] Key Hover Detection.mp4,1,12,-1886.0261,-1044.6713
1,[3] Key Hover Detection.mp4,1,13,-2049.0347,-1412.2849
1,[3] Key Hover Detection.mp4,1,14,-1906.4567,-1203.9465
1,[3] Key Hover Detection.mp4,1,15,-1961.6552,-1085.5386
1,[3] Key Hover Detection.mp4,1,16,-2019.0056,-1065.7052
1,[3] Key Hover Detection.mp4,1,17,-2155.636,-1364.0061
1,[3] Key Hover Detection.mp4,1,18,-2040.1614,-1199.9607
1,[3] Key Hover Detection.mp4,1,19,-2067.6035,-1117.3777
1,[3] Key Hover Detection.mp4,1,20,-2109.7942,-1102.0585
1,[3] Key Hover Detection.mp4,1,0,-688.945,114.66015
1,[3] Key Hover Detection.mp4,1,1,-740.1542,-192.54092
1,[3] Key Hover Detection.mp4,1,2,-609.5442,-435.37558
1,[3] Key Hover Detection.mp4,1,3,-461.62265,-584.14984
1,[3] Key Hover Detection.mp4,1,4,-360.9451,-716.10016
1,[3] Key Hover Detection.mp4,1,5,-336.11423,-478.21182
1,[3] Key Hover Detection.mp4,1,6,-660.6083,-632.3806
1,[3] Key Hover Detection.mp4,1,7,-722.62506,-509.18646
1,[3] Key Hover Detection.mp4,1,8,-659.8346,-428.66843
1,[3] Key Hover Detection.mp4,1,9,-322.81628,-360.90842
1,[3] Key Hover Detection.mp4,1,10,-702.1704,-523.5452
1,[3] Key Hover Detection.mp4,1,11,-742.20935,-409.65146
1,[3] Key Hover Detection.mp4,1,12,-674.12384,-338.97806
1,[3] Key Hover Detection.mp4,1,13,-371.68018,-230.6069
1,[3] Key Hover Detection.mp4,1,14,-719.1918,-397.21356
1,[3] Key Hover Detection.mp4,1,15,-755.4589,-298.22284
1,[3] Key Hover Detection.mp4,1,16,-683.84344,-234.11255
1,[3] Key Hover Detection.mp4,1,17,-460.4863,-104.947556
1,[3] Key Hover Detection.mp4,1,18,-733.4085,-252.4252
1,[3] Key Hover Detection.mp4,1,19,-746.9724,-187.75467
1,[3] Key Hover Detection.mp4,1,20,-670.0619,-133.48903
1,[3] Key Hover Detection.mp4,1,0,-2340.0664,-1107.9011
1,[3] Key Hover Detection.mp4,1,1,-2097.6086,-1061.5913
1,[3] Key Hover Detection.mp4,1,2,-1890.9102,-1106.6046
1,[3] Key Hover Detection.mp4,1,3,-1734.5021,-1144.9106
1,[3] Key Hover Detection.mp4,1,4,-1596.3002,-1188.8193
1,[3] Key Hover Detection.mp4,1,5,-1860.9535,-1391.1229
1,[3] Key Hover Detection.mp4,1,6,-1683.9457,-1333.5918
1,[3] Key Hover Detection.mp4,1,7,-1662.7899,-1199.3363
1,[3] Key Hover Detection.mp4,1,8,-1687.1855,-1106.6366
1,[3] Key Hover Detection.mp4,1,9,-1945.1658,-1423.9224
1,[3] Key Hover Detection.mp4,1,10,-1790.2325,-1238.5549
1,[3] Key Hover Detection.mp4,1,11,-1834.5269,-1093.0781
1,[3] Key Hover Detection.mp4,1,12,-1892.8444,-1039.885
1,[3] Key Hover Detection.mp4,1,13,-2050.7998,-1409.0034
1,[3] Key Hover Detection.mp4,1,14,-1906.4567,-1203.9465
1,[3] Key Hover Detection.mp4,1,15,-1963.1783,-1090.597
1,[3] Key Hover Detection.mp4,1,16,-2020.7706,-1062.4237
1,[3] Key Hover Detection.mp4,1,17,-2154.1128,-1358.9478
1,[3] Key Hover Detection.mp4,1,18,-2040.1614,-1199.9607
1,[3] Key Hover Detection.mp4,1,19,-2061.027,-1113.824
1,[3] Key Hover Detection.mp4,1,20,-2095.1182,-1089.8927
1,[3] Key Hover Detection.mp4,1,0,-684.6171,138.17525
1,[3] Key Hover Detection.mp4,1,1,-740.39594,-184.20099
1,[3] Key Hover Detection.mp4,1,2,-611.55096,-423.75412
1,[3] Key Hover Detection.mp4,1,3,-466.91766,-574.3052
1,[3] Key Hover Detection.mp4,1,4,-371.05154,-713.09076
1,[3] Key Hover Detection.mp4,1,5,-339.64423,-471.6487
1,[3] Key Hover Detection.mp4,1,6,-652.26685,-632.1085
1,[3] Key Hover Detection.mp4,1,7,-724.3901,-505.9049
1,[3] Key Hover Detection.mp4,1,8,-661.5996,-425.38687
1,[3] Key Hover Detection.mp4,1,9,-324.58127,-357.6269
1,[3] Key Hover Detection.mp4,1,10,-703.9354,-520.2637
1,[3] Key Hover Detection.mp4,1,11,-745.7393,-403.08835
1,[3] Key Hover Detection.mp4,1,12,-676.1306,-327.3566
1,[3] Key Hover Detection.mp4,1,13,-371.68018,-230.6069
1,[3] Key Hover Detection.mp4,1,14,-720.9568,-393.93204
1,[3] Key Hover Detection.mp4,1,15,-760.7539,-288.37817
1,[3] Key Hover Detection.mp4,1,16,-690.90344,-220.98636
1,[3] Key Hover Detection.mp4,1,17,-455.43307,-106.45227
1,[3] Key Hover Detection.mp4,1,18,-730.1203,-250.64836
1,[3] Key Hover Detection.mp4,1,19,-747.2142,-179.41472
1,[3] Key Hover Detection.mp4,1,20,-673.8337,-118.586
1,[3] Key Hover Detection.mp4,1,0,-2343.5964,-1101.3381
1,[3] Key Hover Detection.mp4,1,1,-2094.3203,-1059.8145
1,[3] Key Hover Detection.mp4,1,2,-1885.8569,-1108.1093
1,[3] Key Hover Detection.mp4,1,3,-1725.9188,-1152.9785
1,[3] Key Hover Detection.mp4,1,4,-1585.9519,-1200.1687
1,[3] Key Hover Detection.mp4,1,5,-1859.1885,-1394.4044
1,[3] Key Hover Detection.mp4,1,6,-1682.4225,-1328.5333
1,[3] Key Hover Detection.mp4,1,7,-1667.8431,-1197.8317
1,[3] Key Hover Detection.mp4,1,8,-1697.292,-1103.6272
1,[3] Key Hover Detection.mp4,1,9,-1945.1658,-1423.9224
1,[3] Key Hover Detection.mp4,1,10,-1790.2325,-1238.5549
1,[3] Key Hover Detection.mp4,1,11,-1836.2917,-1089.7966
1,[3] Key Hover Detection.mp4,1,12,-1896.1326,-1041.6619
1,[3] Key Hover Detection.mp4,1,13,-2050.7998,-1409.0034
1,[3] Key Hover Detection.mp4,1,14,-1909.7449,-1205.7234
1,[3] Key Hover Detection.mp4,1,15,-1966.4666,-1092.3739
1,[3] Key Hover Detection.mp4,1,16,-2022.2938,-1067.482
1,[3] Key Hover Detection.mp4,1,17,-2155.636,-1364.0061
1,[3] Key Hover Detection.mp4,1,18,-2040.1614,-1199.9607
1,[3] Key Hover Detection.mp4,1,19,-2066.0803,-1112.3192
1,[3] Key Hover Detection.mp4,1,20,-2096.6414,-1094.951
1,[3] Key Hover Detection.mp4,1,0,-694.4818,132.84473
1,[3] Key Hover Detection.mp4,1,1,-745.2074,-191.03621
1,[3] Key Hover Detection.mp4,1,2,-614.8392,-425.53094
1,[3] Key Hover Detection.mp4,1,3,-471.9709,-572.8005
1,[3] Key Hover Detection.mp4,1,4,-372.81656,-709.8092
1,[3] Key Hover Detection.mp4,1,5,-338.121,-466.59033
1,[3] Key Hover Detection.mp4,1,6,-648.97864,-630.33167
1,[3] Key Hover Detection.mp4,1,7,-724.3901,-505.9049
1,[3] Key Hover Detection.mp4,1,8,-666.65283,-423.88217
1,[3] Key Hover Detection.mp4,1,9,-323.05804,-352.56848
1,[3] Key Hover Detection.mp4,1,10,-695.594,-519.9916
1,[3] Key Hover Detection.mp4,1,11,-743.9743,-406.3699
1,[3] Key Hover Detection.mp4,1,12,-679.4188,-329.13342
1,[3] Key Hover Detection.mp4,1,13,-373.4452,-227.32535
1,[3] Key Hover Detection.mp4,1,14,-715.90356,-395.43674
1,[3] Key Hover Detection.mp4,1,15,-758.9889,-291.65973
1,[3] Key Hover Detection.mp4,1,16,-690.90344,-220.98636
1,[3] Key Hover Detection.mp4,1,17,-462.25128,-101.66601
1,[3] Key Hover Detection.mp4,1,18,-735.1735,-249.14365
1,[3] Key Hover Detection.mp4,1,19,-755.5556,-179.68686
1,[3] Key Hover Detection.mp4,1,20,-682.1751,-118.85812
1,[3] Key Hover Detection.mp4,1,0,-2343.5964,-1101.3381
1,[3] Key Hover Detection.mp4,1,1,-2091.032,-1058.0376
1,[3] Key Hover Detection.mp4,1,2,-1885.8569,-1108.1093
1,[3] Key Hover Detection.mp4,1,3,-1725.9188,-1152.9785
1,[3] Key Hover Detection.mp4,1,4,-1589.4819,-1193.6056
1,[3] Key Hover Detection.mp4,1,5,-1859.1885,-1394.4044
1,[3] Key Hover Detection.mp4,1,6,-1680.6575,-1331.815
1,[3] Key Hover Detection.mp4,1,7,-1662.7899,-1199.3363
1,[3] Key Hover Detection.mp4,1,8,-1690.4738,-1108.4135
1,[3] Key Hover Detection.mp4,1,9,-1946.689,-1428.9808
1,[3] Key Hover Detection.mp4,1,10,-1786.9443,-1236.7781
1,[3] Key Hover Detection.mp4,1,11,-1836.2917,-1089.7966
1,[3] Key Hover Detection.mp4,1,12,-1897.8976,-1038.3804
1,[3] Key Hover Detection.mp4,1,13,-2054.088,-1410.7802
1,[3] Key Hover Detection.mp4,1,14,-1909.7449,-1205.7234
1,[3] Key Hover Detection.mp4,1,15,-1966.4666,-1092.3739
1,[3] Key Hover Detection.mp4,1,16,-2022.2938,-1067.482
1,[3] Key Hover Detection.mp4,1,17,-2157.401,-1360.7246
1,[3] Key Hover Detection.mp4,1,18,-2045.2146,-1198.4559
1,[3] Key Hover Detection.mp4,1,19,-2064.3154,-1115.6008
1,[3] Key Hover Detection.mp4,1,20,-2096.6414,-1094.951
1,[3] Key Hover Detection.mp4,1,0,-692.95856,137.90312
1,[3] Key Hover Detection.mp4,1,1,-741.9192,-189.25937
1,[3] Key Hover Detection.mp4,1,2,-611.55096,-423.75412
1,[3] Key Hover Detection.mp4,1,3,-463.62943,-572.5284
1,[3] Key Hover Detection.mp4,1,4,-369.52832,-708.03235
1,[3] Key Hover Detection.mp4,1,5,-336.356,-469.8719
1,[3] Key Hover Detection.mp4,1,6,-652.26685,-632.1085
1,[3] Key Hover Detection.mp4,1,7,-727.6783,-507.68173
1,[3] Key Hover Detection.mp4,1,8,-663.36456,-422.10532
1,[3] Key Hover Detection.mp4,1,9,-324.58127,-357.6269
1,[3] Key Hover Detection.mp4,1,10,-703.9354,-520.2637
1,[3] Key Hover Detection.mp4,1,11,-745.7393,-403.08835
1,[3] Key Hover Detection.mp4,1,12,-676.1306,-327.3566
1,[3] Key Hover Detection.mp4,1,13,-371.68018,-230.6069
1,[3] Key Hover Detection.mp4,1,14,-720.9568,-393.93204
1,[3] Key Hover Detection.mp4,1,15,-760.7539,-288.37817
1,[3] Key Hover Detection.mp4,1,16,-690.90344,-220.98636
1,[3] Key Hover Detection.mp4,1,17,-457.19806,-103.17072
1,[3] Key Hover Detection.mp4,1,18,-735.1735,-249.14365
1,[3] Key Hover Detection.mp4,1,19,-752.2674,-177.91002
1,[3] Key Hover Detection.mp4,1,20,-678.8869,-117.08129
1,[3] Key Hover Detection.mp4,1,0,-2354.21044921875,-908.0147705078125
1,[3] Key Hover Detection.mp4,1,1,-2276.792236328125,-1044.06298828125
1,[3] Key Hover Detection.mp4,1,2,-2135.374755859375,-1141.29296875
1,[3] Key Hover Detection.mp4,1,3,-2031.5782470703125,-1208.0284423828125
1,[3] Key Hover Detection.mp4,1,4,-1980.3931884765625,-1303.193359375
1,[3] Key Hover Detection.mp4,1,5,-1970.8912353515625,-997.3529663085938
1,[3] Key Hover Detection.mp4,1,6,-1999.0345458984375,-1063.3841552734375
1,[3] Key Hover Detection.mp4,1,7,-2061.75244140625,-1088.80419921875
1,[3] Key Hover Detection.mp4,1,8,-2093.594970703125,-1084.834228515625
1,[3] Key Hover Detection.mp4,1,9,-2003.3865966796875,-913.2652587890625
1,[3] Key Hover Detection.mp4,1,10,-2057.35205078125,-1010.1910400390625
1,[3] Key Hover Detection.mp4,1,11,-2116.5400390625,-1042.1741943359375
1,[3] Key Hover Detection.mp4,1,12,-2146.617431640625,-1041.48583984375
1,[3] Key Hover Detection.mp4,1,13,-2065.475830078125,-845.1691284179688
1,[3] Key Hover Detection.mp4,1,14,-2119.68310546875,-933.7549438476562
1,[3] Key Hover Detection.mp4,1,15,-2173.81787109375,-967.2427368164062
1,[3] Key Hover Detection.mp4,1,16,-2205.660400390625,-963.2728881835938
1,[3] Key Hover Detection.mp4,1,17,-2147.29443359375,-787.7340087890625
1,[3] Key Hover Detection.mp4,1,18,-2183.537353515625,-862.3772583007812
1,[3] Key Hover Detection.mp4,1,19,-2227.8076171875,-890.5345458984375
1,[3] Key Hover Detection.mp4,1,20,-2253.07373046875,-883.010986328125
1,[3] Key Hover Detection.mp4,1,0,-2351.236572265625,-952.9960327148438
1,[3] Key Hover Detection.mp4,1,1,-2280.87841796875,-1075.9180908203125
1,[3] Key Hover Detection.mp4,1,2,-2126.307861328125,-1166.0406494140625
1,[3] Key Hover Detection.mp4,1,3,-2024.2763671875,-1229.49462890625
1,[3] Key Hover Detection.mp4,1,4,-1970.044921875,-1314.542724609375
1,[3] Key Hover Detection.mp4,1,5,-1948.6715087890625,-1014.9932861328125
1,[3] Key Hover Detection.mp4,1,6,-1991.490966796875,-1093.190185546875
1,[3] Key Hover Detection.mp4,1,7,-2072.8984375,-1107.532958984375
1,[3] Key Hover Detection.mp4,1,8,-2090.06494140625,-1091.3973388671875
1,[3] Key Hover Detection.mp4,1,9,-1984.6968994140625,-924.3424682617188
1,[3] Key Hover Detection.mp4,1,10,-2053.580322265625,-1025.0941162109375
1,[3] Key Hover Detection.mp4,1,11,-2134.74609375,-1047.7767333984375
1,[3] Key Hover Detection.mp4,1,12,-2147.10107421875,-1024.805908203125
1,[3] Key Hover Detection.mp4,1,13,-2058.65771484375,-849.9553833007812
1,[3] Key Hover Detection.mp4,1,14,-2117.67626953125,-945.3764038085938
1,[3] Key Hover Detection.mp4,1,15,-2188.73583984375,-971.0685424804688
1,[3] Key Hover Detection.mp4,1,16,-2202.614013671875,-953.1561279296875
1,[3] Key Hover Detection.mp4,1,17,-2143.764404296875,-794.2970581054688
1,[3] Key Hover Detection.mp4,1,18,-2180.007568359375,-868.9403076171875
1,[3] Key Hover Detection.mp4,1,19,-2232.618896484375,-897.3697509765625
1,[3] Key Hover Detection.mp4,1,20,-2244.732177734375,-882.7388305664062
1,[3] Key Hover Detection.mp4,1,0,-2373.214599609375,-943.6956176757812
1,[3] Key Hover Detection.mp4,1,1,-2290.7431640625,-1081.24853515625
1,[3] Key Hover Detection.mp4,1,2,-2129.59619140625,-1167.8175048828125
1,[3] Key Hover Detection.mp4,1,3,-2022.753173828125,-1224.4361572265625
1,[3] Key Hover Detection.mp4,1,4,-1966.99853515625,-1304.426025390625
1,[3] Key Hover Detection.mp4,1,5,-1965.3543701171875,-1015.5375366210938
1,[3] Key Hover Detection.mp4,1,6,-1965.427001953125,-1070.6356201171875
1,[3] Key Hover Detection.mp4,1,7,-2056.45751953125,-1098.6488037109375
1,[3] Key Hover Detection.mp4,1,8,-2080.2001953125,-1086.06689453125
1,[3] Key Hover Detection.mp4,1,9,-2001.3797607421875,-924.8867797851562
1,[3] Key Hover Detection.mp4,1,10,-2025.9930419921875,-997.4810180664062
1,[3] Key Hover Detection.mp4,1,11,-2116.5400390625,-1042.1741943359375
1,[3] Key Hover Detection.mp4,1,12,-2133.706298828125,-1026.03857421875
1,[3] Key Hover Detection.mp4,1,13,-2077.10546875,-847.2180786132812
1,[3] Key Hover Detection.mp4,1,14,-2093.37744140625,-919.5402221679688
1,[3] Key Hover Detection.mp4,1,15,-2173.81787109375,-967.2427368164062
1,[3] Key Hover Detection.mp4,1,16,-2190.984375,-951.1071166992188
1,[3] Key Hover Detection.mp4,1,17,-2162.21240234375,-791.559814453125
1,[3] Key Hover Detection.mp4,1,18,-2160.52001953125,-849.9393310546875
1,[3] Key Hover Detection.mp4,1,19,-2219.466064453125,-890.2623901367188
1,[3] Key Hover Detection.mp4,1,20,-2238.15576171875,-879.1851806640625
1,[3] Key Hover Detection.mp4,1,0,-2373.456298828125,-935.355712890625
1,[3] Key Hover Detection.mp4,1,1,-2292.508056640625,-1077.967041015625
1,[3] Key Hover Detection.mp4,1,2,-2131.361083984375,-1164.535888671875
1,[3] Key Hover Detection.mp4,1,3,-2022.753173828125,-1224.4361572265625
1,[3] Key Hover Detection.mp4,1,4,-1965.2335205078125,-1307.70751953125
1,[3] Key Hover Detection.mp4,1,5,-1957.012939453125,-1015.2654418945312
1,[3] Key Hover Detection.mp4,1,6,-1969.99658203125,-1085.810791015625
1,[3] Key Hover Detection.mp4,1,7,-2063.033935546875,-1102.2025146484375
1,[3] Key Hover Detection.mp4,1,8,-2087.0185546875,-1081.2806396484375
1,[3] Key Hover Detection.mp4,1,9,-1991.2733154296875,-927.8961791992188
1,[3] Key Hover Detection.mp4,1,10,-2030.562744140625,-1012.6561889648438
1,[3] Key Hover Detection.mp4,1,11,-2123.116455078125,-1045.727783203125
1,[3] Key Hover Detection.mp4,1,12,-2137.236328125,-1019.4754028320312
1,[3] Key Hover Detection.mp4,1,13,-2061.94580078125,-851.732177734375
1,[3] Key Hover Detection.mp4,1,14,-2099.47021484375,-939.7738037109375
1,[3] Key Hover Detection.mp4,1,15,-2183.6826171875,-972.5732421875
1,[3] Key Hover Detection.mp4,1,16,-2191.22607421875,-942.7672119140625
1,[3] Key Hover Detection.mp4,1,17,-2143.764404296875,-794.2970581054688
1,[3] Key Hover Detection.mp4,1,18,-2165.089599609375,-865.114501953125
1,[3] Key Hover Detection.mp4,1,19,-2224.277587890625,-897.09765625
1,[3] Key Hover Detection.mp4,1,20,-2236.632568359375,-874.1267700195312
1,[3] Key Hover Detection.mp4,1,0,-596.8507080078125,-9.222354888916016
1,[3] Key Hover Detection.mp4,1,1,-600.840087890625,-159.61337280273438
1,[3] Key Hover Detection.mp4,1,2,-592.16015625,-286.2171630859375
1,[3] Key Hover Detection.mp4,1,3,-568.0062255859375,-370.5769958496094
1,[3] Key Hover Detection.mp4,1,4,-535.752685546875,-446.32476806640625
1,[3] Key Hover Detection.mp4,1,5,-507.1499938964844,-223.33946228027344
1,[3] Key Hover Detection.mp4,1,6,-666.4351806640625,-258.5881042480469
1,[3] Key Hover Detection.mp4,1,7,-711.1888427734375,-270.0655212402344
1,[3] Key Hover Detection.mp4,1,8,-701.0823974609375,-273.074951171875
1,[3] Key Hover Detection.mp4,1,9,-510.29315185546875,-114.9202651977539
1,[3] Key Hover Detection.mp4,1,10,-693.8773193359375,-176.00511169433594
1,[3] Key Hover Detection.mp4,1,11,-735.3427734375,-185.7056884765625
1,[3] Key Hover Detection.mp4,1,12,-730.5313110351562,-178.87046813964844
1,[3] Key Hover Detection.mp4,1,13,-528.1123657226562,-18.66681480407715
1,[3] Key Hover Detection.mp4,1,14,-706.4015502929688,-89.59630584716797
1,[3] Key Hover Detection.mp4,1,15,-738.244140625,-85.62643432617188
1,[3] Key Hover Detection.mp4,1,16,-725.3330078125,-70.17913818359375
1,[3] Key Hover Detection.mp4,1,17,-563.8959350585938,63.6440544128418
1,[3] Key Hover Detection.mp4,1,18,-700.7197265625,2.415140390396118
1,[3] Key Hover Detection.mp4,1,19,-732.562255859375,6.38501501083374
1,[3] Key Hover Detection.mp4,1,20,-728.234375,29.90011978149414
1,[3] Key Hover Detection.mp4,1,0,-2338.15625,-1000.9866943359375
1,[3] Key Hover Detection.mp4,1,1,-2247.1015625,-1146.607421875
1,[3] Key Hover Detection.mp4,1,2,-2088.75927734375,-1251.633056640625
1,[3] Key Hover Detection.mp4,1,3,-1966.5150146484375,-1321.1058349609375
1,[3] Key Hover Detection.mp4,1,4,-1907.2303466796875,-1407.65869140625
1,[3] Key Hover Detection.mp4,1,5,-1916.7322998046875,-1137.4991455078125
1,[3] Key Hover Detection.mp4,1,6,-1892.505859375,-1166.760986328125
1,[3] Key Hover Detection.mp4,1,7,-1969.34375,-1165.9285888671875
1,[3] Key Hover Detection.mp4,1,8,-1996.61669921875,-1146.7835693359375
1,[3] Key Hover Detection.mp4,1,9,-1949.2276611328125,-1053.4114990234375
1,[3] Key Hover Detection.mp4,1,10,-1956.6019287109375,-1087.0433349609375
1,[3] Key Hover Detection.mp4,1,11,-2026.3798828125,-1099.337158203125
1,[3] Key Hover Detection.mp4,1,12,-2048.599609375,-1081.69677734375
1,[3] Key Hover Detection.mp4,1,13,-2013.32373046875,-973.6937866210938
1,[3] Key Hover Detection.mp4,1,14,-2012.598388671875,-998.713623046875
1,[3] Key Hover Detection.mp4,1,15,-2070.5048828125,-1017.2984008789062
1,[3] Key Hover Detection.mp4,1,16,-2105.6357421875,-1015.1053466796875
1,[3] Key Hover Detection.mp4,1,17,-2092.095947265625,-906.1419067382812
1,[3] Key Hover Detection.mp4,1,18,-2085.27783203125,-910.9281616210938
1,[3] Key Hover Detection.mp4,1,19,-2122.971435546875,-935.5317993164062
1,[3] Key Hover Detection.mp4,1,20,-2151.0419921875,-946.4649658203125
1,[3] Key Hover Detection.mp4,1,0,-702.242919921875,-2.6432483196258545
1,[3] Key Hover Detection.mp4,1,1,-686.26123046875,-150.71316528320312
1,[3] Key Hover Detection.mp4,1,2,-626.5655517578125,-309.0439453125
1,[3] Key Hover Detection.mp4,1,3,-573.373779296875,-415.8303527832031
1,[3] Key Hover Detection.mp4,1,4,-527.4837646484375,-501.1506652832031
1,[3] Key Hover Detection.mp4,1,5,-466.24066162109375,-252.05702209472656
1,[3] Key Hover Detection.mp4,1,6,-572.019775390625,-347.3340148925781
1,[3] Key Hover Detection.mp4,1,7,-662.5667114257812,-392.0271301269531
1,[3] Key Hover Detection.mp4,1,8,-708.601806640625,-416.9028625488281
1,[3] Key Hover Detection.mp4,1,9,-479.0066833496094,-157.30828857421875
1,[3] Key Hover Detection.mp4,1,10,-616.144775390625,-265.2952880859375
1,[3] Key Hover Detection.mp4,1,11,-699.8734741210938,-314.774658203125
1,[3] Key Hover Detection.mp4,1,12,-749.19677734375,-341.4272155761719
1,[3] Key Hover Detection.mp4,1,13,-518.3202514648438,-68.43431854248047
1,[3] Key Hover Detection.mp4,1,14,-653.693359375,-179.70286560058594
1,[3] Key Hover Detection.mp4,1,15,-724.2691650390625,-222.0748748779297
1,[3] Key Hover Detection.mp4,1,16,-748.8099365234375,-239.57113647460938
1,[3] Key Hover Detection.mp4,1,17,-571.0285034179688,21.67223358154297
1,[3] Key Hover Detection.mp4,1,18,-688.1954956054688,-83.99365997314453
1,[3] Key Hover Detection.mp4,1,19,-743.8534545898438,-122.53986358642578
1,[3] Key Hover Detection.mp4,1,20,-755.2413330078125,-132.92877197265625
1,[3] Key Hover Detection.mp4,1,0,-2310.6416015625,-1028.4716796875
1,[3] Key Hover Detection.mp4,1,1,-2234.74658203125,-1169.5782470703125
1,[3] Key Hover Detection.mp4,1,2,-2081.699462890625,-1264.75927734375
1,[3] Key Hover Detection.mp4,1,3,-1964.75,-1324.387451171875
1,[3] Key Hover Detection.mp4,1,4,-1917.094970703125,-1412.9892578125
1,[3] Key Hover Detection.mp4,1,5,-1912.4769287109375,-1169.08203125
1,[3] Key Hover Detection.mp4,1,6,-1851.7657470703125,-1132.04052734375
1,[3] Key Hover Detection.mp4,1,7,-1935.18017578125,-1134.7618408203125
1,[3] Key Hover Detection.mp4,1,8,-1981.6988525390625,-1142.957763671875
1,[3] Key Hover Detection.mp4,1,9,-1941.68408203125,-1083.217529296875
1,[3] Key Hover Detection.mp4,1,10,-1902.9508056640625,-1036.8756103515625
1,[3] Key Hover Detection.mp4,1,11,-1989.1697998046875,-1058.0535888671875
1,[3] Key Hover Detection.mp4,1,12,-2030.63525390625,-1067.7542724609375
1,[3] Key Hover Detection.mp4,1,13,-2004.01513671875,-1006.7814331054688
1,[3] Key Hover Detection.mp4,1,14,-1975.3883056640625,-957.4301147460938
1,[3] Key Hover Detection.mp4,1,15,-2046.44775390625,-983.1222534179688
1,[3] Key Hover Detection.mp4,1,16,-2084.383056640625,-999.3859252929688
1,[3] Key Hover Detection.mp4,1,17,-2075.96923828125,-944.0158081054688
1,[3] Key Hover Detection.mp4,1,18,-2058.971923828125,-896.7134399414062
1,[3] Key Hover Detection.mp4,1,19,-2106.77197265625,-918.3076171875
1,[3] Key Hover Detection.mp4,1,20,-2137.88916015625,-939.3576049804688
1,[3] Key Hover Detection.mp4,1,0,-689.090087890625,4.464107990264893
1,[3] Key Hover Detection.mp4,1,1,-677.6780395507812,-158.78097534179688
1,[3] Key Hover Detection.mp4,1,2,-616.2173461914062,-320.393310546875
1,[3] Key Hover Detection.mp4,1,3,-564.5487670898438,-432.23809814453125
1,[3] Key Hover Detection.mp4,1,4,-526.5166625976562,-534.5104370117188
1,[3] Key Hover Detection.mp4,1,5,-460.7038879394531,-270.2416076660156
1,[3] Key Hover Detection.mp4,1,6,-644.1188354492188,-394.764404296875
1,[3] Key Hover Detection.mp4,1,7,-700.743896484375,-399.95086669921875
1,[3] Key Hover Detection.mp4,1,8,-687.5910034179688,-392.843505859375
1,[3] Key Hover Detection.mp4,1,9,-478.7649230957031,-165.64822387695312
1,[3] Key Hover Detection.mp4,1,10,-700.1152954101562,-306.4346923828125
1,[3] Key Hover Detection.mp4,1,11,-751.9288940429688,-304.7859191894531
1,[3] Key Hover Detection.mp4,1,12,-738.7760620117188,-297.6785583496094
1,[3] Key Hover Detection.mp4,1,13,-530.1917114257812,-62.14334487915039
1,[3] Key Hover Detection.mp4,1,14,-746.4888305664062,-204.43453979492188
1,[3] Key Hover Detection.mp4,1,15,-786.9146118164062,-192.3968505859375
1,[3] Key Hover Detection.mp4,1,16,-764.1388549804688,-171.61904907226562
1,[3] Key Hover Detection.mp4,1,17,-593.00634765625,30.972625732421875
1,[3] Key Hover Detection.mp4,1,18,-761.2616577148438,-98.0643081665039
1,[3] Key Hover Detection.mp4,1,19,-791.3391723632812,-97.37598419189453
1,[3] Key Hover Detection.mp4,1,20,-768.8052368164062,-68.25823211669922
1,[3] Key Hover Detection.mp4,1,0,-2282.08740234375,-1034.2183837890625
1,[3] Key Hover Detection.mp4,1,1,-2211.003662109375,-1182.1602783203125
1,[3] Key Hover Detection.mp4,1,2,-2069.586181640625,-1279.39013671875
1,[3] Key Hover Detection.mp4,1,3,-1957.9317626953125,-1329.1737060546875
1,[3] Key Hover Detection.mp4,1,4,-1907.2303466796875,-1407.65869140625
1,[3] Key Hover Detection.mp4,1,5,-1899.8076171875,-1145.2947998046875
1,[3] Key Hover Detection.mp4,1,6,-1856.5772705078125,-1138.8758544921875
1,[3] Key Hover Detection.mp4,1,7,-1934.454833984375,-1159.7816162109375
1,[3] Key Hover Detection.mp4,1,8,-1979.4501953125,-1162.919189453125
1,[3] Key Hover Detection.mp4,1,9,-1925.7265625,-1057.6534423828125
1,[3] Key Hover Detection.mp4,1,10,-1902.708984375,-1045.215576171875
1,[3] Key Hover Detection.mp4,1,11,-1985.3980712890625,-1072.9566650390625
1,[3] Key Hover Detection.mp4,1,12,-2025.3402099609375,-1077.598876953125
1,[3] Key Hover Detection.mp4,1,13,-1977.951171875,-984.2267456054688
1,[3] Key Hover Detection.mp4,1,14,-1970.09326171875,-967.2747802734375
1,[3] Key Hover Detection.mp4,1,15,-2037.6226806640625,-999.530029296875
1,[3] Key Hover Detection.mp4,1,16,-2075.7998046875,-1007.4537353515625
1,[3] Key Hover Detection.mp4,1,17,-2048.14013671875,-924.74267578125
1,[3] Key Hover Detection.mp4,1,18,-2048.623779296875,-908.0628051757812
1,[3] Key Hover Detection.mp4,1,19,-2089.605712890625,-934.4432373046875
1,[3] Key Hover Detection.mp4,1,20,-2119.199462890625,-950.434814453125
1,[3] Key Hover Detection.mp4,1,0,-735.1251220703125,-20.411638259887695
1,[3] Key Hover Detection.mp4,1,1,-723.4713134765625,-191.9966583251953
1,[3] Key Hover Detection.mp4,1,2,-646.8509521484375,-358.12310791015625
1,[3] Key Hover Detection.mp4,1,3,-570.3998413085938,-460.8116149902344
1,[3] Key Hover Detection.mp4,1,4,-509.1083984375,-558.9859619140625
1,[3] Key Hover Detection.mp4,1,5,-470.0849914550781,-292.25201416015625
1,[3] Key Hover Detection.mp4,1,6,-672.1895751953125,-405.69757080078125
1,[3] Key Hover Detection.mp4,1,7,-708.0457153320312,-378.4847412109375
1,[3] Key Hover Detection.mp4,1,8,-660.24560546875,-356.8905334472656
1,[3] Key Hover Detection.mp4,1,9,-478.2813415527344,-182.32809448242188
1,[3] Key Hover Detection.mp4,1,10,-729.9510498046875,-314.0863037109375
1,[3] Key Hover Detection.mp4,1,11,-750.8892822265625,-283.04766845703125
1,[3] Key Hover Detection.mp4,1,12,-704.8541870117188,-258.1719055175781
1,[3] Key Hover Detection.mp4,1,13,-521.6084594726562,-70.2111587524414
1,[3] Key Hover Detection.mp4,1,14,-763.1716918945312,-204.97879028320312
1,[3] Key Hover Detection.mp4,1,15,-785.8749389648438,-170.65858459472656
1,[3] Key Hover Detection.mp4,1,16,-740.0816650390625,-137.44290161132812
1,[3] Key Hover Detection.mp4,1,17,-587.953125,29.467914581298828
1,[3] Key Hover Detection.mp4,1,18,-774.6563110351562,-96.83172607421875
1,[3] Key Hover Detection.mp4,1,19,-793.5877685546875,-77.41455841064453
1,[3] Key Hover Detection.mp4,1,20,-751.324462890625,-37.635772705078125
1,[3] Key Hover Detection.mp4,1,0,-2266.444091796875,-1055.412353515625
1,[3] Key Hover Detection.mp4,1,1,-2207.4736328125,-1188.723388671875
1,[3] Key Hover Detection.mp4,1,2,-2066.2978515625,-1277.61328125
1,[3] Key Hover Detection.mp4,1,3,-1959.69677734375,-1325.89208984375
1,[3] Key Hover Detection.mp4,1,4,-1910.5185546875,-1409.435546875
1,[3] Key Hover Detection.mp4,1,5,-1891.7080078125,-1136.6827392578125
1,[3] Key Hover Detection.mp4,1,6,-1863.1536865234375,-1142.429443359375
1,[3] Key Hover Detection.mp4,1,7,-1947.607666015625,-1166.8890380859375
1,[3] Key Hover Detection.mp4,1,8,-1992.6031494140625,-1170.0264892578125
1,[3] Key Hover Detection.mp4,1,9,-1916.1036376953125,-1043.9830322265625
1,[3] Key Hover Detection.mp4,1,10,-1920.9150390625,-1050.8182373046875
1,[3] Key Hover Detection.mp4,1,11,-2006.892333984375,-1080.336181640625
1,[3] Key Hover Detection.mp4,1,12,-2045.3114013671875,-1079.919921875
1,[3] Key Hover Detection.mp4,1,13,-1971.6165771484375,-972.3331298828125
1,[3] Key Hover Detection.mp4,1,14,-1991.587646484375,-974.6542358398438
1,[3] Key Hover Detection.mp4,1,15,-2060.882080078125,-1003.6279296875
1,[3] Key Hover Detection.mp4,1,16,-2094.247802734375,-1004.7164306640625
1,[3] Key Hover Detection.mp4,1,17,-2046.8587646484375,-911.3443603515625
1,[3] Key Hover Detection.mp4,1,18,-2070.35986328125,-907.1023559570312
1,[3] Key Hover Detection.mp4,1,19,-2117.918212890625,-937.0364990234375
1,[3] Key Hover Detection.mp4,1,20,-2139.412353515625,-944.4159545898438
1,[3] Key Hover Detection.mp4,1,0,-788.147705078125,22.936830520629883
1,[3] Key Hover Detection.mp4,1,1,-787.3981323242188,-175.71697998046875
1,[3] Key Hover Detection.mp4,1,2,-690.3231811523438,-356.20220947265625
1,[3] Key Hover Detection.mp4,1,3,-588.8477172851562,-458.0743103027344
1,[3] Key Hover Detection.mp4,1,4,-512.3966064453125,-560.7628173828125
1,[3] Key Hover Detection.mp4,1,5,-483.4796447753906,-291.0194396972656
1,[3] Key Hover Detection.mp4,1,6,-712.1317749023438,-410.33978271484375
1,[3] Key Hover Detection.mp4,1,7,-745.6668090820312,-347.9903259277344
1,[3] Key Hover Detection.mp4,1,8,-685.1973876953125,-302.60888671875
1,[3] Key Hover Detection.mp4,1,9,-488.3877868652344,-179.3186798095703
1,[3] Key Hover Detection.mp4,1,10,-754.975341796875,-314.9027099609375
1,[3] Key Hover Detection.mp4,1,11,-763.4860229492188,-251.73687744140625
1,[3] Key Hover Detection.mp4,1,12,-704.5398559570312,-211.41383361816406
1,[3] Key Hover Detection.mp4,1,13,-533.2381591796875,-72.26012420654297
1,[3] Key Hover Detection.mp4,1,14,-784.9078369140625,-204.01834106445312
1,[3] Key Hover Detection.mp4,1,15,-793.4185180664062,-140.85250854492188
1,[3] Key Hover Detection.mp4,1,16,-734.4723510742188,-100.52947235107422
1,[3] Key Hover Detection.mp4,1,17,-601.3477783203125,30.700496673583984
1,[3] Key Hover Detection.mp4,1,18,-796.6342163085938,-87.53133392333984
1,[3] Key Hover Detection.mp4,1,19,-806.1845092773438,-46.1037712097168
1,[3] Key Hover Detection.mp4,1,20,-754.0565795898438,-0.9944695830345154
1,[3] Key Hover Detection.mp4,1,0,-2269.07958984375,-1137.3070068359375
1,[3] Key Hover Detection.mp4,1,1,-2186.77734375,-1211.422119140625
1,[3] Key Hover Detection.mp4,1,2,-2020.8189697265625,-1291.15576171875
1,[3] Key Hover Detection.mp4,1,3,-1908.439208984375,-1365.958984375
1,[3] Key Hover Detection.mp4,1,4,-1857.254150390625,-1461.1240234375
1,[3] Key Hover Detection.mp4,1,5,-1987.5257568359375,-1345.1651611328125
1,[3] Key Hover Detection.mp4,1,6,-1804.3525390625,-1212.302490234375
1,[3] Key Hover Detection.mp4,1,7,-1862.1865234375,-1175.7891845703125
1,[3] Key Hover Detection.mp4,1,8,-1928.4344482421875,-1194.6461181640625
1,[3] Key Hover Detection.mp4,1,9,-2030.9254150390625,-1288.146240234375
1,[3] Key Hover Detection.mp4,1,10,-1837.0897216796875,-1119.8748779296875
1,[3] Key Hover Detection.mp4,1,11,-1911.1229248046875,-1100.585693359375
1,[3] Key Hover Detection.mp4,1,12,-1983.4637451171875,-1139.6761474609375
1,[3] Key Hover Detection.mp4,1,13,-2078.580322265625,-1199.54443359375
1,[3] Key Hover Detection.mp4,1,14,-1887.7911376953125,-1041.3897705078125
1,[3] Key Hover Detection.mp4,1,15,-1959.817626953125,-1033.72216796875
1,[3] Key Hover Detection.mp4,1,16,-2032.158447265625,-1072.8126220703125
1,[3] Key Hover Detection.mp4,1,17,-2126.47705078125,-1102.6026611328125
1,[3] Key Hover Detection.mp4,1,18,-1981.481201171875,-977.6636962890625
1,[3] Key Hover Detection.mp4,1,19,-2039.8712158203125,-979.568603515625
1,[3] Key Hover Detection.mp4,1,20,-2103.87060546875,-1018.3869018554688
1,[3] Key Hover Detection.mp4,1,0,-745.1590576171875,37.69580078125
1,[3] Key Hover Detection.mp4,1,1,-755.3138427734375,-188.02679443359375
1,[3] Key Hover Detection.mp4,1,2,-671.14990234375,-383.9593200683594
1,[3] Key Hover Detection.mp4,1,3,-580.8206176757812,-504.5602722167969
1,[3] Key Hover Detection.mp4,1,4,-504.1277160644531,-615.5886840820312
1,[3] Key Hover Detection.mp4,1,5,-476.4921875,-359.24365234375
1,[3] Key Hover Detection.mp4,1,6,-732.6589965820312,-451.0790100097656
1,[3] Key Hover Detection.mp4,1,7,-782.6350708007812,-397.61376953125
1,[3] Key Hover Detection.mp4,1,8,-728.7421264648438,-355.7860107421875
1,[3] Key Hover Detection.mp4,1,9,-491.50677490234375,-244.53347778320312
1,[3] Key Hover Detection.mp4,1,10,-789.1389770507812,-346.0694274902344
1,[3] Key Hover Detection.mp4,1,11,-809.279296875,-284.95257568359375
1,[3] Key Hover Detection.mp4,1,12,-750.3331298828125,-244.6295166015625
1,[3] Key Hover Detection.mp4,1,13,-544.9403076171875,-129.4071044921875
1,[3] Key Hover Detection.mp4,1,14,-820.83642578125,-231.90350341796875
1,[3] Key Hover Detection.mp4,1,15,-832.3935546875,-178.85446166992188
1,[3] Key Hover Detection.mp4,1,16,-768.3941650390625,-140.0361328125
1,[3] Key Hover Detection.mp4,1,17,-613.291748046875,-18.106550216674805
1,[3] Key Hover Detection.mp4,1,18,-827.5095825195312,-116.92121124267578
1,[3] Key Hover Detection.mp4,1,19,-835.0531616210938,-87.1151351928711
1,[3] Key Hover Detection.mp4,1,20,-784.4484252929688,-47.06422424316406
1,[3] Key Hover Detection.mp4,1,0,-2266.444091796875,-1055.412353515625
1,[3] Key Hover Detection.mp4,1,1,-2170.263671875,-1147.4398193359375
1,[3] Key Hover Detection.mp4,1,2,-2015.2095947265625,-1254.2423095703125
1,[3] Key Hover Detection.mp4,1,3,-1910.687744140625,-1345.99755859375
1,[3] Key Hover Detection.mp4,1,4,-1859.260986328125,-1449.50244140625
1,[3] Key Hover Detection.mp4,1,5,-2003.4832763671875,-1370.729248046875
1,[3] Key Hover Detection.mp4,1,6,-1801.30615234375,-1202.1856689453125
1,[3] Key Hover Detection.mp4,1,7,-1857.858642578125,-1152.274169921875
1,[3] Key Hover Detection.mp4,1,8,-1920.3348388671875,-1186.0340576171875
1,[3] Key Hover Detection.mp4,1,9,-2053.701171875,-1308.924072265625
1,[3] Key Hover Detection.mp4,1,10,-1835.56640625,-1114.81640625
1,[3] Key Hover Detection.mp4,1,11,-1900.2186279296875,-1073.5169677734375
1,[3] Key Hover Detection.mp4,1,12,-1962.69482421875,-1107.27685546875
1,[3] Key Hover Detection.mp4,1,13,-2109.697509765625,-1220.5943603515625
1,[3] Key Hover Detection.mp4,1,14,-1894.3675537109375,-1044.9434814453125
1,[3] Key Hover Detection.mp4,1,15,-1963.8311767578125,-1010.4791870117188
1,[3] Key Hover Detection.mp4,1,16,-2024.7841796875,-1039.1806640625
1,[3] Key Hover Detection.mp4,1,17,-2164.41259765625,-1118.8663330078125
1,[3] Key Hover Detection.mp4,1,18,-1983.00439453125,-982.7220458984375
1,[3] Key Hover Detection.mp4,1,19,-2032.013427734375,-962.6165771484375
1,[3] Key Hover Detection.mp4,1,20,-2094.7314453125,-988.0365600585938
1,[3] Key Hover Detection.mp4,1,0,-768.1040649414062,80.35594940185547
1,[3] Key Hover Detection.mp4,1,1,-797.5045776367188,-172.70755004882812
1,[3] Key Hover Detection.mp4,1,2,-697.9392700195312,-381.494140625
1,[3] Key Hover Detection.mp4,1,3,-585.6320190429688,-511.3954772949219
1,[3] Key Hover Detection.mp4,1,4,-502.36273193359375,-618.8702392578125
1,[3] Key Hover Detection.mp4,1,5,-484.3500671386719,-376.1956481933594
1,[3] Key Hover Detection.mp4,1,6,-743.5632934570312,-478.1477966308594
1,[3] Key Hover Detection.mp4,1,7,-787.9300537109375,-387.76910400390625
1,[3] Key Hover Detection.mp4,1,8,-725.9375,-337.32928466796875
1,[3] Key Hover Detection.mp4,1,9,-477.38677978515625,-270.7858581542969
1,[3] Key Hover Detection.mp4,1,10,-786.4068603515625,-382.7107238769531
1,[3] Key Hover Detection.mp4,1,11,-802.4611206054688,-289.73883056640625
1,[3] Key Hover Detection.mp4,1,12,-740.2267456054688,-247.63894653320312
1,[3] Key Hover Detection.mp4,1,13,-517.4256591796875,-156.89208984375
1,[3] Key Hover Detection.mp4,1,14,-802.9446411132812,-273.0589294433594
1,[3] Key Hover Detection.mp4,1,15,-818.515380859375,-196.7669219970703
1,[3] Key Hover Detection.mp4,1,16,-756.2809448242188,-154.6670379638672
1,[3] Key Hover Detection.mp4,1,17,-584.0121459960938,-48.873077392578125
1,[3] Key Hover Detection.mp4,1,18,-806.0878295898438,-164.63973999023438
1,[3] Key Hover Detection.mp4,1,19,-814.3567504882812,-109.81385803222656
1,[3] Key Hover Detection.mp4,1,20,-755.65234375,-61.150875091552734
1,[3] Key Hover Detection.mp4,1,0,-2291.951904296875,-1039.5489501953125
1,[3] Key Hover Detection.mp4,1,1,-2172.51220703125,-1127.4783935546875
1,[3] Key Hover Detection.mp4,1,2,-2017.2164306640625,-1242.620849609375
1,[3] Key Hover Detection.mp4,1,3,-1917.5059814453125,-1341.2113037109375
1,[3] Key Hover Detection.mp4,1,4,-1859.260986328125,-1449.50244140625
1,[3] Key Hover Detection.mp4,1,5,-2013.5897216796875,-1367.7198486328125
1,[3] Key Hover Detection.mp4,1,6,-1789.918212890625,-1191.7967529296875
1,[3] Key Hover Detection.mp4,1,7,-1848.2357177734375,-1138.6036376953125
1,[3] Key Hover Detection.mp4,1,8,-1917.288330078125,-1175.917236328125
1,[3] Key Hover Detection.mp4,1,9,-2067.095703125,-1307.6915283203125
1,[3] Key Hover Detection.mp4,1,10,-1832.52001953125,-1104.69970703125
1,[3] Key Hover Detection.mp4,1,11,-1901.983642578125,-1070.2353515625
1,[3] Key Hover Detection.mp4,1,12,-1966.224853515625,-1100.7137451171875
1,[3] Key Hover Detection.mp4,1,13,-2121.569091796875,-1214.303466796875
1,[3] Key Hover Detection.mp4,1,14,-1898.139404296875,-1030.0404052734375
1,[3] Key Hover Detection.mp4,1,15,-1970.6494140625,-1005.6929321289062
1,[3] Key Hover Detection.mp4,1,16,-2025.02587890625,-1030.8408203125
1,[3] Key Hover Detection.mp4,1,17,-2166.41943359375,-1107.244873046875
1,[3] Key Hover Detection.mp4,1,18,-1974.90478515625,-974.1099853515625
1,[3] Key Hover Detection.mp4,1,19,-2028.7252197265625,-960.8397216796875
1,[3] Key Hover Detection.mp4,1,20,-2096.496337890625,-984.7550048828125
1,[3] Key Hover Detection.mp4,1,0,-757.4415283203125,115.76466369628906
1,[3] Key Hover Detection.mp4,1,1,-801.0346069335938,-166.1444549560547
1,[3] Key Hover Detection.mp4,1,2,-704.7574462890625,-376.7078857421875
1,[3] Key Hover Detection.mp4,1,3,-589.1620483398438,-504.8323974609375
1,[3] Key Hover Detection.mp4,1,4,-502.6045227050781,-610.5303344726562
1,[3] Key Hover Detection.mp4,1,5,-483.8664855957031,-392.8755187988281
1,[3] Key Hover Detection.mp4,1,6,-750.1397094726562,-481.70147705078125
1,[3] Key Hover Detection.mp4,1,7,-796.2715454101562,-388.0412292480469
1,[3] Key Hover Detection.mp4,1,8,-729.2257080078125,-339.10614013671875
1,[3] Key Hover Detection.mp4,1,9,-470.3267517089844,-283.9120788574219
1,[3] Key Hover Detection.mp4,1,10,-791.4600830078125,-381.2060241699219
1,[3] Key Hover Detection.mp4,1,11,-809.0375366210938,-293.2925109863281
1,[3] Key Hover Detection.mp4,1,12,-745.2799682617188,-246.1342315673828
1,[3] Key Hover Detection.mp4,1,13,-507.07745361328125,-168.24143981933594
1,[3] Key Hover Detection.mp4,1,14,-804.7096557617188,-269.77740478515625
1,[3] Key Hover Detection.mp4,1,15,-821.8035888671875,-198.54376220703125
1,[3] Key Hover Detection.mp4,1,16,-759.5692138671875,-156.44387817382812
1,[3] Key Hover Detection.mp4,1,17,-576.9520874023438,-61.9992790222168
1,[3] Key Hover Detection.mp4,1,18,-812.9060668945312,-159.85348510742188
1,[3] Key Hover Detection.mp4,1,19,-821.1749267578125,-105.02759552001953
1,[3] Key Hover Detection.mp4,1,20,-763.9937744140625,-61.423004150390625
1,[3] Key Hover Detection.mp4,1,0,-2310.88330078125,-1020.1317138671875
1,[3] Key Hover Detection.mp4,1,1,-2181.337158203125,-1111.0706787109375
1,[3] Key Hover Detection.mp4,1,2,-2019.22314453125,-1230.999267578125
1,[3] Key Hover Detection.mp4,1,3,-1915.9827880859375,-1336.1529541015625
1,[3] Key Hover Detection.mp4,1,4,-1861.0260009765625,-1446.220947265625
1,[3] Key Hover Detection.mp4,1,5,-2016.8779296875,-1369.4967041015625
1,[3] Key Hover Detection.mp4,1,6,-1791.44140625,-1196.855224609375
1,[3] Key Hover Detection.mp4,1,7,-1854.812255859375,-1142.1573486328125
1,[3] Key Hover Detection.mp4,1,8,-1925.6298828125,-1176.189453125
1,[3] Key Hover Detection.mp4,1,9,-2065.330810546875,-1310.9730224609375
1,[3] Key Hover Detection.mp4,1,10,-1827.466796875,-1106.204345703125
1,[3] Key Hover Detection.mp4,1,11,-1905.2718505859375,-1072.01220703125
1,[3] Key Hover Detection.mp4,1,12,-1966.224853515625,-1100.7137451171875
1,[3] Key Hover Detection.mp4,1,13,-2116.515869140625,-1215.80810546875
1,[3] Key Hover Detection.mp4,1,14,-1893.086181640625,-1031.545166015625
1,[3] Key Hover Detection.mp4,1,15,-1967.3612060546875,-1003.9160766601562
1,[3] Key Hover Detection.mp4,1,16,-2021.7376708984375,-1029.06396484375
1,[3] Key Hover Detection.mp4,1,17,-2163.131103515625,-1105.468017578125
1,[3] Key Hover Detection.mp4,1,18,-1973.381591796875,-969.0516357421875
1,[3] Key Hover Detection.mp4,1,19,-2033.7784423828125,-959.3350219726562
1,[3] Key Hover Detection.mp4,1,20,-2101.307861328125,-991.5902709960938
1,[3] Key Hover Detection.mp4,1,0,-755.676513671875,112.48311614990234
1,[3] Key Hover Detection.mp4,1,1,-797.5045776367188,-172.70755004882812
1,[3] Key Hover Detection.mp4,1,2,-704.5156860351562,-385.0478210449219
1,[3] Key Hover Detection.mp4,1,3,-588.9202880859375,-513.1723022460938
1,[3] Key Hover Detection.mp4,1,4,-510.70416259765625,-619.1423950195312
1,[3] Key Hover Detection.mp4,1,5,-486.9129333496094,-402.9923095703125
1,[3] Key Hover Detection.mp4,1,6,-751.6629638671875,-486.7598571777344
1,[3] Key Hover Detection.mp4,1,7,-794.5065307617188,-391.3227844238281
1,[3] Key Hover Detection.mp4,1,8,-734.037109375,-345.9413757324219
1,[3] Key Hover Detection.mp4,1,9,-473.614990234375,-285.68890380859375
1,[3] Key Hover Detection.mp4,1,10,-793.22509765625,-377.9244689941406
1,[3] Key Hover Detection.mp4,1,11,-805.507568359375,-299.8555908203125
1,[3] Key Hover Detection.mp4,1,12,-741.7499389648438,-252.69732666015625
1,[3] Key Hover Detection.mp4,1,13,-507.07745361328125,-168.24143981933594
1,[3] Key Hover Detection.mp4,1,14,-804.7096557617188,-269.77740478515625
1,[3] Key Hover Detection.mp4,1,15,-816.7503662109375,-200.0484619140625
1,[3] Key Hover Detection.mp4,1,16,-752.7509765625,-161.23013305664062
1,[3] Key Hover Detection.mp4,1,17,-575.4288940429688,-56.940887451171875
1,[3] Key Hover Detection.mp4,1,18,-806.32958984375,-156.2998046875
1,[3] Key Hover Detection.mp4,1,19,-812.83349609375,-104.7554702758789
1,[3] Key Hover Detection.mp4,1,20,-752.3641357421875,-59.37403869628906
1,[3] Key Hover Detection.mp4,1,0,-2289.147216796875,-1021.0921630859375
1,[3] Key Hover Detection.mp4,1,1,-2128.2421875,-1099.3211669921875
1,[3] Key Hover Detection.mp4,1,2,-1967.4095458984375,-1232.6480712890625
1,[3] Key Hover Detection.mp4,1,3,-1863.9273681640625,-1346.1417236328125
1,[3] Key Hover Detection.mp4,1,4,-1803.675537109375,-1466.0543212890625
1,[3] Key Hover Detection.mp4,1,5,-1979.2568359375,-1399.9910888671875
1,[3] Key Hover Detection.mp4,1,6,-1759.357177734375,-1209.1650390625
1,[3] Key Hover Detection.mp4,1,7,-1836.12255859375,-1153.234619140625
1,[3] Key Hover Detection.mp4,1,8,-1903.41015625,-1193.8297119140625
1,[3] Key Hover Detection.mp4,1,9,-2030.756103515625,-1351.584228515625
1,[3] Key Hover Detection.mp4,1,10,-1807.0120849609375,-1120.5631103515625
1,[3] Key Hover Detection.mp4,1,11,-1889.8704833984375,-1084.8663330078125
1,[3] Key Hover Detection.mp4,1,12,-1945.7701416015625,-1115.072509765625
1,[3] Key Hover Detection.mp4,1,13,-2083.46435546875,-1261.4776611328125
1,[3] Key Hover Detection.mp4,1,14,-1866.0550537109375,-1042.3502197265625
1,[3] Key Hover Detection.mp4,1,15,-1950.1947021484375,-1020.0516967773438
1,[3] Key Hover Detection.mp4,1,16,-2002.8062744140625,-1048.4810791015625
1,[3] Key Hover Detection.mp4,1,17,-2121.73828125,-1150.865478515625
1,[3] Key Hover Detection.mp4,1,18,-1951.161865234375,-986.6919555664062
1,[3] Key Hover Detection.mp4,1,19,-2015.0887451171875,-970.4122314453125
1,[3] Key Hover Detection.mp4,1,20,-2079.088134765625,-1009.2305908203125
1,[3] Key Hover Detection.mp4,1,0,-727.1221923828125,106.73640441894531
1,[3] Key Hover Detection.mp4,1,1,-770.4735107421875,-183.51266479492188
1,[3] Key Hover Detection.mp4,1,2,-688.8724975585938,-406.2418212890625
1,[3] Key Hover Detection.mp4,1,3,-584.6649169921875,-544.7552490234375
1,[3] Key Hover Detection.mp4,1,4,-504.683837890625,-654.0068359375
1,[3] Key Hover Detection.mp4,1,5,-488.99224853515625,-446.4688415527344
1,[3] Key Hover Detection.mp4,1,6,-772.1901245117188,-527.4990844726562
1,[3] Key Hover Detection.mp4,1,7,-791.7744140625,-427.9640808105469
1,[3] Key Hover Detection.mp4,1,8,-713.0989379882812,-376.9800109863281
1,[3] Key Hover Detection.mp4,1,9,-476.9757385253906,-342.5637512207031
1,[3] Key Hover Detection.mp4,1,10,-803.404052734375,-430.0130615234375
1,[3] Key Hover Detection.mp4,1,11,-790.9039916992188,-342.7878723144531
1,[3] Key Hover Detection.mp4,1,12,-717.0399169921875,-298.6390380859375
1,[3] Key Hover Detection.mp4,1,13,-511.96142578125,-230.17469787597656
1,[3] Key Hover Detection.mp4,1,14,-811.6004028320312,-320.0891418457031
1,[3] Key Hover Detection.mp4,1,15,-805.4349975585938,-244.75758361816406
1,[3] Key Hover Detection.mp4,1,16,-731.3291625976562,-208.94866943359375
1,[3] Key Hover Detection.mp4,1,17,-577.024658203125,-117.09729766845703
1,[3] Key Hover Detection.mp4,1,18,-816.508544921875,-208.38841247558594
1,[3] Key Hover Detection.mp4,1,19,-806.5714111328125,-147.95986938476562
1,[3] Key Hover Detection.mp4,1,20,-735.9955444335938,-105.58786010742188
1,[3] Key Hover Detection.mp4,1,0,-2304.79052734375,-999.898193359375
1,[3] Key Hover Detection.mp4,1,1,-2140.59716796875,-1076.3502197265625
1,[3] Key Hover Detection.mp4,1,2,-1974.4696044921875,-1219.5218505859375
1,[3] Key Hover Detection.mp4,1,3,-1865.6923828125,-1342.860107421875
1,[3] Key Hover Detection.mp4,1,4,-1810.251953125,-1469.6080322265625
1,[3] Key Hover Detection.mp4,1,5,-1985.833251953125,-1403.5447998046875
1,[3] Key Hover Detection.mp4,1,6,-1757.8338623046875,-1204.1065673828125
1,[3] Key Hover Detection.mp4,1,7,-1839.652587890625,-1146.6715087890625
1,[3] Key Hover Detection.mp4,1,8,-1911.7515869140625,-1194.1019287109375
1,[3] Key Hover Detection.mp4,1,9,-2032.5211181640625,-1348.302734375
1,[3] Key Hover Detection.mp4,1,10,-1801.958984375,-1122.06787109375
1,[3] Key Hover Detection.mp4,1,11,-1891.635498046875,-1081.584716796875
1,[3] Key Hover Detection.mp4,1,12,-1949.058349609375,-1116.849365234375
1,[3] Key Hover Detection.mp4,1,13,-2080.176025390625,-1259.7008056640625
1,[3] Key Hover Detection.mp4,1,14,-1866.0550537109375,-1042.3502197265625
1,[3] Key Hover Detection.mp4,1,15,-1951.959716796875,-1016.7701416015625
1,[3] Key Hover Detection.mp4,1,16,-2007.61767578125,-1055.3162841796875
1,[3] Key Hover Detection.mp4,1,17,-2121.73828125,-1150.865478515625
1,[3] Key Hover Detection.mp4,1,18,-1952.9268798828125,-983.410400390625
1,[3] Key Hover Detection.mp4,1,19,-2021.906982421875,-965.6259765625
1,[3] Key Hover Detection.mp4,1,20,-2084.141357421875,-1007.7258911132812
1,[3] Key Hover Detection.mp4,1,0,-732.1754150390625,108.2411117553711
1,[3] Key Hover Detection.mp4,1,1,-782.344970703125,-177.22169494628906
1,[3] Key Hover Detection.mp4,1,2,-698.9788818359375,-403.232421875
1,[3] Key Hover Detection.mp4,1,3,-591.2413940429688,-548.3088989257812
1,[3] Key Hover Detection.mp4,1,4,-502.6770324707031,-665.6282958984375
1,[3] Key Hover Detection.mp4,1,5,-490.5154724121094,-451.5272216796875
1,[3] Key Hover Detection.mp4,1,6,-767.1369018554688,-529.0037841796875
1,[3] Key Hover Detection.mp4,1,7,-791.7744140625,-427.9640808105469
1,[3] Key Hover Detection.mp4,1,8,-719.6753540039062,-380.53369140625
1,[3] Key Hover Detection.mp4,1,9,-476.9757385253906,-342.5637512207031
1,[3] Key Hover Detection.mp4,1,10,-801.880859375,-424.9546813964844
1,[3] Key Hover Detection.mp4,1,11,-795.9572143554688,-341.2831726074219
1,[3] Key Hover Detection.mp4,1,12,-725.38134765625,-298.9111633300781
1,[3] Key Hover Detection.mp4,1,13,-508.6732177734375,-228.39785766601562
1,[3] Key Hover Detection.mp4,1,14,-811.6004028320312,-320.0891418457031
1,[3] Key Hover Detection.mp4,1,15,-807.2000122070312,-241.4760284423828
1,[3] Key Hover Detection.mp4,1,16,-738.1473999023438,-204.16241455078125
1,[3] Key Hover Detection.mp4,1,17,-573.7364501953125,-115.3204574584961
1,[3] Key Hover Detection.mp4,1,18,-814.9853515625,-203.33001708984375
1,[3] Key Hover Detection.mp4,1,19,-803.2831420898438,-146.1830291748047
1,[3] Key Hover Detection.mp4,1,20,-732.7073364257812,-103.81101989746094
1,[3] Key Hover Detection.mp4,1,0,-2323.238525390625,-997.160888671875
1,[3] Key Hover Detection.mp4,1,1,-2148.938720703125,-1076.6224365234375
1,[3] Key Hover Detection.mp4,1,2,-1974.4696044921875,-1219.5218505859375
1,[3] Key Hover Detection.mp4,1,3,-1868.9805908203125,-1344.636962890625
1,[3] Key Hover Detection.mp4,1,4,-1808.487060546875,-1472.8895263671875
1,[3] Key Hover Detection.mp4,1,5,-1984.31005859375,-1398.4864501953125
1,[3] Key Hover Detection.mp4,1,6,-1759.357177734375,-1209.1650390625
1,[3] Key Hover Detection.mp4,1,7,-1839.652587890625,-1146.6715087890625
1,[3] Key Hover Detection.mp4,1,8,-1908.46337890625,-1192.3250732421875
1,[3] Key Hover Detection.mp4,1,9,-2032.5211181640625,-1348.302734375
1,[3] Key Hover Detection.mp4,1,10,-1798.670654296875,-1120.291015625
1,[3] Key Hover Detection.mp4,1,11,-1891.635498046875,-1081.584716796875
1,[3] Key Hover Detection.mp4,1,12,-1949.058349609375,-1116.849365234375
1,[3] Key Hover Detection.mp4,1,13,-2083.46435546875,-1261.4776611328125
1,[3] Key Hover Detection.mp4,1,14,-1861.0018310546875,-1043.85498046875
1,[3] Key Hover Detection.mp4,1,15,-1951.959716796875,-1016.7701416015625
1,[3] Key Hover Detection.mp4,1,16,-2009.3826904296875,-1052.0347900390625
1,[3] Key Hover Detection.mp4,1,17,-2125.0263671875,-1152.642333984375
1,[3] Key Hover Detection.mp4,1,18,-1947.8736572265625,-984.9151000976562
1,[3] Key Hover Detection.mp4,1,19,-2020.1419677734375,-968.9075317382812
1,[3] Key Hover Detection.mp4,1,20,-2089.194580078125,-1006.2211303710938
1,[3] Key Hover Detection.mp4,1,0,-730.410400390625,104.95956420898438
1,[3] Key Hover Detection.mp4,1,1,-783.8681640625,-182.2800750732422
1,[3] Key Hover Detection.mp4,1,2,-697.2139282226562,-406.51397705078125
1,[3] Key Hover Detection.mp4,1,3,-591.2413940429688,-548.3088989257812
1,[3] Key Hover Detection.mp4,1,4,-505.96527099609375,-667.4051513671875
1,[3] Key Hover Detection.mp4,1,5,-490.5154724121094,-451.5272216796875
1,[3] Key Hover Detection.mp4,1,6,-765.3719482421875,-532.2853393554688
1,[3] Key Hover Detection.mp4,1,7,-793.297607421875,-433.0224914550781
1,[3] Key Hover Detection.mp4,1,8,-721.1985473632812,-385.5920715332031
1,[3] Key Hover Detection.mp4,1,9,-476.9757385253906,-342.5637512207031
1,[3] Key Hover Detection.mp4,1,10,-800.1158447265625,-428.2362365722656
1,[3] Key Hover Detection.mp4,1,11,-794.1921997070312,-344.564697265625
1,[3] Key Hover Detection.mp4,1,12,-723.6163940429688,-302.19268798828125
1,[3] Key Hover Detection.mp4,1,13,-508.6732177734375,-228.39785766601562
1,[3] Key Hover Detection.mp4,1,14,-811.6004028320312,-320.0891418457031
1,[3] Key Hover Detection.mp4,1,15,-810.4882202148438,-243.25286865234375
1,[3] Key Hover Detection.mp4,1,16,-736.3823852539062,-207.44395446777344
1,[3] Key Hover Detection.mp4,1,17,-573.7364501953125,-115.3204574584961
1,[3] Key Hover Detection.mp4,1,18,-818.2735595703125,-205.1068572998047
1,[3] Key Hover Detection.mp4,1,19,-806.5714111328125,-147.95986938476562
1,[3] Key Hover Detection.mp4,1,20,-735.9955444335938,-105.58786010742188
1,[3] Key Hover Detection.mp4,1,0,-2325.2451171875,-985.5393676757812
1,[3] Key Hover Detection.mp4,1,1,-2140.8388671875,-1068.0103759765625
1,[3] Key Hover Detection.mp4,1,2,-1972.9462890625,-1214.4635009765625
1,[3] Key Hover Detection.mp4,1,3,-1865.6923828125,-1342.860107421875
1,[3] Key Hover Detection.mp4,1,4,-1808.487060546875,-1472.8895263671875
1,[3] Key Hover Detection.mp4,1,5,-1984.31005859375,-1398.4864501953125
1,[3] Key Hover Detection.mp4,1,6,-1757.5921630859375,-1212.446533203125
1,[3] Key Hover Detection.mp4,1,7,-1839.652587890625,-1146.6715087890625
1,[3] Key Hover Detection.mp4,1,8,-1910.2283935546875,-1189.04345703125
1,[3] Key Hover Detection.mp4,1,9,-2032.5211181640625,-1348.302734375
1,[3] Key Hover Detection.mp4,1,10,-1801.958984375,-1122.06787109375
1,[3] Key Hover Detection.mp4,1,11,-1888.34716796875,-1079.807861328125
1,[3] Key Hover Detection.mp4,1,12,-1949.058349609375,-1116.849365234375
1,[3] Key Hover Detection.mp4,1,13,-2083.46435546875,-1261.4776611328125
1,[3] Key Hover Detection.mp4,1,14,-1861.0018310546875,-1043.85498046875
1,[3] Key Hover Detection.mp4,1,15,-1951.959716796875,-1016.7701416015625
1,[3] Key Hover Detection.mp4,1,16,-2006.094482421875,-1050.2579345703125
1,[3] Key Hover Detection.mp4,1,17,-2128.314697265625,-1154.419189453125
1,[3] Key Hover Detection.mp4,1,18,-1947.8736572265625,-984.9151000976562
1,[3] Key Hover Detection.mp4,1,19,-2018.6187744140625,-963.84912109375
1,[3] Key Hover Detection.mp4,1,20,-2085.90625,-1004.4443359375
1,[3] Key Hover Detection.mp4,1,0,-730.410400390625,104.95956420898438
1,[3] Key Hover Detection.mp4,1,1,-785.6331787109375,-178.99851989746094
1,[3] Key Hover Detection.mp4,1,2,-698.9788818359375,-403.232421875
1,[3] Key Hover Detection.mp4,1,3,-591.2413940429688,-548.3088989257812
1,[3] Key Hover Detection.mp4,1,4,-502.6770324707031,-665.6282958984375
1,[3] Key Hover Detection.mp4,1,5,-493.8036804199219,-453.3040466308594
1,[3] Key Hover Detection.mp4,1,6,-767.1369018554688,-529.0037841796875
1,[3] Key Hover Detection.mp4,1,7,-795.0626220703125,-429.7409362792969
1,[3] Key Hover Detection.mp4,1,8,-722.9635620117188,-382.310546875
1,[3] Key Hover Detection.mp4,1,9,-476.9757385253906,-342.5637512207031
1,[3] Key Hover Detection.mp4,1,10,-801.880859375,-424.9546813964844
1,[3] Key Hover Detection.mp4,1,11,-795.9572143554688,-341.2831726074219
1,[3] Key Hover Detection.mp4,1,12,-725.38134765625,-298.9111633300781
1,[3] Key Hover Detection.mp4,1,13,-508.6732177734375,-228.39785766601562
1,[3] Key Hover Detection.mp4,1,14,-813.3654174804688,-316.8076171875
1,[3] Key Hover Detection.mp4,1,15,-812.2532348632812,-239.9713134765625
1,[3] Key Hover Detection.mp4,1,16,-738.1473999023438,-204.16241455078125
1,[3] Key Hover Detection.mp4,1,17,-577.024658203125,-117.09729766845703
1,[3] Key Hover Detection.mp4,1,18,-820.03857421875,-201.82530212402344
1,[3] Key Hover Detection.mp4,1,19,-808.3363647460938,-144.67831420898438
1,[3] Key Hover Detection.mp4,1,20,-741.0487670898438,-104.0831527709961
1,[3] Key Hover Detection.mp4,1,0,-2310.08544921875,-990.0535278320312
1,[3] Key Hover Detection.mp4,1,1,-2105.708251953125,-1070.203369140625
1,[3] Key Hover Detection.mp4,1,2,-1936.050537109375,-1219.9381103515625
1,[3] Key Hover Detection.mp4,1,3,-1837.1380615234375,-1348.6068115234375
1,[3] Key Hover Detection.mp4,1,4,-1778.167724609375,-1481.9178466796875
1,[3] Key Hover Detection.mp4,1,5,-1952.467529296875,-1402.456298828125
1,[3] Key Hover Detection.mp4,1,6,-1741.1510009765625,-1203.5623779296875
1,[3] Key Hover Detection.mp4,1,7,-1819.6815185546875,-1144.350341796875
1,[3] Key Hover Detection.mp4,1,8,-1884.9622802734375,-1196.5670166015625
1,[3] Key Hover Detection.mp4,1,9,-2013.8314208984375,-1359.3798828125
1,[3] Key Hover Detection.mp4,1,10,-1792.09423828125,-1116.7373046875
1,[3] Key Hover Detection.mp4,1,11,-1880.0057373046875,-1079.5357666015625
1,[3] Key Hover Detection.mp4,1,12,-1938.951904296875,-1119.8587646484375
1,[3] Key Hover Detection.mp4,1,13,-2073.1162109375,-1272.8270263671875
1,[3] Key Hover Detection.mp4,1,14,-1862.766845703125,-1040.5733642578125
1,[3] Key Hover Detection.mp4,1,15,-1948.6715087890625,-1014.9932861328125
1,[3] Key Hover Detection.mp4,1,16,-2002.564453125,-1056.821044921875
1,[3] Key Hover Detection.mp4,1,17,-2123.019775390625,-1164.2637939453125
1,[3] Key Hover Detection.mp4,1,18,-1951.161865234375,-986.6919555664062
1,[3] Key Hover Detection.mp4,1,19,-2021.6651611328125,-973.9659423828125
1,[3] Key Hover Detection.mp4,1,20,-2087.187744140625,-1017.8426513671875
1,[3] Key Hover Detection.mp4,1,0,-713.7275390625,105.50382232666016
1,[3] Key Hover Detection.mp4,1,1,-774.0034790039062,-176.94955444335938
1,[3] Key Hover Detection.mp4,1,2,-693.9256591796875,-404.73712158203125
1,[3] Key Hover Detection.mp4,1,3,-584.4231567382812,-553.0951538085938
1,[3] Key Hover Detection.mp4,1,4,-499.14703369140625,-672.19140625
1,[3] Key Hover Detection.mp4,1,5,-493.32012939453125,-469.98394775390625
1,[3] Key Hover Detection.mp4,1,6,-774.7530517578125,-554.2957763671875
1,[3] Key Hover Detection.mp4,1,7,-799.6322631835938,-444.9161071777344
1,[3] Key Hover Detection.mp4,1,8,-720.956787109375,-393.9320373535156
1,[3] Key Hover Detection.mp4,1,9,-476.2503967285156,-367.5835876464844
1,[3] Key Hover Detection.mp4,1,10,-809.4969482421875,-450.2466125488281
1,[3] Key Hover Detection.mp4,1,11,-798.7618408203125,-359.7398681640625
1,[3] Key Hover Detection.mp4,1,12,-724.8978271484375,-315.5910339355469
1,[3] Key Hover Detection.mp4,1,13,-507.9478759765625,-253.41766357421875
1,[3] Key Hover Detection.mp4,1,14,-817.6932983398438,-340.32269287109375
1,[3] Key Hover Detection.mp4,1,15,-810.004638671875,-259.9327392578125
1,[3] Key Hover Detection.mp4,1,16,-735.8988647460938,-224.12384033203125
1,[3] Key Hover Detection.mp4,1,17,-573.0111083984375,-140.34027099609375
1,[3] Key Hover Detection.mp4,1,18,-817.7900390625,-221.78672790527344
1,[3] Key Hover Detection.mp4,1,19,-799.5113525390625,-161.08607482910156
1,[3] Key Hover Detection.mp4,1,20,-727.1705322265625,-121.99560546875
