file_name,frame,led_1,led_2,led_3,led_4,led_5,led_6,led_7
Cap_Phase1_60_L.mp4,102,0,0,0,0,0,0,0
Cap_Phase1_60_L.mp4,103,0,0,0,0,0,0,0
Cap_Phase1_60_L.mp4,104,0,0,0,0,0,0,0
Cap_Phase1_60_L.mp4,105,0,0,0,0,0,0,0
Cap_Phase1_60_L.mp4,106,0,0,0,0,0,0,0
Cap_Phase1_60_L.mp4,107,0,0,0,0,0,0,0
Cap_Phase1_60_L.mp4,108,0,0,0,0,0,0,0
Cap_Phase1_60_L.mp4,109,0,0,0,0,0,0,0
Cap_Phase1_60_L.mp4,110,0,0,0,0,0,0,0
Cap_Phase1_60_L.mp4,111,0,0,0,0,0,0,0
Cap_Phase1_60_L.mp4,112,0,0,0,0,0,0,0
Cap_Phase1_60_L.mp4,113,0,0,0,0,0,0,0
Cap_Phase1_60_L.mp4,114,0,0,0,0,0,0,0
Cap_Phase1_60_L.mp4,115,0,0,0,0,0,0,0
Cap_Phase1_60_L.mp4,116,0,0,0,0,0,0,0
Cap_Phase1_60_L.mp4,117,0,0,0,0,0,0,0
Cap_Phase1_60_L.mp4,118,0,0,0,0,0,0,0
Cap_Phase1_60_L.mp4,119,0,0,0,0,0,0,0
Cap_Phase1_60_L.mp4,120,0,0,0,0,0,0,0
Cap_Phase1_60_L.mp4,121,0,0,0,0,0,0,0
Cap_Phase1_60_L.mp4,122,0,0,0,0,0,0,0
Cap_Phase1_60_L.mp4,123,0,0,0,0,0,0,0
Cap_Phase1_60_L.mp4,124,0,0,0,0,0,0,0
Cap_Phase1_60_L.mp4,125,0,0,0,0,0,0,0
Cap_Phase1_60_L.mp4,126,0,0,0,0,0,0,0
Cap_Phase1_60_L.mp4,127,0,0,0,0,0,0,0
Cap_Phase1_60_L.mp4,128,0,0,0,0,0,0,0
Cap_Phase1_60_L.mp4,129,0,0,0,0,0,0,0
Cap_Phase1_60_L.mp4,130,0,0,0,0,0,0,0
Cap_Phase1_60_L.mp4,131,0,0,0,0,0,0,0
Cap_Phase1_60_L.mp4,132,0,0,0,0,0,0,0
Cap_Phase1_60_L.mp4,133,0,0,0,0,0,0,0
Cap_Phase1_60_L.mp4,134,0,0,0,0,0,0,0
Cap_Phase1_60_L.mp4,135,0,0,0,0,0,0,0
Cap_Phase1_60_L.mp4,136,0,0,0,0,0,0,0
Cap_Phase1_60_L.mp4,137,0,0,0,0,0,0,0
Cap_Phase1_60_L.mp4,138,0,0,0,0,0,0,0
Cap_Phase1_60_L.mp4,139,0,0,0,0,0,0,0
Cap_Phase1_60_L.mp4,140,0,0,0,0,0,0,0
Cap_Phase1_60_L.mp4,141,0,0,0,0,0,0,0
Cap_Phase1_60_L.mp4,142,0,0,0,0,0,0,0
Cap_Phase1_60_L.mp4,143,0,0,0,0,0,0,0
Cap_Phase1_60_L.mp4,144,0,0,0,0,0,0,0
Cap_Phase1_60_L.mp4,145,0,0,0,0,0,0,0
Cap_Phase1_60_L.mp4,146,0,0,0,0,0,0,0
Cap_Phase1_60_L.mp4,147,0,0,0,0,0,0,0
Cap_Phase1_60_L.mp4,148,0,0,0,0,0,0,0
Cap_Phase1_60_L.mp4,149,0,0,0,0,0,0,0
Cap_Phase1_60_L.mp4,150,0,0,0,0,0,0,0
Cap_Phase1_60_L.mp4,151,0,0,0,0,0,0,0
Cap_Phase1_60_L.mp4,152,0,0,0,0,0,0,0
Cap_Phase1_60_L.mp4,153,0,0,0,0,0,0,0
Cap_Phase1_60_L.mp4,154,0,0,0,0,0,0,0
Cap_Phase1_60_L.mp4,155,0,0,0,0,0,0,0
Cap_Phase1_60_L.mp4,156,0,0,0,0,0,0,0
Cap_Phase1_60_L.mp4,157,0,0,0,0,0,0,0
Cap_Phase1_60_L.mp4,158,0,0,0,0,0,0,0
Cap_Phase1_60_L.mp4,159,0,0,0,0,0,0,0
Cap_Phase1_60_L.mp4,160,0,0,0,0,0,0,0
Cap_Phase1_60_L.mp4,161,0,0,0,0,0,0,0
Cap_Phase1_60_L.mp4,162,0,0,0,0,0,0,0
Cap_Phase1_60_L.mp4,163,0,0,0,0,0,0,0
Cap_Phase1_60_L.mp4,164,0,0,0,0,0,0,0
Cap_Phase1_60_L.mp4,165,0,0,0,0,0,0,0
Cap_Phase1_60_L.mp4,166,0,0,0,0,0,0,0
Cap_Phase1_60_L.mp4,167,0,0,0,0,0,0,0
Cap_Phase1_60_L.mp4,168,0,0,0,0,0,0,0
Cap_Phase1_60_L.mp4,169,0,0,0,0,0,0,0
Cap_Phase1_60_L.mp4,170,0,0,0,0,0,0,0
Cap_Phase1_60_L.mp4,171,0,0,0,0,0,0,0
Cap_Phase1_60_L.mp4,172,0,0,0,0,0,0,0
Cap_Phase1_60_L.mp4,173,0,0,0,0,0,0,0
Cap_Phase1_60_L.mp4,174,0,0,0,0,0,0,0
Cap_Phase1_60_L.mp4,175,0,0,0,0,0,0,0
Cap_Phase1_60_L.mp4,176,0,0,0,0,0,0,0
Cap_Phase1_60_L.mp4,177,0,0,0,0,0,0,0
Cap_Phase1_60_L.mp4,178,0,0,0,0,0,0,0
Cap_Phase1_60_L.mp4,179,0,0,0,0,0,0,0
Cap_Phase1_60_L.mp4,180,0,0,0,0,0,0,0
Cap_Phase1_60_L.mp4,181,0,0,0,0,0,0,0
Cap_Phase1_60_L.mp4,182,0,0,0,0,0,0,0
Cap_Phase1_60_L.mp4,183,0,0,0,0,0,0,0
Cap_Phase1_60_L.mp4,184,0,0,0,0,0,0,0
Cap_Phase1_60_L.mp4,185,0,0,0,0,0,0,0
Cap_Phase1_60_L.mp4,186,0,0,0,0,0,0,0
Cap_Phase1_60_L.mp4,187,0,0,0,0,0,0,0
Cap_Phase1_60_L.mp4,188,0,0,0,0,0,0,0
Cap_Phase1_60_L.mp4,189,0,0,0,0,0,0,0
Cap_Phase1_60_L.mp4,190,0,0,0,0,0,0,0
Cap_Phase1_60_L.mp4,191,0,0,0,0,0,0,0
Cap_Phase1_60_L.mp4,192,0,0,0,0,0,0,0
Cap_Phase1_60_L.mp4,193,0,0,0,0,0,0,0
Cap_Phase1_60_L.mp4,194,0,0,0,0,0,0,0
Cap_Phase1_60_L.mp4,195,0,0,0,0,0,0,0
Cap_Phase1_60_L.mp4,196,0,0,0,0,0,0,0
Cap_Phase1_60_L.mp4,197,0,0,0,0,0,0,0
Cap_Phase1_60_L.mp4,198,0,0,0,0,0,0,0
Cap_Phase1_60_L.mp4,199,0,0,0,0,0,0,0
Cap_Phase1_60_L.mp4,200,0,0,0,0,0,0,0
Cap_Phase1_60_L.mp4,201,0,0,0,0,0,0,0
Cap_Phase1_60_L.mp4,202,0,0,0,0,0,0,0
Cap_Phase1_60_L.mp4,203,0,0,0,0,0,0,0
Cap_Phase1_60_L.mp4,204,0,0,0,0,0,0,0
Cap_Phase1_60_L.mp4,205,0,0,0,0,0,0,0
Cap_Phase1_60_L.mp4,206,0,0,0,0,0,0,0
Cap_Phase1_60_L.mp4,207,0,0,0,0,0,0,0
Cap_Phase1_60_L.mp4,208,0,0,0,0,0,0,0
Cap_Phase1_60_L.mp4,209,0,0,0,0,0,0,0
Cap_Phase1_60_L.mp4,210,0,0,0,0,0,0,0
Cap_Phase1_60_L.mp4,211,0,0,0,0,0,0,0
Cap_Phase1_60_L.mp4,212,0,0,0,0,0,0,0
Cap_Phase1_60_L.mp4,213,0,0,0,0,0,0,0
Cap_Phase1_60_L.mp4,214,0,0,0,0,0,0,0
Cap_Phase1_60_L.mp4,215,0,0,0,0,0,0,0
Cap_Phase1_60_L.mp4,216,0,0,0,0,0,0,0
Cap_Phase1_60_L.mp4,217,0,0,0,0,0,0,0
Cap_Phase1_60_L.mp4,218,0,0,0,0,0,0,0
Cap_Phase1_60_L.mp4,219,0,0,0,0,0,0,0
Cap_Phase1_60_L.mp4,220,0,0,0,0,0,0,0
Cap_Phase1_60_L.mp4,221,0,0,0,0,0,0,0
Cap_Phase1_60_L.mp4,222,0,0,0,0,0,0,0
Cap_Phase1_60_L.mp4,223,0,0,0,0,0,0,0
Cap_Phase1_60_L.mp4,224,0,0,0,0,0,0,0
Cap_Phase1_60_L.mp4,225,0,0,0,0,0,0,0
Cap_Phase1_60_L.mp4,226,0,0,0,0,0,0,0
Cap_Phase1_60_L.mp4,227,0,0,0,0,0,0,0
Cap_Phase1_60_L.mp4,228,0,0,0,0,0,0,0
Cap_Phase1_60_L.mp4,229,0,0,0,0,0,0,0
Cap_Phase1_60_L.mp4,230,0,0,0,0,0,0,0
Cap_Phase1_60_L.mp4,231,0,0,0,0,0,0,0
Cap_Phase1_60_L.mp4,232,0,0,0,0,0,0,0
Cap_Phase1_60_L.mp4,233,0,0,0,0,0,0,0
Cap_Phase1_60_L.mp4,234,0,0,0,0,0,0,0
Cap_Phase1_60_L.mp4,235,0,0,0,0,0,0,0
Cap_Phase1_60_L.mp4,236,0,0,0,0,0,0,0
Cap_Phase1_60_L.mp4,237,0,0,0,0,0,0,0
Cap_Phase1_60_L.mp4,238,0,0,0,0,0,0,0
Cap_Phase1_60_L.mp4,239,0,0,0,0,0,0,0
Cap_Phase1_60_L.mp4,240,0,0,0,0,0,0,0
Cap_Phase1_60_L.mp4,241,0,0,0,0,0,0,0
Cap_Phase1_60_L.mp4,242,0,0,0,0,0,0,0
Cap_Phase1_60_L.mp4,243,0,0,0,0,0,0,0
Cap_Phase1_60_L.mp4,244,0,0,0,0,0,0,0
Cap_Phase1_60_L.mp4,245,0,0,0,0,0,0,0
Cap_Phase1_60_L.mp4,246,0,0,0,0,0,0,0
Cap_Phase1_60_L.mp4,247,0,0,0,0,0,0,0
Cap_Phase1_60_L.mp4,248,0,0,0,0,0,0,0
Cap_Phase1_60_L.mp4,249,0,0,0,0,0,0,0
Cap_Phase1_60_L.mp4,250,0,0,0,0,0,0,0
Cap_Phase1_60_L.mp4,251,0,0,0,0,0,0,0
Cap_Phase1_60_L.mp4,252,0,0,0,0,0,0,0
Cap_Phase1_60_L.mp4,253,0,0,0,0,0,0,0
Cap_Phase1_60_L.mp4,254,0,0,0,0,0,0,0
Cap_Phase1_60_L.mp4,255,0,0,0,0,0,0,0
Cap_Phase1_60_L.mp4,256,0,0,0,0,0,0,0
Cap_Phase1_60_L.mp4,257,0,0,0,0,0,0,0
Cap_Phase1_60_L.mp4,258,0,0,0,0,0,0,0
Cap_Phase1_60_L.mp4,259,0,0,0,0,0,0,0
Cap_Phase1_60_L.mp4,260,0,0,0,0,0,0,0
Cap_Phase1_60_L.mp4,261,0,0,0,0,0,0,0
Cap_Phase1_60_L.mp4,262,0,0,0,0,0,0,0
Cap_Phase1_60_L.mp4,263,0,0,0,0,0,0,0
Cap_Phase1_60_L.mp4,264,1,0,0,0,0,0,0
Cap_Phase1_60_L.mp4,265,1,0,0,0,0,0,0
Cap_Phase1_60_L.mp4,266,1,0,0,0,0,0,0
Cap_Phase1_60_L.mp4,267,1,0,0,0,0,0,0
Cap_Phase1_60_L.mp4,268,1,0,0,0,0,0,0
Cap_Phase1_60_L.mp4,269,1,0,0,0,0,0,0
Cap_Phase1_60_L.mp4,270,1,0,0,0,0,0,0
Cap_Phase1_60_L.mp4,271,1,0,0,0,0,0,0
Cap_Phase1_60_L.mp4,272,1,0,0,0,0,0,0
Cap_Phase1_60_L.mp4,273,1,0,0,0,0,0,0
Cap_Phase1_60_L.mp4,274,1,0,0,0,0,0,0
Cap_Phase1_60_L.mp4,275,1,0,0,0,0,0,0
Cap_Phase1_60_L.mp4,276,1,0,0,0,0,0,0
Cap_Phase1_60_L.mp4,277,1,0,0,0,0,0,0
Cap_Phase1_60_L.mp4,278,1,0,0,0,0,0,0
Cap_Phase1_60_L.mp4,279,1,0,0,0,0,0,0
Cap_Phase1_60_L.mp4,280,1,0,0,0,0,0,0
Cap_Phase1_60_L.mp4,281,1,0,0,0,0,0,0
Cap_Phase1_60_L.mp4,282,1,0,0,0,0,0,0
Cap_Phase1_60_L.mp4,283,1,0,0,0,0,0,0
Cap_Phase1_60_L.mp4,284,1,0,0,0,0,0,0
Cap_Phase1_60_L.mp4,285,1,0,0,0,0,0,0
Cap_Phase1_60_L.mp4,286,0,0,0,0,0,0,0
Cap_Phase1_60_L.mp4,287,0,0,0,0,0,0,0
Cap_Phase1_60_L.mp4,288,0,0,0,0,0,0,0
Cap_Phase1_60_L.mp4,289,0,0,0,0,0,0,0
Cap_Phase1_60_L.mp4,290,0,0,0,0,0,0,0
Cap_Phase1_60_L.mp4,291,0,0,0,0,0,0,0
Cap_Phase1_60_L.mp4,292,0,0,0,0,0,0,0
Cap_Phase1_60_L.mp4,293,0,0,0,0,0,0,0
Cap_Phase1_60_L.mp4,294,0,0,0,0,0,0,0
Cap_Phase1_60_L.mp4,295,0,0,0,0,0,0,0
Cap_Phase1_60_L.mp4,296,0,0,0,0,0,0,0
Cap_Phase1_60_L.mp4,297,0,0,0,0,0,0,0
Cap_Phase1_60_L.mp4,298,0,0,0,0,0,0,0
Cap_Phase1_60_L.mp4,299,0,0,0,0,0,0,0
Cap_Phase1_60_L.mp4,300,0,0,0,0,0,0,0
Cap_Phase1_60_L.mp4,301,0,0,0,0,0,0,0
Cap_Phase1_60_L.mp4,302,0,0,0,0,0,0,0
Cap_Phase1_60_L.mp4,303,0,0,0,0,0,0,0
Cap_Phase1_60_L.mp4,304,0,0,0,0,0,0,0
Cap_Phase1_60_L.mp4,305,0,0,0,0,0,0,0
Cap_Phase1_60_L.mp4,306,0,0,0,0,0,0,0
Cap_Phase1_60_L.mp4,307,0,0,0,0,0,0,0
Cap_Phase1_60_L.mp4,308,0,0,0,0,0,0,0
Cap_Phase1_60_L.mp4,309,0,0,0,0,0,0,0
Cap_Phase1_60_L.mp4,310,0,0,0,0,0,0,0
Cap_Phase1_60_L.mp4,311,0,0,0,0,0,0,0
Cap_Phase1_60_L.mp4,312,0,0,0,0,0,0,0
Cap_Phase1_60_L.mp4,313,0,0,0,0,0,0,0
Cap_Phase1_60_L.mp4,314,0,0,0,0,0,0,0
Cap_Phase1_60_L.mp4,315,0,0,0,0,0,0,0
Cap_Phase1_60_L.mp4,316,0,0,0,0,0,0,0
Cap_Phase1_60_L.mp4,317,0,0,0,0,0,0,0
Cap_Phase1_60_L.mp4,318,0,0,0,0,0,0,0
Cap_Phase1_60_L.mp4,319,0,0,0,0,0,0,0
Cap_Phase1_60_L.mp4,320,0,0,0,0,0,0,0
Cap_Phase1_60_L.mp4,321,0,0,0,0,0,0,0
Cap_Phase1_60_L.mp4,322,0,0,0,0,0,0,0
Cap_Phase1_60_L.mp4,323,0,0,0,0,0,0,0
Cap_Phase1_60_L.mp4,324,0,0,0,0,0,0,0
Cap_Phase1_60_L.mp4,325,0,0,0,0,0,0,0
Cap_Phase1_60_L.mp4,326,0,0,0,0,0,0,0
Cap_Phase1_60_L.mp4,327,1,0,0,0,0,0,0
Cap_Phase1_60_L.mp4,328,1,0,0,0,0,0,0
Cap_Phase1_60_L.mp4,329,1,0,0,0,0,0,0
Cap_Phase1_60_L.mp4,330,1,0,0,0,0,0,0
Cap_Phase1_60_L.mp4,331,1,0,0,0,0,0,0
Cap_Phase1_60_L.mp4,332,1,0,0,0,0,0,0
Cap_Phase1_60_L.mp4,333,1,0,0,0,0,0,0
Cap_Phase1_60_L.mp4,334,1,0,0,0,0,0,0
Cap_Phase1_60_L.mp4,335,1,0,0,0,0,0,0
Cap_Phase1_60_L.mp4,336,1,0,0,0,0,0,0
Cap_Phase1_60_L.mp4,337,1,0,0,0,0,0,0
Cap_Phase1_60_L.mp4,338,1,0,0,0,0,0,0
Cap_Phase1_60_L.mp4,339,1,0,0,0,0,0,0
Cap_Phase1_60_L.mp4,340,1,0,0,0,0,0,0
Cap_Phase1_60_L.mp4,341,1,0,0,0,0,0,0
Cap_Phase1_60_L.mp4,342,1,0,0,0,0,0,0
Cap_Phase1_60_L.mp4,343,1,0,0,0,0,0,0
Cap_Phase1_60_L.mp4,344,1,0,0,0,0,0,0
Cap_Phase1_60_L.mp4,345,1,0,0,0,0,0,0
Cap_Phase1_60_L.mp4,346,1,0,0,0,0,0,0
Cap_Phase1_60_L.mp4,347,1,0,0,0,0,0,0
Cap_Phase1_60_L.mp4,348,1,0,0,0,0,0,0
Cap_Phase1_60_L.mp4,349,1,0,0,0,0,0,0
Cap_Phase1_60_L.mp4,350,0,0,0,0,0,0,0
Cap_Phase1_60_L.mp4,351,0,0,0,0,0,0,0
Cap_Phase1_60_L.mp4,352,0,0,0,0,0,0,0
Cap_Phase1_60_L.mp4,353,0,0,0,0,0,0,0
Cap_Phase1_60_L.mp4,354,0,0,0,0,0,0,0
Cap_Phase1_60_L.mp4,355,0,0,0,0,0,0,0
Cap_Phase1_60_L.mp4,356,0,0,0,0,0,0,0
Cap_Phase1_60_L.mp4,357,0,0,0,0,0,0,0
Cap_Phase1_60_L.mp4,358,0,0,0,0,0,0,0
Cap_Phase1_60_L.mp4,359,0,0,0,0,0,0,0
Cap_Phase1_60_L.mp4,360,0,0,0,0,0,0,0
Cap_Phase1_60_L.mp4,361,0,0,0,0,0,0,0
Cap_Phase1_60_L.mp4,362,0,0,0,0,0,0,0
Cap_Phase1_60_L.mp4,363,0,0,0,0,0,0,0
Cap_Phase1_60_L.mp4,364,0,0,0,0,0,0,0
Cap_Phase1_60_L.mp4,365,0,0,0,0,0,0,0
Cap_Phase1_60_L.mp4,366,0,0,0,0,0,0,0
Cap_Phase1_60_L.mp4,367,0,0,0,0,0,0,0
Cap_Phase1_60_L.mp4,368,0,0,0,0,0,0,0
Cap_Phase1_60_L.mp4,369,0,0,0,0,0,0,0
Cap_Phase1_60_L.mp4,370,0,0,0,0,0,0,0
Cap_Phase1_60_L.mp4,371,0,0,0,0,0,0,0
Cap_Phase1_60_L.mp4,372,0,0,0,0,0,0,0
Cap_Phase1_60_L.mp4,373,0,0,0,0,0,0,0
Cap_Phase1_60_L.mp4,374,0,0,0,0,0,0,0
Cap_Phase1_60_L.mp4,375,0,0,0,0,0,0,0
Cap_Phase1_60_L.mp4,376,0,0,0,0,0,0,0
Cap_Phase1_60_L.mp4,377,0,0,0,0,0,0,0
Cap_Phase1_60_L.mp4,378,0,0,0,0,0,0,0
Cap_Phase1_60_L.mp4,379,0,0,0,0,0,0,0
Cap_Phase1_60_L.mp4,380,0,0,0,0,0,0,0
Cap_Phase1_60_L.mp4,381,0,0,0,0,0,0,0
Cap_Phase1_60_L.mp4,382,0,0,0,0,0,0,0
Cap_Phase1_60_L.mp4,383,0,0,0,0,0,0,0
Cap_Phase1_60_L.mp4,384,0,0,0,0,0,0,0
Cap_Phase1_60_L.mp4,385,0,1,0,0,0,0,0
Cap_Phase1_60_L.mp4,386,0,1,0,0,0,0,0
Cap_Phase1_60_L.mp4,387,0,1,0,1,0,0,0
Cap_Phase1_60_L.mp4,388,0,1,0,1,0,0,0
Cap_Phase1_60_L.mp4,389,0,1,0,1,0,0,0
Cap_Phase1_60_L.mp4,390,0,1,0,1,0,0,0
Cap_Phase1_60_L.mp4,391,0,1,0,1,0,0,0
Cap_Phase1_60_L.mp4,392,0,1,0,1,0,0,0
Cap_Phase1_60_L.mp4,393,0,1,0,1,0,0,0
Cap_Phase1_60_L.mp4,394,0,1,0,1,0,0,0
Cap_Phase1_60_L.mp4,395,0,1,0,1,0,0,0
Cap_Phase1_60_L.mp4,396,0,1,0,1,0,0,0
Cap_Phase1_60_L.mp4,397,0,1,0,1,0,0,0
Cap_Phase1_60_L.mp4,398,0,1,0,1,0,0,0
Cap_Phase1_60_L.mp4,399,0,1,0,1,0,0,0
Cap_Phase1_60_L.mp4,400,0,1,0,0,0,0,0
Cap_Phase1_60_L.mp4,401,0,1,0,0,0,0,0
Cap_Phase1_60_L.mp4,402,0,1,0,0,0,0,0
Cap_Phase1_60_L.mp4,403,0,1,0,0,0,0,0
Cap_Phase1_60_L.mp4,404,0,1,0,0,0,0,0
Cap_Phase1_60_L.mp4,405,0,1,0,0,0,0,0
Cap_Phase1_60_L.mp4,406,0,1,0,0,0,0,0
Cap_Phase1_60_L.mp4,407,0,1,0,0,0,0,0
Cap_Phase1_60_L.mp4,408,0,1,0,0,0,0,0
Cap_Phase1_60_L.mp4,409,0,1,0,0,0,0,0
Cap_Phase1_60_L.mp4,410,0,0,0,0,0,0,0
Cap_Phase1_60_L.mp4,411,0,0,0,0,0,0,0
Cap_Phase1_60_L.mp4,412,0,0,0,0,0,0,0
Cap_Phase1_60_L.mp4,413,0,0,0,0,0,0,0
Cap_Phase1_60_L.mp4,414,0,0,0,0,0,0,0
Cap_Phase1_60_L.mp4,415,0,0,0,0,0,0,0
Cap_Phase1_60_L.mp4,416,0,0,0,0,0,0,0
Cap_Phase1_60_L.mp4,417,0,0,0,0,0,0,0
Cap_Phase1_60_L.mp4,418,0,0,0,0,0,0,0
Cap_Phase1_60_L.mp4,419,0,0,0,0,0,0,0
Cap_Phase1_60_L.mp4,420,0,0,0,0,0,0,0
Cap_Phase1_60_L.mp4,421,0,0,0,0,0,0,0
Cap_Phase1_60_L.mp4,422,0,0,0,0,0,0,0
Cap_Phase1_60_L.mp4,423,0,0,0,0,0,0,0
Cap_Phase1_60_L.mp4,424,0,0,0,0,0,0,0
Cap_Phase1_60_L.mp4,425,0,0,0,0,0,0,0
Cap_Phase1_60_L.mp4,426,0,0,0,0,0,0,0
Cap_Phase1_60_L.mp4,427,0,0,0,0,0,0,0
Cap_Phase1_60_L.mp4,428,0,0,0,0,0,0,0
Cap_Phase1_60_L.mp4,429,0,0,0,0,0,0,0
Cap_Phase1_60_L.mp4,430,0,0,0,0,0,0,0
Cap_Phase1_60_L.mp4,431,0,0,0,0,0,0,0
Cap_Phase1_60_L.mp4,432,0,0,0,0,0,0,0
Cap_Phase1_60_L.mp4,433,0,0,0,0,0,0,0
Cap_Phase1_60_L.mp4,434,0,0,0,0,0,0,0
Cap_Phase1_60_L.mp4,435,0,0,0,0,0,0,0
Cap_Phase1_60_L.mp4,436,0,0,0,0,0,0,0
Cap_Phase1_60_L.mp4,437,0,0,0,0,0,0,0
Cap_Phase1_60_L.mp4,438,0,0,0,0,0,0,0
Cap_Phase1_60_L.mp4,439,0,0,0,0,0,0,0
Cap_Phase1_60_L.mp4,440,0,0,0,0,0,0,0
Cap_Phase1_60_L.mp4,441,0,0,0,0,0,0,0
Cap_Phase1_60_L.mp4,442,0,0,0,0,0,0,0
Cap_Phase1_60_L.mp4,443,0,1,0,0,0,0,0
Cap_Phase1_60_L.mp4,444,0,1,0,0,0,0,0
Cap_Phase1_60_L.mp4,445,0,1,0,0,0,0,0
Cap_Phase1_60_L.mp4,446,0,1,0,0,0,0,0
Cap_Phase1_60_L.mp4,447,0,1,0,0,0,0,0
Cap_Phase1_60_L.mp4,448,0,1,0,0,0,0,0
Cap_Phase1_60_L.mp4,449,0,1,0,0,0,0,0
Cap_Phase1_60_L.mp4,450,0,1,0,0,0,0,0
Cap_Phase1_60_L.mp4,451,0,1,0,0,0,0,0
Cap_Phase1_60_L.mp4,452,0,1,0,0,0,0,0
Cap_Phase1_60_L.mp4,453,0,1,0,0,0,0,0
Cap_Phase1_60_L.mp4,454,0,1,0,0,0,0,0
Cap_Phase1_60_L.mp4,455,0,1,0,0,0,0,0
Cap_Phase1_60_L.mp4,456,0,1,0,0,0,0,0
Cap_Phase1_60_L.mp4,457,0,1,0,0,0,0,0
Cap_Phase1_60_L.mp4,458,0,1,0,0,0,0,0
Cap_Phase1_60_L.mp4,459,0,1,0,0,0,0,0
Cap_Phase1_60_L.mp4,460,0,1,0,0,0,0,0
Cap_Phase1_60_L.mp4,461,0,1,0,0,0,0,0
Cap_Phase1_60_L.mp4,462,0,1,0,0,0,0,0
Cap_Phase1_60_L.mp4,463,0,1,0,0,0,0,0
Cap_Phase1_60_L.mp4,464,0,1,0,0,0,0,0
Cap_Phase1_60_L.mp4,465,0,1,0,0,0,0,0
Cap_Phase1_60_L.mp4,466,0,1,0,0,0,0,0
Cap_Phase1_60_L.mp4,467,0,1,0,0,0,0,0
Cap_Phase1_60_L.mp4,468,0,1,0,0,0,0,0
Cap_Phase1_60_L.mp4,469,0,1,0,0,0,0,0
Cap_Phase1_60_L.mp4,470,0,0,0,0,0,0,0
Cap_Phase1_60_L.mp4,471,0,0,0,0,0,0,0
Cap_Phase1_60_L.mp4,472,0,0,0,0,0,0,0
Cap_Phase1_60_L.mp4,473,0,0,0,0,0,0,0
Cap_Phase1_60_L.mp4,474,0,0,0,0,0,0,0
Cap_Phase1_60_L.mp4,475,0,0,0,0,0,0,0
Cap_Phase1_60_L.mp4,476,0,0,0,0,0,0,0
Cap_Phase1_60_L.mp4,477,0,0,0,0,0,0,0
Cap_Phase1_60_L.mp4,478,0,0,0,0,0,0,0
Cap_Phase1_60_L.mp4,479,0,0,0,0,0,0,0
Cap_Phase1_60_L.mp4,480,0,0,0,0,0,0,0
Cap_Phase1_60_L.mp4,481,0,0,0,0,0,0,0
Cap_Phase1_60_L.mp4,482,0,0,0,0,0,0,0
Cap_Phase1_60_L.mp4,483,0,0,0,0,0,0,0
Cap_Phase1_60_L.mp4,484,0,0,0,0,0,0,0
Cap_Phase1_60_L.mp4,485,0,0,0,0,0,0,0
Cap_Phase1_60_L.mp4,486,0,0,0,0,0,0,0
Cap_Phase1_60_L.mp4,487,0,0,0,0,0,0,0
Cap_Phase1_60_L.mp4,488,0,0,0,0,0,0,0
Cap_Phase1_60_L.mp4,489,0,0,0,0,0,0,0
Cap_Phase1_60_L.mp4,490,0,0,0,0,0,0,0
Cap_Phase1_60_L.mp4,491,0,0,0,0,0,0,0
Cap_Phase1_60_L.mp4,492,0,0,0,0,0,0,0
Cap_Phase1_60_L.mp4,493,0,0,0,0,0,0,0
Cap_Phase1_60_L.mp4,494,0,0,0,0,0,0,0
Cap_Phase1_60_L.mp4,495,0,0,0,0,0,0,0
Cap_Phase1_60_L.mp4,496,0,0,0,0,0,0,0
Cap_Phase1_60_L.mp4,497,0,0,0,0,0,0,0
Cap_Phase1_60_L.mp4,498,0,0,0,0,0,0,0
Cap_Phase1_60_L.mp4,499,0,0,0,0,0,0,0
Cap_Phase1_60_L.mp4,500,0,0,0,0,0,0,0
Cap_Phase1_60_L.mp4,501,0,0,0,0,0,0,0
Cap_Phase1_60_L.mp4,502,0,0,1,0,0,0,0
Cap_Phase1_60_L.mp4,503,0,0,1,0,0,0,0
Cap_Phase1_60_L.mp4,504,0,0,1,0,0,0,0
Cap_Phase1_60_L.mp4,505,0,0,1,0,0,0,0
Cap_Phase1_60_L.mp4,506,0,0,1,0,0,0,0
Cap_Phase1_60_L.mp4,507,0,0,1,0,0,0,0
Cap_Phase1_60_L.mp4,508,0,0,1,0,0,0,0
Cap_Phase1_60_L.mp4,509,0,0,1,0,0,0,0
Cap_Phase1_60_L.mp4,510,0,0,1,0,0,0,0
Cap_Phase1_60_L.mp4,511,0,0,1,0,0,0,0
Cap_Phase1_60_L.mp4,512,0,0,1,0,0,0,0
Cap_Phase1_60_L.mp4,513,0,0,1,0,0,0,0
Cap_Phase1_60_L.mp4,514,0,0,1,0,0,0,0
Cap_Phase1_60_L.mp4,515,0,0,1,0,0,0,0
Cap_Phase1_60_L.mp4,516,0,0,1,0,0,0,0
Cap_Phase1_60_L.mp4,517,0,0,1,0,0,0,0
Cap_Phase1_60_L.mp4,518,0,0,1,0,0,0,0
Cap_Phase1_60_L.mp4,519,0,0,1,0,0,0,0
Cap_Phase1_60_L.mp4,520,0,0,1,0,0,0,0
Cap_Phase1_60_L.mp4,521,0,0,1,0,0,0,0
Cap_Phase1_60_L.mp4,522,0,0,1,0,0,0,0
Cap_Phase1_60_L.mp4,523,0,0,1,0,0,0,0
Cap_Phase1_60_L.mp4,524,0,0,1,0,0,0,0
Cap_Phase1_60_L.mp4,525,0,0,0,0,0,0,0
Cap_Phase1_60_L.mp4,526,0,0,0,0,0,0,0
Cap_Phase1_60_L.mp4,527,0,0,0,0,0,0,0
Cap_Phase1_60_L.mp4,528,0,0,0,0,0,0,0
Cap_Phase1_60_L.mp4,529,0,0,0,0,0,0,0
Cap_Phase1_60_L.mp4,530,0,0,0,0,0,0,0
Cap_Phase1_60_L.mp4,531,0,0,1,0,0,0,0
Cap_Phase1_60_L.mp4,532,0,0,1,0,0,0,0
Cap_Phase1_60_L.mp4,533,0,0,1,0,0,0,0
Cap_Phase1_60_L.mp4,534,0,0,1,0,0,0,0
Cap_Phase1_60_L.mp4,535,0,0,1,0,0,0,0
Cap_Phase1_60_L.mp4,536,0,0,0,0,0,0,0
Cap_Phase1_60_L.mp4,537,0,0,0,0,0,0,0
Cap_Phase1_60_L.mp4,538,0,0,0,0,0,0,0
Cap_Phase1_60_L.mp4,539,0,0,0,0,0,0,0
Cap_Phase1_60_L.mp4,540,0,0,0,0,0,0,0
Cap_Phase1_60_L.mp4,541,0,0,0,0,0,0,0
Cap_Phase1_60_L.mp4,542,0,0,0,0,0,0,0
Cap_Phase1_60_L.mp4,543,0,0,0,0,0,0,0
Cap_Phase1_60_L.mp4,544,0,0,0,0,0,0,0
Cap_Phase1_60_L.mp4,545,0,0,0,0,0,0,0
Cap_Phase1_60_L.mp4,546,0,0,0,0,0,0,0
Cap_Phase1_60_L.mp4,547,0,0,0,0,0,0,0
Cap_Phase1_60_L.mp4,548,0,0,0,0,0,0,0
Cap_Phase1_60_L.mp4,549,0,0,0,0,0,0,0
Cap_Phase1_60_L.mp4,550,0,0,0,0,0,0,0
Cap_Phase1_60_L.mp4,551,0,0,0,0,0,0,0
Cap_Phase1_60_L.mp4,552,0,0,0,0,0,0,0
Cap_Phase1_60_L.mp4,553,0,0,0,0,0,0,0
Cap_Phase1_60_L.mp4,554,0,0,0,0,0,0,0
Cap_Phase1_60_L.mp4,555,0,0,0,0,0,0,0
Cap_Phase1_60_L.mp4,556,0,0,0,0,0,0,0
Cap_Phase1_60_L.mp4,557,0,0,0,0,0,0,0
Cap_Phase1_60_L.mp4,558,0,0,0,0,0,0,0
Cap_Phase1_60_L.mp4,559,0,0,0,0,0,0,0
Cap_Phase1_60_L.mp4,560,0,0,0,0,0,0,0
Cap_Phase1_60_L.mp4,561,0,0,0,0,0,0,0
Cap_Phase1_60_L.mp4,562,0,0,0,0,0,0,0
Cap_Phase1_60_L.mp4,563,0,0,0,0,0,0,0
Cap_Phase1_60_L.mp4,564,0,0,0,0,0,0,0
Cap_Phase1_60_L.mp4,565,0,0,0,0,0,0,0
Cap_Phase1_60_L.mp4,566,0,0,0,0,0,0,0
Cap_Phase1_60_L.mp4,567,0,0,0,0,0,0,0
Cap_Phase1_60_L.mp4,568,0,0,0,0,0,0,0
Cap_Phase1_60_L.mp4,569,0,0,0,0,0,0,0
Cap_Phase1_60_L.mp4,570,0,0,0,0,0,0,0
Cap_Phase1_60_L.mp4,571,0,0,0,0,0,0,0
Cap_Phase1_60_L.mp4,572,0,0,0,0,0,0,0
Cap_Phase1_60_L.mp4,573,0,0,0,0,0,0,0
Cap_Phase1_60_L.mp4,574,0,0,0,0,0,0,0
Cap_Phase1_60_L.mp4,575,0,0,0,0,0,0,0
Cap_Phase1_60_L.mp4,576,0,0,0,0,0,0,0
Cap_Phase1_60_L.mp4,577,0,0,0,0,0,0,0
Cap_Phase1_60_L.mp4,578,0,0,0,0,0,0,0
Cap_Phase1_60_L.mp4,579,0,0,0,0,0,0,0
Cap_Phase1_60_L.mp4,580,0,0,0,0,0,0,0
Cap_Phase1_60_L.mp4,581,0,0,0,0,0,0,0
Cap_Phase1_60_L.mp4,582,0,0,0,0,0,0,0
Cap_Phase1_60_L.mp4,583,0,0,0,0,0,0,0
Cap_Phase1_60_L.mp4,584,0,0,0,0,0,0,0
Cap_Phase1_60_L.mp4,585,0,0,0,0,0,0,0
Cap_Phase1_60_L.mp4,586,0,0,0,0,0,0,0
Cap_Phase1_60_L.mp4,587,0,0,0,0,0,0,0
Cap_Phase1_60_L.mp4,588,0,0,0,0,0,0,0
Cap_Phase1_60_L.mp4,589,0,0,1,0,0,0,0
Cap_Phase1_60_L.mp4,590,0,0,0,0,0,0,0
Cap_Phase1_60_L.mp4,591,0,0,0,0,0,0,0
Cap_Phase1_60_L.mp4,592,0,0,0,0,0,0,0
Cap_Phase1_60_L.mp4,593,0,0,0,0,0,0,0
Cap_Phase1_60_L.mp4,594,0,0,0,0,0,0,0
Cap_Phase1_60_L.mp4,595,0,0,0,0,0,0,0
Cap_Phase1_60_L.mp4,596,0,0,0,0,0,0,0
Cap_Phase1_60_L.mp4,597,0,0,0,0,0,0,0
Cap_Phase1_60_L.mp4,598,0,0,0,0,0,0,0
Cap_Phase1_60_L.mp4,599,0,0,0,0,0,0,0
Cap_Phase1_60_L.mp4,600,0,0,0,0,0,0,0
Cap_Phase1_60_L.mp4,601,0,0,0,0,0,0,0
Cap_Phase1_60_L.mp4,602,0,0,0,0,0,0,0
Cap_Phase1_60_L.mp4,603,0,0,0,0,0,0,0
Cap_Phase1_60_L.mp4,604,0,0,0,0,0,0,0
Cap_Phase1_60_L.mp4,605,0,0,0,0,0,0,0
Cap_Phase1_60_L.mp4,606,0,0,0,0,0,0,0
Cap_Phase1_60_L.mp4,607,0,0,0,0,0,0,0
Cap_Phase1_60_L.mp4,608,0,0,0,0,0,0,0
Cap_Phase1_60_L.mp4,609,0,0,0,0,0,0,0
Cap_Phase1_60_L.mp4,610,0,0,0,0,0,0,0
Cap_Phase1_60_L.mp4,611,0,0,0,0,0,0,0
Cap_Phase1_60_L.mp4,612,0,0,0,0,0,0,0
Cap_Phase1_60_L.mp4,613,0,0,0,0,0,0,0
Cap_Phase1_60_L.mp4,614,0,0,0,0,0,0,0
Cap_Phase1_60_L.mp4,615,0,0,0,0,0,0,0
Cap_Phase1_60_L.mp4,616,0,0,0,0,0,0,0
Cap_Phase1_60_L.mp4,617,0,0,0,0,0,0,0
Cap_Phase1_60_L.mp4,618,0,0,0,0,0,0,0
Cap_Phase1_60_L.mp4,619,0,0,0,0,0,0,0
Cap_Phase1_60_L.mp4,620,0,0,0,0,0,0,0
Cap_Phase1_60_L.mp4,621,0,0,0,0,0,0,0
Cap_Phase1_60_L.mp4,622,0,0,0,0,0,0,0
Cap_Phase1_60_L.mp4,623,0,0,0,1,0,0,0
Cap_Phase1_60_L.mp4,624,0,0,0,1,0,0,0
Cap_Phase1_60_L.mp4,625,0,0,0,1,0,0,0
Cap_Phase1_60_L.mp4,626,0,0,0,1,0,0,0
Cap_Phase1_60_L.mp4,627,0,0,0,1,0,0,0
Cap_Phase1_60_L.mp4,628,0,0,0,1,0,0,0
Cap_Phase1_60_L.mp4,629,0,0,0,1,0,0,0
Cap_Phase1_60_L.mp4,630,0,0,0,1,0,0,0
Cap_Phase1_60_L.mp4,631,0,0,0,1,0,0,0
Cap_Phase1_60_L.mp4,632,0,0,0,1,0,0,0
Cap_Phase1_60_L.mp4,633,0,0,0,1,0,0,0
Cap_Phase1_60_L.mp4,634,0,0,0,1,0,0,0
Cap_Phase1_60_L.mp4,635,0,0,0,1,0,0,0
Cap_Phase1_60_L.mp4,636,0,0,0,1,0,0,0
Cap_Phase1_60_L.mp4,637,0,0,0,1,0,0,0
Cap_Phase1_60_L.mp4,638,0,0,0,1,0,0,0
Cap_Phase1_60_L.mp4,639,0,0,0,1,0,0,0
Cap_Phase1_60_L.mp4,640,0,0,0,1,0,0,0
Cap_Phase1_60_L.mp4,641,0,0,0,1,0,0,0
Cap_Phase1_60_L.mp4,642,0,0,0,1,0,0,0
Cap_Phase1_60_L.mp4,643,0,0,0,1,0,0,0
Cap_Phase1_60_L.mp4,644,0,0,0,1,0,0,0
Cap_Phase1_60_L.mp4,645,0,0,0,1,0,0,0
Cap_Phase1_60_L.mp4,646,0,0,0,1,0,0,0
Cap_Phase1_60_L.mp4,647,0,0,0,1,0,0,0
Cap_Phase1_60_L.mp4,648,0,0,0,1,0,0,0
Cap_Phase1_60_L.mp4,649,0,0,0,1,0,0,0
Cap_Phase1_60_L.mp4,650,0,0,0,1,0,0,0
Cap_Phase1_60_L.mp4,651,0,0,0,0,0,0,0
Cap_Phase1_60_L.mp4,652,0,0,0,0,0,0,0
Cap_Phase1_60_L.mp4,653,0,0,0,0,0,0,0
Cap_Phase1_60_L.mp4,654,0,0,0,0,0,0,0
Cap_Phase1_60_L.mp4,655,0,0,0,0,0,0,0
Cap_Phase1_60_L.mp4,656,0,0,0,0,0,0,0
Cap_Phase1_60_L.mp4,657,0,0,0,0,0,0,0
Cap_Phase1_60_L.mp4,658,0,0,0,0,0,0,0
Cap_Phase1_60_L.mp4,659,0,0,0,0,0,0,0
Cap_Phase1_60_L.mp4,660,0,0,0,0,0,0,0
Cap_Phase1_60_L.mp4,661,0,0,0,0,0,0,0
Cap_Phase1_60_L.mp4,662,0,0,0,0,0,0,0
Cap_Phase1_60_L.mp4,663,0,0,0,0,0,0,0
Cap_Phase1_60_L.mp4,664,0,0,0,0,0,0,0
Cap_Phase1_60_L.mp4,665,0,0,0,0,0,0,0
Cap_Phase1_60_L.mp4,666,0,0,0,0,0,0,0
Cap_Phase1_60_L.mp4,667,0,0,0,0,0,0,0
Cap_Phase1_60_L.mp4,668,0,0,0,0,0,0,0
Cap_Phase1_60_L.mp4,669,0,0,0,0,0,0,0
Cap_Phase1_60_L.mp4,670,0,0,0,0,0,0,0
Cap_Phase1_60_L.mp4,671,0,0,0,0,0,0,0
Cap_Phase1_60_L.mp4,672,0,0,0,0,0,0,0
Cap_Phase1_60_L.mp4,673,0,0,0,0,0,0,0
Cap_Phase1_60_L.mp4,674,0,0,0,0,0,0,0
Cap_Phase1_60_L.mp4,675,0,0,0,0,0,0,0
Cap_Phase1_60_L.mp4,676,0,0,0,0,0,0,0
Cap_Phase1_60_L.mp4,677,0,0,0,0,0,0,0
Cap_Phase1_60_L.mp4,678,0,0,0,0,0,0,0
Cap_Phase1_60_L.mp4,679,0,0,0,0,0,0,0
Cap_Phase1_60_L.mp4,680,0,0,0,0,0,0,0
Cap_Phase1_60_L.mp4,681,0,0,0,0,0,0,0
Cap_Phase1_60_L.mp4,682,0,0,0,0,1,0,0
Cap_Phase1_60_L.mp4,683,0,1,1,0,1,0,0
Cap_Phase1_60_L.mp4,684,0,1,1,1,0,0,0
Cap_Phase1_60_L.mp4,685,0,1,1,1,0,0,0
Cap_Phase1_60_L.mp4,686,0,1,1,1,0,0,0
Cap_Phase1_60_L.mp4,687,0,1,1,1,0,0,0
Cap_Phase1_60_L.mp4,688,0,1,1,1,0,0,0
Cap_Phase1_60_L.mp4,689,0,1,1,1,0,0,0
Cap_Phase1_60_L.mp4,690,0,1,1,1,0,0,0
Cap_Phase1_60_L.mp4,691,0,1,1,1,0,0,0
Cap_Phase1_60_L.mp4,692,0,1,1,1,0,0,0
Cap_Phase1_60_L.mp4,693,0,1,1,1,0,0,0
Cap_Phase1_60_L.mp4,694,0,1,1,1,0,0,0
Cap_Phase1_60_L.mp4,695,0,1,1,1,0,0,0
Cap_Phase1_60_L.mp4,696,0,1,1,1,0,0,0
Cap_Phase1_60_L.mp4,697,0,1,1,1,0,0,0
Cap_Phase1_60_L.mp4,698,0,1,1,1,0,0,0
Cap_Phase1_60_L.mp4,699,0,1,1,1,0,0,0
Cap_Phase1_60_L.mp4,700,0,1,1,1,0,0,0
Cap_Phase1_60_L.mp4,701,0,1,1,1,0,0,0
Cap_Phase1_60_L.mp4,702,0,1,1,1,0,0,0
Cap_Phase1_60_L.mp4,703,0,1,1,1,0,0,0
Cap_Phase1_60_L.mp4,704,0,1,1,1,0,0,0
Cap_Phase1_60_L.mp4,705,0,0,1,1,0,0,0
Cap_Phase1_60_L.mp4,706,0,0,1,1,0,0,0
Cap_Phase1_60_L.mp4,707,0,0,1,1,0,0,0
Cap_Phase1_60_L.mp4,708,0,0,1,0,0,0,0
Cap_Phase1_60_L.mp4,709,0,0,0,0,0,0,0
Cap_Phase1_60_L.mp4,710,0,0,0,0,0,0,0
Cap_Phase1_60_L.mp4,711,0,0,0,0,0,0,0
Cap_Phase1_60_L.mp4,712,0,0,0,0,0,0,0
Cap_Phase1_60_L.mp4,713,0,0,0,0,0,0,0
Cap_Phase1_60_L.mp4,714,0,0,0,0,0,0,0
Cap_Phase1_60_L.mp4,715,0,0,0,0,0,0,0
Cap_Phase1_60_L.mp4,716,0,0,0,0,0,0,0
Cap_Phase1_60_L.mp4,717,0,0,0,0,0,0,0
Cap_Phase1_60_L.mp4,718,0,0,0,0,0,0,0
Cap_Phase1_60_L.mp4,719,0,0,0,0,0,0,0
Cap_Phase1_60_L.mp4,720,0,0,0,0,0,0,0
Cap_Phase1_60_L.mp4,721,0,0,0,0,0,0,0
Cap_Phase1_60_L.mp4,722,0,0,0,0,0,0,0
Cap_Phase1_60_L.mp4,723,0,0,0,0,0,0,0
Cap_Phase1_60_L.mp4,724,0,0,0,0,0,0,0
Cap_Phase1_60_L.mp4,725,0,0,0,0,0,0,0
Cap_Phase1_60_L.mp4,726,0,0,0,0,0,0,0
Cap_Phase1_60_L.mp4,727,0,0,0,0,0,0,0
Cap_Phase1_60_L.mp4,728,0,0,0,0,0,0,0
Cap_Phase1_60_L.mp4,729,0,0,0,0,0,0,0
Cap_Phase1_60_L.mp4,730,0,0,0,0,0,0,0
Cap_Phase1_60_L.mp4,731,0,0,0,0,0,0,0
Cap_Phase1_60_L.mp4,732,0,0,0,0,0,0,0
Cap_Phase1_60_L.mp4,733,0,0,0,0,0,0,0
Cap_Phase1_60_L.mp4,734,0,0,0,0,0,0,0
Cap_Phase1_60_L.mp4,735,0,0,0,0,0,0,0
Cap_Phase1_60_L.mp4,736,0,0,0,0,0,0,0
Cap_Phase1_60_L.mp4,737,0,0,0,0,0,0,0
Cap_Phase1_60_L.mp4,738,0,0,0,0,0,0,0
Cap_Phase1_60_L.mp4,739,0,0,0,0,0,0,0
Cap_Phase1_60_L.mp4,740,0,0,0,0,0,0,0
Cap_Phase1_60_L.mp4,741,0,0,0,1,0,0,0
Cap_Phase1_60_L.mp4,742,0,1,0,0,0,0,0
Cap_Phase1_60_L.mp4,743,0,1,0,0,0,0,0
Cap_Phase1_60_L.mp4,744,0,1,0,0,0,0,0
Cap_Phase1_60_L.mp4,745,0,1,0,0,0,0,0
Cap_Phase1_60_L.mp4,746,0,1,0,0,0,0,0
Cap_Phase1_60_L.mp4,747,0,1,0,0,0,0,0
Cap_Phase1_60_L.mp4,748,0,1,0,0,0,0,0
Cap_Phase1_60_L.mp4,749,0,1,0,0,0,0,0
Cap_Phase1_60_L.mp4,750,0,1,0,0,0,0,0
Cap_Phase1_60_L.mp4,751,0,1,0,0,0,0,0
Cap_Phase1_60_L.mp4,752,0,1,0,0,0,0,0
Cap_Phase1_60_L.mp4,753,0,1,0,0,0,0,0
Cap_Phase1_60_L.mp4,754,0,1,0,0,0,0,0
Cap_Phase1_60_L.mp4,755,0,1,0,0,0,0,0
Cap_Phase1_60_L.mp4,756,0,1,0,0,0,0,0
Cap_Phase1_60_L.mp4,757,0,1,0,0,0,0,0
Cap_Phase1_60_L.mp4,758,0,1,0,0,0,0,0
Cap_Phase1_60_L.mp4,759,0,1,0,0,0,0,0
Cap_Phase1_60_L.mp4,760,0,1,0,0,0,0,0
Cap_Phase1_60_L.mp4,761,0,1,0,0,0,0,0
Cap_Phase1_60_L.mp4,762,0,1,0,0,0,0,0
Cap_Phase1_60_L.mp4,763,0,1,0,0,0,0,0
Cap_Phase1_60_L.mp4,764,0,1,0,0,0,0,0
Cap_Phase1_60_L.mp4,765,0,1,0,0,0,0,0
Cap_Phase1_60_L.mp4,766,0,1,0,0,0,0,0
Cap_Phase1_60_L.mp4,767,0,1,0,0,0,0,0
Cap_Phase1_60_L.mp4,768,0,1,0,0,0,0,0
Cap_Phase1_60_L.mp4,769,0,1,0,0,0,0,0
Cap_Phase1_60_L.mp4,770,0,1,0,0,0,0,0
Cap_Phase1_60_L.mp4,771,0,0,0,0,0,0,0
Cap_Phase1_60_L.mp4,772,0,0,0,0,0,0,0
Cap_Phase1_60_L.mp4,773,0,0,0,0,0,0,0
Cap_Phase1_60_L.mp4,774,0,0,0,0,0,0,0
Cap_Phase1_60_L.mp4,775,0,0,0,0,0,0,0
Cap_Phase1_60_L.mp4,776,0,0,0,0,0,0,0
Cap_Phase1_60_L.mp4,777,0,0,0,0,0,0,0
Cap_Phase1_60_L.mp4,778,0,0,0,0,0,0,0
Cap_Phase1_60_L.mp4,779,0,0,0,0,0,0,0
Cap_Phase1_60_L.mp4,780,0,0,0,0,0,0,0
Cap_Phase1_60_L.mp4,781,0,0,0,0,0,0,0
Cap_Phase1_60_L.mp4,782,0,0,0,0,0,0,0
Cap_Phase1_60_L.mp4,783,0,0,0,0,0,0,0
Cap_Phase1_60_L.mp4,784,0,0,0,0,0,0,0
Cap_Phase1_60_L.mp4,785,0,0,0,0,0,0,0
Cap_Phase1_60_L.mp4,786,0,0,0,0,0,0,0
Cap_Phase1_60_L.mp4,787,0,0,0,0,0,0,0
Cap_Phase1_60_L.mp4,788,0,0,0,0,0,0,0
Cap_Phase1_60_L.mp4,789,0,0,0,0,0,0,0
Cap_Phase1_60_L.mp4,790,0,0,0,0,0,0,0
Cap_Phase1_60_L.mp4,791,0,0,0,0,0,0,0
Cap_Phase1_60_L.mp4,792,0,0,0,0,0,0,0
Cap_Phase1_60_L.mp4,793,0,0,0,0,0,0,0
Cap_Phase1_60_L.mp4,794,0,0,0,0,0,0,0
Cap_Phase1_60_L.mp4,795,0,0,0,0,0,0,0
Cap_Phase1_60_L.mp4,796,0,0,0,0,0,0,0
Cap_Phase1_60_L.mp4,797,0,0,0,0,0,0,0
Cap_Phase1_60_L.mp4,798,0,0,0,0,0,0,0
Cap_Phase1_60_L.mp4,799,0,0,0,0,0,0,0
Cap_Phase1_60_L.mp4,800,0,0,0,0,0,0,0
Cap_Phase1_60_L.mp4,801,0,0,0,0,0,0,0
Cap_Phase1_60_L.mp4,802,0,0,0,0,0,0,0
Cap_Phase1_60_L.mp4,803,0,0,0,0,0,0,0
Cap_Phase1_60_L.mp4,804,0,0,0,0,0,0,0
Cap_Phase1_60_L.mp4,805,0,0,0,0,0,0,0
Cap_Phase1_60_L.mp4,806,0,0,0,0,0,0,0
Cap_Phase1_60_L.mp4,807,0,1,0,0,0,0,0
Cap_Phase1_60_L.mp4,808,0,1,0,0,0,0,0
Cap_Phase1_60_L.mp4,809,0,1,0,0,0,0,0
Cap_Phase1_60_L.mp4,810,0,1,0,0,0,0,0
Cap_Phase1_60_L.mp4,811,0,1,0,0,0,0,0
Cap_Phase1_60_L.mp4,812,0,1,0,0,0,0,0
Cap_Phase1_60_L.mp4,813,0,1,0,0,0,0,0
Cap_Phase1_60_L.mp4,814,0,1,0,0,0,0,0
Cap_Phase1_60_L.mp4,815,0,1,0,0,0,0,0
Cap_Phase1_60_L.mp4,816,0,1,0,0,0,0,0
Cap_Phase1_60_L.mp4,817,0,1,0,0,0,0,0
Cap_Phase1_60_L.mp4,818,0,1,0,0,0,0,0
Cap_Phase1_60_L.mp4,819,0,1,0,0,0,0,0
Cap_Phase1_60_L.mp4,820,0,1,0,0,0,0,0
Cap_Phase1_60_L.mp4,821,0,1,0,0,0,0,0
Cap_Phase1_60_L.mp4,822,0,1,0,0,0,0,0
Cap_Phase1_60_L.mp4,823,0,1,0,0,0,0,0
Cap_Phase1_60_L.mp4,824,0,1,0,0,0,0,0
Cap_Phase1_60_L.mp4,825,0,1,0,0,0,0,0
Cap_Phase1_60_L.mp4,826,0,1,0,0,0,0,0
Cap_Phase1_60_L.mp4,827,0,1,0,0,0,0,0
Cap_Phase1_60_L.mp4,828,0,1,0,0,0,0,0
Cap_Phase1_60_L.mp4,829,0,1,0,0,0,0,0
Cap_Phase1_60_L.mp4,830,0,1,0,0,0,0,0
Cap_Phase1_60_L.mp4,831,0,0,0,0,0,0,0
Cap_Phase1_60_L.mp4,832,0,0,0,0,0,0,0
Cap_Phase1_60_L.mp4,833,0,0,0,0,0,0,0
Cap_Phase1_60_L.mp4,834,0,0,0,0,0,0,0
Cap_Phase1_60_L.mp4,835,0,0,0,0,0,0,0
Cap_Phase1_60_L.mp4,836,0,0,0,0,0,0,0
Cap_Phase1_60_L.mp4,837,0,0,0,0,0,0,0
Cap_Phase1_60_L.mp4,838,0,0,0,0,0,0,0
Cap_Phase1_60_L.mp4,839,0,0,0,0,0,0,0
Cap_Phase1_60_L.mp4,840,0,0,0,0,0,0,0
Cap_Phase1_60_L.mp4,841,0,0,0,0,0,0,0
Cap_Phase1_60_L.mp4,842,0,0,0,0,0,0,0
Cap_Phase1_60_L.mp4,843,0,0,0,0,0,0,0
Cap_Phase1_60_L.mp4,844,0,0,0,0,0,0,0
Cap_Phase1_60_L.mp4,845,0,0,0,0,0,0,0
Cap_Phase1_60_L.mp4,846,0,0,0,0,0,0,0
Cap_Phase1_60_L.mp4,847,0,0,0,0,0,0,0
Cap_Phase1_60_L.mp4,848,0,0,0,0,0,0,0
Cap_Phase1_60_L.mp4,849,0,0,0,0,0,0,0
Cap_Phase1_60_L.mp4,850,0,0,0,0,0,0,0
Cap_Phase1_60_L.mp4,851,0,0,0,0,0,0,0
Cap_Phase1_60_L.mp4,852,0,0,0,0,0,0,0
Cap_Phase1_60_L.mp4,853,0,0,0,0,0,0,0
Cap_Phase1_60_L.mp4,854,0,0,0,0,0,0,0
Cap_Phase1_60_L.mp4,855,0,0,0,0,0,0,0
Cap_Phase1_60_L.mp4,856,0,0,0,0,0,0,0
Cap_Phase1_60_L.mp4,857,0,0,0,0,0,0,0
Cap_Phase1_60_L.mp4,858,0,0,0,0,0,0,0
Cap_Phase1_60_L.mp4,859,0,0,0,0,0,0,0
Cap_Phase1_60_L.mp4,860,0,0,0,0,0,0,0
Cap_Phase1_60_L.mp4,861,0,0,0,0,0,0,0
Cap_Phase1_60_L.mp4,862,0,0,0,0,0,0,0
Cap_Phase1_60_L.mp4,863,0,0,0,0,0,0,0
Cap_Phase1_60_L.mp4,864,0,0,0,0,0,0,0
Cap_Phase1_60_L.mp4,865,0,0,0,0,0,0,0
Cap_Phase1_60_L.mp4,866,0,0,0,1,0,0,0
Cap_Phase1_60_L.mp4,867,0,0,0,1,0,0,0
Cap_Phase1_60_L.mp4,868,0,0,0,1,0,0,0
Cap_Phase1_60_L.mp4,869,0,0,0,1,0,0,0
Cap_Phase1_60_L.mp4,870,0,0,0,1,0,0,0
Cap_Phase1_60_L.mp4,871,0,0,0,1,0,0,0
Cap_Phase1_60_L.mp4,872,0,0,0,1,0,0,0
Cap_Phase1_60_L.mp4,873,0,0,0,1,0,0,0
Cap_Phase1_60_L.mp4,874,0,0,0,1,0,0,0
Cap_Phase1_60_L.mp4,875,0,0,0,1,0,0,0
Cap_Phase1_60_L.mp4,876,0,0,0,1,0,0,0
Cap_Phase1_60_L.mp4,877,0,0,0,1,0,0,0
Cap_Phase1_60_L.mp4,878,0,0,0,1,0,0,0
Cap_Phase1_60_L.mp4,879,0,0,0,1,0,0,0
Cap_Phase1_60_L.mp4,880,0,0,0,1,0,0,0
Cap_Phase1_60_L.mp4,881,0,0,0,1,0,0,0
Cap_Phase1_60_L.mp4,882,0,0,0,1,0,0,0
Cap_Phase1_60_L.mp4,883,0,0,0,1,0,0,0
Cap_Phase1_60_L.mp4,884,0,0,0,1,0,0,0
Cap_Phase1_60_L.mp4,885,0,0,0,1,0,0,0
Cap_Phase1_60_L.mp4,886,0,0,0,1,0,0,0
Cap_Phase1_60_L.mp4,887,0,0,0,1,0,0,0
Cap_Phase1_60_L.mp4,888,0,0,0,1,0,0,0
Cap_Phase1_60_L.mp4,889,0,0,0,1,0,0,0
Cap_Phase1_60_L.mp4,890,0,0,0,1,0,0,0
Cap_Phase1_60_L.mp4,891,0,0,0,1,0,0,0
Cap_Phase1_60_L.mp4,892,0,0,0,0,0,0,0
Cap_Phase1_60_L.mp4,893,0,0,0,0,0,0,0
Cap_Phase1_60_L.mp4,894,0,0,0,0,0,0,0
Cap_Phase1_60_L.mp4,895,0,0,0,0,0,0,0
Cap_Phase1_60_L.mp4,896,0,0,0,0,0,0,0
Cap_Phase1_60_L.mp4,897,0,0,0,0,0,0,0
Cap_Phase1_60_L.mp4,898,0,0,0,0,0,0,0
Cap_Phase1_60_L.mp4,899,0,0,0,0,0,0,0
Cap_Phase1_60_L.mp4,900,0,0,0,0,0,0,0
Cap_Phase1_60_L.mp4,901,0,0,0,0,0,0,0
Cap_Phase1_60_L.mp4,902,0,0,0,0,0,0,0
Cap_Phase1_60_L.mp4,903,0,0,0,0,0,0,0
Cap_Phase1_60_L.mp4,904,0,0,0,0,0,0,0
Cap_Phase1_60_L.mp4,905,0,0,0,0,0,0,0
Cap_Phase1_60_L.mp4,906,0,0,0,0,0,0,0
Cap_Phase1_60_L.mp4,907,0,0,0,0,0,0,0
Cap_Phase1_60_L.mp4,908,0,0,0,0,0,0,0
Cap_Phase1_60_L.mp4,909,0,0,0,0,0,0,0
Cap_Phase1_60_L.mp4,910,0,0,0,0,0,0,0
Cap_Phase1_60_L.mp4,911,0,0,0,0,0,0,0
Cap_Phase1_60_L.mp4,912,0,0,0,0,0,0,0
Cap_Phase1_60_L.mp4,913,0,0,0,0,0,0,0
Cap_Phase1_60_L.mp4,914,0,0,0,0,0,0,0
Cap_Phase1_60_L.mp4,915,0,0,0,0,0,0,0
Cap_Phase1_60_L.mp4,916,0,0,0,0,0,0,0
Cap_Phase1_60_L.mp4,917,0,0,0,0,0,0,0
Cap_Phase1_60_L.mp4,918,0,0,0,0,0,0,0
Cap_Phase1_60_L.mp4,919,0,0,0,0,0,0,0
Cap_Phase1_60_L.mp4,920,0,0,0,0,0,0,0
Cap_Phase1_60_L.mp4,921,0,0,0,0,0,0,0
Cap_Phase1_60_L.mp4,922,0,0,0,0,0,0,1
Cap_Phase1_60_L.mp4,923,0,0,0,0,1,0,0
Cap_Phase1_60_L.mp4,924,0,0,0,0,1,0,0
Cap_Phase1_60_L.mp4,925,0,0,0,0,1,0,0
Cap_Phase1_60_L.mp4,926,0,0,0,0,1,0,0
Cap_Phase1_60_L.mp4,927,0,0,0,0,1,0,0
Cap_Phase1_60_L.mp4,928,0,0,0,0,1,0,0
Cap_Phase1_60_L.mp4,929,0,0,0,0,1,0,0
Cap_Phase1_60_L.mp4,930,0,0,0,0,1,0,0
Cap_Phase1_60_L.mp4,931,0,0,0,0,1,0,0
Cap_Phase1_60_L.mp4,932,0,0,0,0,1,0,0
Cap_Phase1_60_L.mp4,933,0,0,0,0,1,0,0
Cap_Phase1_60_L.mp4,934,0,0,0,0,1,0,0
Cap_Phase1_60_L.mp4,935,0,0,0,0,1,0,0
Cap_Phase1_60_L.mp4,936,0,0,0,0,1,0,0
Cap_Phase1_60_L.mp4,937,0,0,0,0,1,0,0
Cap_Phase1_60_L.mp4,938,0,0,0,0,1,0,0
Cap_Phase1_60_L.mp4,939,0,0,0,0,1,0,0
Cap_Phase1_60_L.mp4,940,0,0,0,0,1,0,0
Cap_Phase1_60_L.mp4,941,0,0,0,0,1,0,0
Cap_Phase1_60_L.mp4,942,0,0,0,0,1,0,0
Cap_Phase1_60_L.mp4,943,0,0,0,0,1,0,0
Cap_Phase1_60_L.mp4,944,0,0,0,0,1,0,0
Cap_Phase1_60_L.mp4,945,0,0,0,0,1,0,0
Cap_Phase1_60_L.mp4,946,0,0,0,0,1,0,0
Cap_Phase1_60_L.mp4,947,0,0,0,0,1,0,0
Cap_Phase1_60_L.mp4,948,0,0,0,0,1,0,0
Cap_Phase1_60_L.mp4,949,0,0,0,0,1,0,0
Cap_Phase1_60_L.mp4,950,0,0,0,0,1,0,0
Cap_Phase1_60_L.mp4,951,0,0,0,0,1,0,0
Cap_Phase1_60_L.mp4,952,0,0,0,0,1,0,0
Cap_Phase1_60_L.mp4,953,0,0,0,0,1,0,0
Cap_Phase1_60_L.mp4,954,0,0,0,0,1,0,0
Cap_Phase1_60_L.mp4,955,0,0,0,0,1,0,0
Cap_Phase1_60_L.mp4,956,0,0,0,0,1,0,0
Cap_Phase1_60_L.mp4,957,0,0,0,0,0,0,0
Cap_Phase1_60_L.mp4,958,0,0,0,0,0,0,0
Cap_Phase1_60_L.mp4,959,0,0,0,0,0,0,0
Cap_Phase1_60_L.mp4,960,0,0,0,0,0,0,0
Cap_Phase1_60_L.mp4,961,0,0,0,0,0,0,0
Cap_Phase1_60_L.mp4,962,0,0,0,0,0,0,0
Cap_Phase1_60_L.mp4,963,0,0,0,0,0,0,0
Cap_Phase1_60_L.mp4,964,0,0,0,0,0,0,0
Cap_Phase1_60_L.mp4,965,0,0,0,0,0,0,0
Cap_Phase1_60_L.mp4,966,0,0,0,0,0,0,0
Cap_Phase1_60_L.mp4,967,0,0,0,0,0,0,0
Cap_Phase1_60_L.mp4,968,0,0,0,0,0,0,0
Cap_Phase1_60_L.mp4,969,0,0,0,0,0,0,0
Cap_Phase1_60_L.mp4,970,0,0,0,0,0,0,0
Cap_Phase1_60_L.mp4,971,0,0,0,0,0,0,0
Cap_Phase1_60_L.mp4,972,0,0,0,0,0,0,0
Cap_Phase1_60_L.mp4,973,0,0,0,0,0,0,0
Cap_Phase1_60_L.mp4,974,0,0,0,0,0,0,0
Cap_Phase1_60_L.mp4,975,0,0,0,0,0,0,0
Cap_Phase1_60_L.mp4,976,0,0,0,0,0,0,0
Cap_Phase1_60_L.mp4,977,0,0,0,0,0,0,0
Cap_Phase1_60_L.mp4,978,0,0,0,0,0,0,0
Cap_Phase1_60_L.mp4,979,0,0,0,0,0,0,0
Cap_Phase1_60_L.mp4,980,0,0,0,0,0,0,0
Cap_Phase1_60_L.mp4,981,0,0,0,0,0,0,0
Cap_Phase1_60_L.mp4,982,0,0,0,0,0,0,0
Cap_Phase1_60_L.mp4,983,0,0,0,0,0,0,0
Cap_Phase1_60_L.mp4,984,0,0,0,0,0,0,0
Cap_Phase1_60_L.mp4,985,0,0,0,0,0,0,1
Cap_Phase1_60_L.mp4,986,0,0,0,1,0,0,1
Cap_Phase1_60_L.mp4,987,0,0,0,1,0,0,0
Cap_Phase1_60_L.mp4,988,0,0,0,1,0,0,0
Cap_Phase1_60_L.mp4,989,0,0,0,1,0,0,0
Cap_Phase1_60_L.mp4,990,0,0,0,1,0,0,0
Cap_Phase1_60_L.mp4,991,0,0,0,1,0,0,0
Cap_Phase1_60_L.mp4,992,0,0,0,1,0,0,0
Cap_Phase1_60_L.mp4,993,0,0,0,1,0,0,0
Cap_Phase1_60_L.mp4,994,0,0,0,1,0,0,0
Cap_Phase1_60_L.mp4,995,0,0,0,1,0,0,0
Cap_Phase1_60_L.mp4,996,0,0,0,1,0,0,0
Cap_Phase1_60_L.mp4,997,0,0,0,1,0,0,0
Cap_Phase1_60_L.mp4,998,0,0,0,1,0,0,0
Cap_Phase1_60_L.mp4,999,0,0,0,1,0,0,0
Cap_Phase1_60_L.mp4,1000,0,0,0,1,0,0,0
Cap_Phase1_60_L.mp4,1001,0,0,0,1,0,0,0
Cap_Phase1_60_L.mp4,1002,0,0,0,1,0,0,0
Cap_Phase1_60_L.mp4,1003,0,0,0,1,0,0,0
Cap_Phase1_60_L.mp4,1004,0,0,0,1,0,0,0
Cap_Phase1_60_L.mp4,1005,0,0,0,1,0,0,0
Cap_Phase1_60_L.mp4,1006,0,0,0,1,0,0,0
Cap_Phase1_60_L.mp4,1007,0,0,0,1,0,0,0
Cap_Phase1_60_L.mp4,1008,0,0,0,1,0,0,0
Cap_Phase1_60_L.mp4,1009,0,0,0,1,0,0,0
Cap_Phase1_60_L.mp4,1010,0,0,0,0,0,0,0
Cap_Phase1_60_L.mp4,1011,0,0,0,0,0,0,0
Cap_Phase1_60_L.mp4,1012,0,0,0,0,0,0,0
Cap_Phase1_60_L.mp4,1013,0,0,0,0,0,0,0
Cap_Phase1_60_L.mp4,1014,0,0,0,0,0,0,0
Cap_Phase1_60_L.mp4,1015,0,0,0,0,0,0,0
Cap_Phase1_60_L.mp4,1016,0,0,0,0,0,0,0
Cap_Phase1_60_L.mp4,1017,0,0,0,0,0,0,0
Cap_Phase1_60_L.mp4,1018,0,0,0,0,0,0,0
Cap_Phase1_60_L.mp4,1019,0,0,0,0,0,0,0
Cap_Phase1_60_L.mp4,1020,0,0,0,0,0,0,0
Cap_Phase1_60_L.mp4,1021,0,0,0,0,0,0,0
Cap_Phase1_60_L.mp4,1022,0,0,0,0,0,0,0
Cap_Phase1_60_L.mp4,1023,0,0,0,0,0,0,0
Cap_Phase1_60_L.mp4,1024,0,0,0,0,0,0,0
Cap_Phase1_60_L.mp4,1025,0,0,0,0,0,0,0
Cap_Phase1_60_L.mp4,1026,0,0,0,0,0,0,0
Cap_Phase1_60_L.mp4,1027,0,0,0,0,0,0,0
Cap_Phase1_60_L.mp4,1028,0,0,0,0,0,0,0
Cap_Phase1_60_L.mp4,1029,0,0,0,0,0,0,0
Cap_Phase1_60_L.mp4,1030,0,0,0,0,0,0,0
Cap_Phase1_60_L.mp4,1031,0,0,0,0,0,0,0
Cap_Phase1_60_L.mp4,1032,0,0,0,0,0,0,0
Cap_Phase1_60_L.mp4,1033,0,0,0,0,0,0,0
Cap_Phase1_60_L.mp4,1034,0,0,0,0,0,0,0
Cap_Phase1_60_L.mp4,1035,0,0,0,0,0,0,0
Cap_Phase1_60_L.mp4,1036,0,0,0,0,0,0,0
Cap_Phase1_60_L.mp4,1037,0,0,0,0,0,0,0
Cap_Phase1_60_L.mp4,1038,0,0,0,0,0,0,0
Cap_Phase1_60_L.mp4,1039,0,0,0,0,0,0,0
Cap_Phase1_60_L.mp4,1040,0,0,0,0,0,0,0
Cap_Phase1_60_L.mp4,1041,0,0,1,1,0,0,0
Cap_Phase1_60_L.mp4,1042,0,0,1,1,0,0,0
Cap_Phase1_60_L.mp4,1043,0,0,1,1,0,0,0
Cap_Phase1_60_L.mp4,1044,0,0,1,1,0,0,0
Cap_Phase1_60_L.mp4,1045,0,0,1,1,0,0,0
Cap_Phase1_60_L.mp4,1046,0,0,1,1,0,0,0
Cap_Phase1_60_L.mp4,1047,0,0,1,1,0,0,0
Cap_Phase1_60_L.mp4,1048,0,0,1,1,0,0,0
Cap_Phase1_60_L.mp4,1049,0,0,1,1,0,0,0
Cap_Phase1_60_L.mp4,1050,0,0,1,1,0,0,0
Cap_Phase1_60_L.mp4,1051,0,0,1,1,0,0,0
Cap_Phase1_60_L.mp4,1052,0,0,1,1,0,0,0
Cap_Phase1_60_L.mp4,1053,0,0,1,1,0,0,0
Cap_Phase1_60_L.mp4,1054,0,0,1,1,0,0,0
Cap_Phase1_60_L.mp4,1055,0,0,1,0,0,0,0
Cap_Phase1_60_L.mp4,1056,0,0,1,0,0,0,0
Cap_Phase1_60_L.mp4,1057,0,0,1,0,0,0,0
Cap_Phase1_60_L.mp4,1058,0,0,1,0,0,0,0
Cap_Phase1_60_L.mp4,1059,0,0,1,1,0,0,0
Cap_Phase1_60_L.mp4,1060,0,0,1,1,0,0,0
Cap_Phase1_60_L.mp4,1061,0,0,1,0,0,0,0
Cap_Phase1_60_L.mp4,1062,0,0,1,0,0,0,0
Cap_Phase1_60_L.mp4,1063,0,0,1,0,0,0,0
Cap_Phase1_60_L.mp4,1064,0,0,1,1,0,0,0
Cap_Phase1_60_L.mp4,1065,0,0,1,1,0,0,0
Cap_Phase1_60_L.mp4,1066,0,0,1,1,0,0,0
Cap_Phase1_60_L.mp4,1067,0,0,1,1,0,0,0
Cap_Phase1_60_L.mp4,1068,0,0,1,1,0,0,0
Cap_Phase1_60_L.mp4,1069,0,0,0,0,0,0,0
Cap_Phase1_60_L.mp4,1070,0,0,0,0,0,0,0
Cap_Phase1_60_L.mp4,1071,0,0,0,0,0,0,0
Cap_Phase1_60_L.mp4,1072,0,0,0,0,0,0,0
Cap_Phase1_60_L.mp4,1073,0,0,0,0,0,0,0
Cap_Phase1_60_L.mp4,1074,0,0,0,0,0,0,0
Cap_Phase1_60_L.mp4,1075,0,0,0,0,0,0,0
Cap_Phase1_60_L.mp4,1076,0,0,0,0,0,0,0
Cap_Phase1_60_L.mp4,1077,0,0,0,0,0,0,0
Cap_Phase1_60_L.mp4,1078,0,0,0,0,0,0,0
Cap_Phase1_60_L.mp4,1079,0,0,0,0,0,0,0
Cap_Phase1_60_L.mp4,1080,0,0,0,0,0,0,0
Cap_Phase1_60_L.mp4,1081,0,0,0,0,0,0,0
Cap_Phase1_60_L.mp4,1082,0,0,0,0,0,0,0
Cap_Phase1_60_L.mp4,1083,0,0,0,0,0,0,0
Cap_Phase1_60_L.mp4,1084,0,0,0,0,0,0,0
Cap_Phase1_60_L.mp4,1085,0,0,0,0,0,0,0
Cap_Phase1_60_L.mp4,1086,0,0,0,0,0,0,0
Cap_Phase1_60_L.mp4,1087,0,0,0,0,0,0,0
Cap_Phase1_60_L.mp4,1088,0,0,0,0,0,0,0
Cap_Phase1_60_L.mp4,1089,0,0,0,0,0,0,0
Cap_Phase1_60_L.mp4,1090,0,0,0,0,0,0,0
Cap_Phase1_60_L.mp4,1091,0,0,0,0,0,0,0
Cap_Phase1_60_L.mp4,1092,0,0,0,0,0,0,0
Cap_Phase1_60_L.mp4,1093,0,0,0,0,0,0,0
Cap_Phase1_60_L.mp4,1094,0,0,0,0,0,0,0
Cap_Phase1_60_L.mp4,1095,0,0,0,0,0,0,0
Cap_Phase1_60_L.mp4,1096,0,0,0,0,0,0,0
Cap_Phase1_60_L.mp4,1097,0,0,0,0,0,0,0
Cap_Phase1_60_L.mp4,1098,0,0,0,0,0,0,0
Cap_Phase1_60_L.mp4,1099,0,0,0,0,0,0,0
Cap_Phase1_60_L.mp4,1100,0,0,0,0,0,0,0
Cap_Phase1_60_L.mp4,1101,0,0,0,0,0,0,0
Cap_Phase1_60_L.mp4,1102,0,0,0,0,0,0,0
Cap_Phase1_60_L.mp4,1103,0,1,0,0,0,0,0
Cap_Phase1_60_L.mp4,1104,0,1,0,0,0,0,0
Cap_Phase1_60_L.mp4,1105,0,1,0,0,0,0,0
Cap_Phase1_60_L.mp4,1106,0,1,0,0,0,0,0
Cap_Phase1_60_L.mp4,1107,0,1,0,0,0,0,0
Cap_Phase1_60_L.mp4,1108,0,1,0,0,0,0,0
Cap_Phase1_60_L.mp4,1109,0,1,0,0,0,0,0
Cap_Phase1_60_L.mp4,1110,0,1,0,0,0,0,0
Cap_Phase1_60_L.mp4,1111,0,1,0,0,0,0,0
Cap_Phase1_60_L.mp4,1112,0,1,0,0,0,0,0
Cap_Phase1_60_L.mp4,1113,0,1,0,0,0,0,0
Cap_Phase1_60_L.mp4,1114,0,1,0,0,0,0,0
Cap_Phase1_60_L.mp4,1115,0,1,0,0,0,0,0
Cap_Phase1_60_L.mp4,1116,0,1,0,0,0,0,0
Cap_Phase1_60_L.mp4,1117,0,1,0,0,0,0,0
Cap_Phase1_60_L.mp4,1118,0,1,0,0,0,0,0
Cap_Phase1_60_L.mp4,1119,0,1,0,0,0,0,0
Cap_Phase1_60_L.mp4,1120,0,1,0,0,0,0,0
Cap_Phase1_60_L.mp4,1121,0,1,0,0,0,0,0
Cap_Phase1_60_L.mp4,1122,0,1,0,0,0,0,0
Cap_Phase1_60_L.mp4,1123,0,1,0,0,0,0,0
Cap_Phase1_60_L.mp4,1124,0,1,0,0,0,0,0
Cap_Phase1_60_L.mp4,1125,0,1,0,0,0,0,0
Cap_Phase1_60_L.mp4,1126,0,1,0,0,0,0,0
Cap_Phase1_60_L.mp4,1127,0,1,0,0,0,0,0
Cap_Phase1_60_L.mp4,1128,0,1,0,0,0,0,0
Cap_Phase1_60_L.mp4,1129,0,0,0,0,0,0,0
Cap_Phase1_60_L.mp4,1130,0,0,0,0,0,0,0
Cap_Phase1_60_L.mp4,1131,0,0,0,0,0,0,0
Cap_Phase1_60_L.mp4,1132,0,0,0,0,0,0,0
Cap_Phase1_60_L.mp4,1133,0,0,0,0,0,0,0
Cap_Phase1_60_L.mp4,1134,0,0,0,0,0,0,0
Cap_Phase1_60_L.mp4,1135,0,0,0,0,0,0,0
Cap_Phase1_60_L.mp4,1136,0,0,0,0,0,0,0
Cap_Phase1_60_L.mp4,1137,0,0,0,0,0,0,0
Cap_Phase1_60_L.mp4,1138,0,0,0,0,0,0,0
Cap_Phase1_60_L.mp4,1139,0,0,0,0,0,0,0
Cap_Phase1_60_L.mp4,1140,0,0,0,0,0,0,0
Cap_Phase1_60_L.mp4,1141,0,0,0,0,0,0,0
Cap_Phase1_60_L.mp4,1142,0,0,0,0,0,0,0
Cap_Phase1_60_L.mp4,1143,0,0,0,0,0,0,0
Cap_Phase1_60_L.mp4,1144,0,0,0,0,0,0,0
Cap_Phase1_60_L.mp4,1145,0,0,0,0,0,0,0
Cap_Phase1_60_L.mp4,1146,0,0,0,0,0,0,0
Cap_Phase1_60_L.mp4,1147,0,0,0,0,0,0,0
Cap_Phase1_60_L.mp4,1148,0,0,0,0,0,0,0
Cap_Phase1_60_L.mp4,1149,0,0,0,0,0,0,0
Cap_Phase1_60_L.mp4,1150,0,0,0,0,0,0,0
Cap_Phase1_60_L.mp4,1151,0,0,0,0,0,0,0
Cap_Phase1_60_L.mp4,1152,0,0,0,0,0,0,0
Cap_Phase1_60_L.mp4,1153,0,0,0,0,0,0,0
Cap_Phase1_60_L.mp4,1154,0,0,0,0,0,0,0
Cap_Phase1_60_L.mp4,1155,0,0,0,0,0,0,0
Cap_Phase1_60_L.mp4,1156,0,0,0,0,0,0,0
Cap_Phase1_60_L.mp4,1157,0,0,0,0,0,1,0
Cap_Phase1_60_L.mp4,1158,0,0,1,0,0,1,0
Cap_Phase1_60_L.mp4,1159,0,0,1,0,0,0,0
Cap_Phase1_60_L.mp4,1160,0,0,1,0,0,0,0
Cap_Phase1_60_L.mp4,1161,0,0,1,0,0,0,0
Cap_Phase1_60_L.mp4,1162,0,0,1,0,0,0,0
Cap_Phase1_60_L.mp4,1163,0,0,1,0,0,0,0
Cap_Phase1_60_L.mp4,1164,0,0,1,0,0,0,0
Cap_Phase1_60_L.mp4,1165,0,0,1,0,0,0,0
Cap_Phase1_60_L.mp4,1166,0,0,1,0,0,0,0
Cap_Phase1_60_L.mp4,1167,0,0,1,0,0,0,0
Cap_Phase1_60_L.mp4,1168,0,0,1,0,0,0,0
Cap_Phase1_60_L.mp4,1169,0,0,1,0,0,0,0
Cap_Phase1_60_L.mp4,1170,0,0,1,0,0,0,0
Cap_Phase1_60_L.mp4,1171,0,0,1,0,0,0,0
Cap_Phase1_60_L.mp4,1172,0,0,1,0,0,0,0
Cap_Phase1_60_L.mp4,1173,0,0,1,0,0,0,0
Cap_Phase1_60_L.mp4,1174,0,0,1,0,0,0,0
Cap_Phase1_60_L.mp4,1175,0,0,1,0,0,0,0
Cap_Phase1_60_L.mp4,1176,0,0,1,0,0,0,0
Cap_Phase1_60_L.mp4,1177,0,0,1,0,0,0,0
Cap_Phase1_60_L.mp4,1178,0,0,1,0,0,0,0
Cap_Phase1_60_L.mp4,1179,0,0,1,0,0,0,0
Cap_Phase1_60_L.mp4,1180,0,0,1,0,0,0,0
Cap_Phase1_60_L.mp4,1181,0,0,1,0,0,0,0
Cap_Phase1_60_L.mp4,1182,0,0,1,0,0,0,0
Cap_Phase1_60_L.mp4,1183,0,0,1,0,0,0,0
Cap_Phase1_60_L.mp4,1184,0,0,1,0,0,0,0
Cap_Phase1_60_L.mp4,1185,0,0,1,0,0,0,0
Cap_Phase1_60_L.mp4,1186,0,0,1,0,0,0,0
Cap_Phase1_60_L.mp4,1187,0,0,0,0,0,0,0
Cap_Phase1_60_L.mp4,1188,0,0,0,0,0,0,0
Cap_Phase1_60_L.mp4,1189,0,0,0,0,0,0,0
Cap_Phase1_60_L.mp4,1190,0,0,0,0,0,0,0
Cap_Phase1_60_L.mp4,1191,0,0,0,0,0,0,0
Cap_Phase1_60_L.mp4,1192,0,0,0,0,0,0,0
Cap_Phase1_60_L.mp4,1193,0,0,0,0,0,0,0
Cap_Phase1_60_L.mp4,1194,0,0,0,0,0,0,0
Cap_Phase1_60_L.mp4,1195,0,0,0,0,0,0,0
Cap_Phase1_60_L.mp4,1196,0,0,0,0,0,0,0
Cap_Phase1_60_L.mp4,1197,0,0,0,0,0,0,0
Cap_Phase1_60_L.mp4,1198,0,0,0,0,0,0,0
Cap_Phase1_60_L.mp4,1199,0,0,0,0,0,0,0
Cap_Phase1_60_L.mp4,1200,0,0,0,0,0,0,0
Cap_Phase1_60_L.mp4,1201,0,0,0,0,0,0,0
Cap_Phase1_60_L.mp4,1202,0,0,0,0,0,0,0
Cap_Phase1_60_L.mp4,1203,0,0,0,0,0,0,0
Cap_Phase1_60_L.mp4,1204,0,0,0,0,0,0,0
Cap_Phase1_60_L.mp4,1205,0,0,0,0,0,0,0
Cap_Phase1_60_L.mp4,1206,0,0,0,0,0,0,0
Cap_Phase1_60_L.mp4,1207,0,0,0,0,0,0,0
Cap_Phase1_60_L.mp4,1208,0,0,0,0,0,0,0
Cap_Phase1_60_L.mp4,1209,0,0,0,0,0,0,0
Cap_Phase1_60_L.mp4,1210,0,0,0,0,0,0,0
Cap_Phase1_60_L.mp4,1211,0,0,0,0,0,0,0
Cap_Phase1_60_L.mp4,1212,0,0,0,0,0,0,0
Cap_Phase1_60_L.mp4,1213,0,0,0,0,0,0,0
Cap_Phase1_60_L.mp4,1214,0,0,0,0,0,0,0
Cap_Phase1_60_L.mp4,1215,0,0,0,0,0,0,0
Cap_Phase1_60_L.mp4,1216,0,0,0,0,0,0,0
Cap_Phase1_60_L.mp4,1217,0,0,0,0,0,0,0
Cap_Phase1_60_L.mp4,1218,0,0,0,0,0,0,0
Cap_Phase1_60_L.mp4,1219,0,0,0,0,0,0,0
Cap_Phase1_60_L.mp4,1220,0,1,0,0,0,0,0
Cap_Phase1_60_L.mp4,1221,0,1,0,0,0,0,0
Cap_Phase1_60_L.mp4,1222,0,1,0,0,0,0,0
Cap_Phase1_60_L.mp4,1223,0,1,0,0,0,0,0
Cap_Phase1_60_L.mp4,1224,0,1,0,0,0,0,0
Cap_Phase1_60_L.mp4,1225,0,1,0,0,0,0,0
Cap_Phase1_60_L.mp4,1226,0,1,0,0,0,0,0
Cap_Phase1_60_L.mp4,1227,0,1,0,0,0,0,0
Cap_Phase1_60_L.mp4,1228,0,1,0,0,0,0,0
Cap_Phase1_60_L.mp4,1229,0,1,0,0,0,0,0
Cap_Phase1_60_L.mp4,1230,0,1,0,0,0,0,0
Cap_Phase1_60_L.mp4,1231,0,1,0,0,0,0,0
Cap_Phase1_60_L.mp4,1232,0,1,0,0,0,0,0
Cap_Phase1_60_L.mp4,1233,0,1,0,0,0,0,0
Cap_Phase1_60_L.mp4,1234,0,1,0,0,0,0,0
Cap_Phase1_60_L.mp4,1235,0,1,0,0,0,0,0
Cap_Phase1_60_L.mp4,1236,0,1,0,0,0,0,0
Cap_Phase1_60_L.mp4,1237,0,1,0,0,0,0,0
Cap_Phase1_60_L.mp4,1238,0,1,0,0,0,0,0
Cap_Phase1_60_L.mp4,1239,0,1,0,0,0,0,0
Cap_Phase1_60_L.mp4,1240,0,1,0,0,0,0,0
Cap_Phase1_60_L.mp4,1241,0,1,0,0,0,0,0
Cap_Phase1_60_L.mp4,1242,0,1,0,0,0,0,0
Cap_Phase1_60_L.mp4,1243,0,1,0,0,0,0,0
Cap_Phase1_60_L.mp4,1244,0,1,0,0,0,0,0
Cap_Phase1_60_L.mp4,1245,0,1,0,0,0,0,0
Cap_Phase1_60_L.mp4,1246,0,1,0,0,0,0,0
Cap_Phase1_60_L.mp4,1247,0,0,0,0,0,0,0
Cap_Phase1_60_L.mp4,1248,0,0,0,0,0,0,0
Cap_Phase1_60_L.mp4,1249,0,0,0,0,0,0,0
Cap_Phase1_60_L.mp4,1250,0,0,0,0,0,0,0
Cap_Phase1_60_L.mp4,1251,0,0,0,0,0,0,0
Cap_Phase1_60_L.mp4,1252,0,0,0,0,0,0,0
Cap_Phase1_60_L.mp4,1253,0,0,0,0,0,0,0
Cap_Phase1_60_L.mp4,1254,0,0,0,0,0,0,0
Cap_Phase1_60_L.mp4,1255,0,0,0,0,0,0,0
Cap_Phase1_60_L.mp4,1256,0,0,0,0,0,0,0
Cap_Phase1_60_L.mp4,1257,0,0,0,0,0,0,0
Cap_Phase1_60_L.mp4,1258,0,0,0,0,0,0,0
Cap_Phase1_60_L.mp4,1259,0,0,0,0,0,0,0
Cap_Phase1_60_L.mp4,1260,0,0,0,0,0,0,0
Cap_Phase1_60_L.mp4,1261,0,0,0,0,0,0,0
Cap_Phase1_60_L.mp4,1262,0,0,0,0,0,0,0
Cap_Phase1_60_L.mp4,1263,0,0,0,0,0,0,0
Cap_Phase1_60_L.mp4,1264,0,0,0,0,0,0,0
Cap_Phase1_60_L.mp4,1265,0,0,0,0,0,0,0
Cap_Phase1_60_L.mp4,1266,0,0,0,0,0,0,0
Cap_Phase1_60_L.mp4,1267,0,0,0,0,0,0,0
Cap_Phase1_60_L.mp4,1268,0,0,0,0,0,0,0
Cap_Phase1_60_L.mp4,1269,0,0,0,0,0,0,0
Cap_Phase1_60_L.mp4,1270,0,0,0,0,0,0,0
Cap_Phase1_60_L.mp4,1271,0,0,0,0,0,0,0
Cap_Phase1_60_L.mp4,1272,0,0,0,0,0,0,0
Cap_Phase1_60_L.mp4,1273,0,0,0,0,0,0,0
Cap_Phase1_60_L.mp4,1274,0,0,0,0,0,0,0
Cap_Phase1_60_L.mp4,1275,0,0,0,0,0,0,0
Cap_Phase1_60_L.mp4,1276,0,0,0,0,0,0,0
Cap_Phase1_60_L.mp4,1277,0,0,0,0,0,0,0
Cap_Phase1_60_L.mp4,1278,0,0,0,0,0,0,0
Cap_Phase1_60_L.mp4,1279,0,0,0,0,0,0,0
Cap_Phase1_60_L.mp4,1280,0,0,0,0,0,0,0
Cap_Phase1_60_L.mp4,1281,0,1,0,0,1,0,0
Cap_Phase1_60_L.mp4,1282,0,1,0,0,0,0,0
Cap_Phase1_60_L.mp4,1283,0,1,0,0,0,0,0
Cap_Phase1_60_L.mp4,1284,0,1,0,0,0,0,0
Cap_Phase1_60_L.mp4,1285,0,1,0,0,0,0,0
Cap_Phase1_60_L.mp4,1286,0,1,0,0,0,0,0
Cap_Phase1_60_L.mp4,1287,0,1,0,0,0,0,0
Cap_Phase1_60_L.mp4,1288,0,1,0,0,0,0,0
Cap_Phase1_60_L.mp4,1289,0,1,0,0,0,0,0
Cap_Phase1_60_L.mp4,1290,0,1,0,0,0,0,0
Cap_Phase1_60_L.mp4,1291,0,1,0,0,0,0,0
Cap_Phase1_60_L.mp4,1292,0,1,0,0,0,0,0
Cap_Phase1_60_L.mp4,1293,0,1,0,0,0,0,0
Cap_Phase1_60_L.mp4,1294,0,1,0,0,0,0,0
Cap_Phase1_60_L.mp4,1295,0,1,0,0,0,0,0
Cap_Phase1_60_L.mp4,1296,0,1,0,0,0,0,0
Cap_Phase1_60_L.mp4,1297,0,1,0,0,0,0,0
Cap_Phase1_60_L.mp4,1298,0,1,0,0,0,0,0
Cap_Phase1_60_L.mp4,1299,0,1,0,0,0,0,0
Cap_Phase1_60_L.mp4,1300,0,1,0,0,0,0,0
Cap_Phase1_60_L.mp4,1301,0,1,0,0,0,0,0
Cap_Phase1_60_L.mp4,1302,0,1,0,0,0,0,0
Cap_Phase1_60_L.mp4,1303,0,1,0,0,0,0,0
Cap_Phase1_60_L.mp4,1304,0,1,0,0,0,0,0
Cap_Phase1_60_L.mp4,1305,0,1,0,0,0,0,0
Cap_Phase1_60_L.mp4,1306,0,1,0,0,0,0,0
Cap_Phase1_60_L.mp4,1307,0,1,0,0,0,0,0
Cap_Phase1_60_L.mp4,1308,0,1,0,0,0,0,0
Cap_Phase1_60_L.mp4,1309,0,1,0,0,0,0,0
Cap_Phase1_60_L.mp4,1310,0,0,0,0,0,0,0
Cap_Phase1_60_L.mp4,1311,0,0,0,0,0,0,0
Cap_Phase1_60_L.mp4,1312,0,0,0,0,0,0,0
Cap_Phase1_60_L.mp4,1313,0,0,0,0,0,0,0
Cap_Phase1_60_L.mp4,1314,0,0,0,0,0,0,0
Cap_Phase1_60_L.mp4,1315,0,0,0,0,0,0,0
Cap_Phase1_60_L.mp4,1316,0,0,0,0,0,0,0
Cap_Phase1_60_L.mp4,1317,0,0,0,0,0,0,0
Cap_Phase1_60_L.mp4,1318,0,0,0,0,0,0,0
Cap_Phase1_60_L.mp4,1319,0,0,0,0,0,0,0
Cap_Phase1_60_L.mp4,1320,0,0,0,0,0,0,0
Cap_Phase1_60_L.mp4,1321,0,0,0,0,0,0,0
Cap_Phase1_60_L.mp4,1322,0,0,0,0,0,0,0
Cap_Phase1_60_L.mp4,1323,0,0,0,0,0,0,0
Cap_Phase1_60_L.mp4,1324,0,0,0,0,0,0,0
Cap_Phase1_60_L.mp4,1325,0,0,0,0,0,0,0
Cap_Phase1_60_L.mp4,1326,0,0,0,0,0,0,0
Cap_Phase1_60_L.mp4,1327,0,0,0,0,0,0,0
Cap_Phase1_60_L.mp4,1328,0,0,0,0,0,0,0
Cap_Phase1_60_L.mp4,1329,0,0,0,0,0,0,0
Cap_Phase1_60_L.mp4,1330,0,0,0,0,0,0,0
Cap_Phase1_60_L.mp4,1331,0,0,0,0,0,0,0
Cap_Phase1_60_L.mp4,1332,0,0,0,0,0,0,0
Cap_Phase1_60_L.mp4,1333,0,0,0,0,0,0,0
Cap_Phase1_60_L.mp4,1334,0,0,0,0,0,0,0
Cap_Phase1_60_L.mp4,1335,0,0,0,0,0,0,0
Cap_Phase1_60_L.mp4,1336,0,0,0,0,0,0,0
Cap_Phase1_60_L.mp4,1337,0,0,0,0,0,0,0
Cap_Phase1_60_L.mp4,1338,0,0,0,0,0,0,0
Cap_Phase1_60_L.mp4,1339,0,0,0,0,0,0,0
Cap_Phase1_60_L.mp4,1340,0,0,0,0,0,0,0
Cap_Phase1_60_L.mp4,1341,0,0,0,0,0,0,0
Cap_Phase1_60_L.mp4,1342,0,0,0,0,0,0,0
Cap_Phase1_60_L.mp4,1343,0,0,0,0,0,0,0
Cap_Phase1_60_L.mp4,1344,0,0,0,1,0,0,0
Cap_Phase1_60_L.mp4,1345,0,0,0,1,0,0,0
Cap_Phase1_60_L.mp4,1346,0,0,0,1,0,0,0
Cap_Phase1_60_L.mp4,1347,0,0,0,1,0,0,0
Cap_Phase1_60_L.mp4,1348,0,0,0,1,0,0,0
Cap_Phase1_60_L.mp4,1349,0,0,0,1,0,0,0
Cap_Phase1_60_L.mp4,1350,0,0,0,1,0,0,0
Cap_Phase1_60_L.mp4,1351,0,0,0,1,0,0,0
Cap_Phase1_60_L.mp4,1352,0,0,0,1,0,0,0
Cap_Phase1_60_L.mp4,1353,0,0,0,1,0,0,0
Cap_Phase1_60_L.mp4,1354,0,0,0,1,0,0,0
Cap_Phase1_60_L.mp4,1355,0,0,0,1,0,0,0
Cap_Phase1_60_L.mp4,1356,0,0,0,1,0,0,0
Cap_Phase1_60_L.mp4,1357,0,0,0,1,0,0,0
Cap_Phase1_60_L.mp4,1358,0,0,0,1,0,0,0
Cap_Phase1_60_L.mp4,1359,0,0,0,1,0,0,0
Cap_Phase1_60_L.mp4,1360,0,0,0,1,0,0,0
Cap_Phase1_60_L.mp4,1361,0,0,0,1,0,0,0
Cap_Phase1_60_L.mp4,1362,0,0,0,1,0,0,0
Cap_Phase1_60_L.mp4,1363,0,0,0,1,0,0,0
Cap_Phase1_60_L.mp4,1364,0,0,0,1,0,0,0
Cap_Phase1_60_L.mp4,1365,0,0,0,1,0,0,0
Cap_Phase1_60_L.mp4,1366,0,0,0,1,0,0,0
Cap_Phase1_60_L.mp4,1367,0,0,0,1,0,0,0
Cap_Phase1_60_L.mp4,1368,0,0,0,0,0,0,0
Cap_Phase1_60_L.mp4,1369,0,0,0,0,0,0,0
Cap_Phase1_60_L.mp4,1370,0,0,0,0,0,0,0
Cap_Phase1_60_L.mp4,1371,0,0,0,0,0,0,0
Cap_Phase1_60_L.mp4,1372,0,0,0,0,0,0,0
Cap_Phase1_60_L.mp4,1373,0,0,0,0,0,0,0
Cap_Phase1_60_L.mp4,1374,0,0,0,0,0,0,0
Cap_Phase1_60_L.mp4,1375,0,0,0,0,0,0,0
Cap_Phase1_60_L.mp4,1376,0,0,0,0,0,0,0
Cap_Phase1_60_L.mp4,1377,0,0,0,0,0,0,0
Cap_Phase1_60_L.mp4,1378,0,0,0,0,0,0,0
Cap_Phase1_60_L.mp4,1379,0,0,0,0,0,0,0
Cap_Phase1_60_L.mp4,1380,0,0,0,0,0,0,0
Cap_Phase1_60_L.mp4,1381,0,0,0,0,0,0,0
Cap_Phase1_60_L.mp4,1382,0,0,0,0,0,0,0
Cap_Phase1_60_L.mp4,1383,0,0,0,0,0,0,0
Cap_Phase1_60_L.mp4,1384,0,0,0,0,0,0,0
Cap_Phase1_60_L.mp4,1385,0,0,0,0,0,0,0
Cap_Phase1_60_L.mp4,1386,0,0,0,0,0,0,0
Cap_Phase1_60_L.mp4,1387,0,0,0,0,0,0,0
Cap_Phase1_60_L.mp4,1388,0,0,0,0,0,0,0
Cap_Phase1_60_L.mp4,1389,0,0,0,0,0,0,0
Cap_Phase1_60_L.mp4,1390,0,0,0,0,0,0,0
Cap_Phase1_60_L.mp4,1391,0,0,0,0,0,0,0
Cap_Phase1_60_L.mp4,1392,0,0,0,0,0,0,0
Cap_Phase1_60_L.mp4,1393,0,0,0,0,0,0,0
Cap_Phase1_60_L.mp4,1394,0,0,0,0,0,0,0
Cap_Phase1_60_L.mp4,1395,0,0,0,0,0,0,0
Cap_Phase1_60_L.mp4,1396,0,0,0,0,0,0,0
Cap_Phase1_60_L.mp4,1397,0,0,0,0,0,0,0
Cap_Phase1_60_L.mp4,1398,0,0,0,0,0,0,0
Cap_Phase1_60_L.mp4,1399,0,0,0,0,0,0,0
Cap_Phase1_60_L.mp4,1400,0,0,0,0,0,0,0
Cap_Phase1_60_L.mp4,1401,0,0,1,0,0,0,0
Cap_Phase1_60_L.mp4,1402,0,0,1,0,0,0,0
Cap_Phase1_60_L.mp4,1403,0,0,1,0,0,0,0
Cap_Phase1_60_L.mp4,1404,0,0,1,0,0,0,0
Cap_Phase1_60_L.mp4,1405,0,0,1,0,0,0,0
Cap_Phase1_60_L.mp4,1406,0,0,1,0,0,0,0
Cap_Phase1_60_L.mp4,1407,0,0,1,0,0,0,0
Cap_Phase1_60_L.mp4,1408,0,0,1,0,0,0,0
Cap_Phase1_60_L.mp4,1409,0,0,1,0,0,0,0
Cap_Phase1_60_L.mp4,1410,0,0,1,0,0,0,0
Cap_Phase1_60_L.mp4,1411,0,0,1,0,0,0,0
Cap_Phase1_60_L.mp4,1412,0,0,1,0,0,0,0
Cap_Phase1_60_L.mp4,1413,0,0,1,0,0,0,0
Cap_Phase1_60_L.mp4,1414,0,0,1,0,0,0,0
Cap_Phase1_60_L.mp4,1415,0,0,1,0,0,0,0
Cap_Phase1_60_L.mp4,1416,0,0,1,0,0,0,0
Cap_Phase1_60_L.mp4,1417,0,0,1,0,0,0,0
Cap_Phase1_60_L.mp4,1418,0,0,1,0,0,0,0
Cap_Phase1_60_L.mp4,1419,0,0,1,0,0,0,0
Cap_Phase1_60_L.mp4,1420,0,0,1,0,0,0,0
Cap_Phase1_60_L.mp4,1421,0,0,1,0,0,0,0
Cap_Phase1_60_L.mp4,1422,0,0,1,0,0,0,0
Cap_Phase1_60_L.mp4,1423,0,0,1,0,0,0,0
Cap_Phase1_60_L.mp4,1424,0,0,1,0,0,0,0
Cap_Phase1_60_L.mp4,1425,0,0,1,0,0,0,0
Cap_Phase1_60_L.mp4,1426,0,0,1,0,0,0,0
Cap_Phase1_60_L.mp4,1427,0,0,1,0,0,0,0
Cap_Phase1_60_L.mp4,1428,0,0,0,0,0,0,0
Cap_Phase1_60_L.mp4,1429,0,0,0,0,0,0,0
Cap_Phase1_60_L.mp4,1430,0,0,0,0,0,0,0
Cap_Phase1_60_L.mp4,1431,0,0,0,0,0,0,0
Cap_Phase1_60_L.mp4,1432,0,0,0,0,0,0,0
Cap_Phase1_60_L.mp4,1433,0,0,0,0,0,0,0
Cap_Phase1_60_L.mp4,1434,0,0,0,0,0,0,0
Cap_Phase1_60_L.mp4,1435,0,0,0,0,0,0,0
Cap_Phase1_60_L.mp4,1436,0,0,0,0,0,0,0
Cap_Phase1_60_L.mp4,1437,0,0,0,0,0,0,0
Cap_Phase1_60_L.mp4,1438,0,0,0,0,0,0,0
Cap_Phase1_60_L.mp4,1439,0,0,0,0,0,0,0
Cap_Phase1_60_L.mp4,1440,0,0,0,0,0,0,0
Cap_Phase1_60_L.mp4,1441,0,0,0,0,0,0,0
Cap_Phase1_60_L.mp4,1442,0,0,0,0,0,0,0
Cap_Phase1_60_L.mp4,1443,0,0,0,0,0,0,0
Cap_Phase1_60_L.mp4,1444,0,0,0,0,0,0,0
Cap_Phase1_60_L.mp4,1445,0,0,0,0,0,0,0
Cap_Phase1_60_L.mp4,1446,0,0,0,0,0,0,0
Cap_Phase1_60_L.mp4,1447,0,0,0,0,0,0,0
Cap_Phase1_60_L.mp4,1448,0,0,0,0,0,0,0
Cap_Phase1_60_L.mp4,1449,0,0,0,0,0,0,0
Cap_Phase1_60_L.mp4,1450,0,0,0,0,0,0,0
Cap_Phase1_60_L.mp4,1451,0,0,0,0,0,0,0
Cap_Phase1_60_L.mp4,1452,0,0,0,0,0,0,0
Cap_Phase1_60_L.mp4,1453,0,0,0,0,0,0,0
Cap_Phase1_60_L.mp4,1454,0,0,0,0,0,0,0
Cap_Phase1_60_L.mp4,1455,0,0,0,0,0,0,0
Cap_Phase1_60_L.mp4,1456,0,0,0,0,0,0,0
Cap_Phase1_60_L.mp4,1457,0,0,0,0,0,0,0
Cap_Phase1_60_L.mp4,1458,0,0,0,0,0,0,0
Cap_Phase1_60_L.mp4,1459,0,0,0,0,0,0,0
Cap_Phase1_60_L.mp4,1460,0,0,0,0,1,0,0
Cap_Phase1_60_L.mp4,1461,0,0,0,0,1,0,0
Cap_Phase1_60_L.mp4,1462,0,0,0,0,1,0,0
Cap_Phase1_60_L.mp4,1463,0,0,0,0,1,0,0
Cap_Phase1_60_L.mp4,1464,0,0,0,0,1,0,0
Cap_Phase1_60_L.mp4,1465,0,0,0,0,1,0,0
Cap_Phase1_60_L.mp4,1466,0,0,0,0,1,0,0
Cap_Phase1_60_L.mp4,1467,0,0,0,0,1,0,0
Cap_Phase1_60_L.mp4,1468,0,0,0,0,1,0,0
Cap_Phase1_60_L.mp4,1469,0,0,0,0,1,0,0
Cap_Phase1_60_L.mp4,1470,0,0,0,0,1,0,0
Cap_Phase1_60_L.mp4,1471,0,0,0,0,1,0,0
Cap_Phase1_60_L.mp4,1472,0,0,0,0,1,0,0
Cap_Phase1_60_L.mp4,1473,0,0,0,0,1,0,0
Cap_Phase1_60_L.mp4,1474,0,0,0,0,1,0,0
Cap_Phase1_60_L.mp4,1475,0,0,0,0,1,0,0
Cap_Phase1_60_L.mp4,1476,0,0,0,0,1,0,0
Cap_Phase1_60_L.mp4,1477,0,0,0,0,1,0,0
Cap_Phase1_60_L.mp4,1478,0,0,0,0,1,0,0
Cap_Phase1_60_L.mp4,1479,0,0,0,0,1,0,0
Cap_Phase1_60_L.mp4,1480,0,0,0,0,1,0,0
Cap_Phase1_60_L.mp4,1481,0,0,0,0,1,0,0
Cap_Phase1_60_L.mp4,1482,0,0,0,0,1,0,0
Cap_Phase1_60_L.mp4,1483,0,0,0,0,1,0,0
Cap_Phase1_60_L.mp4,1484,0,0,0,0,1,0,0
Cap_Phase1_60_L.mp4,1485,0,0,0,0,1,0,0
Cap_Phase1_60_L.mp4,1486,0,0,0,0,1,0,0
Cap_Phase1_60_L.mp4,1487,0,0,0,0,1,0,0
Cap_Phase1_60_L.mp4,1488,0,0,0,0,1,0,0
Cap_Phase1_60_L.mp4,1489,0,0,0,0,0,0,0
Cap_Phase1_60_L.mp4,1490,0,0,0,0,0,0,0
Cap_Phase1_60_L.mp4,1491,0,0,0,0,0,0,0
Cap_Phase1_60_L.mp4,1492,0,0,0,0,0,0,0
Cap_Phase1_60_L.mp4,1493,0,0,0,0,0,0,0
Cap_Phase1_60_L.mp4,1494,0,0,0,0,0,0,0
Cap_Phase1_60_L.mp4,1495,0,0,0,0,0,0,0
Cap_Phase1_60_L.mp4,1496,0,0,0,0,0,0,0
Cap_Phase1_60_L.mp4,1497,0,0,0,0,0,0,0
Cap_Phase1_60_L.mp4,1498,0,0,0,0,0,0,0
Cap_Phase1_60_L.mp4,1499,0,0,0,0,0,0,0
Cap_Phase1_60_L.mp4,1500,0,0,0,0,0,0,0
Cap_Phase1_60_L.mp4,1501,0,0,0,0,0,0,0
Cap_Phase1_60_L.mp4,1502,0,0,0,0,0,0,0
Cap_Phase1_60_L.mp4,1503,0,0,0,0,0,0,0
Cap_Phase1_60_L.mp4,1504,0,0,0,0,0,0,0
Cap_Phase1_60_L.mp4,1505,0,0,0,0,0,0,0
Cap_Phase1_60_L.mp4,1506,0,0,0,0,0,0,0
Cap_Phase1_60_L.mp4,1507,0,0,0,0,0,0,0
Cap_Phase1_60_L.mp4,1508,0,0,0,0,0,0,0
Cap_Phase1_60_L.mp4,1509,0,0,0,0,0,0,0
Cap_Phase1_60_L.mp4,1510,0,0,0,0,0,0,0
Cap_Phase1_60_L.mp4,1511,0,0,0,0,0,0,0
Cap_Phase1_60_L.mp4,1512,0,0,0,0,0,0,0
Cap_Phase1_60_L.mp4,1513,0,0,0,0,0,0,0
Cap_Phase1_60_L.mp4,1514,0,0,0,0,0,0,0
Cap_Phase1_60_L.mp4,1515,0,0,0,0,0,0,0
Cap_Phase1_60_L.mp4,1516,0,0,0,0,0,0,0
Cap_Phase1_60_L.mp4,1517,0,0,0,0,1,1,0
Cap_Phase1_60_L.mp4,1518,0,0,0,0,0,1,0
Cap_Phase1_60_L.mp4,1519,0,0,0,0,0,1,0
Cap_Phase1_60_L.mp4,1520,0,0,0,0,0,1,0
Cap_Phase1_60_L.mp4,1521,0,0,0,0,0,1,0
Cap_Phase1_60_L.mp4,1522,0,0,0,0,0,1,0
Cap_Phase1_60_L.mp4,1523,0,0,0,0,0,1,0
Cap_Phase1_60_L.mp4,1524,0,0,0,0,0,1,0
Cap_Phase1_60_L.mp4,1525,0,0,0,0,0,1,0
Cap_Phase1_60_L.mp4,1526,0,0,0,0,0,1,0
Cap_Phase1_60_L.mp4,1527,0,0,0,0,0,1,0
Cap_Phase1_60_L.mp4,1528,0,0,0,0,0,1,0
Cap_Phase1_60_L.mp4,1529,0,0,0,0,0,1,0
Cap_Phase1_60_L.mp4,1530,0,0,0,0,0,1,0
Cap_Phase1_60_L.mp4,1531,0,0,0,0,0,1,0
Cap_Phase1_60_L.mp4,1532,0,0,0,0,0,1,0
Cap_Phase1_60_L.mp4,1533,0,0,0,0,0,1,0
Cap_Phase1_60_L.mp4,1534,0,0,0,0,0,1,0
Cap_Phase1_60_L.mp4,1535,0,0,0,0,0,1,0
Cap_Phase1_60_L.mp4,1536,0,0,0,0,0,1,0
Cap_Phase1_60_L.mp4,1537,0,0,0,0,0,1,0
Cap_Phase1_60_L.mp4,1538,0,0,0,0,0,1,0
Cap_Phase1_60_L.mp4,1539,0,0,0,0,0,1,0
Cap_Phase1_60_L.mp4,1540,0,0,0,0,0,1,0
Cap_Phase1_60_L.mp4,1541,0,0,0,0,0,1,0
Cap_Phase1_60_L.mp4,1542,0,0,0,0,0,1,0
Cap_Phase1_60_L.mp4,1543,0,0,0,0,0,1,0
Cap_Phase1_60_L.mp4,1544,0,0,0,0,0,1,0
Cap_Phase1_60_L.mp4,1545,0,0,0,0,0,1,0
Cap_Phase1_60_L.mp4,1546,0,0,0,0,0,1,0
Cap_Phase1_60_L.mp4,1547,0,0,0,0,0,0,0
Cap_Phase1_60_L.mp4,1548,0,0,0,0,0,0,0
Cap_Phase1_60_L.mp4,1549,0,0,0,0,0,0,0
Cap_Phase1_60_L.mp4,1550,0,0,0,0,0,0,0
Cap_Phase1_60_L.mp4,1551,0,0,0,0,0,0,0
Cap_Phase1_60_L.mp4,1552,0,0,0,0,0,0,0
Cap_Phase1_60_L.mp4,1553,0,0,0,0,0,0,0
Cap_Phase1_60_L.mp4,1554,0,0,0,0,0,0,0
Cap_Phase1_60_L.mp4,1555,0,0,0,0,0,0,0
Cap_Phase1_60_L.mp4,1556,0,0,0,0,0,0,0
Cap_Phase1_60_L.mp4,1557,0,0,0,0,0,0,0
Cap_Phase1_60_L.mp4,1558,0,0,0,0,0,0,0
Cap_Phase1_60_L.mp4,1559,0,0,0,0,0,0,0
Cap_Phase1_60_L.mp4,1560,0,0,0,0,0,0,0
Cap_Phase1_60_L.mp4,1561,0,0,0,0,0,0,0
Cap_Phase1_60_L.mp4,1562,0,0,0,0,0,0,0
Cap_Phase1_60_L.mp4,1563,0,0,0,0,0,0,0
Cap_Phase1_60_L.mp4,1564,0,0,0,0,0,0,0
Cap_Phase1_60_L.mp4,1565,0,0,0,0,0,0,0
Cap_Phase1_60_L.mp4,1566,0,0,0,0,0,0,0
Cap_Phase1_60_L.mp4,1567,0,0,0,0,0,0,0
Cap_Phase1_60_L.mp4,1568,0,0,0,0,0,0,0
Cap_Phase1_60_L.mp4,1569,0,0,0,0,0,0,0
Cap_Phase1_60_L.mp4,1570,0,0,0,0,0,0,0
Cap_Phase1_60_L.mp4,1571,0,0,0,0,0,0,0
Cap_Phase1_60_L.mp4,1572,0,0,0,0,0,0,0
Cap_Phase1_60_L.mp4,1573,0,0,0,0,0,0,0
Cap_Phase1_60_L.mp4,1574,0,0,0,0,0,0,0
Cap_Phase1_60_L.mp4,1575,0,0,0,0,0,0,0
Cap_Phase1_60_L.mp4,1576,0,0,0,0,0,0,0
Cap_Phase1_60_L.mp4,1577,0,0,0,0,0,0,0
Cap_Phase1_60_L.mp4,1578,0,0,0,0,0,0,0
Cap_Phase1_60_L.mp4,1579,0,0,0,0,0,0,0
Cap_Phase1_60_L.mp4,1580,0,0,0,0,0,0,0
Cap_Phase1_60_L.mp4,1581,0,0,0,0,0,0,0
Cap_Phase1_60_L.mp4,1582,0,0,0,0,0,0,0
Cap_Phase1_60_L.mp4,1583,0,0,0,0,0,0,0
Cap_Phase1_60_L.mp4,1584,0,0,0,0,0,0,0
Cap_Phase1_60_L.mp4,1585,0,0,0,0,0,0,0
Cap_Phase1_60_L.mp4,1586,0,0,0,0,1,0,0
Cap_Phase1_60_L.mp4,1587,0,0,0,0,1,0,0
Cap_Phase1_60_L.mp4,1588,0,0,0,0,1,0,0
Cap_Phase1_60_L.mp4,1589,0,0,0,0,1,0,0
Cap_Phase1_60_L.mp4,1590,0,0,0,0,1,0,0
Cap_Phase1_60_L.mp4,1591,0,0,0,0,1,0,0
Cap_Phase1_60_L.mp4,1592,0,0,0,0,1,0,0
Cap_Phase1_60_L.mp4,1593,0,0,0,0,1,0,0
Cap_Phase1_60_L.mp4,1594,0,0,0,0,1,0,0
Cap_Phase1_60_L.mp4,1595,0,0,0,0,1,0,0
Cap_Phase1_60_L.mp4,1596,0,0,0,0,1,0,0
Cap_Phase1_60_L.mp4,1597,0,0,0,0,1,0,0
Cap_Phase1_60_L.mp4,1598,0,0,0,0,1,0,0
Cap_Phase1_60_L.mp4,1599,0,0,0,0,1,0,0
Cap_Phase1_60_L.mp4,1600,0,0,0,0,1,0,0
Cap_Phase1_60_L.mp4,1601,0,0,0,0,1,0,0
Cap_Phase1_60_L.mp4,1602,0,0,0,0,1,0,0
Cap_Phase1_60_L.mp4,1603,0,0,0,0,1,0,0
Cap_Phase1_60_L.mp4,1604,0,0,0,0,1,0,0
Cap_Phase1_60_L.mp4,1605,0,0,0,0,1,0,0
Cap_Phase1_60_L.mp4,1606,0,0,0,0,1,0,0
Cap_Phase1_60_L.mp4,1607,0,0,0,0,1,0,0
Cap_Phase1_60_L.mp4,1608,0,0,0,0,1,0,0
Cap_Phase1_60_L.mp4,1609,0,0,0,0,1,0,0
Cap_Phase1_60_L.mp4,1610,0,0,0,0,0,0,0
Cap_Phase1_60_L.mp4,1611,0,0,0,0,0,0,0
Cap_Phase1_60_L.mp4,1612,0,0,0,0,0,0,0
Cap_Phase1_60_L.mp4,1613,0,0,0,0,0,0,0
Cap_Phase1_60_L.mp4,1614,0,0,0,0,0,0,0
Cap_Phase1_60_L.mp4,1615,0,0,0,0,0,0,0
Cap_Phase1_60_L.mp4,1616,0,0,0,0,0,0,0
Cap_Phase1_60_L.mp4,1617,0,0,0,0,0,0,0
Cap_Phase1_60_L.mp4,1618,0,0,0,0,0,0,0
Cap_Phase1_60_L.mp4,1619,0,0,0,0,0,0,0
Cap_Phase1_60_L.mp4,1620,0,0,0,0,0,0,0
Cap_Phase1_60_L.mp4,1621,0,0,0,0,0,0,0
Cap_Phase1_60_L.mp4,1622,0,0,0,0,0,0,0
Cap_Phase1_60_L.mp4,1623,0,0,0,0,0,0,0
Cap_Phase1_60_L.mp4,1624,0,0,0,0,0,0,0
Cap_Phase1_60_L.mp4,1625,0,0,0,0,0,0,0
Cap_Phase1_60_L.mp4,1626,0,0,0,0,0,0,0
Cap_Phase1_60_L.mp4,1627,0,0,0,0,0,0,0
Cap_Phase1_60_L.mp4,1628,0,0,0,0,0,0,0
Cap_Phase1_60_L.mp4,1629,0,0,0,0,0,0,0
Cap_Phase1_60_L.mp4,1630,0,0,0,0,0,0,0
Cap_Phase1_60_L.mp4,1631,0,0,0,0,0,0,0
Cap_Phase1_60_L.mp4,1632,0,0,0,0,0,0,0
Cap_Phase1_60_L.mp4,1633,0,0,0,0,0,0,0
Cap_Phase1_60_L.mp4,1634,0,0,0,0,0,0,0
Cap_Phase1_60_L.mp4,1635,0,0,0,0,0,0,0
Cap_Phase1_60_L.mp4,1636,0,0,0,0,0,0,0
Cap_Phase1_60_L.mp4,1637,0,0,0,0,0,0,0
Cap_Phase1_60_L.mp4,1638,0,0,0,0,0,0,0
Cap_Phase1_60_L.mp4,1639,0,0,0,0,0,0,0
Cap_Phase1_60_L.mp4,1640,0,0,0,0,0,0,0
Cap_Phase1_60_L.mp4,1641,0,0,0,0,0,0,0
Cap_Phase1_60_L.mp4,1642,0,0,0,1,0,0,0
Cap_Phase1_60_L.mp4,1643,0,0,0,1,0,0,0
Cap_Phase1_60_L.mp4,1644,0,0,0,1,0,0,0
Cap_Phase1_60_L.mp4,1645,0,0,0,1,0,0,0
Cap_Phase1_60_L.mp4,1646,0,0,0,1,0,0,0
Cap_Phase1_60_L.mp4,1647,0,0,0,1,0,0,0
Cap_Phase1_60_L.mp4,1648,0,0,0,1,0,0,0
Cap_Phase1_60_L.mp4,1649,0,0,0,1,0,0,0
Cap_Phase1_60_L.mp4,1650,0,0,0,1,0,0,0
Cap_Phase1_60_L.mp4,1651,0,0,0,1,0,0,0
Cap_Phase1_60_L.mp4,1652,0,0,0,1,0,0,0
Cap_Phase1_60_L.mp4,1653,0,0,0,1,0,0,0
Cap_Phase1_60_L.mp4,1654,0,0,0,1,0,0,0
Cap_Phase1_60_L.mp4,1655,0,0,0,1,0,0,0
Cap_Phase1_60_L.mp4,1656,0,0,0,1,0,0,0
Cap_Phase1_60_L.mp4,1657,0,0,0,1,0,0,0
Cap_Phase1_60_L.mp4,1658,0,0,0,1,0,0,0
Cap_Phase1_60_L.mp4,1659,0,0,0,1,0,0,0
Cap_Phase1_60_L.mp4,1660,0,0,0,1,0,0,0
Cap_Phase1_60_L.mp4,1661,0,0,0,1,0,0,0
Cap_Phase1_60_L.mp4,1662,0,0,0,1,0,0,0
Cap_Phase1_60_L.mp4,1663,0,0,0,1,0,0,0
Cap_Phase1_60_L.mp4,1664,0,0,0,1,0,0,0
Cap_Phase1_60_L.mp4,1665,0,0,0,1,0,0,0
Cap_Phase1_60_L.mp4,1666,0,0,0,1,0,0,0
Cap_Phase1_60_L.mp4,1667,0,0,0,1,0,0,0
Cap_Phase1_60_L.mp4,1668,0,0,0,1,0,0,0
Cap_Phase1_60_L.mp4,1669,0,0,0,1,0,0,0
Cap_Phase1_60_L.mp4,1670,0,0,0,1,0,0,0
Cap_Phase1_60_L.mp4,1671,0,0,0,0,0,0,0
Cap_Phase1_60_L.mp4,1672,0,0,0,0,0,0,0
Cap_Phase1_60_L.mp4,1673,0,0,0,0,0,0,0
Cap_Phase1_60_L.mp4,1674,0,0,0,0,0,0,0
Cap_Phase1_60_L.mp4,1675,0,0,0,0,0,0,0
Cap_Phase1_60_L.mp4,1676,0,0,0,0,0,0,0
Cap_Phase1_60_L.mp4,1677,0,0,0,0,0,0,0
Cap_Phase1_60_L.mp4,1678,0,0,0,0,0,0,0
Cap_Phase1_60_L.mp4,1679,0,0,0,0,0,0,0
Cap_Phase1_60_L.mp4,1680,0,0,0,0,0,0,0
Cap_Phase1_60_L.mp4,1681,0,0,0,0,0,0,0
Cap_Phase1_60_L.mp4,1682,0,0,0,0,0,0,0
Cap_Phase1_60_L.mp4,1683,0,0,0,0,0,0,0
Cap_Phase1_60_L.mp4,1684,0,0,0,0,0,0,0
Cap_Phase1_60_L.mp4,1685,0,0,0,0,0,0,0
Cap_Phase1_60_L.mp4,1686,0,0,0,0,0,0,0
Cap_Phase1_60_L.mp4,1687,0,0,0,0,0,0,0
Cap_Phase1_60_L.mp4,1688,0,0,0,0,0,0,0
Cap_Phase1_60_L.mp4,1689,0,0,0,0,0,0,0
Cap_Phase1_60_L.mp4,1690,0,0,0,0,0,0,0
Cap_Phase1_60_L.mp4,1691,0,0,0,0,0,0,0
Cap_Phase1_60_L.mp4,1692,0,0,0,0,0,0,0
Cap_Phase1_60_L.mp4,1693,0,0,0,0,0,0,0
Cap_Phase1_60_L.mp4,1694,0,0,0,0,0,0,0
Cap_Phase1_60_L.mp4,1695,0,0,0,0,0,0,0
Cap_Phase1_60_L.mp4,1696,0,0,0,0,0,0,0
Cap_Phase1_60_L.mp4,1697,0,0,0,0,0,0,0
Cap_Phase1_60_L.mp4,1698,0,0,0,0,0,0,0
Cap_Phase1_60_L.mp4,1699,0,0,0,0,0,0,0
Cap_Phase1_60_L.mp4,1700,0,0,0,0,0,0,0
Cap_Phase1_60_L.mp4,1701,0,0,0,0,0,0,0
Cap_Phase1_60_L.mp4,1702,0,0,0,0,0,0,0
Cap_Phase1_60_L.mp4,1703,0,0,0,0,0,0,0
Cap_Phase1_60_L.mp4,1704,0,0,0,0,0,0,0
Cap_Phase1_60_L.mp4,1705,0,0,0,0,0,0,0
Cap_Phase1_60_L.mp4,1706,0,0,1,0,0,0,0
Cap_Phase1_60_L.mp4,1707,0,0,1,1,0,0,0
Cap_Phase1_60_L.mp4,1708,0,0,1,1,0,0,0
Cap_Phase1_60_L.mp4,1709,0,0,1,0,0,0,0
Cap_Phase1_60_L.mp4,1710,0,0,1,0,0,0,0
Cap_Phase1_60_L.mp4,1711,0,0,1,0,0,0,0
Cap_Phase1_60_L.mp4,1712,0,0,1,0,0,0,0
Cap_Phase1_60_L.mp4,1713,0,0,1,0,0,0,0
Cap_Phase1_60_L.mp4,1714,0,0,1,0,0,0,0
Cap_Phase1_60_L.mp4,1715,0,0,1,0,0,0,0
Cap_Phase1_60_L.mp4,1716,0,0,1,0,0,0,0
Cap_Phase1_60_L.mp4,1717,0,0,1,0,0,0,0
Cap_Phase1_60_L.mp4,1718,0,0,1,0,0,0,0
Cap_Phase1_60_L.mp4,1719,0,0,1,0,0,0,0
Cap_Phase1_60_L.mp4,1720,0,0,1,0,0,0,0
Cap_Phase1_60_L.mp4,1721,0,0,1,0,0,0,0
Cap_Phase1_60_L.mp4,1722,0,0,1,0,0,0,0
Cap_Phase1_60_L.mp4,1723,0,0,1,0,0,0,0
Cap_Phase1_60_L.mp4,1724,0,0,1,0,0,0,0
Cap_Phase1_60_L.mp4,1725,0,0,1,0,0,0,0
Cap_Phase1_60_L.mp4,1726,0,0,1,0,0,0,0
Cap_Phase1_60_L.mp4,1727,0,0,1,0,0,0,0
Cap_Phase1_60_L.mp4,1728,0,0,1,0,0,0,0
Cap_Phase1_60_L.mp4,1729,0,0,1,0,0,0,0
Cap_Phase1_60_L.mp4,1730,0,0,0,0,0,0,0
Cap_Phase1_60_L.mp4,1731,0,0,0,0,0,0,0
Cap_Phase1_60_L.mp4,1732,0,0,0,0,0,0,0
Cap_Phase1_60_L.mp4,1733,0,0,0,0,0,0,0
Cap_Phase1_60_L.mp4,1734,0,0,0,0,0,0,0
Cap_Phase1_60_L.mp4,1735,0,0,0,0,0,0,0
Cap_Phase1_60_L.mp4,1736,0,0,0,0,0,0,0
Cap_Phase1_60_L.mp4,1737,0,0,0,0,0,0,0
Cap_Phase1_60_L.mp4,1738,0,0,0,0,0,0,0
Cap_Phase1_60_L.mp4,1739,0,0,0,0,0,0,0
Cap_Phase1_60_L.mp4,1740,0,0,0,0,0,0,0
Cap_Phase1_60_L.mp4,1741,0,0,0,0,0,0,0
Cap_Phase1_60_L.mp4,1742,0,0,0,0,0,0,0
Cap_Phase1_60_L.mp4,1743,0,0,0,0,0,0,0
Cap_Phase1_60_L.mp4,1744,0,0,0,0,0,0,0
Cap_Phase1_60_L.mp4,1745,0,0,0,0,0,0,0
Cap_Phase1_60_L.mp4,1746,0,0,0,0,0,0,0
Cap_Phase1_60_L.mp4,1747,0,0,0,0,0,0,0
Cap_Phase1_60_L.mp4,1748,0,0,0,0,0,0,0
Cap_Phase1_60_L.mp4,1749,0,0,0,0,0,0,0
Cap_Phase1_60_L.mp4,1750,0,0,0,0,0,0,0
Cap_Phase1_60_L.mp4,1751,0,0,0,0,0,0,0
Cap_Phase1_60_L.mp4,1752,0,0,0,0,0,0,0
Cap_Phase1_60_L.mp4,1753,0,0,0,0,0,0,0
Cap_Phase1_60_L.mp4,1754,0,0,0,0,0,0,0
Cap_Phase1_60_L.mp4,1755,0,0,0,0,0,0,0
Cap_Phase1_60_L.mp4,1756,0,0,0,0,0,0,0
Cap_Phase1_60_L.mp4,1757,0,0,0,0,0,0,0
Cap_Phase1_60_L.mp4,1758,0,0,0,0,0,0,0
Cap_Phase1_60_L.mp4,1759,0,0,0,0,0,0,0
Cap_Phase1_60_L.mp4,1760,0,0,0,0,0,0,0
Cap_Phase1_60_L.mp4,1761,0,0,0,0,0,0,0
Cap_Phase1_60_L.mp4,1762,0,0,0,0,0,0,0
Cap_Phase1_60_L.mp4,1763,0,0,0,0,0,0,0
Cap_Phase1_60_L.mp4,1764,0,0,0,0,0,0,0
Cap_Phase1_60_L.mp4,1765,0,0,1,0,0,0,0
Cap_Phase1_60_L.mp4,1766,0,0,1,0,0,0,0
Cap_Phase1_60_L.mp4,1767,0,0,1,0,0,0,0
Cap_Phase1_60_L.mp4,1768,0,0,1,0,0,0,0
Cap_Phase1_60_L.mp4,1769,0,0,1,0,0,0,0
Cap_Phase1_60_L.mp4,1770,0,0,1,0,0,0,0
Cap_Phase1_60_L.mp4,1771,0,0,1,0,0,0,0
Cap_Phase1_60_L.mp4,1772,0,0,1,0,0,0,0
Cap_Phase1_60_L.mp4,1773,0,0,1,0,0,0,0
Cap_Phase1_60_L.mp4,1774,0,0,1,0,0,0,0
Cap_Phase1_60_L.mp4,1775,0,0,1,0,0,0,0
Cap_Phase1_60_L.mp4,1776,0,0,1,0,0,0,0
Cap_Phase1_60_L.mp4,1777,0,0,1,0,0,0,0
Cap_Phase1_60_L.mp4,1778,0,1,1,0,0,0,0
Cap_Phase1_60_L.mp4,1779,0,1,1,0,0,0,0
Cap_Phase1_60_L.mp4,1780,0,1,1,0,0,0,0
Cap_Phase1_60_L.mp4,1781,0,1,1,0,0,0,0
Cap_Phase1_60_L.mp4,1782,0,1,1,0,0,0,0
Cap_Phase1_60_L.mp4,1783,0,1,1,0,0,0,0
Cap_Phase1_60_L.mp4,1784,0,1,1,0,0,0,0
Cap_Phase1_60_L.mp4,1785,0,1,1,0,0,0,0
Cap_Phase1_60_L.mp4,1786,0,1,1,0,0,0,0
Cap_Phase1_60_L.mp4,1787,0,1,1,0,0,0,0
Cap_Phase1_60_L.mp4,1788,0,1,1,0,0,0,0
Cap_Phase1_60_L.mp4,1789,0,1,1,0,0,0,0
Cap_Phase1_60_L.mp4,1790,0,1,1,0,0,0,0
Cap_Phase1_60_L.mp4,1791,0,1,1,0,0,0,0
Cap_Phase1_60_L.mp4,1792,0,1,1,1,0,0,0
Cap_Phase1_60_L.mp4,1793,0,0,0,0,0,0,0
Cap_Phase1_60_L.mp4,1794,0,0,0,0,0,0,0
Cap_Phase1_60_L.mp4,1795,0,0,0,0,0,0,0
Cap_Phase1_60_L.mp4,1796,0,0,0,0,0,0,0
Cap_Phase1_60_L.mp4,1797,0,0,0,0,0,0,0
Cap_Phase1_60_L.mp4,1798,0,0,0,0,0,0,0
Cap_Phase1_60_L.mp4,1799,0,0,0,0,0,0,0
Cap_Phase1_60_L.mp4,1800,0,0,0,0,0,0,0
Cap_Phase1_60_L.mp4,1801,0,0,0,0,0,0,0
Cap_Phase1_60_L.mp4,1802,0,0,0,0,0,0,0
Cap_Phase1_60_L.mp4,1803,0,0,0,0,0,0,0
Cap_Phase1_60_L.mp4,1804,0,0,0,0,0,0,0
Cap_Phase1_60_L.mp4,1805,0,0,0,0,0,0,0
Cap_Phase1_60_L.mp4,1806,0,0,0,0,0,0,0
Cap_Phase1_60_L.mp4,1807,0,0,0,0,0,0,0
Cap_Phase1_60_L.mp4,1808,0,0,0,0,0,0,0
Cap_Phase1_60_L.mp4,1809,0,0,0,0,0,0,0
Cap_Phase1_60_L.mp4,1810,0,0,0,0,0,0,0
Cap_Phase1_60_L.mp4,1811,0,0,0,0,0,0,0
Cap_Phase1_60_L.mp4,1812,0,0,0,0,0,0,0
Cap_Phase1_60_L.mp4,1813,0,0,0,0,0,0,0
Cap_Phase1_60_L.mp4,1814,0,0,0,0,0,0,0
Cap_Phase1_60_L.mp4,1815,0,0,0,0,0,0,0
Cap_Phase1_60_L.mp4,1816,0,0,0,0,0,0,0
Cap_Phase1_60_L.mp4,1817,0,0,0,0,0,0,0
Cap_Phase1_60_L.mp4,1818,0,0,0,0,0,0,0
Cap_Phase1_60_L.mp4,1819,0,0,0,0,0,0,0
Cap_Phase1_60_L.mp4,1820,0,0,0,0,0,0,0
Cap_Phase1_60_L.mp4,1821,0,0,0,0,0,0,0
Cap_Phase1_60_L.mp4,1822,0,0,0,0,0,0,0
Cap_Phase1_60_L.mp4,1823,0,0,0,0,0,0,0
Cap_Phase1_60_L.mp4,1824,0,0,0,0,0,0,0
Cap_Phase1_60_L.mp4,1825,0,0,0,0,0,0,0
Cap_Phase1_60_L.mp4,1826,0,0,0,0,0,0,0
Cap_Phase1_60_L.mp4,1827,0,1,0,0,0,0,0
Cap_Phase1_60_L.mp4,1828,0,1,0,0,0,0,0
Cap_Phase1_60_L.mp4,1829,0,1,0,0,0,0,0
Cap_Phase1_60_L.mp4,1830,0,1,0,0,0,0,0
Cap_Phase1_60_L.mp4,1831,0,1,0,0,0,0,0
Cap_Phase1_60_L.mp4,1832,0,1,0,0,0,0,0
Cap_Phase1_60_L.mp4,1833,0,1,0,0,0,0,0
Cap_Phase1_60_L.mp4,1834,0,1,0,0,0,0,0
Cap_Phase1_60_L.mp4,1835,0,1,0,0,0,0,0
Cap_Phase1_60_L.mp4,1836,0,1,0,0,0,0,0
Cap_Phase1_60_L.mp4,1837,0,1,0,0,0,0,0
Cap_Phase1_60_L.mp4,1838,0,1,0,0,0,0,0
Cap_Phase1_60_L.mp4,1839,0,1,0,0,0,0,0
Cap_Phase1_60_L.mp4,1840,0,1,0,0,0,0,0
Cap_Phase1_60_L.mp4,1841,0,1,0,0,0,0,0
Cap_Phase1_60_L.mp4,1842,0,1,0,0,0,0,0
Cap_Phase1_60_L.mp4,1843,0,1,0,0,0,0,0
Cap_Phase1_60_L.mp4,1844,0,1,0,0,0,0,0
Cap_Phase1_60_L.mp4,1845,0,1,0,0,0,0,0
Cap_Phase1_60_L.mp4,1846,0,1,0,0,0,0,0
Cap_Phase1_60_L.mp4,1847,0,1,0,0,0,0,0
Cap_Phase1_60_L.mp4,1848,0,1,0,0,0,0,0
Cap_Phase1_60_L.mp4,1849,0,1,0,0,0,0,0
Cap_Phase1_60_L.mp4,1850,0,1,0,0,0,0,0
Cap_Phase1_60_L.mp4,1851,0,1,0,0,0,0,0
Cap_Phase1_60_L.mp4,1852,0,1,0,0,0,0,0
Cap_Phase1_60_L.mp4,1853,0,0,0,0,0,0,0
Cap_Phase1_60_L.mp4,1854,0,0,0,0,0,0,0
Cap_Phase1_60_L.mp4,1855,0,0,0,0,0,0,0
Cap_Phase1_60_L.mp4,1856,0,0,0,0,0,0,0
Cap_Phase1_60_L.mp4,1857,0,0,0,0,0,0,0
Cap_Phase1_60_L.mp4,1858,0,0,0,0,0,0,0
Cap_Phase1_60_L.mp4,1859,0,0,0,0,0,0,0
Cap_Phase1_60_L.mp4,1860,0,0,0,0,0,0,0
Cap_Phase1_60_L.mp4,1861,0,0,0,0,0,0,0
Cap_Phase1_60_L.mp4,1862,0,0,0,0,0,0,0
Cap_Phase1_60_L.mp4,1863,0,0,0,0,0,0,0
Cap_Phase1_60_L.mp4,1864,0,0,0,0,0,0,0
Cap_Phase1_60_L.mp4,1865,0,0,0,0,0,0,0
Cap_Phase1_60_L.mp4,1866,0,0,0,0,0,0,0
Cap_Phase1_60_L.mp4,1867,0,0,0,0,0,0,0
Cap_Phase1_60_L.mp4,1868,0,0,0,0,0,0,0
Cap_Phase1_60_L.mp4,1869,0,0,0,0,0,0,0
Cap_Phase1_60_L.mp4,1870,0,0,0,0,0,0,0
Cap_Phase1_60_L.mp4,1871,0,0,0,0,0,0,0
Cap_Phase1_60_L.mp4,1872,0,0,0,0,0,0,0
Cap_Phase1_60_L.mp4,1873,0,0,0,0,0,0,0
Cap_Phase1_60_L.mp4,1874,0,0,0,0,0,0,0
Cap_Phase1_60_L.mp4,1875,0,0,0,0,0,0,0
Cap_Phase1_60_L.mp4,1876,0,0,0,0,0,0,0
Cap_Phase1_60_L.mp4,1877,0,0,0,0,0,0,0
Cap_Phase1_60_L.mp4,1878,0,0,0,0,0,0,0
Cap_Phase1_60_L.mp4,1879,0,0,0,0,0,0,0
Cap_Phase1_60_L.mp4,1880,0,0,0,0,0,0,0
Cap_Phase1_60_L.mp4,1881,0,0,0,0,0,0,0
Cap_Phase1_60_L.mp4,1882,0,0,0,0,0,0,0
Cap_Phase1_60_L.mp4,1883,0,0,0,0,0,0,0
Cap_Phase1_60_L.mp4,1884,0,0,0,0,0,0,0
Cap_Phase1_60_L.mp4,1885,0,0,0,0,0,0,0
Cap_Phase1_60_L.mp4,1886,0,0,0,0,0,0,0
Cap_Phase1_60_L.mp4,1887,1,0,0,0,0,0,0
Cap_Phase1_60_L.mp4,1888,1,0,0,0,0,0,0
Cap_Phase1_60_L.mp4,1889,1,1,0,0,0,0,0
Cap_Phase1_60_L.mp4,1890,1,1,0,0,0,0,0
Cap_Phase1_60_L.mp4,1891,1,1,0,0,0,0,0
Cap_Phase1_60_L.mp4,1892,1,0,0,0,0,0,0
Cap_Phase1_60_L.mp4,1893,1,0,0,0,0,0,0
Cap_Phase1_60_L.mp4,1894,1,0,0,0,0,0,0
Cap_Phase1_60_L.mp4,1895,1,0,0,0,0,0,0
Cap_Phase1_60_L.mp4,1896,1,1,0,0,0,0,0
Cap_Phase1_60_L.mp4,1897,1,0,0,0,0,0,0
Cap_Phase1_60_L.mp4,1898,1,0,0,0,0,0,0
Cap_Phase1_60_L.mp4,1899,1,0,0,0,0,0,0
Cap_Phase1_60_L.mp4,1900,1,0,0,0,0,0,0
Cap_Phase1_60_L.mp4,1901,1,0,0,0,0,0,0
Cap_Phase1_60_L.mp4,1902,1,0,0,0,0,0,0
Cap_Phase1_60_L.mp4,1903,1,0,0,0,0,0,0
Cap_Phase1_60_L.mp4,1904,1,0,0,0,0,0,0
Cap_Phase1_60_L.mp4,1905,1,0,0,0,0,0,0
Cap_Phase1_60_L.mp4,1906,1,0,0,0,0,0,0
Cap_Phase1_60_L.mp4,1907,1,0,0,0,0,0,0
Cap_Phase1_60_L.mp4,1908,1,0,0,0,0,0,0
Cap_Phase1_60_L.mp4,1909,1,0,0,0,0,0,0
Cap_Phase1_60_L.mp4,1910,1,0,0,0,0,0,0
Cap_Phase1_60_L.mp4,1911,1,0,0,0,0,0,0
Cap_Phase1_60_L.mp4,1912,1,0,0,0,0,0,0
Cap_Phase1_60_L.mp4,1913,1,0,0,0,0,0,0
Cap_Phase1_60_L.mp4,1914,0,0,0,0,0,0,0
Cap_Phase1_60_L.mp4,1915,0,0,0,0,0,0,0
Cap_Phase1_60_L.mp4,1916,0,0,0,0,0,0,0
Cap_Phase1_60_L.mp4,1917,0,0,0,0,0,0,0
Cap_Phase1_60_L.mp4,1918,0,0,0,0,0,0,0
Cap_Phase1_60_L.mp4,1919,0,0,0,0,0,0,0
Cap_Phase1_60_L.mp4,1920,0,0,0,0,0,0,0
Cap_Phase1_60_L.mp4,1921,0,0,0,0,0,0,0
Cap_Phase1_60_L.mp4,1922,0,0,0,0,0,0,0
Cap_Phase1_60_L.mp4,1923,0,0,0,0,0,0,0
Cap_Phase1_60_L.mp4,1924,0,0,0,0,0,0,0
Cap_Phase1_60_L.mp4,1925,0,0,0,0,0,0,0
Cap_Phase1_60_L.mp4,1926,0,0,0,0,0,0,0
Cap_Phase1_60_L.mp4,1927,0,0,0,0,0,0,0
Cap_Phase1_60_L.mp4,1928,0,0,0,0,0,0,0
Cap_Phase1_60_L.mp4,1929,0,0,0,0,0,0,0
Cap_Phase1_60_L.mp4,1930,0,0,0,0,0,0,0
Cap_Phase1_60_L.mp4,1931,0,0,0,0,0,0,0
Cap_Phase1_60_L.mp4,1932,0,0,0,0,0,0,0
Cap_Phase1_60_L.mp4,1933,0,0,0,0,0,0,0
Cap_Phase1_60_L.mp4,1934,0,0,0,0,0,0,0
Cap_Phase1_60_L.mp4,1935,0,0,0,0,0,0,0
Cap_Phase1_60_L.mp4,1936,0,0,0,0,0,0,0
Cap_Phase1_60_L.mp4,1937,0,0,0,0,0,0,0
Cap_Phase1_60_L.mp4,1938,0,0,0,0,0,0,0
Cap_Phase1_60_L.mp4,1939,0,0,0,0,0,0,0
Cap_Phase1_60_L.mp4,1940,0,0,0,0,0,0,0
Cap_Phase1_60_L.mp4,1941,0,0,0,0,0,0,0
Cap_Phase1_60_L.mp4,1942,0,0,0,0,0,0,0
Cap_Phase1_60_L.mp4,1943,0,0,0,0,0,0,0
Cap_Phase1_60_L.mp4,1944,0,0,0,0,0,0,0
Cap_Phase1_60_L.mp4,1945,1,0,0,0,0,0,0
Cap_Phase1_60_L.mp4,1946,1,0,0,0,0,0,0
Cap_Phase1_60_L.mp4,1947,1,0,0,0,0,0,0
Cap_Phase1_60_L.mp4,1948,1,0,0,0,0,0,0
Cap_Phase1_60_L.mp4,1949,1,0,0,0,0,0,0
Cap_Phase1_60_L.mp4,1950,1,0,0,0,0,0,0
Cap_Phase1_60_L.mp4,1951,1,0,0,0,0,0,0
Cap_Phase1_60_L.mp4,1952,1,0,0,0,0,0,0
Cap_Phase1_60_L.mp4,1953,1,0,0,0,0,0,0
Cap_Phase1_60_L.mp4,1954,1,0,0,0,0,0,0
Cap_Phase1_60_L.mp4,1955,1,0,0,0,0,0,0
Cap_Phase1_60_L.mp4,1956,1,0,0,0,0,0,0
Cap_Phase1_60_L.mp4,1957,1,0,0,0,0,0,0
Cap_Phase1_60_L.mp4,1958,1,0,0,0,0,0,0
Cap_Phase1_60_L.mp4,1959,1,0,0,0,0,0,0
Cap_Phase1_60_L.mp4,1960,1,0,0,0,0,0,0
Cap_Phase1_60_L.mp4,1961,1,0,0,0,0,0,0
Cap_Phase1_60_L.mp4,1962,1,0,0,0,0,0,0
Cap_Phase1_60_L.mp4,1963,1,0,0,0,0,0,0
Cap_Phase1_60_L.mp4,1964,1,0,0,0,0,0,0
Cap_Phase1_60_L.mp4,1965,1,0,0,0,0,0,0
Cap_Phase1_60_L.mp4,1966,1,0,0,0,0,0,0
Cap_Phase1_60_L.mp4,1967,1,0,0,0,0,0,0
Cap_Phase1_60_L.mp4,1968,1,0,0,0,0,0,0
Cap_Phase1_60_L.mp4,1969,1,0,0,0,0,0,0
Cap_Phase1_60_L.mp4,1970,1,0,0,0,0,0,0
Cap_Phase1_60_L.mp4,1971,0,0,0,0,0,0,0
Cap_Phase1_60_L.mp4,1972,0,0,0,0,0,0,0
Cap_Phase1_60_L.mp4,1973,0,0,0,0,0,0,0
Cap_Phase1_60_L.mp4,1974,0,0,0,0,0,0,0
Cap_Phase1_60_L.mp4,1975,0,0,0,0,0,0,0
Cap_Phase1_60_L.mp4,1976,0,0,0,0,0,0,0
Cap_Phase1_60_L.mp4,1977,0,0,0,0,0,0,0
Cap_Phase1_60_L.mp4,1978,0,0,0,0,0,0,0
Cap_Phase1_60_L.mp4,1979,0,0,0,0,0,0,0
Cap_Phase1_60_L.mp4,1980,0,0,0,0,0,0,0
Cap_Phase1_60_L.mp4,1981,0,0,0,0,0,0,0
Cap_Phase1_60_L.mp4,1982,0,0,0,0,0,0,0
Cap_Phase1_60_L.mp4,1983,0,0,0,0,0,0,0
Cap_Phase1_60_L.mp4,1984,0,0,0,0,0,0,0
Cap_Phase1_60_L.mp4,1985,0,0,0,0,0,0,0
Cap_Phase1_60_L.mp4,1986,0,0,0,0,0,0,0
Cap_Phase1_60_L.mp4,1987,0,0,0,0,0,0,0
Cap_Phase1_60_L.mp4,1988,0,0,0,0,0,0,0
Cap_Phase1_60_L.mp4,1989,0,0,0,0,0,0,0
Cap_Phase1_60_L.mp4,1990,0,0,0,0,0,0,0
Cap_Phase1_60_L.mp4,1991,0,0,0,0,0,0,0
Cap_Phase1_60_L.mp4,1992,0,0,0,0,0,0,0
Cap_Phase1_60_L.mp4,1993,0,0,0,0,0,0,0
Cap_Phase1_60_L.mp4,1994,0,0,0,0,0,0,0
Cap_Phase1_60_L.mp4,1995,0,0,0,0,0,0,0
Cap_Phase1_60_L.mp4,1996,0,0,0,0,0,0,0
Cap_Phase1_60_L.mp4,1997,0,0,0,0,0,0,0
Cap_Phase1_60_L.mp4,1998,0,0,0,0,0,0,0
Cap_Phase1_60_L.mp4,1999,0,0,0,0,0,0,0
Cap_Phase1_60_L.mp4,2000,0,0,0,0,0,0,0
Cap_Phase1_60_L.mp4,2001,0,0,0,0,0,0,0
Cap_Phase1_60_L.mp4,2002,0,0,0,0,0,0,0
Cap_Phase1_60_L.mp4,2003,0,0,0,0,0,0,0
Cap_Phase1_60_L.mp4,2004,0,0,0,0,0,0,0
Cap_Phase1_60_L.mp4,2005,0,0,0,0,0,0,0
Cap_Phase1_60_L.mp4,2006,0,0,0,0,0,0,0
Cap_Phase1_60_L.mp4,2007,0,0,0,0,0,0,0
Cap_Phase1_60_L.mp4,2008,0,1,0,0,0,0,0
Cap_Phase1_60_L.mp4,2009,0,1,0,0,0,0,0
Cap_Phase1_60_L.mp4,2010,0,1,0,0,0,0,0
Cap_Phase1_60_L.mp4,2011,0,1,0,0,0,0,0
Cap_Phase1_60_L.mp4,2012,0,1,0,0,0,0,0
Cap_Phase1_60_L.mp4,2013,0,1,0,0,0,0,0
Cap_Phase1_60_L.mp4,2014,0,1,0,0,0,0,0
Cap_Phase1_60_L.mp4,2015,0,1,0,0,0,0,0
Cap_Phase1_60_L.mp4,2016,0,1,0,0,0,0,0
Cap_Phase1_60_L.mp4,2017,0,1,0,0,0,0,0
Cap_Phase1_60_L.mp4,2018,0,1,0,0,0,0,0
Cap_Phase1_60_L.mp4,2019,0,1,0,0,0,0,0
Cap_Phase1_60_L.mp4,2020,0,1,0,0,0,0,0
Cap_Phase1_60_L.mp4,2021,0,1,0,0,0,0,0
Cap_Phase1_60_L.mp4,2022,0,1,0,0,0,0,0
Cap_Phase1_60_L.mp4,2023,0,1,0,0,0,0,0
Cap_Phase1_60_L.mp4,2024,0,1,0,0,0,0,0
Cap_Phase1_60_L.mp4,2025,0,1,0,0,0,0,0
Cap_Phase1_60_L.mp4,2026,0,1,0,0,0,0,0
Cap_Phase1_60_L.mp4,2027,0,1,0,0,0,0,0
Cap_Phase1_60_L.mp4,2028,0,1,0,0,0,0,0
Cap_Phase1_60_L.mp4,2029,0,0,0,0,0,0,0
Cap_Phase1_60_L.mp4,2030,0,0,0,0,0,0,0
Cap_Phase1_60_L.mp4,2031,0,0,0,0,0,0,0
Cap_Phase1_60_L.mp4,2032,0,0,0,0,0,0,0
Cap_Phase1_60_L.mp4,2033,0,0,0,0,0,0,0
Cap_Phase1_60_L.mp4,2034,0,0,0,0,0,0,0
Cap_Phase1_60_L.mp4,2035,0,0,0,0,0,0,0
Cap_Phase1_60_L.mp4,2036,0,0,0,0,0,0,0
Cap_Phase1_60_L.mp4,2037,0,0,0,0,0,0,0
Cap_Phase1_60_L.mp4,2038,0,0,0,0,0,0,0
Cap_Phase1_60_L.mp4,2039,0,0,0,0,0,0,0
Cap_Phase1_60_L.mp4,2040,0,0,0,0,0,0,0
Cap_Phase1_60_L.mp4,2041,0,0,0,0,0,0,0
Cap_Phase1_60_L.mp4,2042,0,0,0,0,0,0,0
Cap_Phase1_60_L.mp4,2043,0,0,0,0,0,0,0
Cap_Phase1_60_L.mp4,2044,0,0,0,0,0,0,0
Cap_Phase1_60_L.mp4,2045,0,0,0,0,0,0,0
Cap_Phase1_60_L.mp4,2046,0,0,0,0,0,0,0
Cap_Phase1_60_L.mp4,2047,0,0,0,0,0,0,0
Cap_Phase1_60_L.mp4,2048,0,0,0,0,0,0,0
Cap_Phase1_60_L.mp4,2049,0,0,0,0,0,0,0
Cap_Phase1_60_L.mp4,2050,0,0,0,0,0,0,0
Cap_Phase1_60_L.mp4,2051,0,0,0,0,0,0,0
Cap_Phase1_60_L.mp4,2052,0,0,0,0,0,0,0
Cap_Phase1_60_L.mp4,2053,0,0,0,0,0,0,0
Cap_Phase1_60_L.mp4,2054,0,0,0,0,0,0,0
Cap_Phase1_60_L.mp4,2055,0,0,0,0,0,0,0
Cap_Phase1_60_L.mp4,2056,0,0,0,0,0,0,0
Cap_Phase1_60_L.mp4,2057,0,0,0,0,0,0,0
Cap_Phase1_60_L.mp4,2058,0,0,0,0,0,0,0
Cap_Phase1_60_L.mp4,2059,0,0,0,0,0,0,0
Cap_Phase1_60_L.mp4,2060,0,0,0,0,0,0,0
Cap_Phase1_60_L.mp4,2061,0,0,0,0,0,0,0
Cap_Phase1_60_L.mp4,2062,0,0,0,0,0,0,0
Cap_Phase1_60_L.mp4,2063,0,0,0,0,0,0,0
Cap_Phase1_60_L.mp4,2064,0,0,0,0,0,0,0
Cap_Phase1_60_L.mp4,2065,0,0,0,0,0,0,0
Cap_Phase1_60_L.mp4,2066,0,0,0,0,0,0,0
Cap_Phase1_60_L.mp4,2067,0,0,0,1,0,0,0
Cap_Phase1_60_L.mp4,2068,0,0,0,1,0,0,0
Cap_Phase1_60_L.mp4,2069,0,0,0,1,0,0,0
Cap_Phase1_60_L.mp4,2070,0,0,0,1,0,0,0
Cap_Phase1_60_L.mp4,2071,0,0,0,1,0,0,0
Cap_Phase1_60_L.mp4,2072,0,0,0,1,0,0,0
Cap_Phase1_60_L.mp4,2073,0,0,0,1,0,0,0
Cap_Phase1_60_L.mp4,2074,0,0,0,1,0,0,0
Cap_Phase1_60_L.mp4,2075,0,0,0,1,0,0,0
Cap_Phase1_60_L.mp4,2076,0,0,0,1,0,0,0
Cap_Phase1_60_L.mp4,2077,0,0,0,1,0,0,0
Cap_Phase1_60_L.mp4,2078,0,0,0,1,0,0,0
Cap_Phase1_60_L.mp4,2079,0,0,0,1,0,0,0
Cap_Phase1_60_L.mp4,2080,0,0,0,1,0,0,0
Cap_Phase1_60_L.mp4,2081,0,0,0,1,0,0,0
Cap_Phase1_60_L.mp4,2082,0,0,0,1,0,0,0
Cap_Phase1_60_L.mp4,2083,0,0,0,1,0,0,0
Cap_Phase1_60_L.mp4,2084,0,0,0,1,0,0,0
Cap_Phase1_60_L.mp4,2085,0,0,0,1,0,0,0
Cap_Phase1_60_L.mp4,2086,0,0,0,1,0,0,0
Cap_Phase1_60_L.mp4,2087,0,0,0,1,0,0,0
Cap_Phase1_60_L.mp4,2088,0,0,0,0,0,0,0
Cap_Phase1_60_L.mp4,2089,0,0,0,0,0,0,0
Cap_Phase1_60_L.mp4,2090,0,0,0,0,0,0,0
Cap_Phase1_60_L.mp4,2091,0,0,0,0,0,0,0
Cap_Phase1_60_L.mp4,2092,0,0,0,0,0,0,0
Cap_Phase1_60_L.mp4,2093,0,0,0,0,0,0,0
Cap_Phase1_60_L.mp4,2094,0,0,0,0,0,0,0
Cap_Phase1_60_L.mp4,2095,0,0,0,0,0,0,0
Cap_Phase1_60_L.mp4,2096,0,0,0,0,0,0,0
Cap_Phase1_60_L.mp4,2097,0,0,0,0,0,0,0
Cap_Phase1_60_L.mp4,2098,0,0,0,0,0,0,0
Cap_Phase1_60_L.mp4,2099,0,0,0,0,0,0,0
Cap_Phase1_60_L.mp4,2100,0,0,0,0,0,0,0
Cap_Phase1_60_L.mp4,2101,0,0,0,0,0,0,0
Cap_Phase1_60_L.mp4,2102,0,0,0,0,0,0,0
Cap_Phase1_60_L.mp4,2103,0,0,0,0,0,0,0
Cap_Phase1_60_L.mp4,2104,0,0,0,0,0,0,0
Cap_Phase1_60_L.mp4,2105,0,0,0,0,0,0,0
Cap_Phase1_60_L.mp4,2106,0,0,0,0,0,0,0
Cap_Phase1_60_L.mp4,2107,0,0,0,0,0,0,0
Cap_Phase1_60_L.mp4,2108,0,0,0,0,0,0,0
Cap_Phase1_60_L.mp4,2109,0,0,0,0,0,0,0
Cap_Phase1_60_L.mp4,2110,0,0,0,0,0,0,0
Cap_Phase1_60_L.mp4,2111,0,0,0,0,0,0,0
Cap_Phase1_60_L.mp4,2112,0,0,0,0,0,0,0
Cap_Phase1_60_L.mp4,2113,0,0,0,0,0,0,0
Cap_Phase1_60_L.mp4,2114,0,0,0,0,0,0,0
Cap_Phase1_60_L.mp4,2115,0,0,0,0,0,0,0
Cap_Phase1_60_L.mp4,2116,0,0,0,0,0,0,0
Cap_Phase1_60_L.mp4,2117,0,0,0,0,0,0,0
Cap_Phase1_60_L.mp4,2118,0,0,0,0,0,0,0
Cap_Phase1_60_L.mp4,2119,0,0,0,0,0,0,0
Cap_Phase1_60_L.mp4,2120,0,0,0,0,0,0,0
Cap_Phase1_60_L.mp4,2121,0,0,0,0,0,0,0
Cap_Phase1_60_L.mp4,2122,0,0,0,0,0,0,0
Cap_Phase1_60_L.mp4,2123,0,0,0,0,0,0,0
Cap_Phase1_60_L.mp4,2124,0,0,0,0,0,0,0
Cap_Phase1_60_L.mp4,2125,0,0,0,0,0,0,0
Cap_Phase1_60_L.mp4,2126,0,0,0,0,1,0,0
Cap_Phase1_60_L.mp4,2127,0,0,0,0,1,0,0
Cap_Phase1_60_L.mp4,2128,0,0,0,0,1,0,0
Cap_Phase1_60_L.mp4,2129,0,0,0,0,1,0,0
Cap_Phase1_60_L.mp4,2130,0,0,0,0,1,0,0
Cap_Phase1_60_L.mp4,2131,0,0,0,0,1,0,0
Cap_Phase1_60_L.mp4,2132,0,0,0,0,1,0,0
Cap_Phase1_60_L.mp4,2133,0,0,0,0,1,0,0
Cap_Phase1_60_L.mp4,2134,0,0,0,0,1,0,0
Cap_Phase1_60_L.mp4,2135,0,0,0,0,1,0,0
Cap_Phase1_60_L.mp4,2136,0,0,0,0,1,0,0
Cap_Phase1_60_L.mp4,2137,0,0,0,0,1,0,0
Cap_Phase1_60_L.mp4,2138,0,0,0,0,1,0,0
Cap_Phase1_60_L.mp4,2139,0,0,0,0,1,0,0
Cap_Phase1_60_L.mp4,2140,0,0,0,0,1,0,0
Cap_Phase1_60_L.mp4,2141,0,0,0,0,1,0,0
Cap_Phase1_60_L.mp4,2142,0,0,0,0,0,0,0
Cap_Phase1_60_L.mp4,2143,0,0,0,0,0,0,0
Cap_Phase1_60_L.mp4,2144,0,0,0,0,0,0,0
Cap_Phase1_60_L.mp4,2145,0,0,0,0,0,0,0
Cap_Phase1_60_L.mp4,2146,0,0,0,0,0,0,0
Cap_Phase1_60_L.mp4,2147,0,0,0,0,0,0,0
Cap_Phase1_60_L.mp4,2148,0,0,0,0,0,0,0
Cap_Phase1_60_L.mp4,2149,0,0,0,0,0,0,0
Cap_Phase1_60_L.mp4,2150,0,0,0,0,0,0,0
Cap_Phase1_60_L.mp4,2151,0,0,0,0,0,0,0
Cap_Phase1_60_L.mp4,2152,0,0,0,0,0,0,0
Cap_Phase1_60_L.mp4,2153,0,0,0,0,0,0,0
Cap_Phase1_60_L.mp4,2154,0,0,0,0,0,0,0
Cap_Phase1_60_L.mp4,2155,0,0,0,0,0,0,0
Cap_Phase1_60_L.mp4,2156,0,0,0,0,0,0,0
Cap_Phase1_60_L.mp4,2157,0,0,0,0,0,0,0
Cap_Phase1_60_L.mp4,2158,0,0,0,0,0,0,0
Cap_Phase1_60_L.mp4,2159,0,0,0,0,0,0,0
Cap_Phase1_60_L.mp4,2160,0,0,0,0,0,0,0
Cap_Phase1_60_L.mp4,2161,0,0,0,0,0,0,0
Cap_Phase1_60_L.mp4,2162,0,0,0,0,0,0,0
Cap_Phase1_60_L.mp4,2163,0,0,0,0,0,0,0
Cap_Phase1_60_L.mp4,2164,0,0,0,0,0,0,0
Cap_Phase1_60_L.mp4,2165,0,0,0,0,0,0,0
Cap_Phase1_60_L.mp4,2166,0,0,0,0,0,0,0
Cap_Phase1_60_L.mp4,2167,0,0,0,0,0,0,0
Cap_Phase1_60_L.mp4,2168,0,0,0,0,0,0,0
Cap_Phase1_60_L.mp4,2169,0,0,0,0,0,0,0
Cap_Phase1_60_L.mp4,2170,0,0,0,0,0,0,0
Cap_Phase1_60_L.mp4,2171,0,0,0,0,0,0,0
Cap_Phase1_60_L.mp4,2172,0,0,0,0,0,0,0
Cap_Phase1_60_L.mp4,2173,0,0,0,0,0,0,0
Cap_Phase1_60_L.mp4,2174,0,0,0,0,0,0,0
Cap_Phase1_60_L.mp4,2175,0,0,0,0,0,0,0
Cap_Phase1_60_L.mp4,2176,0,0,0,0,0,0,0
Cap_Phase1_60_L.mp4,2177,0,0,0,0,0,0,0
Cap_Phase1_60_L.mp4,2178,0,0,0,0,0,0,0
Cap_Phase1_60_L.mp4,2179,0,0,0,0,0,0,0
Cap_Phase1_60_L.mp4,2180,0,0,0,0,0,0,0
Cap_Phase1_60_L.mp4,2181,0,0,0,0,0,0,0
Cap_Phase1_60_L.mp4,2182,0,0,0,0,0,0,0
Cap_Phase1_60_L.mp4,2183,0,0,0,0,0,0,0
Cap_Phase1_60_L.mp4,2184,0,0,0,0,0,0,0
Cap_Phase1_60_L.mp4,2185,0,0,0,0,0,0,0
Cap_Phase1_60_L.mp4,2186,0,0,0,0,0,0,0
Cap_Phase1_60_L.mp4,2187,0,0,0,0,1,0,0
Cap_Phase1_60_L.mp4,2188,0,0,0,1,1,0,0
Cap_Phase1_60_L.mp4,2189,0,0,0,1,1,0,0
Cap_Phase1_60_L.mp4,2190,0,0,0,1,1,0,0
Cap_Phase1_60_L.mp4,2191,0,0,0,0,1,0,0
Cap_Phase1_60_L.mp4,2192,0,0,0,0,1,0,0
Cap_Phase1_60_L.mp4,2193,0,0,0,0,1,0,0
Cap_Phase1_60_L.mp4,2194,0,0,0,0,1,0,0
Cap_Phase1_60_L.mp4,2195,0,0,0,0,1,0,0
Cap_Phase1_60_L.mp4,2196,0,0,0,0,1,0,0
Cap_Phase1_60_L.mp4,2197,0,0,0,0,1,0,0
Cap_Phase1_60_L.mp4,2198,0,0,0,0,1,0,0
Cap_Phase1_60_L.mp4,2199,0,0,0,0,1,0,0
Cap_Phase1_60_L.mp4,2200,0,0,0,1,1,0,0
Cap_Phase1_60_L.mp4,2201,0,0,0,1,1,0,0
Cap_Phase1_60_L.mp4,2202,0,0,0,1,1,0,0
Cap_Phase1_60_L.mp4,2203,0,0,0,1,1,0,0
Cap_Phase1_60_L.mp4,2204,0,0,0,1,1,0,0
Cap_Phase1_60_L.mp4,2205,0,0,0,0,1,0,0
Cap_Phase1_60_L.mp4,2206,0,0,0,0,1,0,0
Cap_Phase1_60_L.mp4,2207,0,0,0,0,1,0,0
Cap_Phase1_60_L.mp4,2208,0,0,0,0,1,0,0
Cap_Phase1_60_L.mp4,2209,0,0,0,0,0,0,0
Cap_Phase1_60_L.mp4,2210,0,0,0,0,0,0,0
Cap_Phase1_60_L.mp4,2211,0,0,0,0,0,0,0
Cap_Phase1_60_L.mp4,2212,0,0,0,0,0,0,0
Cap_Phase1_60_L.mp4,2213,0,0,0,0,0,0,0
Cap_Phase1_60_L.mp4,2214,0,0,0,0,0,0,0
Cap_Phase1_60_L.mp4,2215,0,0,0,0,0,0,0
Cap_Phase1_60_L.mp4,2216,0,0,0,0,0,0,0
Cap_Phase1_60_L.mp4,2217,0,0,0,0,0,0,0
Cap_Phase1_60_L.mp4,2218,0,0,0,0,0,0,0
Cap_Phase1_60_L.mp4,2219,0,0,0,0,0,0,0
Cap_Phase1_60_L.mp4,2220,0,0,0,0,0,0,0
Cap_Phase1_60_L.mp4,2221,0,0,0,0,0,0,0
Cap_Phase1_60_L.mp4,2222,0,0,0,0,0,0,0
Cap_Phase1_60_L.mp4,2223,0,0,0,0,0,0,0
Cap_Phase1_60_L.mp4,2224,0,0,0,0,0,0,0
Cap_Phase1_60_L.mp4,2225,0,0,0,0,0,0,0
Cap_Phase1_60_L.mp4,2226,0,0,0,0,0,0,0
Cap_Phase1_60_L.mp4,2227,0,0,0,0,0,0,0
Cap_Phase1_60_L.mp4,2228,0,0,0,0,0,0,0
Cap_Phase1_60_L.mp4,2229,0,0,0,0,0,0,0
Cap_Phase1_60_L.mp4,2230,0,0,0,0,0,0,0
Cap_Phase1_60_L.mp4,2231,0,0,0,0,0,0,0
Cap_Phase1_60_L.mp4,2232,0,0,0,0,0,0,0
Cap_Phase1_60_L.mp4,2233,0,0,0,0,0,0,0
Cap_Phase1_60_L.mp4,2234,0,0,0,0,0,0,0
Cap_Phase1_60_L.mp4,2235,0,0,0,0,0,0,0
Cap_Phase1_60_L.mp4,2236,0,0,0,0,0,0,0
Cap_Phase1_60_L.mp4,2237,0,0,0,0,0,0,0
Cap_Phase1_60_L.mp4,2238,0,0,0,0,0,0,0
Cap_Phase1_60_L.mp4,2239,0,0,0,0,0,0,0
Cap_Phase1_60_L.mp4,2240,0,0,0,0,0,0,0
Cap_Phase1_60_L.mp4,2241,0,0,0,0,0,0,0
Cap_Phase1_60_L.mp4,2242,0,0,0,0,0,0,0
Cap_Phase1_60_L.mp4,2243,0,0,0,0,0,0,0
Cap_Phase1_60_L.mp4,2244,1,0,0,1,1,0,0
Cap_Phase1_60_L.mp4,2245,0,0,0,1,1,0,0
Cap_Phase1_60_L.mp4,2246,0,0,0,0,1,0,0
Cap_Phase1_60_L.mp4,2247,0,0,0,0,1,0,0
Cap_Phase1_60_L.mp4,2248,0,0,0,0,1,0,0
Cap_Phase1_60_L.mp4,2249,0,0,0,0,1,0,0
Cap_Phase1_60_L.mp4,2250,0,0,0,0,1,0,0
Cap_Phase1_60_L.mp4,2251,0,0,0,1,1,0,0
Cap_Phase1_60_L.mp4,2252,0,0,0,1,1,0,0
Cap_Phase1_60_L.mp4,2253,0,0,0,1,1,0,0
Cap_Phase1_60_L.mp4,2254,0,0,0,1,1,0,0
Cap_Phase1_60_L.mp4,2255,0,0,0,1,1,0,0
Cap_Phase1_60_L.mp4,2256,0,0,0,1,1,0,0
Cap_Phase1_60_L.mp4,2257,0,0,0,0,1,0,0
Cap_Phase1_60_L.mp4,2258,0,0,0,0,1,0,0
Cap_Phase1_60_L.mp4,2259,0,0,0,0,1,0,0
Cap_Phase1_60_L.mp4,2260,0,0,0,0,1,0,0
Cap_Phase1_60_L.mp4,2261,0,0,0,0,1,0,0
Cap_Phase1_60_L.mp4,2262,0,0,0,0,1,0,0
Cap_Phase1_60_L.mp4,2263,0,0,0,0,1,0,0
Cap_Phase1_60_L.mp4,2264,0,0,0,1,1,0,0
Cap_Phase1_60_L.mp4,2265,0,0,0,1,1,0,0
Cap_Phase1_60_L.mp4,2266,0,0,0,0,0,0,0
Cap_Phase1_60_L.mp4,2267,0,0,0,0,0,0,0
Cap_Phase1_60_L.mp4,2268,0,0,0,0,0,0,0
Cap_Phase1_60_L.mp4,2269,0,0,0,0,0,0,0
Cap_Phase1_60_L.mp4,2270,0,0,0,0,0,0,0
Cap_Phase1_60_L.mp4,2271,0,0,0,0,0,0,0
Cap_Phase1_60_L.mp4,2272,0,0,0,0,0,0,0
Cap_Phase1_60_L.mp4,2273,0,0,0,0,0,0,0
Cap_Phase1_60_L.mp4,2274,0,0,0,0,0,0,0
Cap_Phase1_60_L.mp4,2275,0,0,0,0,0,0,0
Cap_Phase1_60_L.mp4,2276,0,0,0,0,0,0,0
Cap_Phase1_60_L.mp4,2277,0,0,0,0,0,0,0
Cap_Phase1_60_L.mp4,2278,0,0,0,0,0,0,0
Cap_Phase1_60_L.mp4,2279,0,0,0,0,0,0,0
Cap_Phase1_60_L.mp4,2280,0,0,0,0,0,0,0
Cap_Phase1_60_L.mp4,2281,0,0,0,0,0,0,0
Cap_Phase1_60_L.mp4,2282,0,0,0,0,0,0,0
Cap_Phase1_60_L.mp4,2283,0,0,0,0,0,0,0
Cap_Phase1_60_L.mp4,2284,0,0,0,0,0,0,0
Cap_Phase1_60_L.mp4,2285,0,0,0,0,0,0,0
Cap_Phase1_60_L.mp4,2286,0,0,0,0,0,0,0
Cap_Phase1_60_L.mp4,2287,0,0,0,0,0,0,0
Cap_Phase1_60_L.mp4,2288,0,0,0,0,0,0,0
Cap_Phase1_60_L.mp4,2289,0,0,0,0,0,0,0
Cap_Phase1_60_L.mp4,2290,0,0,0,0,0,0,0
Cap_Phase1_60_L.mp4,2291,0,0,0,0,0,0,0
Cap_Phase1_60_L.mp4,2292,0,0,0,0,0,0,0
Cap_Phase1_60_L.mp4,2293,0,0,0,0,0,0,0
Cap_Phase1_60_L.mp4,2294,0,0,0,0,0,0,0
Cap_Phase1_60_L.mp4,2295,0,0,0,0,0,0,0
Cap_Phase1_60_L.mp4,2296,0,0,0,0,0,0,0
Cap_Phase1_60_L.mp4,2297,0,0,0,0,0,0,0
Cap_Phase1_60_L.mp4,2298,0,0,0,0,0,0,0
Cap_Phase1_60_L.mp4,2299,0,0,0,0,0,0,0
Cap_Phase1_60_L.mp4,2300,0,0,0,0,0,0,0
Cap_Phase1_60_L.mp4,2301,0,0,0,0,0,0,0
Cap_Phase1_60_L.mp4,2302,0,0,0,0,0,0,0
Cap_Phase1_60_L.mp4,2303,0,0,0,0,0,0,0
Cap_Phase1_60_L.mp4,2304,0,0,0,0,0,0,0
Cap_Phase1_60_L.mp4,2305,0,0,0,1,0,0,0
Cap_Phase1_60_L.mp4,2306,0,0,0,1,0,0,0
Cap_Phase1_60_L.mp4,2307,0,0,0,1,0,0,0
Cap_Phase1_60_L.mp4,2308,0,0,0,1,0,0,0
Cap_Phase1_60_L.mp4,2309,0,0,0,1,0,0,0
Cap_Phase1_60_L.mp4,2310,0,0,0,1,0,0,0
Cap_Phase1_60_L.mp4,2311,0,0,0,1,0,0,0
Cap_Phase1_60_L.mp4,2312,0,0,0,1,0,0,0
Cap_Phase1_60_L.mp4,2313,0,0,0,1,0,0,0
Cap_Phase1_60_L.mp4,2314,0,0,0,1,0,0,0
Cap_Phase1_60_L.mp4,2315,0,0,0,1,0,0,0
Cap_Phase1_60_L.mp4,2316,0,0,0,1,0,0,0
Cap_Phase1_60_L.mp4,2317,0,0,0,1,0,0,0
Cap_Phase1_60_L.mp4,2318,0,0,0,1,0,0,0
Cap_Phase1_60_L.mp4,2319,0,0,0,1,0,0,0
Cap_Phase1_60_L.mp4,2320,0,0,0,1,0,0,0
Cap_Phase1_60_L.mp4,2321,0,0,0,1,0,0,0
Cap_Phase1_60_L.mp4,2322,0,0,0,1,0,0,0
Cap_Phase1_60_L.mp4,2323,0,0,0,1,0,0,0
Cap_Phase1_60_L.mp4,2324,0,0,0,1,0,0,0
Cap_Phase1_60_L.mp4,2325,0,0,0,1,0,0,0
Cap_Phase1_60_L.mp4,2326,0,0,0,0,0,0,0
Cap_Phase1_60_L.mp4,2327,0,0,0,0,0,0,0
Cap_Phase1_60_L.mp4,2328,0,0,0,0,0,0,0
Cap_Phase1_60_L.mp4,2329,0,0,0,0,0,0,0
Cap_Phase1_60_L.mp4,2330,0,0,0,0,0,0,0
Cap_Phase1_60_L.mp4,2331,0,0,0,0,0,0,0
Cap_Phase1_60_L.mp4,2332,0,0,0,0,0,0,0
Cap_Phase1_60_L.mp4,2333,0,0,0,0,0,0,0
Cap_Phase1_60_L.mp4,2334,0,0,0,0,0,0,0
Cap_Phase1_60_L.mp4,2335,0,0,0,0,0,0,0
Cap_Phase1_60_L.mp4,2336,0,0,0,0,0,0,0
Cap_Phase1_60_L.mp4,2337,0,0,0,0,0,0,0
Cap_Phase1_60_L.mp4,2338,0,0,0,0,0,0,0
Cap_Phase1_60_L.mp4,2339,0,0,0,0,0,0,0
Cap_Phase1_60_L.mp4,2340,0,0,0,0,0,0,0
Cap_Phase1_60_L.mp4,2341,0,0,0,0,0,0,0
Cap_Phase1_60_L.mp4,2342,0,0,0,0,0,0,0
Cap_Phase1_60_L.mp4,2343,0,0,0,0,0,0,0
Cap_Phase1_60_L.mp4,2344,0,0,0,0,0,0,0
Cap_Phase1_60_L.mp4,2345,0,0,0,0,0,0,0
Cap_Phase1_60_L.mp4,2346,0,0,0,0,0,0,0
Cap_Phase1_60_L.mp4,2347,0,0,0,0,0,0,0
Cap_Phase1_60_L.mp4,2348,0,0,0,0,0,0,0
Cap_Phase1_60_L.mp4,2349,0,0,0,0,0,0,0
Cap_Phase1_60_L.mp4,2350,0,0,0,0,0,0,0
Cap_Phase1_60_L.mp4,2351,0,0,0,0,0,0,0
Cap_Phase1_60_L.mp4,2352,0,0,0,0,0,0,0
Cap_Phase1_60_L.mp4,2353,0,0,0,0,0,0,0
Cap_Phase1_60_L.mp4,2354,0,0,0,0,0,0,0
Cap_Phase1_60_L.mp4,2355,0,0,0,0,0,0,0
Cap_Phase1_60_L.mp4,2356,0,0,0,0,0,0,0
Cap_Phase1_60_L.mp4,2357,0,0,0,0,0,0,0
Cap_Phase1_60_L.mp4,2358,0,0,0,0,0,0,0
Cap_Phase1_60_L.mp4,2359,0,0,0,0,0,0,0
Cap_Phase1_60_L.mp4,2360,0,0,0,0,0,0,0
Cap_Phase1_60_L.mp4,2361,0,0,0,0,0,0,0
Cap_Phase1_60_L.mp4,2362,0,0,0,0,0,0,0
Cap_Phase1_60_L.mp4,2363,0,0,0,0,0,0,0
Cap_Phase1_60_L.mp4,2364,0,0,0,0,0,0,0
Cap_Phase1_60_L.mp4,2365,0,0,0,0,0,0,0
Cap_Phase1_60_L.mp4,2366,0,0,0,0,0,0,0
Cap_Phase1_60_L.mp4,2367,0,0,0,1,0,0,1
Cap_Phase1_60_L.mp4,2368,0,0,0,1,0,0,1
Cap_Phase1_60_L.mp4,2369,0,0,0,1,0,0,1
Cap_Phase1_60_L.mp4,2370,0,0,0,1,0,0,1
Cap_Phase1_60_L.mp4,2371,0,0,0,1,0,0,1
Cap_Phase1_60_L.mp4,2372,0,0,0,1,0,0,0
Cap_Phase1_60_L.mp4,2373,0,0,0,1,0,0,0
Cap_Phase1_60_L.mp4,2374,0,0,0,1,0,0,0
Cap_Phase1_60_L.mp4,2375,0,0,0,1,0,0,0
Cap_Phase1_60_L.mp4,2376,0,0,0,1,0,0,0
Cap_Phase1_60_L.mp4,2377,0,0,0,1,0,0,0
Cap_Phase1_60_L.mp4,2378,0,0,0,1,0,0,0
Cap_Phase1_60_L.mp4,2379,0,0,0,1,0,0,1
Cap_Phase1_60_L.mp4,2380,0,0,0,1,0,0,0
Cap_Phase1_60_L.mp4,2381,0,0,0,1,0,0,0
Cap_Phase1_60_L.mp4,2382,0,0,0,1,0,0,1
Cap_Phase1_60_L.mp4,2383,0,0,0,1,0,0,1
Cap_Phase1_60_L.mp4,2384,0,0,0,1,0,0,1
Cap_Phase1_60_L.mp4,2385,0,0,0,1,0,0,0
Cap_Phase1_60_L.mp4,2386,0,0,0,1,0,0,0
Cap_Phase1_60_L.mp4,2387,0,0,0,0,0,0,0
Cap_Phase1_60_L.mp4,2388,0,0,0,0,0,0,0
Cap_Phase1_60_L.mp4,2389,0,0,0,0,0,0,0
Cap_Phase1_60_L.mp4,2390,0,0,0,0,0,0,0
Cap_Phase1_60_L.mp4,2391,0,0,0,0,0,0,0
Cap_Phase1_60_L.mp4,2392,0,0,0,0,0,0,0
Cap_Phase1_60_L.mp4,2393,0,0,0,0,0,0,0
Cap_Phase1_60_L.mp4,2394,0,0,0,0,0,0,0
Cap_Phase1_60_L.mp4,2395,0,0,0,0,0,0,0
Cap_Phase1_60_L.mp4,2396,0,0,0,0,0,0,0
Cap_Phase1_60_L.mp4,2397,0,0,0,0,0,0,0
Cap_Phase1_60_L.mp4,2398,0,0,0,0,0,0,0
Cap_Phase1_60_L.mp4,2399,0,0,0,0,0,0,0
Cap_Phase1_60_L.mp4,2400,0,0,0,0,0,0,0
Cap_Phase1_60_L.mp4,2401,0,0,0,0,0,0,0
Cap_Phase1_60_L.mp4,2402,0,0,0,0,0,0,0
Cap_Phase1_60_L.mp4,2403,0,0,0,0,0,0,0
Cap_Phase1_60_L.mp4,2404,0,0,0,0,0,0,0
Cap_Phase1_60_L.mp4,2405,0,0,0,0,0,0,0
Cap_Phase1_60_L.mp4,2406,0,0,0,0,0,0,0
Cap_Phase1_60_L.mp4,2407,0,0,0,0,0,0,0
Cap_Phase1_60_L.mp4,2408,0,0,0,0,0,0,0
Cap_Phase1_60_L.mp4,2409,0,0,0,0,0,0,0
Cap_Phase1_60_L.mp4,2410,0,0,0,0,0,0,0
Cap_Phase1_60_L.mp4,2411,0,0,0,0,0,0,0
Cap_Phase1_60_L.mp4,2412,0,0,0,0,0,0,0
Cap_Phase1_60_L.mp4,2413,0,0,0,0,0,0,0
Cap_Phase1_60_L.mp4,2414,0,0,1,0,0,0,0
Cap_Phase1_60_L.mp4,2415,0,1,1,0,0,0,0
Cap_Phase1_60_L.mp4,2416,0,0,1,0,0,0,0
Cap_Phase1_60_L.mp4,2417,0,0,1,0,0,0,0
Cap_Phase1_60_L.mp4,2418,0,0,1,0,0,0,0
Cap_Phase1_60_L.mp4,2419,0,0,1,0,0,0,0
Cap_Phase1_60_L.mp4,2420,0,0,1,0,0,0,0
Cap_Phase1_60_L.mp4,2421,0,0,1,0,0,0,0
Cap_Phase1_60_L.mp4,2422,0,1,1,0,0,0,0
Cap_Phase1_60_L.mp4,2423,0,1,1,0,0,0,0
Cap_Phase1_60_L.mp4,2424,0,1,1,0,0,0,0
Cap_Phase1_60_L.mp4,2425,0,1,1,0,0,0,0
Cap_Phase1_60_L.mp4,2426,0,1,1,0,0,0,0
Cap_Phase1_60_L.mp4,2427,0,0,1,0,0,0,0
Cap_Phase1_60_L.mp4,2428,0,0,1,0,0,0,0
Cap_Phase1_60_L.mp4,2429,0,0,1,0,0,0,0
Cap_Phase1_60_L.mp4,2430,0,0,1,0,0,0,0
Cap_Phase1_60_L.mp4,2431,0,0,1,0,0,0,0
Cap_Phase1_60_L.mp4,2432,0,0,1,0,0,0,0
Cap_Phase1_60_L.mp4,2433,0,1,1,0,0,0,0
Cap_Phase1_60_L.mp4,2434,0,1,1,0,0,0,0
Cap_Phase1_60_L.mp4,2435,0,1,1,0,0,0,0
Cap_Phase1_60_L.mp4,2436,0,1,1,0,0,0,0
Cap_Phase1_60_L.mp4,2437,0,0,1,0,0,0,0
Cap_Phase1_60_L.mp4,2438,0,0,1,0,0,0,0
Cap_Phase1_60_L.mp4,2439,0,0,1,0,0,0,0
Cap_Phase1_60_L.mp4,2440,0,0,1,0,0,0,0
Cap_Phase1_60_L.mp4,2441,0,0,1,0,0,0,0
Cap_Phase1_60_L.mp4,2442,0,0,1,0,0,0,0
Cap_Phase1_60_L.mp4,2443,0,0,1,0,0,0,0
Cap_Phase1_60_L.mp4,2444,0,0,0,0,0,0,0
Cap_Phase1_60_L.mp4,2445,0,0,1,0,0,0,0
Cap_Phase1_60_L.mp4,2446,0,0,1,0,0,0,0
Cap_Phase1_60_L.mp4,2447,0,0,1,0,0,0,0
Cap_Phase1_60_L.mp4,2448,0,0,1,0,0,0,0
Cap_Phase1_60_L.mp4,2449,0,1,1,0,0,0,0
Cap_Phase1_60_L.mp4,2450,0,1,1,0,0,0,0
Cap_Phase1_60_L.mp4,2451,0,0,0,0,0,0,0
Cap_Phase1_60_L.mp4,2452,0,0,0,0,0,0,0
Cap_Phase1_60_L.mp4,2453,0,0,0,0,0,0,0
Cap_Phase1_60_L.mp4,2454,0,0,0,0,0,0,0
Cap_Phase1_60_L.mp4,2455,0,0,0,0,0,0,0
Cap_Phase1_60_L.mp4,2456,0,0,0,0,0,0,0
Cap_Phase1_60_L.mp4,2457,0,0,0,0,0,0,0
Cap_Phase1_60_L.mp4,2458,0,0,0,0,0,0,0
Cap_Phase1_60_L.mp4,2459,0,0,0,0,0,0,0
Cap_Phase1_60_L.mp4,2460,0,0,0,0,0,0,0
Cap_Phase1_60_L.mp4,2461,0,0,0,0,0,0,0
Cap_Phase1_60_L.mp4,2462,0,0,0,0,0,0,0
Cap_Phase1_60_L.mp4,2463,0,0,0,0,0,0,0
Cap_Phase1_60_L.mp4,2464,0,0,0,0,0,0,0
Cap_Phase1_60_L.mp4,2465,0,0,0,0,0,0,0
Cap_Phase1_60_L.mp4,2466,0,0,0,0,0,0,0
Cap_Phase1_60_L.mp4,2467,0,0,0,0,0,0,0
Cap_Phase1_60_L.mp4,2468,0,0,0,0,0,0,0
Cap_Phase1_60_L.mp4,2469,0,0,0,0,0,0,0
Cap_Phase1_60_L.mp4,2470,0,0,0,0,0,0,0
Cap_Phase1_60_L.mp4,2471,0,0,0,0,0,0,0
Cap_Phase1_60_L.mp4,2472,0,0,0,0,0,0,0
Cap_Phase1_60_L.mp4,2473,0,0,0,0,0,0,0
Cap_Phase1_60_L.mp4,2474,0,0,0,0,0,0,0
Cap_Phase1_60_L.mp4,2475,0,0,0,0,0,0,0
Cap_Phase1_60_L.mp4,2476,0,0,0,0,0,0,0
Cap_Phase1_60_L.mp4,2477,0,0,0,0,0,0,0
Cap_Phase1_60_L.mp4,2478,0,0,0,0,0,0,0
Cap_Phase1_60_L.mp4,2479,0,0,0,0,0,0,0
Cap_Phase1_60_L.mp4,2480,0,0,0,0,0,0,0
Cap_Phase1_60_L.mp4,2481,0,0,0,0,0,0,0
Cap_Phase1_60_L.mp4,2482,0,0,0,0,0,0,0
Cap_Phase1_60_L.mp4,2483,0,0,0,0,0,0,0
Cap_Phase1_60_L.mp4,2484,0,0,1,0,0,0,0
Cap_Phase1_60_L.mp4,2485,0,0,1,0,0,0,0
Cap_Phase1_60_L.mp4,2486,0,0,1,0,0,0,0
Cap_Phase1_60_L.mp4,2487,0,1,1,0,0,0,0
Cap_Phase1_60_L.mp4,2488,0,1,1,0,0,0,0
Cap_Phase1_60_L.mp4,2489,0,1,1,0,0,0,0
Cap_Phase1_60_L.mp4,2490,0,0,1,0,0,0,0
Cap_Phase1_60_L.mp4,2491,0,0,1,0,0,0,0
Cap_Phase1_60_L.mp4,2492,0,0,1,0,0,0,0
Cap_Phase1_60_L.mp4,2493,0,1,1,0,0,0,0
Cap_Phase1_60_L.mp4,2494,0,1,1,0,0,0,0
Cap_Phase1_60_L.mp4,2495,0,1,1,0,0,0,0
Cap_Phase1_60_L.mp4,2496,0,1,1,0,0,0,0
Cap_Phase1_60_L.mp4,2497,0,0,1,0,0,0,0
Cap_Phase1_60_L.mp4,2498,0,0,1,0,0,0,0
Cap_Phase1_60_L.mp4,2499,0,0,1,0,0,0,0
Cap_Phase1_60_L.mp4,2500,0,0,1,0,0,0,0
Cap_Phase1_60_L.mp4,2501,0,0,1,0,0,0,0
Cap_Phase1_60_L.mp4,2502,0,0,1,0,0,0,0
Cap_Phase1_60_L.mp4,2503,0,1,1,0,0,0,0
Cap_Phase1_60_L.mp4,2504,0,1,1,0,0,0,0
Cap_Phase1_60_L.mp4,2505,0,1,1,0,0,0,0
Cap_Phase1_60_L.mp4,2506,0,1,1,0,0,0,0
Cap_Phase1_60_L.mp4,2507,0,0,1,0,0,0,0
Cap_Phase1_60_L.mp4,2508,0,0,1,0,0,0,0
Cap_Phase1_60_L.mp4,2509,0,0,1,0,0,0,0
Cap_Phase1_60_L.mp4,2510,0,0,1,0,0,0,0
Cap_Phase1_60_L.mp4,2511,0,0,1,0,0,0,0
Cap_Phase1_60_L.mp4,2512,0,0,0,0,0,0,0
Cap_Phase1_60_L.mp4,2513,0,0,0,0,0,0,0
Cap_Phase1_60_L.mp4,2514,0,0,0,0,0,0,0
Cap_Phase1_60_L.mp4,2515,0,0,0,0,0,0,0
Cap_Phase1_60_L.mp4,2516,0,0,0,0,0,0,0
Cap_Phase1_60_L.mp4,2517,0,0,0,0,0,0,0
Cap_Phase1_60_L.mp4,2518,0,0,0,0,0,0,0
Cap_Phase1_60_L.mp4,2519,0,0,0,0,0,0,0
Cap_Phase1_60_L.mp4,2520,0,0,0,0,0,0,0
Cap_Phase1_60_L.mp4,2521,0,0,0,0,0,0,0
Cap_Phase1_60_L.mp4,2522,0,0,0,0,0,0,0
Cap_Phase1_60_L.mp4,2523,0,0,0,0,0,0,0
Cap_Phase1_60_L.mp4,2524,0,0,0,0,0,0,0
Cap_Phase1_60_L.mp4,2525,0,0,0,0,0,0,0
Cap_Phase1_60_L.mp4,2526,0,0,0,0,0,0,0
Cap_Phase1_60_L.mp4,2527,0,0,0,0,0,0,0
Cap_Phase1_60_L.mp4,2528,0,0,0,0,0,0,0
Cap_Phase1_60_L.mp4,2529,0,0,0,0,0,0,0
Cap_Phase1_60_L.mp4,2530,0,0,0,0,0,0,0
Cap_Phase1_60_L.mp4,2531,0,0,0,0,0,0,0
Cap_Phase1_60_L.mp4,2532,0,0,0,0,0,0,0
Cap_Phase1_60_L.mp4,2533,0,0,0,0,0,0,0
Cap_Phase1_60_L.mp4,2534,0,0,0,0,0,0,0
Cap_Phase1_60_L.mp4,2535,0,0,0,0,0,0,0
Cap_Phase1_60_L.mp4,2536,0,0,0,0,0,0,0
Cap_Phase1_60_L.mp4,2537,0,0,0,0,0,0,0
Cap_Phase1_60_L.mp4,2538,0,0,0,0,0,0,0
Cap_Phase1_60_L.mp4,2539,0,0,0,0,0,0,0
Cap_Phase1_60_L.mp4,2540,0,0,0,0,0,0,0
Cap_Phase1_60_L.mp4,2541,0,0,0,0,0,0,0
Cap_Phase1_60_L.mp4,2542,0,0,0,0,0,0,0
Cap_Phase1_60_L.mp4,2543,0,1,0,0,0,0,0
Cap_Phase1_60_L.mp4,2544,0,1,0,0,0,0,0
Cap_Phase1_60_L.mp4,2545,0,1,0,0,0,0,0
Cap_Phase1_60_L.mp4,2546,0,1,0,0,0,0,0
Cap_Phase1_60_L.mp4,2547,0,1,0,0,0,0,0
Cap_Phase1_60_L.mp4,2548,0,1,0,0,0,0,0
Cap_Phase1_60_L.mp4,2549,0,1,0,0,0,0,0
Cap_Phase1_60_L.mp4,2550,0,1,0,0,0,0,0
Cap_Phase1_60_L.mp4,2551,0,1,0,0,0,0,0
Cap_Phase1_60_L.mp4,2552,0,1,0,0,0,0,0
Cap_Phase1_60_L.mp4,2553,0,1,0,0,0,0,0
Cap_Phase1_60_L.mp4,2554,0,1,0,0,0,0,0
Cap_Phase1_60_L.mp4,2555,0,1,0,0,0,0,0
Cap_Phase1_60_L.mp4,2556,0,1,0,0,0,0,0
Cap_Phase1_60_L.mp4,2557,0,1,0,0,0,0,0
Cap_Phase1_60_L.mp4,2558,0,1,0,0,0,0,0
Cap_Phase1_60_L.mp4,2559,0,1,0,0,0,0,0
Cap_Phase1_60_L.mp4,2560,0,1,0,0,0,0,0
Cap_Phase1_60_L.mp4,2561,0,1,0,0,0,0,0
Cap_Phase1_60_L.mp4,2562,0,1,0,0,0,0,0
Cap_Phase1_60_L.mp4,2563,0,1,0,0,0,0,0
Cap_Phase1_60_L.mp4,2564,0,0,0,0,0,0,0
Cap_Phase1_60_L.mp4,2565,0,0,0,0,0,0,0
Cap_Phase1_60_L.mp4,2566,0,0,0,0,0,0,0
Cap_Phase1_60_L.mp4,2567,0,0,0,0,0,0,0
Cap_Phase1_60_L.mp4,2568,0,0,0,0,0,0,0
Cap_Phase1_60_L.mp4,2569,0,0,0,0,0,0,0
Cap_Phase1_60_L.mp4,2570,0,0,0,0,0,0,0
Cap_Phase1_60_L.mp4,2571,0,0,0,0,0,0,0
Cap_Phase1_60_L.mp4,2572,0,0,0,0,0,0,0
Cap_Phase1_60_L.mp4,2573,0,0,0,0,0,0,0
Cap_Phase1_60_L.mp4,2574,0,0,0,0,0,0,0
Cap_Phase1_60_L.mp4,2575,0,0,0,0,0,0,0
Cap_Phase1_60_L.mp4,2576,0,0,0,0,0,0,0
Cap_Phase1_60_L.mp4,2577,0,0,0,0,0,0,0
Cap_Phase1_60_L.mp4,2578,0,0,0,0,0,0,0
Cap_Phase1_60_L.mp4,2579,0,0,0,0,0,0,0
Cap_Phase1_60_L.mp4,2580,0,0,0,0,0,0,0
Cap_Phase1_60_L.mp4,2581,0,0,0,0,0,0,0
Cap_Phase1_60_L.mp4,2582,0,0,0,0,0,0,0
Cap_Phase1_60_L.mp4,2583,0,0,0,0,0,0,0
Cap_Phase1_60_L.mp4,2584,0,0,0,0,0,0,0
Cap_Phase1_60_L.mp4,2585,0,0,0,0,0,0,0
Cap_Phase1_60_L.mp4,2586,0,0,0,0,0,0,0
Cap_Phase1_60_L.mp4,2587,0,0,0,0,0,0,0
Cap_Phase1_60_L.mp4,2588,0,0,0,0,0,0,0
Cap_Phase1_60_L.mp4,2589,0,0,0,0,0,0,0
Cap_Phase1_60_L.mp4,2590,0,0,0,0,0,0,0
Cap_Phase1_60_L.mp4,2591,0,0,0,0,0,0,0
Cap_Phase1_60_L.mp4,2592,0,0,0,0,0,0,0
Cap_Phase1_60_L.mp4,2593,0,0,0,0,0,0,0
Cap_Phase1_60_L.mp4,2594,0,0,0,0,0,0,0
Cap_Phase1_60_L.mp4,2595,0,0,0,0,0,0,0
Cap_Phase1_60_L.mp4,2596,0,0,0,0,0,0,0
Cap_Phase1_60_L.mp4,2597,0,0,0,0,0,0,0
Cap_Phase1_60_L.mp4,2598,0,0,0,0,0,0,0
Cap_Phase1_60_L.mp4,2599,0,0,0,0,0,0,0
Cap_Phase1_60_L.mp4,2600,0,0,0,0,0,0,0
Cap_Phase1_60_L.mp4,2601,0,0,0,0,0,0,0
Cap_Phase1_60_L.mp4,2602,0,0,0,0,0,0,0
Cap_Phase1_60_L.mp4,2603,0,0,0,0,0,0,0
Cap_Phase1_60_L.mp4,2604,0,0,0,1,0,0,0
Cap_Phase1_60_L.mp4,2605,0,0,0,1,0,0,0
Cap_Phase1_60_L.mp4,2606,0,0,0,1,0,0,0
Cap_Phase1_60_L.mp4,2607,0,0,0,1,0,0,0
Cap_Phase1_60_L.mp4,2608,0,0,0,1,0,0,0
Cap_Phase1_60_L.mp4,2609,0,0,0,1,0,0,0
Cap_Phase1_60_L.mp4,2610,0,0,0,1,0,0,0
Cap_Phase1_60_L.mp4,2611,0,0,1,1,0,0,0
Cap_Phase1_60_L.mp4,2612,0,0,0,1,0,0,0
Cap_Phase1_60_L.mp4,2613,0,0,0,1,0,0,0
Cap_Phase1_60_L.mp4,2614,0,0,0,1,0,0,0
Cap_Phase1_60_L.mp4,2615,0,0,0,1,0,0,0
Cap_Phase1_60_L.mp4,2616,0,0,0,1,0,0,0
Cap_Phase1_60_L.mp4,2617,0,0,0,1,0,0,0
Cap_Phase1_60_L.mp4,2618,0,0,0,1,0,0,0
Cap_Phase1_60_L.mp4,2619,0,0,0,1,0,0,0
Cap_Phase1_60_L.mp4,2620,0,0,0,1,0,0,0
Cap_Phase1_60_L.mp4,2621,0,0,0,1,0,0,0
Cap_Phase1_60_L.mp4,2622,0,0,0,1,0,0,0
Cap_Phase1_60_L.mp4,2623,0,0,0,1,0,0,0
Cap_Phase1_60_L.mp4,2624,0,0,0,1,0,0,0
Cap_Phase1_60_L.mp4,2625,0,0,0,1,0,0,0
Cap_Phase1_60_L.mp4,2626,0,0,0,1,0,0,0
Cap_Phase1_60_L.mp4,2627,0,0,0,1,0,0,0
Cap_Phase1_60_L.mp4,2628,0,0,0,1,0,0,0
Cap_Phase1_60_L.mp4,2629,0,0,0,0,0,0,0
Cap_Phase1_60_L.mp4,2630,0,0,0,0,0,0,0
Cap_Phase1_60_L.mp4,2631,0,0,0,0,0,0,0
Cap_Phase1_60_L.mp4,2632,0,0,0,0,0,0,0
Cap_Phase1_60_L.mp4,2633,0,0,0,0,0,0,0
Cap_Phase1_60_L.mp4,2634,0,0,0,0,0,0,0
Cap_Phase1_60_L.mp4,2635,0,0,0,0,0,0,0
Cap_Phase1_60_L.mp4,2636,0,0,0,0,0,0,0
Cap_Phase1_60_L.mp4,2637,0,0,0,0,0,0,0
Cap_Phase1_60_L.mp4,2638,0,0,0,0,0,0,0
Cap_Phase1_60_L.mp4,2639,0,0,0,0,0,0,0
Cap_Phase1_60_L.mp4,2640,0,0,0,0,0,0,0
Cap_Phase1_60_L.mp4,2641,0,0,0,0,0,0,0
Cap_Phase1_60_L.mp4,2642,0,0,0,0,0,0,0
Cap_Phase1_60_L.mp4,2643,0,0,0,0,0,0,0
Cap_Phase1_60_L.mp4,2644,0,0,0,0,0,0,0
Cap_Phase1_60_L.mp4,2645,0,0,0,0,0,0,0
Cap_Phase1_60_L.mp4,2646,0,0,0,0,0,0,0
Cap_Phase1_60_L.mp4,2647,0,0,0,0,0,0,0
Cap_Phase1_60_L.mp4,2648,0,0,0,0,0,0,0
Cap_Phase1_60_L.mp4,2649,0,0,0,0,0,0,0
Cap_Phase1_60_L.mp4,2650,0,0,0,0,0,0,0
Cap_Phase1_60_L.mp4,2651,0,0,0,0,0,0,0
Cap_Phase1_60_L.mp4,2652,0,0,0,0,0,0,0
Cap_Phase1_60_L.mp4,2653,0,0,0,0,0,0,0
Cap_Phase1_60_L.mp4,2654,0,0,0,0,0,0,0
Cap_Phase1_60_L.mp4,2655,0,0,0,0,0,0,0
Cap_Phase1_60_L.mp4,2656,0,0,0,0,0,0,0
Cap_Phase1_60_L.mp4,2657,0,0,0,0,0,0,0
Cap_Phase1_60_L.mp4,2658,0,0,0,0,0,0,0
Cap_Phase1_60_L.mp4,2659,0,0,0,0,0,0,0
Cap_Phase1_60_L.mp4,2660,0,0,0,0,0,0,0
Cap_Phase1_60_L.mp4,2661,0,0,0,0,0,0,0
Cap_Phase1_60_L.mp4,2662,0,0,0,0,0,0,0
Cap_Phase1_60_L.mp4,2663,0,0,0,0,0,0,0
Cap_Phase1_60_L.mp4,2664,0,0,0,0,0,0,0
Cap_Phase1_60_L.mp4,2665,0,0,0,0,0,0,0
Cap_Phase1_60_L.mp4,2666,0,0,0,0,0,0,0
Cap_Phase1_60_L.mp4,2667,0,0,0,0,0,0,0
Cap_Phase1_60_L.mp4,2668,0,0,0,0,0,0,0
Cap_Phase1_60_L.mp4,2669,0,0,0,0,0,0,0
Cap_Phase1_60_L.mp4,2670,0,0,0,0,0,0,0
Cap_Phase1_60_L.mp4,2671,0,0,0,0,0,0,0
Cap_Phase1_60_L.mp4,2672,0,0,0,0,0,0,0
Cap_Phase1_60_L.mp4,2673,0,0,0,0,0,0,0
Cap_Phase1_60_L.mp4,2674,0,0,0,0,0,0,0
Cap_Phase1_60_L.mp4,2675,0,0,0,0,0,0,0
Cap_Phase1_60_L.mp4,2676,0,0,0,0,0,0,0
Cap_Phase1_60_L.mp4,2677,0,0,0,0,0,0,0
Cap_Phase1_60_L.mp4,2678,0,0,0,0,0,0,0
Cap_Phase1_60_L.mp4,2679,0,0,0,0,0,0,0
Cap_Phase1_60_L.mp4,2680,0,0,0,0,0,0,0
Cap_Phase1_60_L.mp4,2681,0,0,0,0,0,0,0
Cap_Phase1_60_L.mp4,2682,0,0,0,0,0,0,0
Cap_Phase1_60_L.mp4,2683,0,0,0,0,0,0,0
Cap_Phase1_60_L.mp4,2684,0,0,0,0,0,0,0
Cap_Phase1_60_L.mp4,2685,0,0,0,0,0,0,0
Cap_Phase1_60_L.mp4,2686,0,0,0,0,0,0,0
Cap_Phase1_60_L.mp4,2687,0,0,0,0,0,0,0
Cap_Phase1_60_L.mp4,2688,0,0,0,0,0,0,0
Cap_Phase1_60_L.mp4,2689,0,0,0,0,0,0,0
Cap_Phase1_60_L.mp4,2690,0,0,0,0,0,0,0
Cap_Phase1_60_L.mp4,2691,0,0,0,0,0,0,0
Cap_Phase1_60_L.mp4,2692,0,0,0,0,0,0,0
Cap_Phase1_60_L.mp4,2693,0,0,0,0,0,0,0
Cap_Phase1_60_L.mp4,2694,0,0,0,0,0,0,0
Cap_Phase1_60_L.mp4,2695,0,0,0,0,0,0,0
Cap_Phase1_60_L.mp4,2696,0,0,0,0,0,0,0
Cap_Phase1_60_L.mp4,2697,0,0,0,0,0,0,0
Cap_Phase1_60_L.mp4,2698,0,0,0,0,0,0,0
Cap_Phase1_60_L.mp4,2699,0,0,0,0,0,0,0
Cap_Phase1_60_L.mp4,2700,0,0,0,0,0,0,0
Cap_Phase1_60_L.mp4,2701,0,0,0,0,0,0,0
Cap_Phase1_60_L.mp4,2702,0,0,0,0,0,0,0
Cap_Phase1_60_L.mp4,2703,0,0,0,0,0,0,0
Cap_Phase1_60_L.mp4,2704,0,0,0,0,0,0,0
Cap_Phase1_60_L.mp4,2705,0,0,0,0,0,0,0
Cap_Phase1_60_L.mp4,2706,0,0,0,0,0,0,0
Cap_Phase1_60_L.mp4,2707,0,0,0,0,0,0,0
Cap_Phase1_60_L.mp4,2708,0,0,0,0,0,0,0
Cap_Phase1_60_L.mp4,2709,0,0,0,0,0,0,0
Cap_Phase1_60_L.mp4,2710,0,0,0,0,0,0,0
Cap_Phase1_60_L.mp4,2711,0,0,0,0,0,0,0
Cap_Phase1_60_L.mp4,2712,0,0,0,0,0,0,0
Cap_Phase1_60_L.mp4,2713,0,0,0,0,0,0,0
Cap_Phase1_60_L.mp4,2714,0,0,0,0,0,0,0
Cap_Phase1_60_L.mp4,2715,0,0,0,0,0,0,0
Cap_Phase1_60_L.mp4,2716,0,0,0,0,0,0,0
Cap_Phase1_60_L.mp4,2717,0,0,0,0,0,0,0
Cap_Phase1_60_L.mp4,2718,0,0,0,0,0,0,0
Cap_Phase1_60_L.mp4,2719,0,0,0,0,0,0,0
Cap_Phase1_60_L.mp4,2720,0,0,0,0,0,0,0
Cap_Phase1_60_L.mp4,2721,0,0,0,0,0,0,0
Cap_Phase1_60_L.mp4,2722,0,0,0,0,0,0,0
Cap_Phase1_60_L.mp4,2723,0,0,0,0,0,0,0
Cap_Phase1_60_L.mp4,2724,0,0,0,0,0,0,0
Cap_Phase1_60_L.mp4,2725,0,0,0,0,0,0,0
Cap_Phase1_60_L.mp4,2726,0,0,0,0,0,0,0
Cap_Phase1_60_L.mp4,2727,0,0,0,0,0,0,0
Cap_Phase1_60_L.mp4,2728,0,0,0,0,0,0,0
Cap_Phase1_60_L.mp4,2729,0,0,0,0,0,0,0
Cap_Phase1_60_L.mp4,2730,0,0,0,0,0,0,0
Cap_Phase1_60_L.mp4,2731,0,0,0,0,0,0,0
Cap_Phase1_60_L.mp4,2732,0,0,0,0,0,0,0
Cap_Phase1_60_L.mp4,2733,0,0,0,0,0,0,0
Cap_Phase1_60_L.mp4,2734,0,0,0,0,0,0,0
Cap_Phase1_60_L.mp4,2735,0,0,0,0,0,0,0
Cap_Phase1_60_L.mp4,2736,0,0,0,0,0,0,0
Cap_Phase1_60_L.mp4,2737,0,0,0,0,0,0,0
Cap_Phase1_60_L.mp4,2738,0,0,0,0,0,0,0
Cap_Phase1_60_L.mp4,2739,0,0,0,0,0,0,0
Cap_Phase1_60_L.mp4,2740,0,0,0,0,0,0,0
Cap_Phase1_60_L.mp4,2741,0,0,0,0,0,0,0
Cap_Phase1_60_L.mp4,2742,0,0,0,0,0,0,0
Cap_Phase1_60_L.mp4,2743,0,0,0,0,0,0,0
Cap_Phase1_60_L.mp4,2744,0,0,0,0,0,0,0
Cap_Phase1_60_L.mp4,2745,0,0,0,0,0,0,0
Cap_Phase1_60_L.mp4,2746,0,0,0,0,0,0,0
Cap_Phase1_60_L.mp4,2747,0,0,0,0,0,0,0
Cap_Phase1_60_L.mp4,2748,0,0,0,0,0,0,0
Cap_Phase1_60_L.mp4,2749,0,0,0,0,0,0,0
Cap_Phase1_60_L.mp4,2750,0,0,0,0,0,0,0
Cap_Phase1_60_L.mp4,2751,0,0,0,0,0,0,0
Cap_Phase1_60_L.mp4,2752,0,0,0,0,0,0,0
Cap_Phase1_60_L.mp4,2753,0,0,0,0,0,0,0
Cap_Phase1_60_L.mp4,2754,0,0,0,0,0,0,0
Cap_Phase1_60_L.mp4,2755,0,0,0,0,0,0,0
Cap_Phase1_60_L.mp4,2756,0,0,0,0,0,0,0
Cap_Phase1_60_L.mp4,2757,0,0,0,0,0,0,0
Cap_Phase1_60_L.mp4,2758,0,0,0,0,0,0,0
Cap_Phase1_60_L.mp4,2759,0,0,0,0,0,0,0
Cap_Phase1_60_L.mp4,2760,0,0,0,0,0,0,0
Cap_Phase1_60_L.mp4,2761,0,0,0,0,0,0,0
Cap_Phase1_60_L.mp4,2762,0,0,0,0,0,0,0
Cap_Phase1_60_L.mp4,2763,0,0,0,0,0,0,0
Cap_Phase1_60_L.mp4,2764,0,0,0,0,0,0,0
Cap_Phase1_60_L.mp4,2765,0,0,0,0,0,0,0
Cap_Phase1_60_L.mp4,2766,0,0,0,0,0,0,0
Cap_Phase1_60_L.mp4,2767,0,0,0,0,0,0,0
Cap_Phase1_60_L.mp4,2768,0,0,0,0,0,0,0
Cap_Phase1_60_L.mp4,2769,0,0,0,0,0,0,0
Cap_Phase1_60_L.mp4,2770,0,0,0,0,0,0,0
Cap_Phase1_60_L.mp4,2771,0,0,0,0,0,0,0
Cap_Phase1_60_L.mp4,2772,0,0,0,0,0,0,0
Cap_Phase1_60_L.mp4,2773,0,0,0,0,0,0,0
Cap_Phase1_60_L.mp4,2774,0,0,0,0,0,0,0
Cap_Phase1_60_L.mp4,2775,0,0,0,0,0,0,0
Cap_Phase1_60_L.mp4,2776,0,0,0,0,0,0,0
Cap_Phase1_60_L.mp4,2777,0,0,0,0,0,0,0
Cap_Phase1_60_L.mp4,2778,0,0,0,0,0,0,0
Cap_Phase1_60_L.mp4,2779,0,0,0,0,0,0,0
Cap_Phase1_60_L.mp4,2780,0,0,0,0,0,0,0
Cap_Phase1_60_L.mp4,2781,0,0,0,0,0,0,0
Cap_Phase1_60_L.mp4,2782,0,0,0,0,0,0,0
Cap_Phase1_60_L.mp4,2783,0,0,0,0,0,0,0
Cap_Phase1_60_L.mp4,2784,0,0,0,0,0,0,0
Cap_Phase1_60_L.mp4,2785,0,0,0,0,0,0,0
Cap_Phase1_60_L.mp4,2786,0,0,0,0,0,0,0
Cap_Phase1_60_L.mp4,2787,0,0,0,0,0,0,0
Cap_Phase1_60_L.mp4,2788,0,0,0,0,0,0,0
Cap_Phase1_60_L.mp4,2789,0,0,0,0,0,0,0
Cap_Phase1_60_L.mp4,2790,0,0,0,0,0,0,0
Cap_Phase1_60_L.mp4,2791,0,0,0,0,0,0,0
Cap_Phase1_60_L.mp4,2792,0,0,0,0,0,0,0
Cap_Phase1_60_L.mp4,2793,0,0,0,0,0,0,0
Cap_Phase1_60_L.mp4,2794,0,0,0,0,0,0,0
Cap_Phase1_60_L.mp4,2795,0,0,0,0,0,0,0
Cap_Phase1_60_L.mp4,2796,0,0,0,0,0,0,0
Cap_Phase1_60_L.mp4,2797,0,0,0,0,0,0,0
Cap_Phase1_60_L.mp4,2798,0,0,0,0,0,0,0
Cap_Phase1_60_L.mp4,2799,0,0,0,0,0,0,0
Cap_Phase1_60_L.mp4,2800,0,0,0,0,0,0,0
Cap_Phase1_60_L.mp4,2801,0,0,0,0,0,0,0
Cap_Phase1_60_L.mp4,2802,0,0,0,0,0,0,0
Cap_Phase1_60_L.mp4,2803,0,0,0,0,0,0,0
Cap_Phase1_60_L.mp4,2804,0,0,0,0,0,0,0
Cap_Phase1_60_L.mp4,2805,0,0,0,0,0,0,0
Cap_Phase1_60_L.mp4,2806,0,0,0,0,0,0,0
Cap_Phase1_60_L.mp4,2807,0,0,0,0,0,0,0
Cap_Phase1_60_L.mp4,2808,0,0,0,0,0,0,0
Cap_Phase1_60_L.mp4,2809,0,0,0,0,0,0,0
Cap_Phase1_60_L.mp4,2810,0,0,0,0,0,0,0
Cap_Phase1_60_L.mp4,2811,0,0,0,0,0,0,0
Cap_Phase1_60_L.mp4,2812,0,0,0,0,0,0,0
Cap_Phase1_60_L.mp4,2813,0,0,0,0,0,0,0
Cap_Phase1_60_L.mp4,2814,0,0,0,0,0,0,0
Cap_Phase1_60_L.mp4,2815,0,0,0,0,0,0,0
Cap_Phase1_60_L.mp4,2816,0,0,0,0,0,0,0
Cap_Phase1_60_L.mp4,2817,0,0,0,0,0,0,0
Cap_Phase1_60_L.mp4,2818,0,0,0,0,0,0,0
Cap_Phase1_60_L.mp4,2819,0,0,0,0,0,0,0
Cap_Phase1_60_L.mp4,2820,0,0,0,0,0,0,0
Cap_Phase1_60_L.mp4,2821,0,0,0,0,0,0,0
Cap_Phase1_60_L.mp4,2822,0,0,0,0,0,0,0
Cap_Phase1_60_L.mp4,2823,0,0,0,0,0,0,0
Cap_Phase1_60_L.mp4,2824,0,0,0,0,0,0,0
Cap_Phase1_60_L.mp4,2825,0,0,0,0,0,0,0
Cap_Phase1_60_L.mp4,2826,0,0,0,0,0,0,0
Cap_Phase1_60_L.mp4,2827,0,0,0,0,0,0,0
Cap_Phase1_60_L.mp4,2828,0,0,0,0,0,0,0
Cap_Phase1_60_L.mp4,2829,0,0,0,0,0,0,0
Cap_Phase1_60_L.mp4,2830,0,0,0,0,0,0,0
Cap_Phase1_60_L.mp4,2831,0,0,0,0,0,0,0
Cap_Phase1_60_L.mp4,2832,0,0,0,0,0,0,0
Cap_Phase1_60_L.mp4,2833,0,0,0,0,0,0,0
Cap_Phase1_60_L.mp4,2834,0,0,0,0,0,0,0
Cap_Phase1_60_L.mp4,2835,0,0,0,0,0,0,0
Cap_Phase1_60_L.mp4,2836,0,0,0,0,0,0,0
Cap_Phase1_60_L.mp4,2837,0,0,0,0,0,0,0
Cap_Phase1_60_L.mp4,2838,0,0,0,0,0,0,0
Cap_Phase1_60_L.mp4,2839,0,0,0,0,0,0,0
Cap_Phase1_60_L.mp4,2840,0,0,0,0,0,0,0
Cap_Phase1_60_L.mp4,2841,0,0,0,0,0,0,0
Cap_Phase1_60_L.mp4,2842,0,0,0,0,0,0,0
Cap_Phase1_60_L.mp4,2843,0,0,0,0,0,0,0
Cap_Phase1_60_L.mp4,2844,0,0,0,0,0,0,0
Cap_Phase1_60_L.mp4,2845,0,0,0,0,0,0,0
Cap_Phase1_60_L.mp4,2846,0,0,0,0,0,0,0
Cap_Phase1_60_L.mp4,2847,0,0,0,0,0,0,0
Cap_Phase1_60_L.mp4,2848,0,0,0,0,0,0,0
Cap_Phase1_60_L.mp4,2849,0,0,0,0,0,0,0
Cap_Phase1_60_L.mp4,2850,0,0,0,0,0,0,0
Cap_Phase1_60_L.mp4,2851,0,0,0,0,0,0,0
Cap_Phase1_60_L.mp4,2852,0,0,0,0,0,0,0
Cap_Phase1_60_L.mp4,2853,0,0,0,0,0,0,0
Cap_Phase1_60_L.mp4,2854,0,0,0,0,0,0,0
Cap_Phase1_60_L.mp4,2855,0,0,0,0,0,0,0
Cap_Phase1_60_L.mp4,2856,0,0,0,0,0,0,0
Cap_Phase1_60_L.mp4,2857,0,0,0,0,0,0,0
Cap_Phase1_60_L.mp4,2858,0,0,0,0,0,0,0
Cap_Phase1_60_L.mp4,2859,0,0,0,0,0,0,0
Cap_Phase1_60_L.mp4,2860,0,0,0,0,0,0,0
Cap_Phase1_60_L.mp4,2861,0,0,0,0,0,0,0
Cap_Phase1_60_L.mp4,2862,0,0,0,0,0,0,0
Cap_Phase1_60_L.mp4,2863,0,0,0,0,0,0,0
Cap_Phase1_60_L.mp4,2864,0,0,0,0,0,0,0
Cap_Phase1_60_L.mp4,2865,0,0,0,0,0,0,0
Cap_Phase1_60_L.mp4,2866,0,0,0,0,0,0,0
Cap_Phase1_60_L.mp4,2867,0,0,0,0,0,0,0
Cap_Phase1_60_L.mp4,2868,0,0,0,0,0,0,0
Cap_Phase1_60_L.mp4,2869,0,0,0,0,0,0,0
Cap_Phase1_60_L.mp4,2870,0,0,0,0,0,0,0
Cap_Phase1_60_L.mp4,2871,0,0,0,0,0,0,0
Cap_Phase1_60_L.mp4,2872,0,0,0,0,0,0,0
Cap_Phase1_60_L.mp4,2873,0,0,0,0,0,0,0
Cap_Phase1_60_L.mp4,2874,0,0,0,0,0,0,0
Cap_Phase1_60_L.mp4,2875,0,0,0,0,0,0,0
Cap_Phase1_60_L.mp4,2876,0,0,0,0,0,0,0
Cap_Phase1_60_L.mp4,2877,0,0,0,0,0,0,0
Cap_Phase1_60_L.mp4,2878,0,0,0,0,0,0,0
Cap_Phase1_60_L.mp4,2879,0,0,0,0,0,0,0
Cap_Phase1_60_L.mp4,2880,0,0,0,0,0,0,0
Cap_Phase1_60_L.mp4,2881,0,0,0,0,0,0,0
Cap_Phase1_60_L.mp4,2882,0,0,0,0,0,0,0
Cap_Phase1_60_L.mp4,2883,0,0,0,0,0,0,0
Cap_Phase1_60_L.mp4,2884,0,0,0,0,0,0,0
Cap_Phase1_60_L.mp4,2885,0,0,0,0,0,0,0
Cap_Phase1_60_L.mp4,2886,0,0,0,0,0,0,0
Cap_Phase1_60_L.mp4,2887,0,0,0,0,0,0,0
Cap_Phase1_60_L.mp4,2888,0,0,0,0,0,0,0
Cap_Phase1_60_L.mp4,2889,0,0,0,0,0,0,0
Cap_Phase1_60_L.mp4,2890,0,0,0,0,0,0,0
Cap_Phase1_60_L.mp4,2891,0,0,0,0,0,0,0
Cap_Phase1_60_L.mp4,2892,0,0,0,0,0,0,0
Cap_Phase1_60_L.mp4,2893,0,0,0,0,0,0,0
Cap_Phase1_60_L.mp4,2894,0,0,0,0,0,0,0
Cap_Phase1_60_L.mp4,2895,0,0,0,0,0,0,0
Cap_Phase1_60_L.mp4,2896,0,0,0,0,0,0,0
Cap_Phase1_60_L.mp4,2897,0,0,0,0,0,0,0
Cap_Phase1_60_L.mp4,2898,0,0,0,0,0,0,0
Cap_Phase1_60_L.mp4,2899,0,0,0,0,0,0,0
Cap_Phase1_60_L.mp4,2900,0,0,0,0,0,0,0
Cap_Phase1_60_L.mp4,2901,0,0,0,0,0,0,0
Cap_Phase1_60_L.mp4,2902,0,0,0,0,0,0,0
Cap_Phase1_60_L.mp4,2903,0,0,0,0,0,0,0
Cap_Phase1_60_L.mp4,2904,0,0,0,0,0,0,0
Cap_Phase1_60_L.mp4,2905,0,0,0,0,0,0,0
Cap_Phase1_60_L.mp4,2906,0,0,0,0,0,0,0
Cap_Phase1_60_L.mp4,2907,0,0,0,0,0,0,0
Cap_Phase1_60_L.mp4,2908,0,0,0,0,0,0,0
Cap_Phase1_60_L.mp4,2909,0,0,0,0,0,0,0
Cap_Phase1_60_L.mp4,2910,0,0,0,0,0,0,0
Cap_Phase1_60_L.mp4,2911,0,0,0,0,0,0,0
Cap_Phase1_60_L.mp4,2912,0,0,0,0,0,0,0
Cap_Phase1_60_L.mp4,2913,0,0,0,0,0,0,0
Cap_Phase1_60_L.mp4,2914,0,0,0,0,0,0,0
Cap_Phase1_60_L.mp4,2915,0,0,0,0,0,0,0
Cap_Phase1_60_L.mp4,2916,0,0,0,0,0,0,0
Cap_Phase1_60_L.mp4,2917,0,0,0,0,0,0,0
Cap_Phase1_60_L.mp4,2918,0,0,0,0,0,0,0
Cap_Phase1_60_L.mp4,2919,0,0,0,0,0,0,0
Cap_Phase1_60_L.mp4,2920,0,0,0,0,0,0,0
Cap_Phase1_60_L.mp4,2921,0,0,0,0,0,0,0
Cap_Phase1_60_L.mp4,2922,0,0,0,0,0,0,0
Cap_Phase1_60_L.mp4,2923,0,0,0,0,0,0,0
Cap_Phase1_60_L.mp4,2924,0,0,0,0,0,0,0
Cap_Phase1_60_L.mp4,2925,0,0,0,0,0,0,0
Cap_Phase1_60_L.mp4,2926,0,0,0,0,0,0,0
Cap_Phase1_60_L.mp4,2927,0,0,0,0,0,0,0
Cap_Phase1_60_L.mp4,2928,0,0,0,0,0,0,0
Cap_Phase1_60_L.mp4,2929,0,0,0,0,0,0,0
Cap_Phase1_60_L.mp4,2930,0,0,0,0,0,0,0
Cap_Phase1_60_L.mp4,2931,0,0,0,0,0,0,0
Cap_Phase1_60_L.mp4,2932,0,0,0,0,0,0,0
Cap_Phase1_60_L.mp4,2933,0,0,0,0,0,0,0
Cap_Phase1_60_L.mp4,2934,0,0,0,0,0,0,0
Cap_Phase1_60_L.mp4,2935,0,0,0,0,0,0,0
Cap_Phase1_60_L.mp4,2936,0,0,0,0,0,0,0
Cap_Phase1_60_L.mp4,2937,0,0,0,0,0,0,0
Cap_Phase1_60_L.mp4,2938,0,0,0,0,0,0,0
Cap_Phase1_60_L.mp4,2939,0,0,0,0,0,0,0
Cap_Phase1_60_L.mp4,2940,0,0,0,0,0,0,0
Cap_Phase1_60_L.mp4,2941,0,0,0,0,0,0,0
Cap_Phase1_60_L.mp4,2942,0,0,0,0,0,0,0
Cap_Phase1_60_L.mp4,2943,0,0,0,0,0,0,0
Cap_Phase1_60_L.mp4,2944,0,0,0,0,0,0,0
Cap_Phase1_60_L.mp4,2945,0,0,0,0,0,0,0
Cap_Phase1_60_L.mp4,2946,0,0,0,0,0,0,0
Cap_Phase1_60_L.mp4,2947,0,0,0,0,0,0,0
Cap_Phase1_60_L.mp4,2948,0,0,0,0,0,0,0
Cap_Phase1_60_L.mp4,2949,0,0,0,0,0,0,0
Cap_Phase1_60_L.mp4,2950,0,0,0,0,0,0,0
Cap_Phase1_60_L.mp4,2951,0,0,0,0,0,0,0
Cap_Phase1_60_L.mp4,2952,0,0,0,0,0,0,0
Cap_Phase1_60_L.mp4,2953,0,0,0,0,0,0,0
Cap_Phase1_60_L.mp4,2954,0,0,0,0,0,0,0
Cap_Phase1_60_L.mp4,2955,0,0,0,0,0,0,0
Cap_Phase1_60_L.mp4,2956,0,0,0,0,0,0,0
Cap_Phase1_60_L.mp4,2957,0,0,0,0,0,0,0
Cap_Phase1_60_L.mp4,2958,0,0,0,0,0,0,0
Cap_Phase1_60_L.mp4,2959,0,0,0,0,0,0,0
Cap_Phase1_60_L.mp4,2960,0,0,0,0,0,0,0
Cap_Phase1_60_L.mp4,2961,0,0,0,0,0,0,0
Cap_Phase1_60_L.mp4,2962,0,0,0,0,0,0,0
Cap_Phase1_60_L.mp4,2963,0,0,0,0,0,0,0
Cap_Phase1_60_L.mp4,2964,0,0,0,0,0,0,0
Cap_Phase1_60_L.mp4,2965,0,0,0,0,0,0,0
Cap_Phase1_60_L.mp4,2966,0,0,0,0,0,0,0
Cap_Phase1_60_L.mp4,2967,0,0,0,0,0,0,0
Cap_Phase1_60_L.mp4,2968,0,0,0,0,0,0,0
Cap_Phase1_60_L.mp4,2969,0,0,0,0,0,0,0
Cap_Phase1_60_L.mp4,2970,0,0,0,0,0,0,0
Cap_Phase1_60_L.mp4,2971,0,0,0,0,0,0,0
Cap_Phase1_60_L.mp4,2972,0,0,0,0,0,0,0
Cap_Phase1_60_L.mp4,2973,0,0,0,0,0,0,0
Cap_Phase1_60_L.mp4,2974,0,0,0,0,0,0,0
Cap_Phase1_60_L.mp4,2975,0,0,0,0,0,0,0
Cap_Phase1_60_L.mp4,2976,0,0,0,0,0,0,0
Cap_Phase1_60_L.mp4,2977,0,0,0,0,0,0,0
Cap_Phase1_60_L.mp4,2978,0,0,0,0,0,0,0
Cap_Phase1_60_L.mp4,2979,0,0,0,0,0,0,0
Cap_Phase1_60_L.mp4,2980,0,0,0,0,0,0,0
Cap_Phase1_60_L.mp4,2981,0,0,0,0,0,0,0
Cap_Phase1_60_L.mp4,2982,0,0,0,0,0,0,0
Cap_Phase1_60_L.mp4,2983,0,0,0,0,0,0,0
Cap_Phase1_60_L.mp4,2984,0,0,0,0,0,0,0
Cap_Phase1_60_L.mp4,2985,0,0,0,0,0,0,0
Cap_Phase1_60_L.mp4,2986,0,0,0,0,0,0,0
Cap_Phase1_60_L.mp4,2987,0,0,0,0,0,0,0
Cap_Phase1_60_L.mp4,2988,0,0,0,0,0,0,0
Cap_Phase1_60_L.mp4,2989,0,0,0,0,0,0,0
Cap_Phase1_60_L.mp4,2990,0,0,0,0,0,0,0
Cap_Phase1_60_L.mp4,2991,0,0,0,0,0,0,0
Cap_Phase1_60_L.mp4,2992,0,0,0,0,0,0,0
Cap_Phase1_60_L.mp4,2993,0,0,0,0,0,0,0
Cap_Phase1_60_L.mp4,2994,0,0,0,0,0,0,0
Cap_Phase1_60_L.mp4,2995,0,0,0,0,0,0,0
Cap_Phase1_60_L.mp4,2996,0,0,0,0,0,0,0
Cap_Phase1_60_L.mp4,2997,0,0,0,0,0,0,0
Cap_Phase1_60_L.mp4,2998,0,0,0,0,0,0,0
Cap_Phase1_60_L.mp4,2999,0,0,0,0,0,0,0
Cap_Phase1_60_L.mp4,3000,0,0,0,0,0,0,0
Cap_Phase1_60_L.mp4,3001,0,0,0,0,0,0,0
Cap_Phase1_60_L.mp4,3002,0,0,0,0,0,0,0
Cap_Phase1_60_L.mp4,3003,0,0,0,0,0,0,0
Cap_Phase1_60_L.mp4,3004,0,0,0,0,0,0,0
Cap_Phase1_60_L.mp4,3005,0,0,0,0,0,0,0
Cap_Phase1_60_L.mp4,3006,0,0,0,0,0,0,0
Cap_Phase1_60_L.mp4,3007,0,0,0,0,0,0,0
Cap_Phase1_60_L.mp4,3008,0,0,0,0,0,0,0
Cap_Phase1_60_L.mp4,3009,0,0,0,0,0,0,0
Cap_Phase1_60_L.mp4,3010,0,0,0,0,0,0,0
Cap_Phase1_60_L.mp4,3011,0,0,0,0,0,0,0
Cap_Phase1_60_L.mp4,3012,0,0,0,0,0,0,0
Cap_Phase1_60_L.mp4,3013,0,0,0,0,0,0,0
Cap_Phase1_60_L.mp4,3014,0,0,0,0,0,0,0
Cap_Phase1_60_L.mp4,3015,0,0,0,0,0,0,0
Cap_Phase1_60_L.mp4,3016,0,0,0,0,0,0,0
Cap_Phase1_60_L.mp4,3017,0,0,0,0,0,0,0
Cap_Phase1_60_L.mp4,3018,0,0,0,0,0,0,0
Cap_Phase1_60_L.mp4,3019,0,0,0,0,0,0,0
Cap_Phase1_60_L.mp4,3020,0,0,0,0,0,0,0
Cap_Phase1_60_L.mp4,3021,0,0,0,0,0,0,0
Cap_Phase1_60_L.mp4,3022,0,0,0,0,0,0,0
Cap_Phase1_60_L.mp4,3023,0,0,0,0,0,0,0
Cap_Phase1_60_L.mp4,3024,0,0,0,0,0,0,0
Cap_Phase1_60_L.mp4,3025,0,0,0,0,0,0,0
Cap_Phase1_60_L.mp4,3026,0,0,0,0,0,0,0
Cap_Phase1_60_L.mp4,3027,0,0,0,0,0,0,0
Cap_Phase1_60_L.mp4,3028,0,0,0,0,0,0,0
Cap_Phase1_60_L.mp4,3029,0,0,0,0,0,0,0
Cap_Phase1_60_L.mp4,3030,0,0,0,0,0,0,0
Cap_Phase1_60_L.mp4,3031,0,0,0,0,0,0,0
Cap_Phase1_60_L.mp4,3032,0,0,0,0,0,0,0
Cap_Phase1_60_L.mp4,3033,0,0,0,0,0,0,0
Cap_Phase1_60_L.mp4,3034,0,0,0,0,0,0,0
Cap_Phase1_60_L.mp4,3035,0,0,0,0,0,0,0
Cap_Phase1_60_L.mp4,3036,0,0,0,0,0,0,0
Cap_Phase1_60_L.mp4,3037,0,0,0,0,0,0,0
Cap_Phase1_60_L.mp4,3038,0,0,0,0,0,0,0
Cap_Phase1_60_L.mp4,3039,0,0,0,0,0,0,0
Cap_Phase1_60_L.mp4,3040,0,0,0,0,0,0,0
Cap_Phase1_60_L.mp4,3041,0,0,0,0,0,0,0
Cap_Phase1_60_L.mp4,3042,0,0,0,0,0,0,0
Cap_Phase1_60_L.mp4,3043,0,0,0,0,0,0,0
Cap_Phase1_60_L.mp4,3044,0,0,0,0,0,0,0
Cap_Phase1_60_L.mp4,3045,0,0,0,0,0,0,0
Cap_Phase1_60_L.mp4,3046,0,0,0,0,0,0,0
Cap_Phase1_60_L.mp4,3047,0,0,0,0,0,0,0
Cap_Phase1_60_L.mp4,3048,0,0,0,0,0,0,0
Cap_Phase1_60_L.mp4,3049,0,0,0,0,0,0,0
Cap_Phase1_60_L.mp4,3050,0,0,0,0,0,0,0
Cap_Phase1_60_L.mp4,3051,0,0,0,0,0,0,0
Cap_Phase1_60_L.mp4,3052,0,0,0,0,0,0,0
Cap_Phase1_60_L.mp4,3053,0,0,0,0,0,0,0
Cap_Phase1_60_L.mp4,3054,0,0,0,0,0,0,0
Cap_Phase1_60_L.mp4,3055,0,0,0,0,0,0,0
Cap_Phase1_60_L.mp4,3056,0,0,0,0,0,0,0
Cap_Phase1_60_L.mp4,3057,0,0,0,0,0,0,0
Cap_Phase1_60_L.mp4,3058,0,0,0,0,0,0,0
Cap_Phase1_60_L.mp4,3059,0,0,0,0,0,0,0
Cap_Phase1_60_L.mp4,3060,0,0,0,0,0,0,0
Cap_Phase1_60_L.mp4,3061,0,0,0,0,0,0,0
Cap_Phase1_60_L.mp4,3062,0,0,0,0,0,0,0
Cap_Phase1_60_L.mp4,3063,0,0,0,0,0,0,0
Cap_Phase1_60_L.mp4,3064,0,0,0,0,0,0,0
Cap_Phase1_60_L.mp4,3065,0,0,0,0,0,0,0
Cap_Phase1_60_L.mp4,3066,0,0,0,0,0,0,0
Cap_Phase1_60_L.mp4,3067,0,0,0,0,0,0,0
Cap_Phase1_60_L.mp4,3068,0,0,0,0,0,0,0
Cap_Phase1_60_L.mp4,3069,0,0,0,0,0,0,0
Cap_Phase1_60_L.mp4,3070,0,0,0,0,0,0,0
Cap_Phase1_60_L.mp4,3071,0,0,0,0,0,0,0
Cap_Phase1_60_L.mp4,3072,0,0,0,0,0,0,0
Cap_Phase1_60_L.mp4,3073,0,0,0,0,0,0,0
Cap_Phase1_60_L.mp4,3074,0,0,0,0,0,0,0
Cap_Phase1_60_L.mp4,3075,0,0,0,0,0,0,0
Cap_Phase1_60_L.mp4,3076,0,0,0,0,0,0,0
Cap_Phase1_60_L.mp4,3077,0,0,0,0,0,0,0
Cap_Phase1_60_L.mp4,3078,0,0,0,0,0,0,0
Cap_Phase1_60_L.mp4,3079,0,0,0,0,0,0,0
Cap_Phase1_60_L.mp4,3080,0,0,0,0,0,0,0
Cap_Phase1_60_L.mp4,3081,0,0,0,0,0,0,0
Cap_Phase1_60_L.mp4,3082,0,0,0,0,0,0,0
Cap_Phase1_60_L.mp4,3083,0,0,0,0,0,0,0
Cap_Phase1_60_L.mp4,3084,0,0,0,0,0,0,0
Cap_Phase1_60_L.mp4,3085,0,0,0,0,0,0,0
Cap_Phase1_60_L.mp4,3086,0,0,0,0,0,0,0
Cap_Phase1_60_L.mp4,3087,0,0,0,0,0,0,0
Cap_Phase1_60_L.mp4,3088,0,0,0,0,0,0,0
Cap_Phase1_60_L.mp4,3089,0,0,0,0,0,0,0
Cap_Phase1_60_L.mp4,3090,0,0,0,0,0,0,0
Cap_Phase1_60_L.mp4,3091,0,0,0,0,0,0,0
Cap_Phase1_60_L.mp4,3092,0,0,0,0,0,0,0
Cap_Phase1_60_L.mp4,3093,0,0,0,0,0,0,0
Cap_Phase1_60_L.mp4,3094,0,0,0,0,0,0,0
Cap_Phase1_60_L.mp4,3095,0,0,0,0,0,0,0
Cap_Phase1_60_L.mp4,3096,0,0,0,0,0,0,0
Cap_Phase1_60_L.mp4,3097,0,0,0,0,0,0,0
Cap_Phase1_60_L.mp4,3098,0,0,0,0,0,0,0
Cap_Phase1_60_L.mp4,3099,0,0,0,0,0,0,0
Cap_Phase1_60_L.mp4,3100,0,0,0,0,0,0,0
Cap_Phase1_60_L.mp4,3101,0,0,0,0,0,0,0
Cap_Phase1_60_L.mp4,3102,0,0,0,0,0,0,0
Cap_Phase1_60_L.mp4,3103,0,0,0,0,0,0,0
Cap_Phase1_60_L.mp4,3104,0,0,0,0,0,0,0
Cap_Phase1_60_L.mp4,3105,0,0,0,0,0,0,0
Cap_Phase1_60_L.mp4,3106,0,0,0,0,0,0,0
Cap_Phase1_60_L.mp4,3107,0,0,0,0,0,0,0
Cap_Phase1_60_L.mp4,3108,0,0,0,0,0,0,0
Cap_Phase1_60_L.mp4,3109,0,0,0,0,0,0,0
Cap_Phase1_60_L.mp4,3110,0,0,0,0,0,0,0
Cap_Phase1_60_L.mp4,3111,0,0,0,0,0,0,0
Cap_Phase1_60_L.mp4,3112,0,0,0,0,0,0,0
Cap_Phase1_60_L.mp4,3113,0,0,0,0,0,0,0
Cap_Phase1_60_L.mp4,3114,0,0,0,0,0,0,0
Cap_Phase1_60_L.mp4,3115,0,0,0,0,0,0,0
Cap_Phase1_60_L.mp4,3116,0,0,0,0,0,0,0
Cap_Phase1_60_L.mp4,3117,0,0,0,0,0,0,0
Cap_Phase1_60_L.mp4,3118,0,0,0,0,0,0,0
Cap_Phase1_60_L.mp4,3119,0,0,0,0,0,0,0
Cap_Phase1_60_L.mp4,3120,0,0,0,0,0,0,0
Cap_Phase1_60_L.mp4,3121,0,0,0,0,0,0,0
Cap_Phase1_60_L.mp4,3122,0,0,0,0,0,0,0
Cap_Phase1_60_L.mp4,3123,0,0,0,0,0,0,0
Cap_Phase1_60_L.mp4,3124,0,0,0,0,0,0,0
Cap_Phase1_60_L.mp4,3125,0,0,0,0,0,0,0
Cap_Phase1_60_L.mp4,3126,0,0,0,0,0,0,0
Cap_Phase1_60_L.mp4,3127,0,0,0,0,0,0,0
Cap_Phase1_60_L.mp4,3128,0,0,0,0,0,0,0
Cap_Phase1_60_L.mp4,3129,0,0,0,0,0,0,0
Cap_Phase1_60_L.mp4,3130,0,0,0,0,0,0,0
Cap_Phase1_60_L.mp4,3131,0,0,0,0,0,0,0
Cap_Phase1_60_L.mp4,3132,0,0,0,0,0,0,0
Cap_Phase1_60_L.mp4,3133,0,0,0,0,0,0,0
Cap_Phase1_60_L.mp4,3134,0,0,0,0,0,0,0
Cap_Phase1_60_L.mp4,3135,0,0,0,0,0,0,0
Cap_Phase1_60_L.mp4,3136,0,0,0,0,0,0,0
Cap_Phase1_60_L.mp4,3137,0,0,0,0,0,0,0
Cap_Phase1_60_L.mp4,3138,0,0,0,0,0,0,0
Cap_Phase1_60_L.mp4,3139,0,0,0,0,0,0,0
Cap_Phase1_60_L.mp4,3140,0,0,0,0,0,0,0
Cap_Phase1_60_L.mp4,3141,0,0,0,0,0,0,0
Cap_Phase1_60_L.mp4,3142,0,0,0,0,0,0,0
Cap_Phase1_60_L.mp4,3143,0,0,0,0,0,0,0
Cap_Phase1_60_L.mp4,3144,0,0,0,0,0,0,0
Cap_Phase1_60_L.mp4,3145,0,0,0,0,0,0,0
Cap_Phase1_60_L.mp4,3146,0,0,0,0,0,0,0
Cap_Phase1_60_L.mp4,3147,0,0,0,0,0,0,0
Cap_Phase1_60_L.mp4,3148,0,0,0,0,0,0,0
Cap_Phase1_60_L.mp4,3149,0,0,0,0,0,0,0
Cap_Phase1_60_L.mp4,3150,0,0,0,0,0,0,0
Cap_Phase1_60_L.mp4,3151,0,0,0,0,0,0,0
Cap_Phase1_60_L.mp4,3152,0,0,0,0,0,0,0
Cap_Phase1_60_L.mp4,3153,0,0,0,0,0,0,0
Cap_Phase1_60_L.mp4,3154,0,0,0,0,0,0,0
Cap_Phase1_60_L.mp4,3155,0,0,0,0,0,0,0
Cap_Phase1_60_L.mp4,3156,0,0,0,0,0,0,0
Cap_Phase1_60_L.mp4,3157,0,0,0,0,0,0,0
Cap_Phase1_60_L.mp4,3158,0,0,0,0,0,0,0
Cap_Phase1_60_L.mp4,3159,0,0,0,0,0,0,0
Cap_Phase1_60_L.mp4,3160,0,0,0,0,0,0,0
Cap_Phase1_60_L.mp4,3161,0,0,0,0,0,0,0
Cap_Phase1_60_L.mp4,3162,0,0,0,0,0,0,0
Cap_Phase1_60_L.mp4,3163,0,0,0,0,0,0,0
Cap_Phase1_60_L.mp4,3164,0,0,0,0,0,0,0
Cap_Phase1_60_L.mp4,3165,0,0,0,0,0,0,0
Cap_Phase1_60_L.mp4,3166,0,0,0,0,0,0,0
Cap_Phase1_60_L.mp4,3167,0,0,0,0,0,0,0
Cap_Phase1_60_L.mp4,3168,0,0,0,0,0,0,0
Cap_Phase1_60_L.mp4,3169,0,0,0,0,0,0,0
Cap_Phase1_60_L.mp4,3170,0,0,0,0,0,0,0
Cap_Phase1_60_L.mp4,3171,0,0,0,0,0,0,0
Cap_Phase1_60_L.mp4,3172,0,0,0,0,0,0,0
Cap_Phase1_60_L.mp4,3173,0,0,0,0,0,0,0
Cap_Phase1_60_L.mp4,3174,0,0,0,0,0,0,0
Cap_Phase1_60_L.mp4,3175,0,0,0,0,0,0,0
Cap_Phase1_60_L.mp4,3176,0,0,0,0,0,0,0
Cap_Phase1_60_L.mp4,3177,0,0,0,0,0,0,0
Cap_Phase1_60_L.mp4,3178,0,0,0,0,0,0,0
Cap_Phase1_60_L.mp4,3179,0,0,0,0,0,0,0
Cap_Phase1_60_L.mp4,3180,0,0,0,0,0,0,0
Cap_Phase1_60_L.mp4,3181,0,0,0,0,0,0,0
Cap_Phase1_60_L.mp4,3182,0,0,0,0,0,0,0
Cap_Phase1_60_L.mp4,3183,0,0,0,0,0,0,0
Cap_Phase1_60_L.mp4,3184,0,0,0,0,0,0,0
Cap_Phase1_60_L.mp4,3185,0,0,0,0,0,0,0
Cap_Phase1_60_L.mp4,3186,0,0,0,0,0,0,0
Cap_Phase1_60_L.mp4,3187,0,0,0,0,0,0,0
Cap_Phase1_60_L.mp4,3188,0,0,0,0,0,0,0
Cap_Phase1_60_L.mp4,3189,0,0,0,0,0,0,0
Cap_Phase1_60_L.mp4,3190,0,0,0,0,0,0,0
Cap_Phase1_60_L.mp4,3191,0,0,0,0,0,0,0
Cap_Phase1_60_L.mp4,3192,0,0,0,0,0,0,0
Cap_Phase1_60_L.mp4,3193,0,0,0,0,0,0,0
Cap_Phase1_60_L.mp4,3194,0,0,0,0,0,0,0
Cap_Phase1_60_L.mp4,3195,0,0,0,0,0,0,0
Cap_Phase1_60_L.mp4,3196,0,0,0,0,0,0,0
Cap_Phase1_60_L.mp4,3197,0,0,0,0,0,0,0
Cap_Phase1_60_L.mp4,3198,0,0,0,0,0,0,0
Cap_Phase1_60_L.mp4,3199,0,0,0,0,0,0,0
Cap_Phase1_60_L.mp4,3200,0,0,0,0,0,0,0
Cap_Phase1_60_L.mp4,3201,0,0,0,0,0,0,0
Cap_Phase1_60_L.mp4,3202,0,0,0,0,0,0,0
Cap_Phase1_60_L.mp4,3203,0,0,0,0,0,0,0
Cap_Phase1_60_L.mp4,3204,0,0,0,0,0,0,0
Cap_Phase1_60_L.mp4,3205,0,0,0,0,0,0,0
Cap_Phase1_60_L.mp4,3206,0,0,0,0,0,0,0
Cap_Phase1_60_L.mp4,3207,0,0,0,0,0,0,0
Cap_Phase1_60_L.mp4,3208,0,0,0,0,0,0,0
Cap_Phase1_60_L.mp4,3209,0,0,0,0,0,0,0
Cap_Phase1_60_L.mp4,3210,0,0,0,0,0,0,0
Cap_Phase1_60_L.mp4,3211,0,0,0,0,0,0,0
Cap_Phase1_60_L.mp4,3212,0,0,0,0,0,0,0
Cap_Phase1_60_L.mp4,3213,0,0,0,0,0,0,0
Cap_Phase1_60_L.mp4,3214,0,0,0,0,0,0,0
Cap_Phase1_60_L.mp4,3215,0,0,0,0,0,0,0
Cap_Phase1_60_L.mp4,3216,0,0,0,0,0,0,0
Cap_Phase1_60_L.mp4,3217,0,0,0,0,0,0,0
Cap_Phase1_60_L.mp4,3218,0,0,0,0,0,0,0
Cap_Phase1_60_L.mp4,3219,0,0,0,0,0,0,0
Cap_Phase1_60_L.mp4,3220,0,0,0,0,0,0,0
Cap_Phase1_60_L.mp4,3221,0,0,0,0,0,0,0
Cap_Phase1_60_L.mp4,3222,0,0,0,0,0,0,0
Cap_Phase1_60_L.mp4,3223,0,0,0,0,0,0,0
Cap_Phase1_60_L.mp4,3224,0,0,0,0,0,0,0
Cap_Phase1_60_L.mp4,3225,0,0,0,0,0,0,0
Cap_Phase1_60_L.mp4,3226,0,0,0,0,0,0,0
Cap_Phase1_60_L.mp4,3227,0,0,0,0,0,0,0
Cap_Phase1_60_L.mp4,3228,0,0,0,0,0,0,0
Cap_Phase1_60_L.mp4,3229,0,0,0,0,0,0,0
Cap_Phase1_60_L.mp4,3230,0,0,0,0,0,0,0
Cap_Phase1_60_L.mp4,3231,0,0,0,0,0,0,0
Cap_Phase1_60_L.mp4,3232,0,0,0,0,0,0,0
Cap_Phase1_60_L.mp4,3233,0,0,0,0,0,0,0
Cap_Phase1_60_L.mp4,3234,0,0,0,0,0,0,0
Cap_Phase1_60_L.mp4,3235,0,0,0,0,0,0,0
Cap_Phase1_60_L.mp4,3236,0,0,0,0,0,0,0
Cap_Phase1_60_L.mp4,3237,0,0,0,0,0,0,0
Cap_Phase1_60_L.mp4,3238,0,0,0,0,0,0,0
Cap_Phase1_60_L.mp4,3239,0,0,0,0,0,0,0
Cap_Phase1_60_L.mp4,3240,0,0,0,0,0,0,0
Cap_Phase1_60_L.mp4,3241,0,0,0,0,0,0,0
Cap_Phase1_60_L.mp4,3242,0,0,0,0,0,0,0
Cap_Phase1_60_L.mp4,3243,0,0,0,0,0,0,0
Cap_Phase1_60_L.mp4,3244,0,0,0,0,0,0,0
Cap_Phase1_60_L.mp4,3245,0,0,0,0,0,0,0
Cap_Phase1_60_L.mp4,3246,0,0,0,0,0,0,0
Cap_Phase1_60_L.mp4,3247,0,0,0,0,0,0,0
Cap_Phase1_60_L.mp4,3248,0,0,0,0,0,0,0
Cap_Phase1_60_L.mp4,3249,0,0,0,0,0,0,0
Cap_Phase1_60_L.mp4,3250,0,0,0,0,0,0,0
Cap_Phase1_60_L.mp4,3251,0,0,0,0,0,0,0
Cap_Phase1_60_L.mp4,3252,0,0,0,0,0,0,0
Cap_Phase1_60_L.mp4,3253,0,0,0,0,0,0,0
Cap_Phase1_60_L.mp4,3254,0,0,0,0,0,0,0
Cap_Phase1_60_L.mp4,3255,0,0,0,0,0,0,0
Cap_Phase1_60_L.mp4,3256,0,0,0,0,0,0,0
Cap_Phase1_60_L.mp4,3257,0,0,0,0,0,0,0
Cap_Phase1_60_L.mp4,3258,0,0,0,0,0,0,0
Cap_Phase1_60_L.mp4,3259,0,0,0,0,0,0,0
Cap_Phase1_60_L.mp4,3260,0,0,0,0,0,0,0
Cap_Phase1_60_L.mp4,3261,0,0,0,0,0,0,0
Cap_Phase1_60_L.mp4,3262,0,0,0,0,0,0,0
Cap_Phase1_60_L.mp4,3263,0,0,0,0,0,0,0
Cap_Phase1_60_L.mp4,3264,0,0,0,0,0,0,0
Cap_Phase1_60_L.mp4,3265,0,0,0,0,0,0,0
Cap_Phase1_60_L.mp4,3266,0,0,0,0,0,0,0
Cap_Phase1_60_L.mp4,3267,0,0,0,0,0,0,0
Cap_Phase1_60_L.mp4,3268,0,0,0,0,0,0,0
Cap_Phase1_60_L.mp4,3269,0,0,0,0,0,0,0
Cap_Phase1_60_L.mp4,3270,0,0,0,0,0,0,0
Cap_Phase1_60_L.mp4,3271,0,0,0,0,0,0,0
Cap_Phase1_60_L.mp4,3272,0,0,0,0,0,0,0
Cap_Phase1_60_L.mp4,3273,0,0,0,0,0,0,0
Cap_Phase1_60_L.mp4,3274,0,0,0,0,0,0,0
Cap_Phase1_60_L.mp4,3275,0,0,0,0,0,0,0
Cap_Phase1_60_L.mp4,3276,0,0,0,0,0,0,0
Cap_Phase1_60_L.mp4,3277,0,0,0,0,0,0,0
Cap_Phase1_60_L.mp4,3278,0,0,0,0,0,0,0
Cap_Phase1_60_L.mp4,3279,0,0,0,0,0,0,0
Cap_Phase1_60_L.mp4,3280,0,0,0,0,0,0,0
Cap_Phase1_60_L.mp4,3281,0,0,0,0,0,0,0
Cap_Phase1_60_L.mp4,3282,0,0,0,0,0,0,0
Cap_Phase1_60_L.mp4,3283,0,0,0,0,0,0,0
Cap_Phase1_60_L.mp4,3284,0,0,0,0,0,0,0
Cap_Phase1_60_L.mp4,3285,0,0,0,0,0,0,0
Cap_Phase1_60_L.mp4,3286,0,0,0,0,0,0,0
Cap_Phase1_60_L.mp4,3287,0,0,0,0,0,0,0
Cap_Phase1_60_L.mp4,3288,0,0,0,0,0,0,0
Cap_Phase1_60_L.mp4,3289,0,0,0,0,0,0,0
Cap_Phase1_60_L.mp4,3290,0,0,0,0,0,0,0
Cap_Phase1_60_L.mp4,3291,0,0,0,0,0,0,0
Cap_Phase1_60_L.mp4,3292,0,0,0,0,0,0,0
Cap_Phase1_60_L.mp4,3293,0,0,0,0,0,0,0
Cap_Phase1_60_L.mp4,3294,0,0,0,0,0,0,0
Cap_Phase1_60_L.mp4,3295,0,0,0,0,0,0,0
Cap_Phase1_60_L.mp4,3296,0,0,0,0,0,0,0
Cap_Phase1_60_L.mp4,3297,0,0,0,0,0,0,0
Cap_Phase1_60_L.mp4,3298,0,0,0,0,0,0,0
Cap_Phase1_60_L.mp4,3299,0,0,0,0,0,0,0
Cap_Phase1_60_L.mp4,3300,0,0,0,0,0,0,0
Cap_Phase1_60_L.mp4,3301,0,0,0,0,0,0,0
Cap_Phase1_60_L.mp4,3302,0,0,0,0,0,0,0
Cap_Phase1_60_L.mp4,3303,0,0,0,0,0,0,0
Cap_Phase1_60_L.mp4,3304,0,0,0,0,0,0,0
Cap_Phase1_60_L.mp4,3305,0,0,0,0,0,0,0
Cap_Phase1_60_L.mp4,3306,0,0,0,0,0,0,0
Cap_Phase1_60_L.mp4,3307,0,0,0,0,0,0,0
Cap_Phase1_60_L.mp4,3308,0,0,0,0,0,0,0
Cap_Phase1_60_L.mp4,3309,0,0,0,0,0,0,0
Cap_Phase1_60_L.mp4,3310,0,0,0,0,0,0,0
Cap_Phase1_60_L.mp4,3311,0,0,0,0,0,0,0
Cap_Phase1_60_L.mp4,3312,0,0,0,0,0,0,0
Cap_Phase1_60_L.mp4,3313,0,0,0,0,0,0,0
Cap_Phase1_60_L.mp4,3314,0,0,0,0,0,0,0
Cap_Phase1_60_L.mp4,3315,0,0,0,0,0,0,0
Cap_Phase1_60_L.mp4,3316,0,0,0,0,0,0,0
Cap_Phase1_60_L.mp4,3317,0,0,0,0,0,0,0
Cap_Phase1_60_L.mp4,3318,0,0,0,0,0,0,0
Cap_Phase1_60_L.mp4,3319,0,0,0,0,0,0,0
Cap_Phase1_60_L.mp4,3320,0,0,0,0,0,0,0
Cap_Phase1_60_L.mp4,3321,0,0,0,0,0,0,0
Cap_Phase1_60_L.mp4,3322,0,0,0,0,0,0,0
Cap_Phase1_60_L.mp4,3323,0,0,0,0,0,0,0
Cap_Phase1_60_L.mp4,3324,0,0,0,0,0,0,0
Cap_Phase1_60_L.mp4,3325,0,0,0,0,0,0,0
Cap_Phase1_60_L.mp4,3326,0,0,0,0,0,0,0
Cap_Phase1_60_L.mp4,3327,0,0,0,0,0,0,0
Cap_Phase1_60_L.mp4,3328,0,0,0,0,0,0,0
Cap_Phase1_60_L.mp4,3329,0,0,0,0,0,0,0
Cap_Phase1_60_L.mp4,3330,0,0,0,0,0,0,0
Cap_Phase1_60_L.mp4,3331,0,0,0,0,0,0,0
Cap_Phase1_60_L.mp4,3332,0,0,0,0,0,0,0
Cap_Phase1_60_L.mp4,3333,0,0,0,0,0,0,0
Cap_Phase1_60_L.mp4,3334,0,0,0,0,0,0,0
Cap_Phase1_60_L.mp4,3335,0,0,0,0,0,0,0
Cap_Phase1_60_L.mp4,3336,0,0,0,0,0,0,0
Cap_Phase1_60_L.mp4,3337,0,0,0,0,0,0,0
Cap_Phase1_60_L.mp4,3338,0,0,0,0,0,0,0
Cap_Phase1_60_L.mp4,3339,0,0,0,0,0,0,0
Cap_Phase1_60_L.mp4,3340,0,0,0,0,0,0,0
Cap_Phase1_60_L.mp4,3341,0,0,0,0,0,0,0
Cap_Phase1_60_L.mp4,3342,0,0,0,0,0,0,0
Cap_Phase1_60_L.mp4,3343,0,0,0,0,0,0,0
Cap_Phase1_60_L.mp4,3344,0,0,0,0,0,0,0
Cap_Phase1_60_L.mp4,3345,0,0,0,0,0,0,0
Cap_Phase1_60_L.mp4,3346,0,0,0,0,0,0,0
Cap_Phase1_60_L.mp4,3347,0,0,0,0,0,0,0
Cap_Phase1_60_L.mp4,3348,0,0,0,0,0,0,0
Cap_Phase1_60_L.mp4,3349,0,0,0,0,0,0,0
Cap_Phase1_60_L.mp4,3350,0,0,0,0,0,0,0
Cap_Phase1_60_L.mp4,3351,0,0,0,0,0,0,0
Cap_Phase1_60_L.mp4,3352,0,0,0,0,0,0,0
Cap_Phase1_60_L.mp4,3353,0,0,0,0,0,0,0
Cap_Phase1_60_L.mp4,3354,0,0,0,0,0,0,0
Cap_Phase1_60_L.mp4,3355,0,0,0,0,0,0,0
Cap_Phase1_60_L.mp4,3356,0,0,0,0,0,0,0
Cap_Phase1_60_L.mp4,3357,0,0,0,0,0,0,0
Cap_Phase1_60_L.mp4,3358,0,0,0,0,0,0,0
Cap_Phase1_60_L.mp4,3359,0,0,0,0,0,0,0
Cap_Phase1_60_L.mp4,3360,0,0,0,0,0,0,0
Cap_Phase1_60_L.mp4,3361,0,0,0,0,0,0,0
Cap_Phase1_60_L.mp4,3362,0,0,0,0,0,0,0
Cap_Phase1_60_L.mp4,3363,0,0,0,0,0,0,0
Cap_Phase1_60_L.mp4,3364,0,0,0,0,0,0,0
Cap_Phase1_60_L.mp4,3365,0,0,0,0,0,0,0
Cap_Phase1_60_L.mp4,3366,0,0,0,0,0,0,0
Cap_Phase1_60_L.mp4,3367,0,0,0,0,0,0,0
Cap_Phase1_60_L.mp4,3368,0,0,0,0,0,0,0
Cap_Phase1_60_L.mp4,3369,0,0,0,0,0,0,0
Cap_Phase1_60_L.mp4,3370,0,0,0,0,0,0,0
Cap_Phase1_60_L.mp4,3371,0,0,0,0,0,0,0
Cap_Phase1_60_L.mp4,3372,0,0,0,0,0,0,0
Cap_Phase1_60_L.mp4,3373,0,0,0,0,0,0,0
Cap_Phase1_60_L.mp4,3374,0,0,0,0,0,0,0
Cap_Phase1_60_L.mp4,3375,0,0,0,0,0,0,0
Cap_Phase1_60_L.mp4,3376,0,0,0,0,0,0,0
Cap_Phase1_60_L.mp4,3377,0,0,0,0,0,0,0
Cap_Phase1_60_L.mp4,3378,0,0,0,0,0,0,0
Cap_Phase1_60_L.mp4,3379,0,0,0,0,0,0,0
Cap_Phase1_60_L.mp4,3380,0,0,0,0,0,0,0
Cap_Phase1_60_L.mp4,3381,0,0,0,0,0,0,0
Cap_Phase1_60_L.mp4,3382,0,0,0,0,0,0,0
Cap_Phase1_60_L.mp4,3383,0,0,0,0,0,0,0
Cap_Phase1_60_L.mp4,3384,0,0,0,0,0,0,0
Cap_Phase1_60_L.mp4,3385,0,0,0,0,0,0,0
Cap_Phase1_60_L.mp4,3386,0,0,0,0,0,0,0
Cap_Phase1_60_L.mp4,3387,0,0,0,0,0,0,0
Cap_Phase1_60_L.mp4,3388,0,0,0,0,0,0,0
Cap_Phase1_60_L.mp4,3389,0,0,0,0,0,0,0
Cap_Phase1_60_L.mp4,3390,0,0,0,0,0,0,0
Cap_Phase1_60_L.mp4,3391,0,0,0,0,0,0,0
Cap_Phase1_60_L.mp4,3392,0,0,0,0,0,0,0
Cap_Phase1_60_L.mp4,3393,0,0,0,0,0,0,0
Cap_Phase1_60_L.mp4,3394,0,0,0,0,0,0,0
Cap_Phase1_60_L.mp4,3395,0,0,0,0,0,0,0
Cap_Phase1_60_L.mp4,3396,0,0,0,0,0,0,0
Cap_Phase1_60_L.mp4,3397,0,0,0,0,0,0,0
Cap_Phase1_60_L.mp4,3398,0,0,0,0,0,0,0
Cap_Phase1_60_L.mp4,3399,0,0,0,0,0,0,0
Cap_Phase1_60_L.mp4,3400,0,0,0,0,0,0,0
Cap_Phase1_60_L.mp4,3401,0,0,0,0,0,0,0
Cap_Phase1_60_L.mp4,3402,0,0,0,0,0,0,0
Cap_Phase1_60_L.mp4,3403,0,0,0,0,0,0,0
Cap_Phase1_60_L.mp4,3404,0,0,0,0,0,0,0
Cap_Phase1_60_L.mp4,3405,0,0,0,0,0,0,0
Cap_Phase1_60_L.mp4,3406,0,0,0,0,0,0,0
Cap_Phase1_60_L.mp4,3407,0,0,0,0,0,0,0
Cap_Phase1_60_L.mp4,3408,0,0,0,0,0,0,0
Cap_Phase1_60_L.mp4,3409,0,0,0,0,0,0,0
Cap_Phase1_60_L.mp4,3410,0,0,0,0,0,0,0
Cap_Phase1_60_L.mp4,3411,0,0,0,0,0,0,0
Cap_Phase1_60_L.mp4,3412,0,0,0,0,0,0,0
Cap_Phase1_60_L.mp4,3413,0,0,0,0,0,0,0
Cap_Phase1_60_L.mp4,3414,0,0,0,0,0,0,0
Cap_Phase1_60_L.mp4,3415,0,0,0,0,0,0,0
Cap_Phase1_60_L.mp4,3416,0,0,0,0,0,0,0
Cap_Phase1_60_L.mp4,3417,0,0,0,0,0,0,0
Cap_Phase1_60_L.mp4,3418,0,0,0,0,0,0,0
Cap_Phase1_60_L.mp4,3419,0,0,0,0,0,0,0
Cap_Phase1_60_L.mp4,3420,0,0,0,0,0,0,0
Cap_Phase1_60_L.mp4,3421,0,0,0,0,0,0,0
Cap_Phase1_60_L.mp4,3422,0,0,0,0,0,0,0
Cap_Phase1_60_L.mp4,3423,0,0,0,0,0,0,0
Cap_Phase1_60_L.mp4,3424,0,0,0,0,0,0,0
Cap_Phase1_60_L.mp4,3425,0,0,0,0,0,0,0
Cap_Phase1_60_L.mp4,3426,0,0,0,0,0,0,0
Cap_Phase1_60_L.mp4,3427,0,0,0,0,0,0,0
Cap_Phase1_60_L.mp4,3428,0,0,0,0,0,0,0
Cap_Phase1_60_L.mp4,3429,0,0,0,0,0,0,0
Cap_Phase1_60_L.mp4,3430,0,0,0,0,0,0,0
Cap_Phase1_60_L.mp4,3431,0,0,0,0,0,0,0
Cap_Phase1_60_L.mp4,3432,0,0,0,0,0,0,0
Cap_Phase1_60_L.mp4,3433,0,0,0,0,0,0,0
Cap_Phase1_60_L.mp4,3434,0,0,0,0,0,0,0
Cap_Phase1_60_L.mp4,3435,0,0,0,0,0,0,0
Cap_Phase1_60_L.mp4,3436,0,0,0,0,0,0,0
Cap_Phase1_60_L.mp4,3437,0,0,0,0,0,0,0
Cap_Phase1_60_L.mp4,3438,0,0,0,0,0,0,0
Cap_Phase1_60_L.mp4,3439,0,0,0,0,0,0,0
Cap_Phase1_60_L.mp4,3440,0,0,0,0,0,0,0
Cap_Phase1_60_L.mp4,3441,0,0,0,0,0,0,0
Cap_Phase1_60_L.mp4,3442,0,0,0,0,0,0,0
Cap_Phase1_60_L.mp4,3443,0,0,0,0,0,0,0
Cap_Phase1_60_L.mp4,3444,0,0,0,0,0,0,0
Cap_Phase1_60_L.mp4,3445,0,0,0,0,0,0,0
Cap_Phase1_60_L.mp4,3446,0,0,0,0,0,0,0
Cap_Phase1_60_L.mp4,3447,0,0,0,0,0,0,0
Cap_Phase1_60_L.mp4,3448,0,0,0,0,0,0,0
Cap_Phase1_60_L.mp4,3449,0,0,0,0,0,0,0
Cap_Phase1_60_L.mp4,3450,0,0,0,0,0,0,0
Cap_Phase1_60_L.mp4,3451,0,0,0,0,0,0,0
Cap_Phase1_60_L.mp4,3452,0,0,0,0,0,0,0
Cap_Phase1_60_L.mp4,3453,0,0,0,0,0,0,0
Cap_Phase1_60_L.mp4,3454,0,0,0,0,0,0,0
Cap_Phase1_60_L.mp4,3455,0,0,0,0,0,0,0
Cap_Phase1_60_L.mp4,3456,0,0,0,0,0,0,0
Cap_Phase1_60_L.mp4,3457,0,0,0,0,0,0,0
Cap_Phase1_60_L.mp4,3458,0,0,0,0,0,0,0
Cap_Phase1_60_L.mp4,3459,0,0,0,0,0,0,0
Cap_Phase1_60_L.mp4,3460,0,0,0,0,0,0,0
Cap_Phase1_60_L.mp4,3461,0,0,0,0,0,0,0
Cap_Phase1_60_L.mp4,3462,0,0,0,0,0,0,0
Cap_Phase1_60_L.mp4,3463,0,0,0,0,0,0,0
Cap_Phase1_60_L.mp4,3464,0,0,0,0,0,0,0
Cap_Phase1_60_L.mp4,3465,0,0,0,0,0,0,0
Cap_Phase1_60_L.mp4,3466,0,0,0,0,0,0,0
Cap_Phase1_60_L.mp4,3467,0,0,0,0,0,0,0
Cap_Phase1_60_L.mp4,3468,0,0,0,0,0,0,0
Cap_Phase1_60_L.mp4,3469,0,0,0,0,0,0,0
Cap_Phase1_60_L.mp4,3470,0,0,0,0,0,0,0
Cap_Phase1_60_L.mp4,3471,0,0,0,0,0,0,0
Cap_Phase1_60_L.mp4,3472,0,0,0,0,0,0,0
Cap_Phase1_60_L.mp4,3473,0,0,0,0,0,0,0
Cap_Phase1_60_L.mp4,3474,0,0,0,0,0,0,0
Cap_Phase1_60_L.mp4,3475,0,0,0,0,0,0,0
Cap_Phase1_60_L.mp4,3476,0,0,0,0,0,0,0
Cap_Phase1_60_L.mp4,3477,0,0,0,0,0,0,0
Cap_Phase1_60_L.mp4,3478,0,0,0,0,0,0,0
Cap_Phase1_60_L.mp4,3479,0,0,0,0,0,0,0
Cap_Phase1_60_L.mp4,3480,0,0,0,0,0,0,0
Cap_Phase1_60_L.mp4,3481,0,0,0,0,0,0,0
Cap_Phase1_60_L.mp4,3482,0,0,0,0,0,0,0
Cap_Phase1_60_L.mp4,3483,0,0,0,0,0,0,0
Cap_Phase1_60_L.mp4,3484,0,0,0,0,0,0,0
Cap_Phase1_60_L.mp4,3485,0,0,0,0,0,0,0
Cap_Phase1_60_L.mp4,3486,0,0,0,0,0,0,0
Cap_Phase1_60_L.mp4,3487,0,0,0,0,0,0,0
Cap_Phase1_60_L.mp4,3488,0,0,0,0,0,0,0
Cap_Phase1_60_L.mp4,3489,0,0,0,0,0,0,0
Cap_Phase1_60_L.mp4,3490,0,0,0,0,0,0,0
Cap_Phase1_60_L.mp4,3491,0,0,0,0,0,0,0
Cap_Phase1_60_L.mp4,3492,0,0,0,0,0,0,0
Cap_Phase1_60_L.mp4,3493,0,0,0,0,0,0,0
Cap_Phase1_60_L.mp4,3494,0,0,0,0,0,0,0
Cap_Phase1_60_L.mp4,3495,0,0,0,0,0,0,0
Cap_Phase1_60_L.mp4,3496,0,0,0,0,0,0,0
Cap_Phase1_60_L.mp4,3497,0,0,0,0,0,0,0
Cap_Phase1_60_L.mp4,3498,0,0,0,0,0,0,0
Cap_Phase1_60_L.mp4,3499,0,0,0,0,0,0,0
Cap_Phase1_60_L.mp4,3500,0,0,0,0,0,0,0
Cap_Phase1_60_L.mp4,3501,0,0,0,0,0,0,0
Cap_Phase1_60_L.mp4,3502,0,0,0,0,0,0,0
Cap_Phase1_60_L.mp4,3503,0,0,0,0,0,0,0
Cap_Phase1_60_L.mp4,3504,0,0,0,0,0,0,0
Cap_Phase1_60_L.mp4,3505,0,0,0,0,0,0,0
Cap_Phase1_60_L.mp4,3506,0,0,0,0,0,0,0
Cap_Phase1_60_L.mp4,3507,0,0,0,0,0,0,0
Cap_Phase1_60_L.mp4,3508,0,0,0,0,0,0,0
Cap_Phase1_60_L.mp4,3509,0,0,0,0,0,0,0
Cap_Phase1_60_L.mp4,3510,0,0,0,0,0,0,0
Cap_Phase1_60_L.mp4,3511,0,0,0,0,0,0,0
Cap_Phase1_60_L.mp4,3512,0,0,0,0,0,0,0
Cap_Phase1_60_L.mp4,3513,0,0,0,0,0,0,0
Cap_Phase1_60_L.mp4,3514,0,0,0,0,0,0,0
Cap_Phase1_60_L.mp4,3515,0,0,0,0,0,0,0
Cap_Phase1_60_L.mp4,3516,0,0,0,0,0,0,0
Cap_Phase1_60_L.mp4,3517,0,0,0,0,0,0,0
Cap_Phase1_60_L.mp4,3518,0,0,0,0,0,0,0
Cap_Phase1_60_L.mp4,3519,0,0,0,0,0,0,0
Cap_Phase1_60_L.mp4,3520,0,0,0,0,0,0,0
Cap_Phase1_60_L.mp4,3521,0,0,0,0,0,0,0
Cap_Phase1_60_L.mp4,3522,0,0,0,0,0,0,0
Cap_Phase1_60_L.mp4,3523,0,0,0,0,0,0,0
Cap_Phase1_60_L.mp4,3524,0,0,0,0,0,0,0
Cap_Phase1_60_L.mp4,3525,0,0,0,0,0,0,0
Cap_Phase1_60_L.mp4,3526,0,0,0,0,0,0,0
Cap_Phase1_60_L.mp4,3527,0,0,0,0,0,0,0
Cap_Phase1_60_L.mp4,3528,0,0,0,0,0,0,0
Cap_Phase1_60_L.mp4,3529,0,0,0,0,0,0,0
Cap_Phase1_60_L.mp4,3530,0,0,0,0,0,0,0
Cap_Phase1_60_L.mp4,3531,0,0,0,0,0,0,0
Cap_Phase1_60_L.mp4,3532,0,0,0,0,0,0,0
Cap_Phase1_60_L.mp4,3533,0,0,0,0,0,0,0
Cap_Phase1_60_L.mp4,3534,0,0,0,0,0,0,0
Cap_Phase1_60_L.mp4,3535,0,0,0,0,0,0,0
Cap_Phase1_60_L.mp4,3536,0,0,0,0,0,0,0
Cap_Phase1_60_L.mp4,3537,0,0,0,0,0,0,0
Cap_Phase1_60_L.mp4,3538,0,0,0,0,0,0,0
Cap_Phase1_60_L.mp4,3539,0,0,0,0,0,0,0
Cap_Phase1_60_L.mp4,3540,0,0,0,0,0,0,0
Cap_Phase1_60_L.mp4,3541,0,0,0,0,0,0,0
Cap_Phase1_60_L.mp4,3542,0,0,0,0,0,0,0
Cap_Phase1_60_L.mp4,3543,0,0,0,0,0,0,0
Cap_Phase1_60_L.mp4,3544,0,0,0,0,0,0,0
Cap_Phase1_60_L.mp4,3545,0,0,0,0,0,0,0
Cap_Phase1_60_L.mp4,3546,0,0,0,0,0,0,0
Cap_Phase1_60_L.mp4,3547,0,0,0,0,0,0,0
Cap_Phase1_60_L.mp4,3548,0,0,0,0,0,0,0
Cap_Phase1_60_L.mp4,3549,0,0,0,0,0,0,0
Cap_Phase1_60_L.mp4,3550,0,0,0,0,0,0,0
Cap_Phase1_60_L.mp4,3551,0,0,0,0,0,0,0
Cap_Phase1_60_L.mp4,3552,0,0,0,0,0,0,0
Cap_Phase1_60_L.mp4,3553,0,0,0,0,0,0,0
Cap_Phase1_60_L.mp4,3554,0,0,0,0,0,0,0
Cap_Phase1_60_L.mp4,3555,0,0,0,0,0,0,0
Cap_Phase1_60_L.mp4,3556,0,0,0,0,0,0,0
Cap_Phase1_60_L.mp4,3557,0,0,0,0,0,0,0
Cap_Phase1_60_L.mp4,3558,0,0,0,0,0,0,0
Cap_Phase1_60_L.mp4,3559,0,0,0,0,0,0,0
Cap_Phase1_60_L.mp4,3560,0,0,0,0,0,0,0
Cap_Phase1_60_L.mp4,3561,0,0,0,0,0,0,0
Cap_Phase1_60_L.mp4,3562,0,0,0,0,0,0,0
Cap_Phase1_60_L.mp4,3563,0,0,0,0,0,0,0
Cap_Phase1_60_L.mp4,3564,0,0,0,0,0,0,0
Cap_Phase1_60_L.mp4,3565,0,0,0,0,0,0,0
Cap_Phase1_60_L.mp4,3566,0,0,0,0,0,0,0
Cap_Phase1_60_L.mp4,3567,0,0,0,0,0,0,0
Cap_Phase1_60_L.mp4,3568,0,0,0,0,0,0,0
Cap_Phase1_60_L.mp4,3569,0,0,0,0,0,0,0
Cap_Phase1_60_L.mp4,3570,0,0,0,0,0,0,0
Cap_Phase1_60_L.mp4,3571,0,0,0,0,0,0,0
Cap_Phase1_60_L.mp4,3572,0,0,0,0,0,0,0
Cap_Phase1_60_L.mp4,3573,0,0,0,0,0,0,0
Cap_Phase1_60_L.mp4,3574,0,0,0,0,0,0,0
Cap_Phase1_60_L.mp4,3575,0,0,0,0,0,0,0
Cap_Phase1_60_L.mp4,3576,0,0,0,0,0,0,0
Cap_Phase1_60_L.mp4,3577,0,0,0,0,0,0,0
Cap_Phase1_60_L.mp4,3578,0,0,0,0,0,0,0
Cap_Phase1_60_L.mp4,3579,0,0,0,0,0,0,0
Cap_Phase1_60_L.mp4,3580,0,0,0,0,0,0,0
Cap_Phase1_60_L.mp4,3581,0,0,0,0,0,0,0
Cap_Phase1_60_L.mp4,3582,0,0,0,0,0,0,0
Cap_Phase1_60_L.mp4,3583,0,0,0,0,0,0,0
Cap_Phase1_60_L.mp4,3584,0,0,0,0,0,0,0
Cap_Phase1_60_L.mp4,3585,0,0,0,0,0,0,0
Cap_Phase1_60_L.mp4,3586,0,0,0,0,0,0,0
Cap_Phase1_60_L.mp4,3587,0,0,0,0,0,0,0
Cap_Phase1_60_L.mp4,3588,0,0,0,0,0,0,0
Cap_Phase1_60_L.mp4,3589,0,0,0,0,0,0,0
Cap_Phase1_60_L.mp4,3590,0,0,0,0,0,0,0
Cap_Phase1_60_L.mp4,3591,0,0,0,0,0,0,0
Cap_Phase1_60_L.mp4,3592,0,0,0,0,0,0,0
Cap_Phase1_60_L.mp4,3593,0,0,0,0,0,0,0
Cap_Phase1_60_L.mp4,3594,0,0,0,0,0,0,0
Cap_Phase1_60_L.mp4,3595,0,0,0,0,0,0,0
Cap_Phase1_60_L.mp4,3596,0,0,0,0,0,0,0
Cap_Phase1_60_L.mp4,3597,0,0,0,0,0,0,0
Cap_Phase1_60_L.mp4,3598,0,0,0,0,0,0,0
Cap_Phase1_60_L.mp4,3599,0,0,0,0,0,0,0
Cap_Phase1_60_L.mp4,3600,0,0,0,0,0,0,0
Cap_Phase1_60_L.mp4,3601,0,0,0,0,0,0,0
Cap_Phase1_60_L.mp4,3602,0,0,0,0,0,0,0
Cap_Phase1_60_L.mp4,3603,0,0,0,0,0,0,0
Cap_Phase1_60_L.mp4,3604,0,0,0,0,0,0,0
Cap_Phase1_60_L.mp4,3605,0,0,0,0,0,0,0
Cap_Phase1_60_L.mp4,3606,0,0,0,0,0,0,0
Cap_Phase1_60_L.mp4,3607,0,0,0,0,0,0,0
Cap_Phase1_60_L.mp4,3608,0,0,0,0,0,0,0
Cap_Phase1_60_L.mp4,3609,0,0,0,0,0,0,0
Cap_Phase1_60_L.mp4,3610,0,0,0,0,0,0,0
Cap_Phase1_60_L.mp4,3611,0,0,0,0,0,0,0
Cap_Phase1_60_L.mp4,3612,0,0,0,0,0,0,0
Cap_Phase1_60_L.mp4,3613,0,0,0,0,0,0,0
Cap_Phase1_60_L.mp4,3614,0,0,0,0,0,0,0
Cap_Phase1_60_L.mp4,3615,0,0,0,0,0,0,0
Cap_Phase1_60_L.mp4,3616,0,0,0,0,0,0,0
Cap_Phase1_60_L.mp4,3617,0,0,0,0,0,0,0
Cap_Phase1_60_L.mp4,3618,0,0,0,0,0,0,0
Cap_Phase1_60_L.mp4,3619,0,0,0,0,0,0,0
Cap_Phase1_60_L.mp4,3620,0,0,0,0,0,0,0
Cap_Phase1_60_L.mp4,3621,0,0,0,0,0,0,0
Cap_Phase1_60_L.mp4,3622,0,0,0,0,0,0,0
Cap_Phase1_60_L.mp4,3623,0,0,0,0,0,0,0
Cap_Phase1_60_L.mp4,3624,0,0,0,0,0,0,0
Cap_Phase1_60_L.mp4,3625,0,0,0,0,0,0,0
Cap_Phase1_60_L.mp4,3626,0,0,0,0,0,0,0
Cap_Phase1_60_L.mp4,3627,0,0,0,0,0,0,0
Cap_Phase1_60_L.mp4,3628,0,0,0,0,0,0,0
Cap_Phase1_60_L.mp4,3629,0,0,0,0,0,0,0
Cap_Phase1_60_L.mp4,3630,0,0,0,0,0,0,0
Cap_Phase1_60_L.mp4,3631,0,0,0,0,0,0,0
Cap_Phase1_60_L.mp4,3632,0,0,0,0,0,0,0
Cap_Phase1_60_L.mp4,3633,0,0,0,0,0,0,0
Cap_Phase1_60_L.mp4,3634,0,0,0,0,0,0,0
Cap_Phase1_60_L.mp4,3635,0,0,0,0,0,0,0
Cap_Phase1_60_L.mp4,3636,0,0,0,0,0,0,0
Cap_Phase1_60_L.mp4,3637,0,0,0,0,0,0,0
Cap_Phase1_60_L.mp4,3638,0,0,0,0,0,0,0
Cap_Phase1_60_L.mp4,3639,0,0,0,0,0,0,0
Cap_Phase1_60_L.mp4,3640,0,0,0,0,0,0,0
Cap_Phase1_60_L.mp4,3641,0,0,0,0,0,0,0
Cap_Phase1_60_L.mp4,3642,0,0,0,0,0,0,0
Cap_Phase1_60_L.mp4,3643,0,0,0,0,0,0,0
Cap_Phase1_60_L.mp4,3644,0,0,0,0,0,0,0
Cap_Phase1_60_L.mp4,3645,0,0,0,0,0,0,0
Cap_Phase1_60_L.mp4,3646,0,0,0,0,0,0,0
Cap_Phase1_60_L.mp4,3647,0,0,0,0,0,0,0
Cap_Phase1_60_L.mp4,3648,0,0,0,0,0,0,0
Cap_Phase1_60_L.mp4,3649,0,0,0,0,0,0,0
Cap_Phase1_60_L.mp4,3650,0,0,0,0,0,0,0
Cap_Phase1_60_L.mp4,3651,0,0,0,0,0,0,0
Cap_Phase1_60_L.mp4,3652,0,0,0,0,0,0,0
Cap_Phase1_60_L.mp4,3653,0,0,0,0,0,0,0
Cap_Phase1_60_L.mp4,3654,0,0,0,0,0,0,0
Cap_Phase1_60_L.mp4,3655,0,0,0,0,0,0,0
Cap_Phase1_60_L.mp4,3656,0,0,0,0,0,0,0
Cap_Phase1_60_L.mp4,3657,0,0,0,0,0,0,0
Cap_Phase1_60_L.mp4,3658,0,0,0,0,0,0,0
Cap_Phase1_60_L.mp4,3659,0,0,0,0,0,0,0
Cap_Phase1_60_L.mp4,3660,0,0,0,0,0,0,0
Cap_Phase1_60_L.mp4,3661,0,0,0,0,0,0,0
Cap_Phase1_60_L.mp4,3662,0,0,0,0,0,0,0
Cap_Phase1_60_L.mp4,3663,0,0,0,0,0,0,0
Cap_Phase1_60_L.mp4,3664,0,0,0,0,0,0,0
Cap_Phase1_60_L.mp4,3665,0,0,0,0,0,0,0
Cap_Phase1_60_L.mp4,3666,0,0,0,0,0,0,0
Cap_Phase1_60_L.mp4,3667,0,0,0,0,0,0,0
Cap_Phase1_60_L.mp4,3668,0,0,0,0,0,0,0
Cap_Phase1_60_L.mp4,3669,0,0,0,0,0,0,0
Cap_Phase1_60_L.mp4,3670,0,0,0,0,0,0,0
Cap_Phase1_60_L.mp4,3671,0,0,0,0,0,0,0
Cap_Phase1_60_L.mp4,3672,0,0,0,0,0,0,0
Cap_Phase1_60_L.mp4,3673,0,0,0,0,0,0,0
Cap_Phase1_60_L.mp4,3674,0,0,0,0,0,0,0
Cap_Phase1_60_L.mp4,3675,0,0,0,0,0,0,0
Cap_Phase1_60_L.mp4,3676,0,0,0,0,0,0,0
Cap_Phase1_60_L.mp4,3677,0,0,0,0,0,0,0
Cap_Phase1_60_L.mp4,3678,0,0,0,0,0,0,0
Cap_Phase1_60_L.mp4,3679,0,0,0,0,0,0,0
Cap_Phase1_60_L.mp4,3680,0,0,0,0,0,0,0
Cap_Phase1_60_L.mp4,3681,0,0,0,0,0,0,0
Cap_Phase1_60_L.mp4,3682,0,0,0,0,0,0,0
Cap_Phase1_60_L.mp4,3683,0,0,0,0,0,0,0
Cap_Phase1_60_L.mp4,3684,0,0,0,0,0,0,0
Cap_Phase1_60_L.mp4,3685,0,0,0,0,0,0,0
Cap_Phase1_60_L.mp4,3686,0,0,0,0,0,0,0
Cap_Phase1_60_L.mp4,3687,0,0,0,0,0,0,0
Cap_Phase1_60_L.mp4,3688,0,0,0,0,0,0,0
Cap_Phase1_60_L.mp4,3689,0,0,0,0,0,0,0
Cap_Phase1_60_L.mp4,3690,0,0,0,0,0,0,0
Cap_Phase1_60_L.mp4,3691,0,0,0,0,0,0,0
Cap_Phase1_60_L.mp4,3692,0,0,0,0,0,0,0
Cap_Phase1_60_L.mp4,3693,0,0,0,0,0,0,0
Cap_Phase1_60_L.mp4,3694,0,0,0,0,0,0,0
Cap_Phase1_60_L.mp4,3695,0,0,0,0,0,0,0
Cap_Phase1_60_L.mp4,3696,0,0,0,0,0,0,0
Cap_Phase1_60_L.mp4,3697,0,0,0,0,0,0,0
Cap_Phase1_60_L.mp4,3698,0,0,0,0,0,0,0
Cap_Phase1_60_L.mp4,3699,0,0,0,0,0,0,0
Cap_Phase1_60_L.mp4,3700,0,0,0,0,0,0,0
Cap_Phase1_60_L.mp4,3701,0,0,0,0,0,0,0
Cap_Phase1_60_L.mp4,3702,0,0,0,0,0,0,0
Cap_Phase1_60_L.mp4,3703,0,0,0,0,0,0,0
Cap_Phase1_60_L.mp4,3704,0,0,0,0,0,0,0
Cap_Phase1_60_L.mp4,3705,0,0,0,0,0,0,0
Cap_Phase1_60_L.mp4,3706,0,0,0,0,0,0,0
Cap_Phase1_60_L.mp4,3707,0,0,0,0,0,0,0
Cap_Phase1_60_L.mp4,3708,0,0,0,0,0,0,0
Cap_Phase1_60_L.mp4,3709,0,0,0,0,0,0,0
Cap_Phase1_60_L.mp4,3710,0,0,0,0,0,0,0
Cap_Phase1_60_L.mp4,3711,0,0,0,0,0,0,0
Cap_Phase1_60_L.mp4,3712,0,0,0,0,0,0,0
Cap_Phase1_60_L.mp4,3713,0,0,0,0,0,0,0
Cap_Phase1_60_L.mp4,3714,0,0,0,0,0,0,0
Cap_Phase1_60_L.mp4,3715,0,0,0,0,0,0,0
Cap_Phase1_60_L.mp4,3716,0,0,0,0,0,0,0
Cap_Phase1_60_L.mp4,3717,0,0,0,0,0,0,0
Cap_Phase1_60_L.mp4,3718,0,0,0,0,0,0,0
Cap_Phase1_60_L.mp4,3719,0,0,0,0,0,0,0
Cap_Phase1_60_L.mp4,3720,0,0,0,0,0,0,0
Cap_Phase1_60_L.mp4,3721,0,0,0,0,0,0,0
Cap_Phase1_60_L.mp4,3722,0,0,0,0,0,0,0
Cap_Phase1_60_L.mp4,3723,0,0,0,0,0,0,0
Cap_Phase1_60_L.mp4,3724,0,0,0,0,0,0,0
Cap_Phase1_60_L.mp4,3725,0,0,0,0,0,0,0
Cap_Phase1_60_L.mp4,3726,0,0,0,0,0,0,0
Cap_Phase1_60_R.mp4,183,0,0,0,0,0,0,0
Cap_Phase1_60_R.mp4,184,0,0,0,0,0,0,0
Cap_Phase1_60_R.mp4,185,0,0,0,0,0,0,0
Cap_Phase1_60_R.mp4,186,0,0,0,0,0,0,0
Cap_Phase1_60_R.mp4,187,0,0,0,0,0,0,0
Cap_Phase1_60_R.mp4,188,0,0,0,0,0,0,0
Cap_Phase1_60_R.mp4,189,0,0,0,0,0,0,0
Cap_Phase1_60_R.mp4,190,0,0,0,0,0,0,0
Cap_Phase1_60_R.mp4,191,0,0,0,0,0,0,0
Cap_Phase1_60_R.mp4,192,0,0,0,0,0,0,0
Cap_Phase1_60_R.mp4,193,0,0,0,0,0,0,0
Cap_Phase1_60_R.mp4,194,0,0,0,0,0,0,0
Cap_Phase1_60_R.mp4,195,0,0,0,0,0,0,0
Cap_Phase1_60_R.mp4,196,0,0,0,0,0,0,0
Cap_Phase1_60_R.mp4,197,0,0,0,0,0,0,0
Cap_Phase1_60_R.mp4,198,0,0,0,0,0,0,0
Cap_Phase1_60_R.mp4,199,0,0,0,0,0,0,0
Cap_Phase1_60_R.mp4,200,0,0,0,0,0,0,0
Cap_Phase1_60_R.mp4,201,0,0,0,0,0,0,0
Cap_Phase1_60_R.mp4,202,0,0,0,0,0,0,0
Cap_Phase1_60_R.mp4,203,0,0,0,0,0,0,0
Cap_Phase1_60_R.mp4,204,0,0,0,0,0,0,0
Cap_Phase1_60_R.mp4,205,0,0,0,0,0,0,0
Cap_Phase1_60_R.mp4,206,0,0,0,0,0,0,0
Cap_Phase1_60_R.mp4,207,0,0,0,0,0,0,0
Cap_Phase1_60_R.mp4,208,0,0,0,0,0,0,0
Cap_Phase1_60_R.mp4,209,0,0,0,0,0,0,0
Cap_Phase1_60_R.mp4,210,0,0,0,0,0,0,0
Cap_Phase1_60_R.mp4,211,0,0,0,0,0,0,0
Cap_Phase1_60_R.mp4,212,0,0,0,0,0,0,0
Cap_Phase1_60_R.mp4,213,0,0,0,0,0,0,0
Cap_Phase1_60_R.mp4,214,0,0,0,0,0,0,0
Cap_Phase1_60_R.mp4,215,0,0,0,0,0,0,0
Cap_Phase1_60_R.mp4,216,0,0,0,0,0,0,0
Cap_Phase1_60_R.mp4,217,0,0,0,0,0,0,0
Cap_Phase1_60_R.mp4,218,0,0,0,0,0,0,0
Cap_Phase1_60_R.mp4,219,0,0,0,0,0,0,0
Cap_Phase1_60_R.mp4,220,0,0,0,0,0,0,0
Cap_Phase1_60_R.mp4,221,0,0,0,0,0,0,0
Cap_Phase1_60_R.mp4,222,0,0,0,0,0,0,0
Cap_Phase1_60_R.mp4,223,0,0,0,0,0,0,0
Cap_Phase1_60_R.mp4,224,0,0,0,0,0,0,0
Cap_Phase1_60_R.mp4,225,0,0,0,0,0,0,0
Cap_Phase1_60_R.mp4,226,0,0,0,0,0,0,0
Cap_Phase1_60_R.mp4,227,0,0,0,0,0,0,0
Cap_Phase1_60_R.mp4,228,0,0,0,0,0,0,0
Cap_Phase1_60_R.mp4,229,0,0,0,0,0,0,0
Cap_Phase1_60_R.mp4,230,0,0,0,0,0,0,0
Cap_Phase1_60_R.mp4,231,0,0,0,0,0,0,0
Cap_Phase1_60_R.mp4,232,0,0,0,0,0,0,0
Cap_Phase1_60_R.mp4,233,0,0,0,0,0,0,0
Cap_Phase1_60_R.mp4,234,0,0,0,0,0,0,0
Cap_Phase1_60_R.mp4,235,0,0,0,0,0,0,0
Cap_Phase1_60_R.mp4,236,0,0,0,0,0,0,0
Cap_Phase1_60_R.mp4,237,0,0,0,0,0,0,0
Cap_Phase1_60_R.mp4,238,0,0,0,0,0,0,0
Cap_Phase1_60_R.mp4,239,0,0,0,0,0,0,0
Cap_Phase1_60_R.mp4,240,0,0,0,0,0,0,0
Cap_Phase1_60_R.mp4,241,0,0,0,0,0,0,0
Cap_Phase1_60_R.mp4,242,0,0,0,0,0,0,0
Cap_Phase1_60_R.mp4,243,0,0,0,0,0,0,0
Cap_Phase1_60_R.mp4,244,0,0,0,0,0,0,0
Cap_Phase1_60_R.mp4,245,0,0,0,0,0,0,0
Cap_Phase1_60_R.mp4,246,0,0,0,0,0,0,0
Cap_Phase1_60_R.mp4,247,0,0,0,0,0,0,0
Cap_Phase1_60_R.mp4,248,0,0,0,0,0,0,0
Cap_Phase1_60_R.mp4,249,0,0,0,0,0,0,0
Cap_Phase1_60_R.mp4,250,1,1,0,0,0,0,0
Cap_Phase1_60_R.mp4,251,1,1,0,0,0,0,0
Cap_Phase1_60_R.mp4,252,1,1,0,0,0,0,0
Cap_Phase1_60_R.mp4,253,1,1,0,0,0,0,0
Cap_Phase1_60_R.mp4,254,1,1,0,0,0,0,0
Cap_Phase1_60_R.mp4,255,1,1,0,0,0,0,0
Cap_Phase1_60_R.mp4,256,1,1,0,0,0,0,0
Cap_Phase1_60_R.mp4,257,1,1,0,0,0,0,0
Cap_Phase1_60_R.mp4,258,1,1,0,0,0,0,0
Cap_Phase1_60_R.mp4,259,1,1,0,0,0,0,0
Cap_Phase1_60_R.mp4,260,1,1,0,0,0,0,0
Cap_Phase1_60_R.mp4,261,1,1,0,0,0,0,0
Cap_Phase1_60_R.mp4,262,1,1,0,0,0,0,0
Cap_Phase1_60_R.mp4,263,1,1,0,0,0,0,0
Cap_Phase1_60_R.mp4,264,1,1,0,0,0,0,0
Cap_Phase1_60_R.mp4,265,1,1,0,0,0,0,0
Cap_Phase1_60_R.mp4,266,1,1,0,0,0,0,0
Cap_Phase1_60_R.mp4,267,0,0,0,0,0,0,0
Cap_Phase1_60_R.mp4,268,0,0,0,0,0,0,0
Cap_Phase1_60_R.mp4,269,0,0,0,0,0,0,0
Cap_Phase1_60_R.mp4,270,0,0,0,0,0,0,0
Cap_Phase1_60_R.mp4,271,0,0,0,0,0,0,0
Cap_Phase1_60_R.mp4,272,0,0,0,0,0,0,0
Cap_Phase1_60_R.mp4,273,0,0,0,0,0,0,0
Cap_Phase1_60_R.mp4,274,0,0,0,0,0,0,0
Cap_Phase1_60_R.mp4,275,0,0,0,0,0,0,0
Cap_Phase1_60_R.mp4,276,0,0,0,0,0,0,0
Cap_Phase1_60_R.mp4,277,0,0,0,0,0,0,0
Cap_Phase1_60_R.mp4,278,0,0,0,0,0,0,0
Cap_Phase1_60_R.mp4,279,0,0,0,0,0,0,0
Cap_Phase1_60_R.mp4,280,0,0,0,0,0,0,0
Cap_Phase1_60_R.mp4,281,0,0,0,0,0,0,0
Cap_Phase1_60_R.mp4,282,0,0,0,0,0,0,0
Cap_Phase1_60_R.mp4,283,0,0,0,0,0,0,0
Cap_Phase1_60_R.mp4,284,0,0,0,0,0,0,0
Cap_Phase1_60_R.mp4,285,0,0,0,0,0,0,0
Cap_Phase1_60_R.mp4,286,0,0,0,0,0,0,0
Cap_Phase1_60_R.mp4,287,0,0,0,0,0,0,0
Cap_Phase1_60_R.mp4,288,0,0,0,0,0,0,0
Cap_Phase1_60_R.mp4,289,0,0,0,0,0,0,0
Cap_Phase1_60_R.mp4,290,0,0,0,0,0,0,0
Cap_Phase1_60_R.mp4,291,0,0,0,0,0,0,0
Cap_Phase1_60_R.mp4,292,0,0,0,0,0,0,0
Cap_Phase1_60_R.mp4,293,0,0,0,0,0,0,0
Cap_Phase1_60_R.mp4,294,0,0,0,0,0,0,0
Cap_Phase1_60_R.mp4,295,0,0,0,0,0,0,0
Cap_Phase1_60_R.mp4,296,0,0,0,0,0,0,0
Cap_Phase1_60_R.mp4,297,0,0,0,0,0,0,0
Cap_Phase1_60_R.mp4,298,0,0,0,0,0,0,0
Cap_Phase1_60_R.mp4,299,0,0,0,0,0,0,0
Cap_Phase1_60_R.mp4,300,0,0,0,0,0,0,0
Cap_Phase1_60_R.mp4,301,0,0,0,0,0,0,0
Cap_Phase1_60_R.mp4,302,0,0,0,0,0,0,0
Cap_Phase1_60_R.mp4,303,0,0,0,0,0,0,0
Cap_Phase1_60_R.mp4,304,0,0,0,0,0,0,0
Cap_Phase1_60_R.mp4,305,0,0,0,0,0,0,0
Cap_Phase1_60_R.mp4,306,0,0,0,0,0,0,0
Cap_Phase1_60_R.mp4,307,0,0,0,0,0,0,0
Cap_Phase1_60_R.mp4,308,1,0,0,0,0,0,0
Cap_Phase1_60_R.mp4,309,1,0,0,0,0,0,0
Cap_Phase1_60_R.mp4,310,1,0,0,0,0,0,0
Cap_Phase1_60_R.mp4,311,1,0,0,0,0,0,0
Cap_Phase1_60_R.mp4,312,1,1,0,0,0,0,0
Cap_Phase1_60_R.mp4,313,1,1,0,0,0,0,0
Cap_Phase1_60_R.mp4,314,1,1,0,0,0,0,0
Cap_Phase1_60_R.mp4,315,1,1,0,0,0,0,0
Cap_Phase1_60_R.mp4,316,1,1,0,0,0,0,0
Cap_Phase1_60_R.mp4,317,1,1,0,0,0,0,0
Cap_Phase1_60_R.mp4,318,1,1,0,0,0,0,0
Cap_Phase1_60_R.mp4,319,1,0,0,0,0,0,0
Cap_Phase1_60_R.mp4,320,1,0,0,0,0,0,0
Cap_Phase1_60_R.mp4,321,1,0,0,0,0,0,0
Cap_Phase1_60_R.mp4,322,1,0,0,0,0,0,0
Cap_Phase1_60_R.mp4,323,1,0,0,0,0,0,0
Cap_Phase1_60_R.mp4,324,1,1,0,0,0,0,0
Cap_Phase1_60_R.mp4,325,1,1,0,0,0,0,0
Cap_Phase1_60_R.mp4,326,1,1,0,0,0,0,0
Cap_Phase1_60_R.mp4,327,0,0,0,0,0,0,0
Cap_Phase1_60_R.mp4,328,0,0,0,0,0,0,0
Cap_Phase1_60_R.mp4,329,0,0,0,0,0,0,0
Cap_Phase1_60_R.mp4,330,0,0,0,0,0,0,0
Cap_Phase1_60_R.mp4,331,0,0,0,0,0,0,0
Cap_Phase1_60_R.mp4,332,0,0,0,0,0,0,0
Cap_Phase1_60_R.mp4,333,0,0,0,0,0,0,0
Cap_Phase1_60_R.mp4,334,0,0,0,0,0,0,0
Cap_Phase1_60_R.mp4,335,0,0,0,0,0,0,0
Cap_Phase1_60_R.mp4,336,0,0,0,0,0,0,0
Cap_Phase1_60_R.mp4,337,0,0,0,0,0,0,0
Cap_Phase1_60_R.mp4,338,0,0,0,0,0,0,0
Cap_Phase1_60_R.mp4,339,0,0,0,0,0,0,0
Cap_Phase1_60_R.mp4,340,0,0,0,0,0,0,0
Cap_Phase1_60_R.mp4,341,0,0,0,0,0,0,0
Cap_Phase1_60_R.mp4,342,0,0,0,0,0,0,0
Cap_Phase1_60_R.mp4,343,0,0,0,0,0,0,0
Cap_Phase1_60_R.mp4,344,0,0,0,0,0,0,0
Cap_Phase1_60_R.mp4,345,0,0,0,0,0,0,0
Cap_Phase1_60_R.mp4,346,0,0,0,0,0,0,0
Cap_Phase1_60_R.mp4,347,0,0,0,0,0,0,0
Cap_Phase1_60_R.mp4,348,0,0,0,0,0,0,0
Cap_Phase1_60_R.mp4,349,0,0,0,0,0,0,0
Cap_Phase1_60_R.mp4,350,0,0,0,0,0,0,0
Cap_Phase1_60_R.mp4,351,0,0,0,0,0,0,0
Cap_Phase1_60_R.mp4,352,0,0,0,0,0,0,0
Cap_Phase1_60_R.mp4,353,0,0,0,0,0,0,0
Cap_Phase1_60_R.mp4,354,0,0,0,0,0,0,0
Cap_Phase1_60_R.mp4,355,0,0,0,0,0,0,0
Cap_Phase1_60_R.mp4,356,0,0,0,0,0,0,0
Cap_Phase1_60_R.mp4,357,0,0,0,0,0,0,0
Cap_Phase1_60_R.mp4,358,0,0,0,0,0,0,0
Cap_Phase1_60_R.mp4,359,0,0,0,0,0,0,0
Cap_Phase1_60_R.mp4,360,0,0,0,0,0,0,0
Cap_Phase1_60_R.mp4,361,0,0,0,0,0,0,0
Cap_Phase1_60_R.mp4,362,0,0,0,0,0,0,0
Cap_Phase1_60_R.mp4,363,0,0,0,0,0,0,0
Cap_Phase1_60_R.mp4,364,0,0,0,0,0,0,0
Cap_Phase1_60_R.mp4,365,0,0,0,0,0,0,0
Cap_Phase1_60_R.mp4,366,0,0,0,0,0,0,0
Cap_Phase1_60_R.mp4,367,0,1,0,0,0,0,0
Cap_Phase1_60_R.mp4,368,0,1,0,0,0,0,0
Cap_Phase1_60_R.mp4,369,0,1,0,0,0,0,0
Cap_Phase1_60_R.mp4,370,0,1,0,0,0,0,0
Cap_Phase1_60_R.mp4,371,0,1,0,0,0,0,0
Cap_Phase1_60_R.mp4,372,0,1,0,0,0,0,0
Cap_Phase1_60_R.mp4,373,0,1,0,0,0,0,0
Cap_Phase1_60_R.mp4,374,0,1,0,0,0,0,0
Cap_Phase1_60_R.mp4,375,0,1,0,0,0,0,0
Cap_Phase1_60_R.mp4,376,0,1,0,0,0,0,0
Cap_Phase1_60_R.mp4,377,0,1,0,0,0,0,0
Cap_Phase1_60_R.mp4,378,0,1,0,0,0,0,0
Cap_Phase1_60_R.mp4,379,0,1,0,0,0,0,0
Cap_Phase1_60_R.mp4,380,0,1,0,0,0,0,0
Cap_Phase1_60_R.mp4,381,0,1,0,0,0,0,0
Cap_Phase1_60_R.mp4,382,0,1,0,0,0,0,0
Cap_Phase1_60_R.mp4,383,0,1,0,0,0,0,0
Cap_Phase1_60_R.mp4,384,0,1,0,0,0,0,0
Cap_Phase1_60_R.mp4,385,0,1,0,0,0,0,0
Cap_Phase1_60_R.mp4,386,0,1,0,0,0,0,0
Cap_Phase1_60_R.mp4,387,0,1,0,0,0,0,0
Cap_Phase1_60_R.mp4,388,0,0,0,0,0,0,0
Cap_Phase1_60_R.mp4,389,0,0,0,0,0,0,0
Cap_Phase1_60_R.mp4,390,0,0,0,0,0,0,0
Cap_Phase1_60_R.mp4,391,0,0,0,0,0,0,0
Cap_Phase1_60_R.mp4,392,0,0,0,0,0,0,0
Cap_Phase1_60_R.mp4,393,0,0,0,0,0,0,0
Cap_Phase1_60_R.mp4,394,0,0,0,0,0,0,0
Cap_Phase1_60_R.mp4,395,0,0,0,0,0,0,0
Cap_Phase1_60_R.mp4,396,0,0,0,0,0,0,0
Cap_Phase1_60_R.mp4,397,0,0,0,0,0,0,0
Cap_Phase1_60_R.mp4,398,0,0,0,0,0,0,0
Cap_Phase1_60_R.mp4,399,0,0,0,0,0,0,0
Cap_Phase1_60_R.mp4,400,0,0,0,0,0,0,0
Cap_Phase1_60_R.mp4,401,0,0,0,0,0,0,0
Cap_Phase1_60_R.mp4,402,0,0,0,0,0,0,0
Cap_Phase1_60_R.mp4,403,0,0,0,0,0,0,0
Cap_Phase1_60_R.mp4,404,0,0,0,0,0,0,0
Cap_Phase1_60_R.mp4,405,0,0,0,0,0,0,0
Cap_Phase1_60_R.mp4,406,0,0,0,0,0,0,0
Cap_Phase1_60_R.mp4,407,0,0,0,0,0,0,0
Cap_Phase1_60_R.mp4,408,0,0,0,0,0,0,0
Cap_Phase1_60_R.mp4,409,0,0,0,0,0,0,0
Cap_Phase1_60_R.mp4,410,0,0,0,0,0,0,0
Cap_Phase1_60_R.mp4,411,0,0,0,0,0,0,0
Cap_Phase1_60_R.mp4,412,0,0,0,0,0,0,0
Cap_Phase1_60_R.mp4,413,0,0,0,0,0,0,0
Cap_Phase1_60_R.mp4,414,0,0,0,0,0,0,0
Cap_Phase1_60_R.mp4,415,0,0,0,0,0,0,0
Cap_Phase1_60_R.mp4,416,0,0,0,0,0,0,0
Cap_Phase1_60_R.mp4,417,0,0,0,0,0,0,0
Cap_Phase1_60_R.mp4,418,0,0,0,0,0,0,0
Cap_Phase1_60_R.mp4,419,0,0,0,0,0,0,0
Cap_Phase1_60_R.mp4,420,0,0,0,0,0,0,0
Cap_Phase1_60_R.mp4,421,0,0,0,0,0,0,0
Cap_Phase1_60_R.mp4,422,0,0,0,0,0,0,0
Cap_Phase1_60_R.mp4,423,0,0,0,0,0,0,0
Cap_Phase1_60_R.mp4,424,0,0,0,0,0,0,0
Cap_Phase1_60_R.mp4,425,0,0,0,0,0,0,0
Cap_Phase1_60_R.mp4,426,0,0,0,0,0,0,0
Cap_Phase1_60_R.mp4,427,0,0,0,0,0,0,0
Cap_Phase1_60_R.mp4,428,0,1,0,0,0,0,0
Cap_Phase1_60_R.mp4,429,0,1,0,0,0,0,0
Cap_Phase1_60_R.mp4,430,0,1,0,0,0,0,0
Cap_Phase1_60_R.mp4,431,0,1,0,0,0,0,0
Cap_Phase1_60_R.mp4,432,0,1,0,0,0,0,0
Cap_Phase1_60_R.mp4,433,0,1,0,0,0,0,0
Cap_Phase1_60_R.mp4,434,0,1,0,0,0,0,0
Cap_Phase1_60_R.mp4,435,0,1,0,0,0,0,0
Cap_Phase1_60_R.mp4,436,0,1,0,0,0,0,0
Cap_Phase1_60_R.mp4,437,0,1,0,0,0,0,0
Cap_Phase1_60_R.mp4,438,0,1,0,0,0,0,0
Cap_Phase1_60_R.mp4,439,0,1,0,0,0,0,0
Cap_Phase1_60_R.mp4,440,0,1,0,0,0,0,0
Cap_Phase1_60_R.mp4,441,0,1,0,0,0,0,0
Cap_Phase1_60_R.mp4,442,0,1,0,0,0,0,0
Cap_Phase1_60_R.mp4,443,0,1,0,0,0,0,0
Cap_Phase1_60_R.mp4,444,0,1,0,0,0,0,0
Cap_Phase1_60_R.mp4,445,0,1,0,0,0,0,0
Cap_Phase1_60_R.mp4,446,0,0,0,0,0,0,0
Cap_Phase1_60_R.mp4,447,0,0,0,0,0,0,0
Cap_Phase1_60_R.mp4,448,0,0,0,0,0,0,0
Cap_Phase1_60_R.mp4,449,0,0,0,0,0,0,0
Cap_Phase1_60_R.mp4,450,0,0,0,0,0,0,0
Cap_Phase1_60_R.mp4,451,0,0,0,0,0,0,0
Cap_Phase1_60_R.mp4,452,0,0,0,0,0,0,0
Cap_Phase1_60_R.mp4,453,0,0,0,0,0,0,0
Cap_Phase1_60_R.mp4,454,0,0,0,0,0,0,0
Cap_Phase1_60_R.mp4,455,0,0,0,0,0,0,0
Cap_Phase1_60_R.mp4,456,0,0,0,0,0,0,0
Cap_Phase1_60_R.mp4,457,0,0,0,0,0,0,0
Cap_Phase1_60_R.mp4,458,0,0,0,0,0,0,0
Cap_Phase1_60_R.mp4,459,0,0,0,0,0,0,0
Cap_Phase1_60_R.mp4,460,0,0,0,0,0,0,0
Cap_Phase1_60_R.mp4,461,0,0,0,0,0,0,0
Cap_Phase1_60_R.mp4,462,0,0,0,0,0,0,0
Cap_Phase1_60_R.mp4,463,0,0,0,0,0,0,0
Cap_Phase1_60_R.mp4,464,0,0,0,0,0,0,0
Cap_Phase1_60_R.mp4,465,0,0,0,0,0,0,0
Cap_Phase1_60_R.mp4,466,0,0,0,0,0,0,0
Cap_Phase1_60_R.mp4,467,0,0,0,0,0,0,0
Cap_Phase1_60_R.mp4,468,0,0,0,0,0,0,0
Cap_Phase1_60_R.mp4,469,0,0,0,0,0,0,0
Cap_Phase1_60_R.mp4,470,0,0,0,0,0,0,0
Cap_Phase1_60_R.mp4,471,0,0,0,0,0,0,0
Cap_Phase1_60_R.mp4,472,0,0,0,0,0,0,0
Cap_Phase1_60_R.mp4,473,0,0,0,0,0,0,0
Cap_Phase1_60_R.mp4,474,0,0,0,0,0,0,0
Cap_Phase1_60_R.mp4,475,0,0,0,0,0,0,0
Cap_Phase1_60_R.mp4,476,0,0,0,0,0,0,0
Cap_Phase1_60_R.mp4,477,0,0,0,0,0,0,0
Cap_Phase1_60_R.mp4,478,0,0,0,0,0,0,0
Cap_Phase1_60_R.mp4,479,0,0,0,0,0,0,0
Cap_Phase1_60_R.mp4,480,0,0,0,0,0,0,0
Cap_Phase1_60_R.mp4,481,0,0,0,0,0,0,0
Cap_Phase1_60_R.mp4,482,0,0,0,0,0,0,0
Cap_Phase1_60_R.mp4,483,0,0,0,0,0,0,0
Cap_Phase1_60_R.mp4,484,0,0,0,0,0,0,0
Cap_Phase1_60_R.mp4,485,0,0,0,0,0,0,0
Cap_Phase1_60_R.mp4,486,0,0,0,0,0,0,0
Cap_Phase1_60_R.mp4,487,0,0,0,0,0,0,0
Cap_Phase1_60_R.mp4,488,0,0,0,0,0,0,0
Cap_Phase1_60_R.mp4,489,0,0,1,0,0,0,0
Cap_Phase1_60_R.mp4,490,0,1,1,0,0,0,0
Cap_Phase1_60_R.mp4,491,0,1,1,0,0,0,0
Cap_Phase1_60_R.mp4,492,0,1,1,0,0,0,0
Cap_Phase1_60_R.mp4,493,0,1,1,0,0,0,0
Cap_Phase1_60_R.mp4,494,0,1,1,0,0,0,0
Cap_Phase1_60_R.mp4,495,0,1,1,0,0,0,0
Cap_Phase1_60_R.mp4,496,0,1,1,0,0,0,0
Cap_Phase1_60_R.mp4,497,0,1,1,0,0,0,0
Cap_Phase1_60_R.mp4,498,0,1,1,0,0,0,0
Cap_Phase1_60_R.mp4,499,0,0,1,0,0,0,0
Cap_Phase1_60_R.mp4,500,0,0,1,0,0,0,0
Cap_Phase1_60_R.mp4,501,0,0,1,0,0,0,0
Cap_Phase1_60_R.mp4,502,0,0,1,0,0,0,0
Cap_Phase1_60_R.mp4,503,0,0,1,0,0,0,0
Cap_Phase1_60_R.mp4,504,0,1,1,0,0,0,0
Cap_Phase1_60_R.mp4,505,0,1,1,0,0,0,0
Cap_Phase1_60_R.mp4,506,0,1,1,0,0,0,0
Cap_Phase1_60_R.mp4,507,0,1,1,0,0,0,0
Cap_Phase1_60_R.mp4,508,0,0,0,0,0,0,0
Cap_Phase1_60_R.mp4,509,0,0,0,0,0,0,0
Cap_Phase1_60_R.mp4,510,0,0,0,0,0,0,0
Cap_Phase1_60_R.mp4,511,0,0,0,0,0,0,0
Cap_Phase1_60_R.mp4,512,0,0,0,0,0,0,0
Cap_Phase1_60_R.mp4,513,0,0,0,0,0,0,0
Cap_Phase1_60_R.mp4,514,0,0,0,0,0,0,0
Cap_Phase1_60_R.mp4,515,0,0,0,0,0,0,0
Cap_Phase1_60_R.mp4,516,0,0,0,0,0,0,0
Cap_Phase1_60_R.mp4,517,0,0,0,0,0,0,0
Cap_Phase1_60_R.mp4,518,0,0,0,0,0,0,0
Cap_Phase1_60_R.mp4,519,0,0,0,0,0,0,0
Cap_Phase1_60_R.mp4,520,0,0,0,0,0,0,0
Cap_Phase1_60_R.mp4,521,0,0,0,0,0,0,0
Cap_Phase1_60_R.mp4,522,0,0,0,0,0,0,0
Cap_Phase1_60_R.mp4,523,0,0,0,0,0,0,0
Cap_Phase1_60_R.mp4,524,0,0,0,0,0,0,0
Cap_Phase1_60_R.mp4,525,0,0,0,0,0,0,0
Cap_Phase1_60_R.mp4,526,0,0,0,0,0,0,0
Cap_Phase1_60_R.mp4,527,0,0,0,0,0,0,0
Cap_Phase1_60_R.mp4,528,0,0,0,0,0,0,0
Cap_Phase1_60_R.mp4,529,0,0,0,0,0,0,0
Cap_Phase1_60_R.mp4,530,0,0,0,0,0,0,0
Cap_Phase1_60_R.mp4,531,0,0,0,0,0,0,0
Cap_Phase1_60_R.mp4,532,0,0,0,0,0,0,0
Cap_Phase1_60_R.mp4,533,0,0,0,0,0,0,0
Cap_Phase1_60_R.mp4,534,0,0,0,0,0,0,0
Cap_Phase1_60_R.mp4,535,0,0,0,0,0,0,0
Cap_Phase1_60_R.mp4,536,0,0,0,0,0,0,0
Cap_Phase1_60_R.mp4,537,0,0,0,0,0,0,0
Cap_Phase1_60_R.mp4,538,0,0,0,0,0,0,0
Cap_Phase1_60_R.mp4,539,0,0,0,0,0,0,0
Cap_Phase1_60_R.mp4,540,0,0,0,0,0,0,0
Cap_Phase1_60_R.mp4,541,0,0,0,0,0,0,0
Cap_Phase1_60_R.mp4,542,0,0,0,0,0,0,0
Cap_Phase1_60_R.mp4,543,0,0,0,0,0,0,0
Cap_Phase1_60_R.mp4,544,0,0,0,0,0,0,0
Cap_Phase1_60_R.mp4,545,0,0,0,0,0,0,0
Cap_Phase1_60_R.mp4,546,0,1,1,0,0,0,0
Cap_Phase1_60_R.mp4,547,0,1,1,0,0,0,0
Cap_Phase1_60_R.mp4,548,0,1,1,0,0,0,0
Cap_Phase1_60_R.mp4,549,0,1,1,0,0,0,0
Cap_Phase1_60_R.mp4,550,0,1,1,0,0,0,0
Cap_Phase1_60_R.mp4,551,0,0,1,0,0,0,0
Cap_Phase1_60_R.mp4,552,0,0,1,0,0,0,0
Cap_Phase1_60_R.mp4,553,0,0,1,0,0,0,0
Cap_Phase1_60_R.mp4,554,0,0,1,0,0,0,0
Cap_Phase1_60_R.mp4,555,0,1,1,0,0,0,0
Cap_Phase1_60_R.mp4,556,0,1,1,0,0,0,0
Cap_Phase1_60_R.mp4,557,0,1,1,0,0,0,0
Cap_Phase1_60_R.mp4,558,0,1,1,0,0,0,0
Cap_Phase1_60_R.mp4,559,0,1,1,0,0,0,0
Cap_Phase1_60_R.mp4,560,0,1,1,0,0,0,0
Cap_Phase1_60_R.mp4,561,0,1,1,0,0,0,0
Cap_Phase1_60_R.mp4,562,0,1,1,0,0,0,0
Cap_Phase1_60_R.mp4,563,0,0,1,0,0,0,0
Cap_Phase1_60_R.mp4,564,0,0,1,0,0,0,0
Cap_Phase1_60_R.mp4,565,0,0,1,0,0,0,0
Cap_Phase1_60_R.mp4,566,0,1,1,0,0,0,0
Cap_Phase1_60_R.mp4,567,0,1,1,0,0,0,0
Cap_Phase1_60_R.mp4,568,0,1,1,0,0,0,0
Cap_Phase1_60_R.mp4,569,0,1,1,0,0,0,0
Cap_Phase1_60_R.mp4,570,0,0,0,0,0,0,0
Cap_Phase1_60_R.mp4,571,0,0,0,0,0,0,0
Cap_Phase1_60_R.mp4,572,0,0,0,0,0,0,0
Cap_Phase1_60_R.mp4,573,0,0,0,0,0,0,0
Cap_Phase1_60_R.mp4,574,0,0,0,0,0,0,0
Cap_Phase1_60_R.mp4,575,0,0,0,0,0,0,0
Cap_Phase1_60_R.mp4,576,0,0,0,0,0,0,0
Cap_Phase1_60_R.mp4,577,0,0,0,0,0,0,0
Cap_Phase1_60_R.mp4,578,0,0,0,0,0,0,0
Cap_Phase1_60_R.mp4,579,0,0,0,0,0,0,0
Cap_Phase1_60_R.mp4,580,0,0,0,0,0,0,0
Cap_Phase1_60_R.mp4,581,0,0,0,0,0,0,0
Cap_Phase1_60_R.mp4,582,0,0,0,0,0,0,0
Cap_Phase1_60_R.mp4,583,0,0,0,0,0,0,0
Cap_Phase1_60_R.mp4,584,0,0,0,0,0,0,0
Cap_Phase1_60_R.mp4,585,0,0,0,0,0,0,0
Cap_Phase1_60_R.mp4,586,0,0,0,0,0,0,0
Cap_Phase1_60_R.mp4,587,0,0,0,0,0,0,0
Cap_Phase1_60_R.mp4,588,0,0,0,0,0,0,0
Cap_Phase1_60_R.mp4,589,0,0,0,0,0,0,0
Cap_Phase1_60_R.mp4,590,0,0,0,0,0,0,0
Cap_Phase1_60_R.mp4,591,0,0,0,0,0,0,0
Cap_Phase1_60_R.mp4,592,0,0,0,0,0,0,0
Cap_Phase1_60_R.mp4,593,0,0,0,0,0,0,0
Cap_Phase1_60_R.mp4,594,0,0,0,0,0,0,0
Cap_Phase1_60_R.mp4,595,0,0,0,0,0,0,0
Cap_Phase1_60_R.mp4,596,0,0,0,0,0,0,0
Cap_Phase1_60_R.mp4,597,0,0,0,0,0,0,0
Cap_Phase1_60_R.mp4,598,0,0,0,0,0,0,0
Cap_Phase1_60_R.mp4,599,0,0,0,0,0,0,0
Cap_Phase1_60_R.mp4,600,0,0,0,0,0,0,0
Cap_Phase1_60_R.mp4,601,0,0,0,0,0,0,0
Cap_Phase1_60_R.mp4,602,0,0,0,0,0,0,0
Cap_Phase1_60_R.mp4,603,0,0,0,0,0,0,0
Cap_Phase1_60_R.mp4,604,0,0,0,0,0,0,0
Cap_Phase1_60_R.mp4,605,0,0,0,0,0,0,0
Cap_Phase1_60_R.mp4,606,0,0,0,0,0,0,0
Cap_Phase1_60_R.mp4,607,0,0,0,0,0,0,0
Cap_Phase1_60_R.mp4,608,0,0,0,0,0,0,0
Cap_Phase1_60_R.mp4,609,0,1,1,0,0,1,0
Cap_Phase1_60_R.mp4,610,0,1,1,0,0,0,0
Cap_Phase1_60_R.mp4,611,0,1,1,0,0,0,0
Cap_Phase1_60_R.mp4,612,0,1,1,0,0,0,0
Cap_Phase1_60_R.mp4,613,0,1,1,0,0,0,0
Cap_Phase1_60_R.mp4,614,0,1,1,0,0,0,0
Cap_Phase1_60_R.mp4,615,0,1,1,0,0,0,0
Cap_Phase1_60_R.mp4,616,0,1,1,0,0,0,0
Cap_Phase1_60_R.mp4,617,0,1,1,0,0,0,0
Cap_Phase1_60_R.mp4,618,0,1,1,0,0,0,0
Cap_Phase1_60_R.mp4,619,0,1,1,0,0,0,0
Cap_Phase1_60_R.mp4,620,0,1,1,0,0,0,0
Cap_Phase1_60_R.mp4,621,0,1,1,0,0,0,0
Cap_Phase1_60_R.mp4,622,0,1,1,0,0,0,0
Cap_Phase1_60_R.mp4,623,0,1,1,0,0,0,0
Cap_Phase1_60_R.mp4,624,0,0,0,0,0,0,0
Cap_Phase1_60_R.mp4,625,0,0,0,0,0,0,0
Cap_Phase1_60_R.mp4,626,0,0,0,0,0,0,0
Cap_Phase1_60_R.mp4,627,0,0,0,0,0,0,0
Cap_Phase1_60_R.mp4,628,0,0,0,0,0,0,0
Cap_Phase1_60_R.mp4,629,0,0,0,0,0,0,0
Cap_Phase1_60_R.mp4,630,0,0,0,0,0,0,0
Cap_Phase1_60_R.mp4,631,0,0,0,0,0,0,0
Cap_Phase1_60_R.mp4,632,0,0,0,0,0,0,0
Cap_Phase1_60_R.mp4,633,0,0,0,0,0,0,0
Cap_Phase1_60_R.mp4,634,0,0,0,0,0,0,0
Cap_Phase1_60_R.mp4,635,0,0,0,0,0,0,0
Cap_Phase1_60_R.mp4,636,0,0,0,0,0,0,0
Cap_Phase1_60_R.mp4,637,0,0,0,0,0,0,0
Cap_Phase1_60_R.mp4,638,0,0,0,0,0,0,0
Cap_Phase1_60_R.mp4,639,0,0,0,0,0,0,0
Cap_Phase1_60_R.mp4,640,0,0,0,0,0,0,0
Cap_Phase1_60_R.mp4,641,0,0,0,0,0,0,0
Cap_Phase1_60_R.mp4,642,0,0,0,0,0,0,0
Cap_Phase1_60_R.mp4,643,0,0,0,0,0,0,0
Cap_Phase1_60_R.mp4,644,0,0,0,0,0,0,0
Cap_Phase1_60_R.mp4,645,0,0,0,0,0,0,0
Cap_Phase1_60_R.mp4,646,0,0,0,0,0,0,0
Cap_Phase1_60_R.mp4,647,0,0,0,0,0,0,0
Cap_Phase1_60_R.mp4,648,0,0,0,0,0,0,0
Cap_Phase1_60_R.mp4,649,0,0,0,0,0,0,0
Cap_Phase1_60_R.mp4,650,0,0,0,0,0,0,0
Cap_Phase1_60_R.mp4,651,0,0,0,0,0,0,0
Cap_Phase1_60_R.mp4,652,0,0,0,0,0,0,0
Cap_Phase1_60_R.mp4,653,0,0,0,0,0,0,0
Cap_Phase1_60_R.mp4,654,0,0,0,0,0,0,0
Cap_Phase1_60_R.mp4,655,0,0,0,0,0,0,0
Cap_Phase1_60_R.mp4,656,0,0,0,0,0,0,0
Cap_Phase1_60_R.mp4,657,0,0,0,0,0,0,0
Cap_Phase1_60_R.mp4,658,0,0,0,0,0,0,0
Cap_Phase1_60_R.mp4,659,0,0,0,0,0,0,0
Cap_Phase1_60_R.mp4,660,0,0,0,0,0,0,0
Cap_Phase1_60_R.mp4,661,0,0,0,0,0,0,0
Cap_Phase1_60_R.mp4,662,0,0,0,0,0,0,0
Cap_Phase1_60_R.mp4,663,0,0,0,0,0,0,0
Cap_Phase1_60_R.mp4,664,0,0,0,0,0,0,0
Cap_Phase1_60_R.mp4,665,0,0,0,0,0,0,0
Cap_Phase1_60_R.mp4,666,0,0,0,0,0,0,0
Cap_Phase1_60_R.mp4,667,0,0,0,0,0,0,0
Cap_Phase1_60_R.mp4,668,0,0,0,0,0,0,0
Cap_Phase1_60_R.mp4,669,0,0,0,1,0,0,0
Cap_Phase1_60_R.mp4,670,0,0,0,1,0,0,0
Cap_Phase1_60_R.mp4,671,0,0,0,1,0,0,0
Cap_Phase1_60_R.mp4,672,0,0,0,1,0,0,0
Cap_Phase1_60_R.mp4,673,0,1,0,1,0,0,0
Cap_Phase1_60_R.mp4,674,0,1,0,1,0,0,0
Cap_Phase1_60_R.mp4,675,0,0,0,1,0,0,0
Cap_Phase1_60_R.mp4,676,0,0,0,1,0,0,0
Cap_Phase1_60_R.mp4,677,0,0,0,1,0,0,0
Cap_Phase1_60_R.mp4,678,0,0,0,1,0,0,0
Cap_Phase1_60_R.mp4,679,0,0,0,1,0,0,0
Cap_Phase1_60_R.mp4,680,0,0,0,1,0,0,0
Cap_Phase1_60_R.mp4,681,0,0,0,1,0,0,0
Cap_Phase1_60_R.mp4,682,0,0,0,1,0,0,0
Cap_Phase1_60_R.mp4,683,0,0,0,1,0,0,0
Cap_Phase1_60_R.mp4,684,0,0,0,1,0,0,0
Cap_Phase1_60_R.mp4,685,0,0,0,1,0,0,0
Cap_Phase1_60_R.mp4,686,0,0,0,1,0,0,0
Cap_Phase1_60_R.mp4,687,0,0,0,0,0,0,0
Cap_Phase1_60_R.mp4,688,0,0,0,0,0,0,0
Cap_Phase1_60_R.mp4,689,0,0,0,0,0,0,0
Cap_Phase1_60_R.mp4,690,0,0,0,0,0,0,0
Cap_Phase1_60_R.mp4,691,0,0,0,0,0,0,0
Cap_Phase1_60_R.mp4,692,0,0,0,0,0,0,0
Cap_Phase1_60_R.mp4,693,0,0,0,0,0,0,0
Cap_Phase1_60_R.mp4,694,0,0,0,0,0,0,0
Cap_Phase1_60_R.mp4,695,0,0,0,0,0,0,0
Cap_Phase1_60_R.mp4,696,0,0,0,0,0,0,0
Cap_Phase1_60_R.mp4,697,0,0,0,0,0,0,0
Cap_Phase1_60_R.mp4,698,0,0,0,0,0,0,0
Cap_Phase1_60_R.mp4,699,0,0,0,0,0,0,0
Cap_Phase1_60_R.mp4,700,0,0,0,0,0,0,0
Cap_Phase1_60_R.mp4,701,0,0,0,0,0,0,0
Cap_Phase1_60_R.mp4,702,0,0,0,0,0,0,0
Cap_Phase1_60_R.mp4,703,0,0,0,0,0,0,0
Cap_Phase1_60_R.mp4,704,0,0,0,0,0,0,0
Cap_Phase1_60_R.mp4,705,0,0,0,0,0,0,0
Cap_Phase1_60_R.mp4,706,0,0,0,0,0,0,0
Cap_Phase1_60_R.mp4,707,0,0,0,0,0,0,0
Cap_Phase1_60_R.mp4,708,0,0,0,0,0,0,0
Cap_Phase1_60_R.mp4,709,0,0,0,0,0,0,0
Cap_Phase1_60_R.mp4,710,0,0,0,0,0,0,0
Cap_Phase1_60_R.mp4,711,0,0,0,0,0,0,0
Cap_Phase1_60_R.mp4,712,0,0,0,0,0,0,0
Cap_Phase1_60_R.mp4,713,0,0,0,0,0,0,0
Cap_Phase1_60_R.mp4,714,0,0,0,0,0,0,0
Cap_Phase1_60_R.mp4,715,0,0,0,0,0,0,0
Cap_Phase1_60_R.mp4,716,0,0,0,0,0,0,0
Cap_Phase1_60_R.mp4,717,0,0,0,0,0,0,0
Cap_Phase1_60_R.mp4,718,0,0,0,0,0,0,0
Cap_Phase1_60_R.mp4,719,0,0,0,0,0,0,0
Cap_Phase1_60_R.mp4,720,0,0,0,0,0,0,0
Cap_Phase1_60_R.mp4,721,0,0,0,0,0,0,0
Cap_Phase1_60_R.mp4,722,0,0,0,0,0,0,0
Cap_Phase1_60_R.mp4,723,0,0,0,0,0,0,0
Cap_Phase1_60_R.mp4,724,0,0,0,0,0,0,0
Cap_Phase1_60_R.mp4,725,0,0,0,0,0,0,0
Cap_Phase1_60_R.mp4,726,0,0,0,0,0,0,0
Cap_Phase1_60_R.mp4,727,0,0,0,0,0,0,0
Cap_Phase1_60_R.mp4,728,0,0,0,0,0,0,0
Cap_Phase1_60_R.mp4,729,0,0,0,0,0,0,0
Cap_Phase1_60_R.mp4,730,0,0,0,0,0,0,0
Cap_Phase1_60_R.mp4,731,1,0,0,0,0,0,0
Cap_Phase1_60_R.mp4,732,1,0,0,0,0,0,0
Cap_Phase1_60_R.mp4,733,1,0,0,0,0,0,0
Cap_Phase1_60_R.mp4,734,1,1,0,0,0,0,0
Cap_Phase1_60_R.mp4,735,1,1,0,0,0,0,0
Cap_Phase1_60_R.mp4,736,1,1,0,0,0,0,0
Cap_Phase1_60_R.mp4,737,1,1,0,0,0,0,0
Cap_Phase1_60_R.mp4,738,1,1,0,0,0,0,0
Cap_Phase1_60_R.mp4,739,1,1,0,0,0,0,0
Cap_Phase1_60_R.mp4,740,1,1,0,0,0,0,0
Cap_Phase1_60_R.mp4,741,1,1,0,0,0,0,0
Cap_Phase1_60_R.mp4,742,1,1,0,0,0,0,0
Cap_Phase1_60_R.mp4,743,1,1,0,0,0,0,0
Cap_Phase1_60_R.mp4,744,1,1,0,0,0,0,0
Cap_Phase1_60_R.mp4,745,1,1,0,0,0,0,0
Cap_Phase1_60_R.mp4,746,1,1,0,0,0,0,0
Cap_Phase1_60_R.mp4,747,1,0,0,0,0,0,0
Cap_Phase1_60_R.mp4,748,1,0,0,0,0,0,0
Cap_Phase1_60_R.mp4,749,1,0,0,0,0,0,0
Cap_Phase1_60_R.mp4,750,0,0,0,0,0,0,0
Cap_Phase1_60_R.mp4,751,0,0,0,0,0,0,0
Cap_Phase1_60_R.mp4,752,0,0,0,0,0,0,0
Cap_Phase1_60_R.mp4,753,0,0,0,0,0,0,0
Cap_Phase1_60_R.mp4,754,0,0,0,0,0,0,0
Cap_Phase1_60_R.mp4,755,0,0,0,0,0,0,0
Cap_Phase1_60_R.mp4,756,0,0,0,0,0,0,0
Cap_Phase1_60_R.mp4,757,0,0,0,0,0,0,0
Cap_Phase1_60_R.mp4,758,0,0,0,0,0,0,0
Cap_Phase1_60_R.mp4,759,0,0,0,0,0,0,0
Cap_Phase1_60_R.mp4,760,0,0,0,0,0,0,0
Cap_Phase1_60_R.mp4,761,0,0,0,0,0,0,0
Cap_Phase1_60_R.mp4,762,0,0,0,0,0,0,0
Cap_Phase1_60_R.mp4,763,0,0,0,0,0,0,0
Cap_Phase1_60_R.mp4,764,0,0,0,0,0,0,0
Cap_Phase1_60_R.mp4,765,0,0,0,0,0,0,0
Cap_Phase1_60_R.mp4,766,0,0,0,0,0,0,0
Cap_Phase1_60_R.mp4,767,0,0,0,0,0,0,0
Cap_Phase1_60_R.mp4,768,0,0,0,0,0,0,0
Cap_Phase1_60_R.mp4,769,0,0,0,0,0,0,0
Cap_Phase1_60_R.mp4,770,0,0,0,0,0,0,0
Cap_Phase1_60_R.mp4,771,0,0,0,0,0,0,0
Cap_Phase1_60_R.mp4,772,0,0,0,0,0,0,0
Cap_Phase1_60_R.mp4,773,0,0,0,0,0,0,0
Cap_Phase1_60_R.mp4,774,0,0,0,0,0,0,0
Cap_Phase1_60_R.mp4,775,0,0,0,0,0,0,0
Cap_Phase1_60_R.mp4,776,0,0,0,0,0,0,0
Cap_Phase1_60_R.mp4,777,0,0,0,0,0,0,0
Cap_Phase1_60_R.mp4,778,0,0,0,0,0,0,0
Cap_Phase1_60_R.mp4,779,0,0,0,0,0,0,0
Cap_Phase1_60_R.mp4,780,0,0,0,0,0,0,0
Cap_Phase1_60_R.mp4,781,0,0,0,0,0,0,0
Cap_Phase1_60_R.mp4,782,0,0,0,0,0,0,0
Cap_Phase1_60_R.mp4,783,0,0,0,0,0,0,0
Cap_Phase1_60_R.mp4,784,0,0,0,0,0,0,0
Cap_Phase1_60_R.mp4,785,0,0,0,0,0,0,0
Cap_Phase1_60_R.mp4,786,0,0,0,0,0,0,0
Cap_Phase1_60_R.mp4,787,0,0,0,0,0,0,0
Cap_Phase1_60_R.mp4,788,0,0,0,0,0,0,0
Cap_Phase1_60_R.mp4,789,0,0,0,0,0,0,0
Cap_Phase1_60_R.mp4,790,0,0,0,0,0,0,0
Cap_Phase1_60_R.mp4,791,0,0,0,0,0,0,0
Cap_Phase1_60_R.mp4,792,0,0,0,0,0,0,0
Cap_Phase1_60_R.mp4,793,1,0,0,0,0,0,0
Cap_Phase1_60_R.mp4,794,1,1,0,0,0,0,0
Cap_Phase1_60_R.mp4,795,1,1,0,0,0,0,0
Cap_Phase1_60_R.mp4,796,1,1,0,0,0,0,0
Cap_Phase1_60_R.mp4,797,1,1,0,0,0,0,0
Cap_Phase1_60_R.mp4,798,1,1,0,0,0,0,0
Cap_Phase1_60_R.mp4,799,1,1,0,0,0,0,0
Cap_Phase1_60_R.mp4,800,1,1,0,0,0,0,0
Cap_Phase1_60_R.mp4,801,1,1,0,0,0,0,0
Cap_Phase1_60_R.mp4,802,1,1,0,0,0,0,0
Cap_Phase1_60_R.mp4,803,1,1,0,0,0,0,0
Cap_Phase1_60_R.mp4,804,1,1,0,0,0,0,0
Cap_Phase1_60_R.mp4,805,1,1,0,0,0,0,0
Cap_Phase1_60_R.mp4,806,1,1,0,0,0,0,0
Cap_Phase1_60_R.mp4,807,1,1,0,0,0,0,0
Cap_Phase1_60_R.mp4,808,1,1,0,0,0,0,0
Cap_Phase1_60_R.mp4,809,1,1,0,0,0,0,0
Cap_Phase1_60_R.mp4,810,1,0,0,0,0,0,0
Cap_Phase1_60_R.mp4,811,0,0,0,0,0,0,0
Cap_Phase1_60_R.mp4,812,0,0,0,0,0,0,0
Cap_Phase1_60_R.mp4,813,0,0,0,0,0,0,0
Cap_Phase1_60_R.mp4,814,0,0,0,0,0,0,0
Cap_Phase1_60_R.mp4,815,0,0,0,0,0,0,0
Cap_Phase1_60_R.mp4,816,0,0,0,0,0,0,0
Cap_Phase1_60_R.mp4,817,0,0,0,0,0,0,0
Cap_Phase1_60_R.mp4,818,0,0,0,0,0,0,0
Cap_Phase1_60_R.mp4,819,0,0,0,0,0,0,0
Cap_Phase1_60_R.mp4,820,0,0,0,0,0,0,0
Cap_Phase1_60_R.mp4,821,0,0,0,0,0,0,0
Cap_Phase1_60_R.mp4,822,0,0,0,0,0,0,0
Cap_Phase1_60_R.mp4,823,0,0,0,0,0,0,0
Cap_Phase1_60_R.mp4,824,0,0,0,0,0,0,0
Cap_Phase1_60_R.mp4,825,0,0,0,0,0,0,0
Cap_Phase1_60_R.mp4,826,0,0,0,0,0,0,0
Cap_Phase1_60_R.mp4,827,0,0,0,0,0,0,0
Cap_Phase1_60_R.mp4,828,0,0,0,0,0,0,0
Cap_Phase1_60_R.mp4,829,0,0,0,0,0,0,0
Cap_Phase1_60_R.mp4,830,0,0,0,0,0,0,0
Cap_Phase1_60_R.mp4,831,0,0,0,0,0,0,0
Cap_Phase1_60_R.mp4,832,0,0,0,0,0,0,0
Cap_Phase1_60_R.mp4,833,0,0,0,0,0,0,0
Cap_Phase1_60_R.mp4,834,0,0,0,0,0,0,0
Cap_Phase1_60_R.mp4,835,0,0,0,0,0,0,0
Cap_Phase1_60_R.mp4,836,0,0,0,0,0,0,0
Cap_Phase1_60_R.mp4,837,0,0,0,0,0,0,0
Cap_Phase1_60_R.mp4,838,0,0,0,0,0,0,0
Cap_Phase1_60_R.mp4,839,0,0,0,0,0,0,0
Cap_Phase1_60_R.mp4,840,0,0,0,0,0,0,0
Cap_Phase1_60_R.mp4,841,0,0,0,0,0,0,0
Cap_Phase1_60_R.mp4,842,0,0,0,0,0,0,0
Cap_Phase1_60_R.mp4,843,0,0,0,0,0,0,0
Cap_Phase1_60_R.mp4,844,0,0,0,0,0,0,0
Cap_Phase1_60_R.mp4,845,0,0,0,0,0,0,0
Cap_Phase1_60_R.mp4,846,0,0,0,0,0,0,0
Cap_Phase1_60_R.mp4,847,0,1,1,0,0,0,0
Cap_Phase1_60_R.mp4,848,0,1,1,0,0,0,0
Cap_Phase1_60_R.mp4,849,0,1,1,0,0,0,0
Cap_Phase1_60_R.mp4,850,0,1,1,0,0,0,0
Cap_Phase1_60_R.mp4,851,0,1,1,0,0,0,0
Cap_Phase1_60_R.mp4,852,0,1,1,0,0,0,0
Cap_Phase1_60_R.mp4,853,0,1,1,0,0,0,0
Cap_Phase1_60_R.mp4,854,0,1,1,0,0,0,0
Cap_Phase1_60_R.mp4,855,0,1,1,0,0,0,0
Cap_Phase1_60_R.mp4,856,0,1,1,0,0,0,0
Cap_Phase1_60_R.mp4,857,0,1,1,0,0,0,0
Cap_Phase1_60_R.mp4,858,0,1,1,0,0,0,0
Cap_Phase1_60_R.mp4,859,0,1,1,0,0,0,0
Cap_Phase1_60_R.mp4,860,0,1,1,0,0,0,0
Cap_Phase1_60_R.mp4,861,0,1,1,0,0,0,0
Cap_Phase1_60_R.mp4,862,0,1,1,0,0,0,0
Cap_Phase1_60_R.mp4,863,0,1,1,0,0,0,0
Cap_Phase1_60_R.mp4,864,0,1,1,0,0,0,0
Cap_Phase1_60_R.mp4,865,0,1,1,0,0,0,0
Cap_Phase1_60_R.mp4,866,0,1,1,0,0,0,0
Cap_Phase1_60_R.mp4,867,0,1,1,0,0,0,0
Cap_Phase1_60_R.mp4,868,0,1,1,0,0,0,0
Cap_Phase1_60_R.mp4,869,0,1,1,0,0,0,0
Cap_Phase1_60_R.mp4,870,0,1,1,0,0,0,0
Cap_Phase1_60_R.mp4,871,0,0,0,0,0,0,0
Cap_Phase1_60_R.mp4,872,0,0,0,0,0,0,0
Cap_Phase1_60_R.mp4,873,0,0,0,0,0,0,0
Cap_Phase1_60_R.mp4,874,0,0,0,0,0,0,0
Cap_Phase1_60_R.mp4,875,0,0,0,0,0,0,0
Cap_Phase1_60_R.mp4,876,0,0,0,0,0,0,0
Cap_Phase1_60_R.mp4,877,0,0,0,0,0,0,0
Cap_Phase1_60_R.mp4,878,0,0,0,0,0,0,0
Cap_Phase1_60_R.mp4,879,0,0,0,0,0,0,0
Cap_Phase1_60_R.mp4,880,0,0,0,0,0,0,0
Cap_Phase1_60_R.mp4,881,0,0,0,0,0,0,0
Cap_Phase1_60_R.mp4,882,0,0,0,0,0,0,0
Cap_Phase1_60_R.mp4,883,0,0,0,0,0,0,0
Cap_Phase1_60_R.mp4,884,0,0,0,0,0,0,0
Cap_Phase1_60_R.mp4,885,0,0,0,0,0,0,0
Cap_Phase1_60_R.mp4,886,0,0,0,0,0,0,0
Cap_Phase1_60_R.mp4,887,0,0,0,0,0,0,0
Cap_Phase1_60_R.mp4,888,0,0,0,0,0,0,0
Cap_Phase1_60_R.mp4,889,0,0,0,0,0,0,0
Cap_Phase1_60_R.mp4,890,0,0,0,0,0,0,0
Cap_Phase1_60_R.mp4,891,0,0,0,0,0,0,0
Cap_Phase1_60_R.mp4,892,0,0,0,0,0,0,0
Cap_Phase1_60_R.mp4,893,0,0,0,0,0,0,0
Cap_Phase1_60_R.mp4,894,0,0,0,0,0,0,0
Cap_Phase1_60_R.mp4,895,0,0,0,0,0,0,0
Cap_Phase1_60_R.mp4,896,0,0,0,0,0,0,0
Cap_Phase1_60_R.mp4,897,0,0,0,0,0,0,0
Cap_Phase1_60_R.mp4,898,0,0,0,0,0,0,0
Cap_Phase1_60_R.mp4,899,0,0,0,0,0,0,0
Cap_Phase1_60_R.mp4,900,0,0,0,0,0,0,0
Cap_Phase1_60_R.mp4,901,0,0,0,0,0,0,0
Cap_Phase1_60_R.mp4,902,0,0,0,0,0,0,0
Cap_Phase1_60_R.mp4,903,0,1,0,0,0,0,0
Cap_Phase1_60_R.mp4,904,0,1,0,0,0,0,0
Cap_Phase1_60_R.mp4,905,0,1,0,0,0,0,0
Cap_Phase1_60_R.mp4,906,0,1,0,0,0,0,0
Cap_Phase1_60_R.mp4,907,0,1,0,0,0,0,0
Cap_Phase1_60_R.mp4,908,0,1,0,0,0,0,0
Cap_Phase1_60_R.mp4,909,0,1,0,0,0,0,0
Cap_Phase1_60_R.mp4,910,0,1,0,0,0,0,0
Cap_Phase1_60_R.mp4,911,0,1,0,0,0,0,0
Cap_Phase1_60_R.mp4,912,0,1,0,0,0,0,0
Cap_Phase1_60_R.mp4,913,0,1,0,0,0,0,0
Cap_Phase1_60_R.mp4,914,0,1,0,0,0,0,0
Cap_Phase1_60_R.mp4,915,0,1,0,0,0,0,0
Cap_Phase1_60_R.mp4,916,0,1,0,0,0,0,0
Cap_Phase1_60_R.mp4,917,0,1,0,0,0,0,0
Cap_Phase1_60_R.mp4,918,0,1,0,0,0,0,0
Cap_Phase1_60_R.mp4,919,0,1,0,0,0,0,0
Cap_Phase1_60_R.mp4,920,0,1,0,0,0,0,0
Cap_Phase1_60_R.mp4,921,0,1,0,0,0,0,0
Cap_Phase1_60_R.mp4,922,0,1,0,0,0,0,0
Cap_Phase1_60_R.mp4,923,0,1,0,0,0,0,0
Cap_Phase1_60_R.mp4,924,0,0,0,0,0,0,0
Cap_Phase1_60_R.mp4,925,0,0,0,0,0,0,0
Cap_Phase1_60_R.mp4,926,0,0,0,0,0,0,0
Cap_Phase1_60_R.mp4,927,0,0,0,0,0,0,0
Cap_Phase1_60_R.mp4,928,0,0,0,0,0,0,0
Cap_Phase1_60_R.mp4,929,0,0,0,0,0,0,0
Cap_Phase1_60_R.mp4,930,0,0,0,0,0,0,0
Cap_Phase1_60_R.mp4,931,0,0,0,0,0,0,0
Cap_Phase1_60_R.mp4,932,0,0,0,0,0,0,0
Cap_Phase1_60_R.mp4,933,0,0,0,0,0,0,0
Cap_Phase1_60_R.mp4,934,0,0,0,0,0,0,0
Cap_Phase1_60_R.mp4,935,0,0,0,0,0,0,0
Cap_Phase1_60_R.mp4,936,0,0,0,0,0,0,0
Cap_Phase1_60_R.mp4,937,0,0,0,0,0,0,0
Cap_Phase1_60_R.mp4,938,0,0,0,0,0,0,0
Cap_Phase1_60_R.mp4,939,0,0,0,0,0,0,0
Cap_Phase1_60_R.mp4,940,0,0,0,0,0,0,0
Cap_Phase1_60_R.mp4,941,0,0,0,0,0,0,0
Cap_Phase1_60_R.mp4,942,0,0,0,0,0,0,0
Cap_Phase1_60_R.mp4,943,0,0,0,0,0,0,0
Cap_Phase1_60_R.mp4,944,0,0,0,0,0,0,0
Cap_Phase1_60_R.mp4,945,0,0,0,0,0,0,0
Cap_Phase1_60_R.mp4,946,0,0,0,0,0,0,0
Cap_Phase1_60_R.mp4,947,0,0,0,0,0,0,0
Cap_Phase1_60_R.mp4,948,0,0,0,0,0,0,0
Cap_Phase1_60_R.mp4,949,0,0,0,0,0,0,0
Cap_Phase1_60_R.mp4,950,0,0,0,0,0,0,0
Cap_Phase1_60_R.mp4,951,0,0,0,0,0,0,0
Cap_Phase1_60_R.mp4,952,0,0,0,0,0,0,0
Cap_Phase1_60_R.mp4,953,0,0,0,0,0,0,0
Cap_Phase1_60_R.mp4,954,0,0,0,0,0,0,0
Cap_Phase1_60_R.mp4,955,0,0,0,0,0,0,0
Cap_Phase1_60_R.mp4,956,0,0,0,0,0,0,0
Cap_Phase1_60_R.mp4,957,0,0,0,0,0,0,0
Cap_Phase1_60_R.mp4,958,0,0,0,0,0,0,0
Cap_Phase1_60_R.mp4,959,0,0,0,0,0,0,0
Cap_Phase1_60_R.mp4,960,0,0,0,0,0,0,0
Cap_Phase1_60_R.mp4,961,0,0,0,0,0,0,0
Cap_Phase1_60_R.mp4,962,0,0,0,0,0,0,0
Cap_Phase1_60_R.mp4,963,0,0,0,0,0,0,0
Cap_Phase1_60_R.mp4,964,0,0,0,0,0,0,0
Cap_Phase1_60_R.mp4,965,0,0,0,0,0,0,0
Cap_Phase1_60_R.mp4,966,0,0,0,1,0,0,0
Cap_Phase1_60_R.mp4,967,0,0,0,1,0,0,0
Cap_Phase1_60_R.mp4,968,0,0,0,1,0,0,0
Cap_Phase1_60_R.mp4,969,0,0,0,1,0,0,0
Cap_Phase1_60_R.mp4,970,0,0,0,1,0,0,0
Cap_Phase1_60_R.mp4,971,0,0,0,1,0,0,0
Cap_Phase1_60_R.mp4,972,0,0,0,1,0,0,0
Cap_Phase1_60_R.mp4,973,0,0,0,1,0,0,0
Cap_Phase1_60_R.mp4,974,0,0,0,1,0,0,0
Cap_Phase1_60_R.mp4,975,0,0,0,1,0,0,0
Cap_Phase1_60_R.mp4,976,0,0,0,1,0,0,0
Cap_Phase1_60_R.mp4,977,0,0,0,1,0,0,0
Cap_Phase1_60_R.mp4,978,0,0,0,1,0,0,0
Cap_Phase1_60_R.mp4,979,0,0,0,1,0,0,0
Cap_Phase1_60_R.mp4,980,0,0,0,1,0,0,0
Cap_Phase1_60_R.mp4,981,0,0,0,1,0,0,0
Cap_Phase1_60_R.mp4,982,0,0,0,1,0,0,0
Cap_Phase1_60_R.mp4,983,0,0,0,1,0,0,0
Cap_Phase1_60_R.mp4,984,0,0,0,1,0,0,0
Cap_Phase1_60_R.mp4,985,0,0,0,1,0,0,0
Cap_Phase1_60_R.mp4,986,0,0,0,1,0,0,0
Cap_Phase1_60_R.mp4,987,0,0,0,1,0,0,0
Cap_Phase1_60_R.mp4,988,0,0,0,1,0,0,0
Cap_Phase1_60_R.mp4,989,0,0,0,1,0,0,0
Cap_Phase1_60_R.mp4,990,0,0,0,1,0,0,0
Cap_Phase1_60_R.mp4,991,0,0,0,1,0,0,0
Cap_Phase1_60_R.mp4,992,0,0,0,1,0,0,0
Cap_Phase1_60_R.mp4,993,0,0,0,1,0,0,0
Cap_Phase1_60_R.mp4,994,0,0,0,0,0,0,0
Cap_Phase1_60_R.mp4,995,0,0,0,0,0,0,0
Cap_Phase1_60_R.mp4,996,0,0,0,0,0,0,0
Cap_Phase1_60_R.mp4,997,0,0,0,0,0,0,0
Cap_Phase1_60_R.mp4,998,0,0,0,0,0,0,0
Cap_Phase1_60_R.mp4,999,0,0,0,0,0,0,0
Cap_Phase1_60_R.mp4,1000,0,0,0,0,0,0,0
Cap_Phase1_60_R.mp4,1001,0,0,0,0,0,0,0
Cap_Phase1_60_R.mp4,1002,0,0,0,0,0,0,0
Cap_Phase1_60_R.mp4,1003,0,0,0,0,0,0,0
Cap_Phase1_60_R.mp4,1004,0,0,0,0,0,0,0
Cap_Phase1_60_R.mp4,1005,0,0,0,0,0,0,0
Cap_Phase1_60_R.mp4,1006,0,0,0,0,0,0,0
Cap_Phase1_60_R.mp4,1007,0,0,0,0,0,0,0
Cap_Phase1_60_R.mp4,1008,0,0,0,0,0,0,0
Cap_Phase1_60_R.mp4,1009,0,0,0,0,0,0,0
Cap_Phase1_60_R.mp4,1010,0,0,0,0,0,0,0
Cap_Phase1_60_R.mp4,1011,0,0,0,0,0,0,0
Cap_Phase1_60_R.mp4,1012,0,0,0,0,0,0,0
Cap_Phase1_60_R.mp4,1013,0,0,0,0,0,0,0
Cap_Phase1_60_R.mp4,1014,0,0,0,0,0,0,0
Cap_Phase1_60_R.mp4,1015,0,0,0,0,0,0,0
Cap_Phase1_60_R.mp4,1016,0,0,0,0,0,0,0
Cap_Phase1_60_R.mp4,1017,0,0,0,0,0,0,0
Cap_Phase1_60_R.mp4,1018,0,0,0,0,0,0,0
Cap_Phase1_60_R.mp4,1019,0,0,0,0,0,0,0
Cap_Phase1_60_R.mp4,1020,0,0,0,0,0,0,0
Cap_Phase1_60_R.mp4,1021,0,0,0,0,0,0,0
Cap_Phase1_60_R.mp4,1022,0,0,0,0,0,0,0
Cap_Phase1_60_R.mp4,1023,0,0,0,0,0,0,0
Cap_Phase1_60_R.mp4,1024,0,0,0,0,0,0,0
Cap_Phase1_60_R.mp4,1025,0,0,0,0,0,0,0
Cap_Phase1_60_R.mp4,1026,0,0,0,0,0,0,0
Cap_Phase1_60_R.mp4,1027,0,0,0,0,0,0,0
Cap_Phase1_60_R.mp4,1028,0,0,0,1,0,0,0
Cap_Phase1_60_R.mp4,1029,0,0,0,1,0,0,0
Cap_Phase1_60_R.mp4,1030,0,0,0,1,0,0,0
Cap_Phase1_60_R.mp4,1031,0,0,0,1,0,0,0
Cap_Phase1_60_R.mp4,1032,0,0,0,1,0,0,0
Cap_Phase1_60_R.mp4,1033,0,0,0,1,0,0,0
Cap_Phase1_60_R.mp4,1034,0,0,0,1,0,0,0
Cap_Phase1_60_R.mp4,1035,0,0,0,1,0,0,0
Cap_Phase1_60_R.mp4,1036,0,0,0,1,0,0,0
Cap_Phase1_60_R.mp4,1037,0,0,0,1,0,0,0
Cap_Phase1_60_R.mp4,1038,0,0,0,1,0,0,0
Cap_Phase1_60_R.mp4,1039,0,0,0,1,0,0,0
Cap_Phase1_60_R.mp4,1040,0,0,0,1,0,0,0
Cap_Phase1_60_R.mp4,1041,0,0,0,1,0,0,0
Cap_Phase1_60_R.mp4,1042,0,0,0,1,0,0,0
Cap_Phase1_60_R.mp4,1043,0,0,0,1,0,0,0
Cap_Phase1_60_R.mp4,1044,0,0,0,1,0,0,0
Cap_Phase1_60_R.mp4,1045,0,0,0,1,0,0,0
Cap_Phase1_60_R.mp4,1046,0,0,0,1,0,0,0
Cap_Phase1_60_R.mp4,1047,0,0,0,1,0,0,0
Cap_Phase1_60_R.mp4,1048,0,0,0,1,0,0,0
Cap_Phase1_60_R.mp4,1049,0,0,0,1,0,0,0
Cap_Phase1_60_R.mp4,1050,0,0,0,1,0,0,0
Cap_Phase1_60_R.mp4,1051,0,0,0,0,0,0,0
Cap_Phase1_60_R.mp4,1052,0,0,0,0,0,0,0
Cap_Phase1_60_R.mp4,1053,0,0,0,0,0,0,0
Cap_Phase1_60_R.mp4,1054,0,0,0,0,0,0,0
Cap_Phase1_60_R.mp4,1055,0,0,0,0,0,0,0
Cap_Phase1_60_R.mp4,1056,0,0,0,0,0,0,0
Cap_Phase1_60_R.mp4,1057,0,0,0,0,0,0,0
Cap_Phase1_60_R.mp4,1058,0,0,0,0,0,0,0
Cap_Phase1_60_R.mp4,1059,0,0,0,0,0,0,0
Cap_Phase1_60_R.mp4,1060,0,0,0,0,0,0,0
Cap_Phase1_60_R.mp4,1061,0,0,0,0,0,0,0
Cap_Phase1_60_R.mp4,1062,0,0,0,0,0,0,0
Cap_Phase1_60_R.mp4,1063,0,0,0,0,0,0,0
Cap_Phase1_60_R.mp4,1064,0,0,0,0,0,0,0
Cap_Phase1_60_R.mp4,1065,0,0,0,0,0,0,0
Cap_Phase1_60_R.mp4,1066,0,0,0,0,0,0,0
Cap_Phase1_60_R.mp4,1067,0,0,0,0,0,0,0
Cap_Phase1_60_R.mp4,1068,0,0,0,0,0,0,0
Cap_Phase1_60_R.mp4,1069,0,0,0,0,0,0,0
Cap_Phase1_60_R.mp4,1070,0,0,0,0,0,0,0
Cap_Phase1_60_R.mp4,1071,0,0,0,0,0,0,0
Cap_Phase1_60_R.mp4,1072,0,0,0,0,0,0,0
Cap_Phase1_60_R.mp4,1073,0,0,0,0,0,0,0
Cap_Phase1_60_R.mp4,1074,0,0,0,0,0,0,0
Cap_Phase1_60_R.mp4,1075,0,0,0,0,0,0,0
Cap_Phase1_60_R.mp4,1076,0,0,0,0,0,0,0
Cap_Phase1_60_R.mp4,1077,0,0,0,0,0,0,0
Cap_Phase1_60_R.mp4,1078,0,0,0,0,0,0,0
Cap_Phase1_60_R.mp4,1079,0,0,0,0,0,0,0
Cap_Phase1_60_R.mp4,1080,0,0,0,0,0,0,0
Cap_Phase1_60_R.mp4,1081,0,0,0,0,0,0,0
Cap_Phase1_60_R.mp4,1082,0,0,0,0,0,0,0
Cap_Phase1_60_R.mp4,1083,0,0,0,0,0,0,0
Cap_Phase1_60_R.mp4,1084,0,0,0,0,0,0,0
Cap_Phase1_60_R.mp4,1085,0,0,0,0,1,0,0
Cap_Phase1_60_R.mp4,1086,0,1,1,0,1,0,0
Cap_Phase1_60_R.mp4,1087,0,1,1,0,0,0,0
Cap_Phase1_60_R.mp4,1088,0,1,1,0,0,0,0
Cap_Phase1_60_R.mp4,1089,0,1,1,0,0,0,0
Cap_Phase1_60_R.mp4,1090,0,1,1,0,0,0,0
Cap_Phase1_60_R.mp4,1091,0,1,1,0,0,0,0
Cap_Phase1_60_R.mp4,1092,0,1,1,0,0,0,0
Cap_Phase1_60_R.mp4,1093,0,1,1,0,0,0,0
Cap_Phase1_60_R.mp4,1094,0,1,1,0,0,0,0
Cap_Phase1_60_R.mp4,1095,0,1,1,0,0,0,0
Cap_Phase1_60_R.mp4,1096,0,1,1,0,0,0,0
Cap_Phase1_60_R.mp4,1097,0,1,1,0,0,0,0
Cap_Phase1_60_R.mp4,1098,0,1,1,0,0,0,0
Cap_Phase1_60_R.mp4,1099,0,1,1,0,0,0,0
Cap_Phase1_60_R.mp4,1100,0,1,1,0,0,0,0
Cap_Phase1_60_R.mp4,1101,0,1,1,0,0,0,0
Cap_Phase1_60_R.mp4,1102,0,1,1,0,0,0,0
Cap_Phase1_60_R.mp4,1103,0,1,1,0,0,0,0
Cap_Phase1_60_R.mp4,1104,0,1,1,0,0,0,0
Cap_Phase1_60_R.mp4,1105,0,1,1,0,0,0,0
Cap_Phase1_60_R.mp4,1106,0,1,1,0,0,0,0
Cap_Phase1_60_R.mp4,1107,0,1,1,0,0,0,0
Cap_Phase1_60_R.mp4,1108,0,1,1,0,0,0,0
Cap_Phase1_60_R.mp4,1109,0,1,1,0,0,0,0
Cap_Phase1_60_R.mp4,1110,0,1,1,0,0,0,0
Cap_Phase1_60_R.mp4,1111,0,0,1,0,0,0,0
Cap_Phase1_60_R.mp4,1112,0,0,1,0,0,0,0
Cap_Phase1_60_R.mp4,1113,0,0,0,0,0,0,0
Cap_Phase1_60_R.mp4,1114,0,0,0,0,0,0,0
Cap_Phase1_60_R.mp4,1115,0,0,0,0,0,0,0
Cap_Phase1_60_R.mp4,1116,0,0,0,0,0,0,0
Cap_Phase1_60_R.mp4,1117,0,0,0,0,0,0,0
Cap_Phase1_60_R.mp4,1118,0,0,0,0,0,0,0
Cap_Phase1_60_R.mp4,1119,0,0,0,0,0,0,0
Cap_Phase1_60_R.mp4,1120,0,0,0,0,0,0,0
Cap_Phase1_60_R.mp4,1121,0,0,0,0,0,0,0
Cap_Phase1_60_R.mp4,1122,0,0,0,0,0,0,0
Cap_Phase1_60_R.mp4,1123,0,0,0,0,0,0,0
Cap_Phase1_60_R.mp4,1124,0,0,0,0,0,0,0
Cap_Phase1_60_R.mp4,1125,0,0,0,0,0,0,0
Cap_Phase1_60_R.mp4,1126,0,0,0,0,0,0,0
Cap_Phase1_60_R.mp4,1127,0,0,0,0,0,0,0
Cap_Phase1_60_R.mp4,1128,0,0,0,0,0,0,0
Cap_Phase1_60_R.mp4,1129,0,0,0,0,0,0,0
Cap_Phase1_60_R.mp4,1130,0,0,0,0,0,0,0
Cap_Phase1_60_R.mp4,1131,0,0,0,0,0,0,0
Cap_Phase1_60_R.mp4,1132,0,0,0,0,0,0,0
Cap_Phase1_60_R.mp4,1133,0,0,0,0,0,0,0
Cap_Phase1_60_R.mp4,1134,0,0,0,0,0,0,0
Cap_Phase1_60_R.mp4,1135,0,0,0,0,0,0,0
Cap_Phase1_60_R.mp4,1136,0,0,0,0,0,0,0
Cap_Phase1_60_R.mp4,1137,0,0,0,0,0,0,0
Cap_Phase1_60_R.mp4,1138,0,0,0,0,0,0,0
Cap_Phase1_60_R.mp4,1139,0,0,0,0,0,0,0
Cap_Phase1_60_R.mp4,1140,0,0,0,0,0,0,0
Cap_Phase1_60_R.mp4,1141,0,0,0,0,0,0,0
Cap_Phase1_60_R.mp4,1142,0,0,0,0,0,0,0
Cap_Phase1_60_R.mp4,1143,0,0,0,0,0,0,0
Cap_Phase1_60_R.mp4,1144,0,0,0,0,0,0,0
Cap_Phase1_60_R.mp4,1145,0,0,0,0,0,0,0
Cap_Phase1_60_R.mp4,1146,0,0,0,0,0,0,0
Cap_Phase1_60_R.mp4,1147,0,0,0,0,0,0,0
Cap_Phase1_60_R.mp4,1148,0,1,0,0,0,0,0
Cap_Phase1_60_R.mp4,1149,0,1,0,0,0,0,0
Cap_Phase1_60_R.mp4,1150,0,1,0,0,0,0,0
Cap_Phase1_60_R.mp4,1151,0,1,0,0,0,0,0
Cap_Phase1_60_R.mp4,1152,0,1,0,0,0,0,0
Cap_Phase1_60_R.mp4,1153,0,1,0,0,0,0,0
Cap_Phase1_60_R.mp4,1154,0,1,0,0,0,0,0
Cap_Phase1_60_R.mp4,1155,0,1,0,0,0,0,0
Cap_Phase1_60_R.mp4,1156,0,1,0,0,0,0,0
Cap_Phase1_60_R.mp4,1157,0,1,0,0,0,0,0
Cap_Phase1_60_R.mp4,1158,0,1,0,0,0,0,0
Cap_Phase1_60_R.mp4,1159,0,1,0,0,0,0,0
Cap_Phase1_60_R.mp4,1160,0,1,0,0,0,0,0
Cap_Phase1_60_R.mp4,1161,0,1,0,0,0,0,0
Cap_Phase1_60_R.mp4,1162,0,1,0,0,0,0,0
Cap_Phase1_60_R.mp4,1163,0,1,0,0,0,0,0
Cap_Phase1_60_R.mp4,1164,0,1,0,0,0,0,0
Cap_Phase1_60_R.mp4,1165,0,1,0,0,0,0,0
Cap_Phase1_60_R.mp4,1166,0,1,0,0,0,0,0
Cap_Phase1_60_R.mp4,1167,0,1,0,0,0,0,0
Cap_Phase1_60_R.mp4,1168,0,1,0,0,0,0,0
Cap_Phase1_60_R.mp4,1169,0,0,0,0,0,0,0
Cap_Phase1_60_R.mp4,1170,0,0,0,0,0,0,0
Cap_Phase1_60_R.mp4,1171,0,0,0,0,0,0,0
Cap_Phase1_60_R.mp4,1172,0,0,0,0,0,0,0
Cap_Phase1_60_R.mp4,1173,0,0,0,0,0,0,0
Cap_Phase1_60_R.mp4,1174,0,0,0,0,0,0,0
Cap_Phase1_60_R.mp4,1175,0,0,0,0,0,0,0
Cap_Phase1_60_R.mp4,1176,0,0,0,0,0,0,0
Cap_Phase1_60_R.mp4,1177,0,0,0,0,0,0,0
Cap_Phase1_60_R.mp4,1178,0,0,0,0,0,0,0
Cap_Phase1_60_R.mp4,1179,0,0,0,0,0,0,0
Cap_Phase1_60_R.mp4,1180,0,0,0,0,0,0,0
Cap_Phase1_60_R.mp4,1181,0,0,0,0,0,0,0
Cap_Phase1_60_R.mp4,1182,0,0,0,0,0,0,0
Cap_Phase1_60_R.mp4,1183,0,0,0,0,0,0,0
Cap_Phase1_60_R.mp4,1184,0,0,0,0,0,0,0
Cap_Phase1_60_R.mp4,1185,0,0,0,0,0,0,0
Cap_Phase1_60_R.mp4,1186,0,0,0,0,0,0,0
Cap_Phase1_60_R.mp4,1187,0,0,0,0,0,0,0
Cap_Phase1_60_R.mp4,1188,0,0,0,0,0,0,0
Cap_Phase1_60_R.mp4,1189,0,0,0,0,0,0,0
Cap_Phase1_60_R.mp4,1190,0,0,0,0,0,0,0
Cap_Phase1_60_R.mp4,1191,0,0,0,0,0,0,0
Cap_Phase1_60_R.mp4,1192,0,0,0,0,0,0,0
Cap_Phase1_60_R.mp4,1193,0,0,0,0,0,0,0
Cap_Phase1_60_R.mp4,1194,0,0,0,0,0,0,0
Cap_Phase1_60_R.mp4,1195,0,0,0,0,0,0,0
Cap_Phase1_60_R.mp4,1196,0,0,0,0,0,0,0
Cap_Phase1_60_R.mp4,1197,0,0,0,0,0,0,0
Cap_Phase1_60_R.mp4,1198,0,0,0,0,0,0,0
Cap_Phase1_60_R.mp4,1199,0,0,0,0,0,0,0
Cap_Phase1_60_R.mp4,1200,0,0,0,0,0,0,0
Cap_Phase1_60_R.mp4,1201,0,0,0,0,0,0,0
Cap_Phase1_60_R.mp4,1202,0,0,0,0,0,0,0
Cap_Phase1_60_R.mp4,1203,0,0,0,0,0,0,0
Cap_Phase1_60_R.mp4,1204,0,0,0,0,0,0,0
Cap_Phase1_60_R.mp4,1205,0,0,0,0,0,0,0
Cap_Phase1_60_R.mp4,1206,0,0,0,0,0,0,0
Cap_Phase1_60_R.mp4,1207,0,1,0,0,0,0,0
Cap_Phase1_60_R.mp4,1208,0,1,0,0,0,0,0
Cap_Phase1_60_R.mp4,1209,0,1,0,0,0,0,0
Cap_Phase1_60_R.mp4,1210,0,1,0,0,0,0,0
Cap_Phase1_60_R.mp4,1211,0,1,0,0,0,0,0
Cap_Phase1_60_R.mp4,1212,0,1,0,0,0,0,0
Cap_Phase1_60_R.mp4,1213,0,1,0,0,0,0,0
Cap_Phase1_60_R.mp4,1214,0,1,0,0,0,0,0
Cap_Phase1_60_R.mp4,1215,0,1,0,0,0,0,0
Cap_Phase1_60_R.mp4,1216,0,1,0,0,0,0,0
Cap_Phase1_60_R.mp4,1217,0,1,0,0,0,0,0
Cap_Phase1_60_R.mp4,1218,0,1,0,0,0,0,0
Cap_Phase1_60_R.mp4,1219,0,1,0,0,0,0,0
Cap_Phase1_60_R.mp4,1220,0,1,0,0,0,0,0
Cap_Phase1_60_R.mp4,1221,0,1,0,0,0,0,0
Cap_Phase1_60_R.mp4,1222,0,1,0,0,0,0,0
Cap_Phase1_60_R.mp4,1223,0,1,0,0,0,0,0
Cap_Phase1_60_R.mp4,1224,0,1,0,0,0,0,0
Cap_Phase1_60_R.mp4,1225,0,1,0,0,0,0,0
Cap_Phase1_60_R.mp4,1226,0,1,0,0,0,0,0
Cap_Phase1_60_R.mp4,1227,0,1,0,0,0,0,0
Cap_Phase1_60_R.mp4,1228,0,1,0,0,0,0,0
Cap_Phase1_60_R.mp4,1229,0,1,0,0,0,0,0
Cap_Phase1_60_R.mp4,1230,0,1,0,0,0,0,0
Cap_Phase1_60_R.mp4,1231,0,1,0,0,0,0,0
Cap_Phase1_60_R.mp4,1232,0,1,0,0,0,0,0
Cap_Phase1_60_R.mp4,1233,0,0,0,0,0,0,0
Cap_Phase1_60_R.mp4,1234,0,0,0,0,0,0,0
Cap_Phase1_60_R.mp4,1235,0,0,0,0,0,0,0
Cap_Phase1_60_R.mp4,1236,0,0,0,0,0,0,0
Cap_Phase1_60_R.mp4,1237,0,0,0,0,0,0,0
Cap_Phase1_60_R.mp4,1238,0,0,0,0,0,0,0
Cap_Phase1_60_R.mp4,1239,0,0,0,0,0,0,0
Cap_Phase1_60_R.mp4,1240,0,0,0,0,0,0,0
Cap_Phase1_60_R.mp4,1241,0,0,0,0,0,0,0
Cap_Phase1_60_R.mp4,1242,0,0,0,0,0,0,0
Cap_Phase1_60_R.mp4,1243,0,0,0,0,0,0,0
Cap_Phase1_60_R.mp4,1244,0,0,0,0,0,0,0
Cap_Phase1_60_R.mp4,1245,0,0,0,0,0,0,0
Cap_Phase1_60_R.mp4,1246,0,0,0,0,0,0,0
Cap_Phase1_60_R.mp4,1247,0,0,0,0,0,0,0
Cap_Phase1_60_R.mp4,1248,0,0,0,0,0,0,0
Cap_Phase1_60_R.mp4,1249,0,0,0,0,0,0,0
Cap_Phase1_60_R.mp4,1250,0,0,0,0,0,0,0
Cap_Phase1_60_R.mp4,1251,0,0,0,0,0,0,0
Cap_Phase1_60_R.mp4,1252,0,0,0,0,0,0,0
Cap_Phase1_60_R.mp4,1253,0,0,0,0,0,0,0
Cap_Phase1_60_R.mp4,1254,0,0,0,0,0,0,0
Cap_Phase1_60_R.mp4,1255,0,0,0,0,0,0,0
Cap_Phase1_60_R.mp4,1256,0,0,0,0,0,0,0
Cap_Phase1_60_R.mp4,1257,0,0,0,0,0,0,0
Cap_Phase1_60_R.mp4,1258,0,0,0,0,0,0,0
Cap_Phase1_60_R.mp4,1259,0,0,0,0,0,0,0
Cap_Phase1_60_R.mp4,1260,0,0,0,0,0,0,0
Cap_Phase1_60_R.mp4,1261,0,0,0,0,0,0,0
Cap_Phase1_60_R.mp4,1262,0,0,0,0,0,0,0
Cap_Phase1_60_R.mp4,1263,0,0,0,0,0,0,0
Cap_Phase1_60_R.mp4,1264,0,0,0,0,0,0,0
Cap_Phase1_60_R.mp4,1265,0,0,0,0,0,0,0
Cap_Phase1_60_R.mp4,1266,0,0,0,0,0,0,0
Cap_Phase1_60_R.mp4,1267,0,0,0,0,0,0,0
Cap_Phase1_60_R.mp4,1268,0,0,0,0,0,0,0
Cap_Phase1_60_R.mp4,1269,0,0,0,0,0,0,0
Cap_Phase1_60_R.mp4,1270,0,0,0,0,0,0,0
Cap_Phase1_60_R.mp4,1271,0,1,0,0,0,0,0
Cap_Phase1_60_R.mp4,1272,0,1,0,0,0,0,0
Cap_Phase1_60_R.mp4,1273,0,1,0,0,0,0,0
Cap_Phase1_60_R.mp4,1274,0,1,0,0,0,0,0
Cap_Phase1_60_R.mp4,1275,0,1,0,0,0,0,0
Cap_Phase1_60_R.mp4,1276,0,1,0,0,0,0,0
Cap_Phase1_60_R.mp4,1277,0,1,0,0,0,0,0
Cap_Phase1_60_R.mp4,1278,0,1,0,0,0,0,0
Cap_Phase1_60_R.mp4,1279,0,1,0,0,0,0,0
Cap_Phase1_60_R.mp4,1280,0,1,0,0,0,0,0
Cap_Phase1_60_R.mp4,1281,0,1,0,0,0,0,0
Cap_Phase1_60_R.mp4,1282,0,1,0,0,0,0,0
Cap_Phase1_60_R.mp4,1283,0,1,0,0,0,0,0
Cap_Phase1_60_R.mp4,1284,0,1,0,0,0,0,0
Cap_Phase1_60_R.mp4,1285,0,1,0,0,0,0,0
Cap_Phase1_60_R.mp4,1286,0,1,0,0,0,0,0
Cap_Phase1_60_R.mp4,1287,0,1,0,0,0,0,0
Cap_Phase1_60_R.mp4,1288,0,1,0,0,0,0,0
Cap_Phase1_60_R.mp4,1289,0,1,0,0,0,0,0
Cap_Phase1_60_R.mp4,1290,0,1,0,0,0,0,0
Cap_Phase1_60_R.mp4,1291,0,1,0,0,0,0,0
Cap_Phase1_60_R.mp4,1292,0,1,0,0,0,0,0
Cap_Phase1_60_R.mp4,1293,0,1,0,0,0,0,0
Cap_Phase1_60_R.mp4,1294,0,1,0,0,0,0,0
Cap_Phase1_60_R.mp4,1295,0,1,0,0,0,0,0
Cap_Phase1_60_R.mp4,1296,0,1,0,0,0,0,0
Cap_Phase1_60_R.mp4,1297,0,1,0,0,0,0,0
Cap_Phase1_60_R.mp4,1298,0,0,0,0,0,0,0
Cap_Phase1_60_R.mp4,1299,0,0,0,0,0,0,0
Cap_Phase1_60_R.mp4,1300,0,0,0,0,0,0,0
Cap_Phase1_60_R.mp4,1301,0,0,0,0,0,0,0
Cap_Phase1_60_R.mp4,1302,0,0,0,0,0,0,0
Cap_Phase1_60_R.mp4,1303,0,0,0,0,0,0,0
Cap_Phase1_60_R.mp4,1304,0,0,0,0,0,0,0
Cap_Phase1_60_R.mp4,1305,0,0,0,0,0,0,0
Cap_Phase1_60_R.mp4,1306,0,0,0,0,0,0,0
Cap_Phase1_60_R.mp4,1307,0,0,0,0,0,0,0
Cap_Phase1_60_R.mp4,1308,0,0,0,0,0,0,0
Cap_Phase1_60_R.mp4,1309,0,0,0,0,0,0,0
Cap_Phase1_60_R.mp4,1310,0,0,0,0,0,0,0
Cap_Phase1_60_R.mp4,1311,0,0,0,0,0,0,0
Cap_Phase1_60_R.mp4,1312,0,0,0,0,0,0,0
Cap_Phase1_60_R.mp4,1313,0,0,0,0,0,0,0
Cap_Phase1_60_R.mp4,1314,0,0,0,0,0,0,0
Cap_Phase1_60_R.mp4,1315,0,0,0,0,0,0,0
Cap_Phase1_60_R.mp4,1316,0,0,0,0,0,0,0
Cap_Phase1_60_R.mp4,1317,0,0,0,0,0,0,0
Cap_Phase1_60_R.mp4,1318,0,0,0,0,0,0,0
Cap_Phase1_60_R.mp4,1319,0,0,0,0,0,0,0
Cap_Phase1_60_R.mp4,1320,0,0,0,0,0,0,0
Cap_Phase1_60_R.mp4,1321,0,0,0,0,0,0,0
Cap_Phase1_60_R.mp4,1322,0,0,0,0,0,0,0
Cap_Phase1_60_R.mp4,1323,0,0,0,0,0,0,0
Cap_Phase1_60_R.mp4,1324,0,0,0,0,0,0,0
Cap_Phase1_60_R.mp4,1325,0,0,0,0,0,0,0
Cap_Phase1_60_R.mp4,1326,0,0,0,0,0,0,0
Cap_Phase1_60_R.mp4,1327,0,0,0,0,0,0,0
Cap_Phase1_60_R.mp4,1328,0,0,0,0,0,0,0
Cap_Phase1_60_R.mp4,1329,0,0,0,0,0,0,0
Cap_Phase1_60_R.mp4,1330,0,0,0,0,0,0,0
Cap_Phase1_60_R.mp4,1331,0,1,0,0,0,0,0
Cap_Phase1_60_R.mp4,1332,0,1,0,0,0,0,0
Cap_Phase1_60_R.mp4,1333,0,1,0,0,0,0,0
Cap_Phase1_60_R.mp4,1334,0,1,0,0,0,0,0
Cap_Phase1_60_R.mp4,1335,0,1,0,0,0,0,0
Cap_Phase1_60_R.mp4,1336,0,1,0,0,0,0,0
Cap_Phase1_60_R.mp4,1337,0,1,0,0,0,0,0
Cap_Phase1_60_R.mp4,1338,0,1,0,0,0,0,0
Cap_Phase1_60_R.mp4,1339,0,1,0,0,0,0,0
Cap_Phase1_60_R.mp4,1340,0,1,0,0,0,0,0
Cap_Phase1_60_R.mp4,1341,0,1,0,0,0,0,0
Cap_Phase1_60_R.mp4,1342,0,1,0,0,0,0,0
Cap_Phase1_60_R.mp4,1343,0,1,0,0,0,0,0
Cap_Phase1_60_R.mp4,1344,0,1,0,0,0,0,0
Cap_Phase1_60_R.mp4,1345,0,1,0,0,0,0,0
Cap_Phase1_60_R.mp4,1346,0,1,0,0,0,0,0
Cap_Phase1_60_R.mp4,1347,0,1,0,0,0,0,0
Cap_Phase1_60_R.mp4,1348,0,1,0,0,0,0,0
Cap_Phase1_60_R.mp4,1349,0,1,0,0,0,0,0
Cap_Phase1_60_R.mp4,1350,0,1,0,0,0,0,0
Cap_Phase1_60_R.mp4,1351,0,1,0,0,0,0,0
Cap_Phase1_60_R.mp4,1352,0,1,0,0,0,0,0
Cap_Phase1_60_R.mp4,1353,0,1,0,0,0,0,0
Cap_Phase1_60_R.mp4,1354,0,0,0,0,0,0,0
Cap_Phase1_60_R.mp4,1355,0,0,0,0,0,0,0
Cap_Phase1_60_R.mp4,1356,0,0,0,0,0,0,0
Cap_Phase1_60_R.mp4,1357,0,0,0,0,0,0,0
Cap_Phase1_60_R.mp4,1358,0,0,0,0,0,0,0
Cap_Phase1_60_R.mp4,1359,0,0,0,0,0,0,0
Cap_Phase1_60_R.mp4,1360,0,0,0,0,0,0,0
Cap_Phase1_60_R.mp4,1361,0,0,0,0,0,0,0
Cap_Phase1_60_R.mp4,1362,0,0,0,0,0,0,0
Cap_Phase1_60_R.mp4,1363,0,0,0,0,0,0,0
Cap_Phase1_60_R.mp4,1364,0,0,0,0,0,0,0
Cap_Phase1_60_R.mp4,1365,0,0,0,0,0,0,0
Cap_Phase1_60_R.mp4,1366,0,0,0,0,0,0,0
Cap_Phase1_60_R.mp4,1367,0,0,0,0,0,0,0
Cap_Phase1_60_R.mp4,1368,0,0,0,0,0,0,0
Cap_Phase1_60_R.mp4,1369,0,0,0,0,0,0,0
Cap_Phase1_60_R.mp4,1370,0,0,0,0,0,0,0
Cap_Phase1_60_R.mp4,1371,0,0,0,0,0,0,0
Cap_Phase1_60_R.mp4,1372,0,0,0,0,0,0,0
Cap_Phase1_60_R.mp4,1373,0,0,0,0,0,0,0
Cap_Phase1_60_R.mp4,1374,0,0,0,0,0,0,0
Cap_Phase1_60_R.mp4,1375,0,0,0,0,0,0,0
Cap_Phase1_60_R.mp4,1376,0,0,0,0,0,0,0
Cap_Phase1_60_R.mp4,1377,0,0,0,0,0,0,0
Cap_Phase1_60_R.mp4,1378,0,0,0,0,0,0,0
Cap_Phase1_60_R.mp4,1379,0,0,0,0,0,0,0
Cap_Phase1_60_R.mp4,1380,0,0,0,0,0,0,0
Cap_Phase1_60_R.mp4,1381,0,0,0,0,0,0,0
Cap_Phase1_60_R.mp4,1382,0,0,0,0,0,0,0
Cap_Phase1_60_R.mp4,1383,0,0,0,0,0,0,0
Cap_Phase1_60_R.mp4,1384,0,0,0,0,0,0,0
Cap_Phase1_60_R.mp4,1385,0,0,0,0,0,0,0
Cap_Phase1_60_R.mp4,1386,0,1,1,0,0,0,0
Cap_Phase1_60_R.mp4,1387,0,1,1,0,0,0,0
Cap_Phase1_60_R.mp4,1388,0,1,1,0,0,0,0
Cap_Phase1_60_R.mp4,1389,0,1,1,0,0,0,0
Cap_Phase1_60_R.mp4,1390,0,1,1,0,0,0,0
Cap_Phase1_60_R.mp4,1391,0,1,1,0,0,0,0
Cap_Phase1_60_R.mp4,1392,0,1,1,0,0,0,0
Cap_Phase1_60_R.mp4,1393,0,1,1,0,0,0,0
Cap_Phase1_60_R.mp4,1394,0,1,1,0,0,0,0
Cap_Phase1_60_R.mp4,1395,0,1,1,0,0,0,0
Cap_Phase1_60_R.mp4,1396,0,1,1,0,0,0,0
Cap_Phase1_60_R.mp4,1397,0,1,1,0,0,0,0
Cap_Phase1_60_R.mp4,1398,0,1,1,0,0,0,0
Cap_Phase1_60_R.mp4,1399,0,1,1,0,0,0,0
Cap_Phase1_60_R.mp4,1400,0,1,1,0,0,0,0
Cap_Phase1_60_R.mp4,1401,0,1,1,0,0,0,0
Cap_Phase1_60_R.mp4,1402,0,1,1,0,0,0,0
Cap_Phase1_60_R.mp4,1403,0,1,1,0,0,0,0
Cap_Phase1_60_R.mp4,1404,0,1,1,0,0,0,0
Cap_Phase1_60_R.mp4,1405,0,1,1,0,0,0,0
Cap_Phase1_60_R.mp4,1406,0,1,1,0,0,0,0
Cap_Phase1_60_R.mp4,1407,0,1,1,0,0,0,0
Cap_Phase1_60_R.mp4,1408,0,1,1,0,0,0,0
Cap_Phase1_60_R.mp4,1409,0,0,0,0,0,0,0
Cap_Phase1_60_R.mp4,1410,0,0,0,0,0,0,0
Cap_Phase1_60_R.mp4,1411,0,0,0,0,0,0,0
Cap_Phase1_60_R.mp4,1412,0,0,0,0,0,0,0
Cap_Phase1_60_R.mp4,1413,0,0,0,0,0,0,0
Cap_Phase1_60_R.mp4,1414,0,0,0,0,0,0,0
Cap_Phase1_60_R.mp4,1415,0,0,0,0,0,0,0
Cap_Phase1_60_R.mp4,1416,0,0,0,0,0,0,0
Cap_Phase1_60_R.mp4,1417,0,0,0,0,0,0,0
Cap_Phase1_60_R.mp4,1418,0,0,0,0,0,0,0
Cap_Phase1_60_R.mp4,1419,0,0,0,0,0,0,0
Cap_Phase1_60_R.mp4,1420,0,0,0,0,0,0,0
Cap_Phase1_60_R.mp4,1421,0,0,0,0,0,0,0
Cap_Phase1_60_R.mp4,1422,0,0,0,0,0,0,0
Cap_Phase1_60_R.mp4,1423,0,0,0,0,0,0,0
Cap_Phase1_60_R.mp4,1424,0,0,0,0,0,0,0
Cap_Phase1_60_R.mp4,1425,0,0,0,0,0,0,0
Cap_Phase1_60_R.mp4,1426,0,0,0,0,0,0,0
Cap_Phase1_60_R.mp4,1427,0,0,0,0,0,0,0
Cap_Phase1_60_R.mp4,1428,0,0,0,0,0,0,0
Cap_Phase1_60_R.mp4,1429,0,0,0,0,0,0,0
Cap_Phase1_60_R.mp4,1430,0,0,0,0,0,0,0
Cap_Phase1_60_R.mp4,1431,0,0,0,0,0,0,0
Cap_Phase1_60_R.mp4,1432,0,0,0,0,0,0,0
Cap_Phase1_60_R.mp4,1433,0,0,0,0,0,0,0
Cap_Phase1_60_R.mp4,1434,0,0,0,0,0,0,0
Cap_Phase1_60_R.mp4,1435,0,0,0,0,0,0,0
Cap_Phase1_60_R.mp4,1436,0,0,0,0,0,0,0
Cap_Phase1_60_R.mp4,1437,0,0,0,0,0,0,0
Cap_Phase1_60_R.mp4,1438,0,0,0,0,0,0,0
Cap_Phase1_60_R.mp4,1439,0,0,0,0,0,0,0
Cap_Phase1_60_R.mp4,1440,0,0,0,0,0,0,0
Cap_Phase1_60_R.mp4,1441,0,0,0,0,0,0,0
Cap_Phase1_60_R.mp4,1442,0,0,0,0,0,0,0
Cap_Phase1_60_R.mp4,1443,0,0,0,0,0,0,0
Cap_Phase1_60_R.mp4,1444,0,0,0,0,0,0,0
Cap_Phase1_60_R.mp4,1445,1,1,0,0,0,0,0
Cap_Phase1_60_R.mp4,1446,1,1,0,0,0,0,0
Cap_Phase1_60_R.mp4,1447,1,1,0,0,0,0,0
Cap_Phase1_60_R.mp4,1448,1,1,0,0,0,0,0
Cap_Phase1_60_R.mp4,1449,1,1,0,0,0,0,0
Cap_Phase1_60_R.mp4,1450,1,1,0,0,0,0,0
Cap_Phase1_60_R.mp4,1451,1,1,0,0,0,0,0
Cap_Phase1_60_R.mp4,1452,1,1,0,0,0,0,0
Cap_Phase1_60_R.mp4,1453,1,1,0,0,0,0,0
Cap_Phase1_60_R.mp4,1454,1,1,0,0,0,0,0
Cap_Phase1_60_R.mp4,1455,1,1,0,0,0,0,0
Cap_Phase1_60_R.mp4,1456,1,1,0,0,0,0,0
Cap_Phase1_60_R.mp4,1457,1,1,0,0,0,0,0
Cap_Phase1_60_R.mp4,1458,1,1,0,0,0,0,0
Cap_Phase1_60_R.mp4,1459,1,1,0,0,0,0,0
Cap_Phase1_60_R.mp4,1460,1,1,0,0,0,0,0
Cap_Phase1_60_R.mp4,1461,1,1,0,0,0,0,0
Cap_Phase1_60_R.mp4,1462,1,1,0,0,0,0,0
Cap_Phase1_60_R.mp4,1463,1,1,0,0,0,0,0
Cap_Phase1_60_R.mp4,1464,1,1,0,0,0,0,0
Cap_Phase1_60_R.mp4,1465,1,1,0,0,0,0,0
Cap_Phase1_60_R.mp4,1466,1,1,0,0,0,0,0
Cap_Phase1_60_R.mp4,1467,1,1,0,0,0,0,0
Cap_Phase1_60_R.mp4,1468,1,1,0,0,0,0,0
Cap_Phase1_60_R.mp4,1469,1,1,0,0,0,0,0
Cap_Phase1_60_R.mp4,1470,1,1,0,0,0,0,0
Cap_Phase1_60_R.mp4,1471,1,1,0,0,0,0,0
Cap_Phase1_60_R.mp4,1472,1,1,0,0,0,0,0
Cap_Phase1_60_R.mp4,1473,1,1,0,0,0,0,0
Cap_Phase1_60_R.mp4,1474,1,1,0,0,0,0,0
Cap_Phase1_60_R.mp4,1475,0,0,0,0,0,0,0
Cap_Phase1_60_R.mp4,1476,0,0,0,0,0,0,0
Cap_Phase1_60_R.mp4,1477,0,0,0,0,0,0,0
Cap_Phase1_60_R.mp4,1478,0,0,0,0,0,0,0
Cap_Phase1_60_R.mp4,1479,0,0,0,0,0,0,0
Cap_Phase1_60_R.mp4,1480,0,0,0,0,0,0,0
Cap_Phase1_60_R.mp4,1481,0,0,0,0,0,0,0
Cap_Phase1_60_R.mp4,1482,0,0,0,0,0,0,0
Cap_Phase1_60_R.mp4,1483,0,0,0,0,0,0,0
Cap_Phase1_60_R.mp4,1484,0,0,0,0,0,0,0
Cap_Phase1_60_R.mp4,1485,0,0,0,0,0,0,0
Cap_Phase1_60_R.mp4,1486,0,0,0,0,0,0,0
Cap_Phase1_60_R.mp4,1487,0,0,0,0,0,0,0
Cap_Phase1_60_R.mp4,1488,0,0,0,0,0,0,0
Cap_Phase1_60_R.mp4,1489,0,0,0,0,0,0,0
Cap_Phase1_60_R.mp4,1490,0,0,0,0,0,0,0
Cap_Phase1_60_R.mp4,1491,0,0,0,0,0,0,0
Cap_Phase1_60_R.mp4,1492,0,0,0,0,0,0,0
Cap_Phase1_60_R.mp4,1493,0,0,0,0,0,0,0
Cap_Phase1_60_R.mp4,1494,0,0,0,0,0,0,0
Cap_Phase1_60_R.mp4,1495,0,0,0,0,0,0,0
Cap_Phase1_60_R.mp4,1496,0,0,0,0,0,0,0
Cap_Phase1_60_R.mp4,1497,0,0,0,0,0,0,0
Cap_Phase1_60_R.mp4,1498,0,0,0,0,0,0,0
Cap_Phase1_60_R.mp4,1499,0,0,0,0,0,0,0
Cap_Phase1_60_R.mp4,1500,0,0,0,0,0,0,0
Cap_Phase1_60_R.mp4,1501,0,0,0,0,0,0,0
Cap_Phase1_60_R.mp4,1502,0,0,0,0,0,0,0
Cap_Phase1_60_R.mp4,1503,0,0,0,0,0,0,0
Cap_Phase1_60_R.mp4,1504,0,0,0,0,0,0,0
Cap_Phase1_60_R.mp4,1505,0,0,0,0,0,0,0
Cap_Phase1_60_R.mp4,1506,0,0,0,0,0,0,0
Cap_Phase1_60_R.mp4,1507,0,0,0,0,0,0,0
Cap_Phase1_60_R.mp4,1508,0,0,0,0,0,0,0
Cap_Phase1_60_R.mp4,1509,0,0,0,1,0,0,0
Cap_Phase1_60_R.mp4,1510,0,0,0,1,0,0,0
Cap_Phase1_60_R.mp4,1511,0,0,0,1,0,0,0
Cap_Phase1_60_R.mp4,1512,0,0,0,1,0,0,0
Cap_Phase1_60_R.mp4,1513,0,0,0,1,0,0,0
Cap_Phase1_60_R.mp4,1514,0,0,0,1,0,0,0
Cap_Phase1_60_R.mp4,1515,0,0,0,1,0,0,0
Cap_Phase1_60_R.mp4,1516,0,0,0,1,0,0,0
Cap_Phase1_60_R.mp4,1517,0,0,0,1,0,0,0
Cap_Phase1_60_R.mp4,1518,0,0,0,1,0,0,0
Cap_Phase1_60_R.mp4,1519,0,0,0,1,0,0,0
Cap_Phase1_60_R.mp4,1520,0,0,0,1,0,0,0
Cap_Phase1_60_R.mp4,1521,0,0,0,1,0,0,0
Cap_Phase1_60_R.mp4,1522,0,0,0,1,0,0,0
Cap_Phase1_60_R.mp4,1523,0,0,0,1,0,0,0
Cap_Phase1_60_R.mp4,1524,0,0,0,1,0,0,0
Cap_Phase1_60_R.mp4,1525,0,0,0,1,0,0,0
Cap_Phase1_60_R.mp4,1526,0,0,0,1,0,0,0
Cap_Phase1_60_R.mp4,1527,0,0,0,1,0,0,0
Cap_Phase1_60_R.mp4,1528,0,0,0,1,0,0,0
Cap_Phase1_60_R.mp4,1529,0,0,0,1,0,0,0
Cap_Phase1_60_R.mp4,1530,0,0,0,1,0,0,0
Cap_Phase1_60_R.mp4,1531,0,0,0,1,0,0,0
Cap_Phase1_60_R.mp4,1532,0,0,0,1,0,0,0
Cap_Phase1_60_R.mp4,1533,0,0,0,1,0,0,0
Cap_Phase1_60_R.mp4,1534,0,0,0,1,0,0,0
Cap_Phase1_60_R.mp4,1535,0,0,0,1,0,0,0
Cap_Phase1_60_R.mp4,1536,0,0,0,1,0,0,0
Cap_Phase1_60_R.mp4,1537,0,0,0,1,0,0,0
Cap_Phase1_60_R.mp4,1538,0,0,0,1,0,0,0
Cap_Phase1_60_R.mp4,1539,0,0,0,1,0,0,0
Cap_Phase1_60_R.mp4,1540,0,0,0,1,0,0,0
Cap_Phase1_60_R.mp4,1541,0,0,0,1,0,0,0
Cap_Phase1_60_R.mp4,1542,0,0,0,1,0,0,0
Cap_Phase1_60_R.mp4,1543,0,0,0,1,0,0,0
Cap_Phase1_60_R.mp4,1544,0,0,0,1,0,0,0
Cap_Phase1_60_R.mp4,1545,0,0,0,0,0,0,0
Cap_Phase1_60_R.mp4,1546,0,0,0,0,0,0,0
Cap_Phase1_60_R.mp4,1547,0,0,0,0,0,0,0
Cap_Phase1_60_R.mp4,1548,0,0,0,0,0,0,0
Cap_Phase1_60_R.mp4,1549,0,0,0,0,0,0,0
Cap_Phase1_60_R.mp4,1550,0,0,0,0,0,0,0
Cap_Phase1_60_R.mp4,1551,0,0,0,0,0,0,0
Cap_Phase1_60_R.mp4,1552,0,0,0,0,0,0,0
Cap_Phase1_60_R.mp4,1553,0,0,0,0,0,0,0
Cap_Phase1_60_R.mp4,1554,0,0,0,0,0,0,0
Cap_Phase1_60_R.mp4,1555,0,0,0,0,0,0,0
Cap_Phase1_60_R.mp4,1556,0,0,0,0,0,0,0
Cap_Phase1_60_R.mp4,1557,0,0,0,0,0,0,0
Cap_Phase1_60_R.mp4,1558,0,0,0,0,0,0,0
Cap_Phase1_60_R.mp4,1559,0,0,0,0,0,0,0
Cap_Phase1_60_R.mp4,1560,0,0,0,0,0,0,0
Cap_Phase1_60_R.mp4,1561,0,0,0,0,0,0,0
Cap_Phase1_60_R.mp4,1562,0,0,0,0,0,0,0
Cap_Phase1_60_R.mp4,1563,0,0,0,0,0,0,0
Cap_Phase1_60_R.mp4,1564,0,0,0,0,0,0,0
Cap_Phase1_60_R.mp4,1565,0,0,0,0,0,0,0
Cap_Phase1_60_R.mp4,1566,0,0,0,0,0,0,0
Cap_Phase1_60_R.mp4,1567,0,0,0,0,0,0,0
Cap_Phase1_60_R.mp4,1568,0,0,0,0,0,0,0
Cap_Phase1_60_R.mp4,1569,0,0,0,0,0,0,0
Cap_Phase1_60_R.mp4,1570,0,0,0,0,0,0,0
Cap_Phase1_60_R.mp4,1571,0,0,0,1,0,0,0
Cap_Phase1_60_R.mp4,1572,0,0,0,1,0,0,0
Cap_Phase1_60_R.mp4,1573,0,0,0,1,0,0,0
Cap_Phase1_60_R.mp4,1574,0,0,0,1,0,0,0
Cap_Phase1_60_R.mp4,1575,0,0,0,1,0,0,0
Cap_Phase1_60_R.mp4,1576,0,0,0,1,0,0,0
Cap_Phase1_60_R.mp4,1577,0,0,0,1,0,0,0
Cap_Phase1_60_R.mp4,1578,0,0,0,1,0,0,0
Cap_Phase1_60_R.mp4,1579,0,0,0,1,0,0,0
Cap_Phase1_60_R.mp4,1580,0,0,0,1,0,0,0
Cap_Phase1_60_R.mp4,1581,0,0,0,1,0,0,0
Cap_Phase1_60_R.mp4,1582,0,0,0,1,0,0,0
Cap_Phase1_60_R.mp4,1583,0,0,0,1,0,0,0
Cap_Phase1_60_R.mp4,1584,0,0,0,1,0,0,0
Cap_Phase1_60_R.mp4,1585,0,0,0,1,0,0,0
Cap_Phase1_60_R.mp4,1586,0,0,0,1,0,0,0
Cap_Phase1_60_R.mp4,1587,0,0,0,1,0,0,0
Cap_Phase1_60_R.mp4,1588,0,0,0,1,0,0,0
Cap_Phase1_60_R.mp4,1589,0,0,0,1,0,0,0
Cap_Phase1_60_R.mp4,1590,0,0,0,1,0,0,0
Cap_Phase1_60_R.mp4,1591,0,0,0,1,0,0,0
Cap_Phase1_60_R.mp4,1592,0,0,0,1,0,0,0
Cap_Phase1_60_R.mp4,1593,0,0,0,1,0,0,0
Cap_Phase1_60_R.mp4,1594,0,0,0,1,0,0,0
Cap_Phase1_60_R.mp4,1595,0,0,0,1,0,0,0
Cap_Phase1_60_R.mp4,1596,0,0,0,1,0,0,0
Cap_Phase1_60_R.mp4,1597,0,0,0,1,0,0,0
Cap_Phase1_60_R.mp4,1598,0,0,0,1,0,0,0
Cap_Phase1_60_R.mp4,1599,0,0,0,1,0,0,0
Cap_Phase1_60_R.mp4,1600,0,0,0,0,0,0,0
Cap_Phase1_60_R.mp4,1601,0,0,0,0,0,0,0
Cap_Phase1_60_R.mp4,1602,0,0,0,0,0,0,0
Cap_Phase1_60_R.mp4,1603,0,0,0,0,0,0,0
Cap_Phase1_60_R.mp4,1604,0,0,0,0,0,0,0
Cap_Phase1_60_R.mp4,1605,0,0,0,0,0,0,0
Cap_Phase1_60_R.mp4,1606,0,0,0,0,0,0,0
Cap_Phase1_60_R.mp4,1607,0,0,0,0,0,0,0
Cap_Phase1_60_R.mp4,1608,0,0,0,0,0,0,0
Cap_Phase1_60_R.mp4,1609,0,0,0,0,0,0,0
Cap_Phase1_60_R.mp4,1610,0,0,0,0,0,0,0
Cap_Phase1_60_R.mp4,1611,0,0,0,0,0,0,0
Cap_Phase1_60_R.mp4,1612,0,0,0,0,0,0,0
Cap_Phase1_60_R.mp4,1613,0,0,0,0,0,0,0
Cap_Phase1_60_R.mp4,1614,0,0,0,0,0,0,0
Cap_Phase1_60_R.mp4,1615,0,0,0,0,0,0,0
Cap_Phase1_60_R.mp4,1616,0,0,0,0,0,0,0
Cap_Phase1_60_R.mp4,1617,0,0,0,0,0,0,0
Cap_Phase1_60_R.mp4,1618,0,0,0,0,0,0,0
Cap_Phase1_60_R.mp4,1619,0,0,0,0,0,0,0
Cap_Phase1_60_R.mp4,1620,0,0,0,0,0,0,0
Cap_Phase1_60_R.mp4,1621,0,0,0,0,0,0,0
Cap_Phase1_60_R.mp4,1622,0,0,0,0,0,0,0
Cap_Phase1_60_R.mp4,1623,0,1,1,0,0,0,0
Cap_Phase1_60_R.mp4,1624,0,1,1,0,0,0,0
Cap_Phase1_60_R.mp4,1625,0,0,1,0,0,0,0
Cap_Phase1_60_R.mp4,1626,0,0,1,0,0,0,0
Cap_Phase1_60_R.mp4,1627,0,1,1,0,0,0,0
Cap_Phase1_60_R.mp4,1628,0,1,1,0,0,0,0
Cap_Phase1_60_R.mp4,1629,0,1,1,0,0,0,0
Cap_Phase1_60_R.mp4,1630,0,1,1,0,0,0,0
Cap_Phase1_60_R.mp4,1631,0,1,1,0,0,0,0
Cap_Phase1_60_R.mp4,1632,0,1,1,0,0,0,0
Cap_Phase1_60_R.mp4,1633,0,1,1,0,0,0,0
Cap_Phase1_60_R.mp4,1634,0,1,1,0,0,0,0
Cap_Phase1_60_R.mp4,1635,0,1,1,0,0,0,0
Cap_Phase1_60_R.mp4,1636,0,1,1,0,0,0,0
Cap_Phase1_60_R.mp4,1637,0,1,1,0,0,0,0
Cap_Phase1_60_R.mp4,1638,0,1,1,0,0,0,0
Cap_Phase1_60_R.mp4,1639,0,1,1,0,0,0,0
Cap_Phase1_60_R.mp4,1640,0,1,1,0,0,0,0
Cap_Phase1_60_R.mp4,1641,0,1,1,0,0,0,0
Cap_Phase1_60_R.mp4,1642,0,1,1,0,0,0,0
Cap_Phase1_60_R.mp4,1643,0,1,1,0,0,0,0
Cap_Phase1_60_R.mp4,1644,0,1,1,0,0,0,0
Cap_Phase1_60_R.mp4,1645,0,1,1,0,0,0,0
Cap_Phase1_60_R.mp4,1646,0,1,1,0,0,0,0
Cap_Phase1_60_R.mp4,1647,0,1,1,0,0,0,0
Cap_Phase1_60_R.mp4,1648,0,1,1,0,0,0,0
Cap_Phase1_60_R.mp4,1649,0,1,1,0,0,0,0
Cap_Phase1_60_R.mp4,1650,0,1,1,0,0,0,0
Cap_Phase1_60_R.mp4,1651,0,1,1,0,0,0,0
Cap_Phase1_60_R.mp4,1652,0,0,0,0,0,0,0
Cap_Phase1_60_R.mp4,1653,0,0,0,0,0,0,0
Cap_Phase1_60_R.mp4,1654,0,0,0,0,0,0,0
Cap_Phase1_60_R.mp4,1655,0,0,0,0,0,0,0
Cap_Phase1_60_R.mp4,1656,0,0,0,0,0,0,0
Cap_Phase1_60_R.mp4,1657,0,0,0,0,0,0,0
Cap_Phase1_60_R.mp4,1658,0,0,0,0,0,0,0
Cap_Phase1_60_R.mp4,1659,0,0,0,0,0,0,0
Cap_Phase1_60_R.mp4,1660,0,0,0,0,0,0,0
Cap_Phase1_60_R.mp4,1661,0,0,0,0,0,0,0
Cap_Phase1_60_R.mp4,1662,0,0,0,0,0,0,0
Cap_Phase1_60_R.mp4,1663,0,0,0,0,0,0,0
Cap_Phase1_60_R.mp4,1664,0,0,0,0,0,0,0
Cap_Phase1_60_R.mp4,1665,0,0,0,0,0,0,0
Cap_Phase1_60_R.mp4,1666,0,0,0,0,0,0,0
Cap_Phase1_60_R.mp4,1667,0,0,0,0,0,0,0
Cap_Phase1_60_R.mp4,1668,0,0,0,0,0,0,0
Cap_Phase1_60_R.mp4,1669,0,0,0,0,0,0,0
Cap_Phase1_60_R.mp4,1670,0,0,0,0,0,0,0
Cap_Phase1_60_R.mp4,1671,0,0,0,0,0,0,0
Cap_Phase1_60_R.mp4,1672,0,0,0,0,0,0,0
Cap_Phase1_60_R.mp4,1673,0,0,0,0,0,0,0
Cap_Phase1_60_R.mp4,1674,0,0,0,0,0,0,0
Cap_Phase1_60_R.mp4,1675,0,0,0,0,0,0,0
Cap_Phase1_60_R.mp4,1676,0,0,0,0,0,0,0
Cap_Phase1_60_R.mp4,1677,0,0,0,0,0,0,0
Cap_Phase1_60_R.mp4,1678,0,0,0,0,0,0,0
Cap_Phase1_60_R.mp4,1679,0,0,0,0,0,0,0
Cap_Phase1_60_R.mp4,1680,0,0,0,0,0,0,0
Cap_Phase1_60_R.mp4,1681,0,0,0,0,0,0,0
Cap_Phase1_60_R.mp4,1682,0,0,0,0,0,0,0
Cap_Phase1_60_R.mp4,1683,0,0,0,0,0,0,0
Cap_Phase1_60_R.mp4,1684,0,0,0,0,0,0,0
Cap_Phase1_60_R.mp4,1685,0,0,0,1,0,0,0
Cap_Phase1_60_R.mp4,1686,0,0,0,1,0,0,0
Cap_Phase1_60_R.mp4,1687,0,0,0,1,0,0,0
Cap_Phase1_60_R.mp4,1688,0,0,0,1,0,0,0
Cap_Phase1_60_R.mp4,1689,0,0,0,1,0,0,0
Cap_Phase1_60_R.mp4,1690,0,0,0,1,0,0,0
Cap_Phase1_60_R.mp4,1691,0,0,0,1,0,0,0
Cap_Phase1_60_R.mp4,1692,0,0,0,1,0,0,0
Cap_Phase1_60_R.mp4,1693,0,0,0,1,0,0,0
Cap_Phase1_60_R.mp4,1694,0,0,0,1,0,0,0
Cap_Phase1_60_R.mp4,1695,0,0,0,1,0,0,0
Cap_Phase1_60_R.mp4,1696,0,0,0,1,0,0,0
Cap_Phase1_60_R.mp4,1697,0,0,0,1,0,0,0
Cap_Phase1_60_R.mp4,1698,0,0,0,1,0,0,0
Cap_Phase1_60_R.mp4,1699,0,0,0,1,0,0,0
Cap_Phase1_60_R.mp4,1700,0,0,0,1,0,0,0
Cap_Phase1_60_R.mp4,1701,0,0,0,1,0,0,0
Cap_Phase1_60_R.mp4,1702,0,0,0,1,0,0,0
Cap_Phase1_60_R.mp4,1703,0,0,0,1,0,0,0
Cap_Phase1_60_R.mp4,1704,0,0,0,1,0,0,0
Cap_Phase1_60_R.mp4,1705,0,1,0,1,0,0,0
Cap_Phase1_60_R.mp4,1706,0,1,0,1,0,0,0
Cap_Phase1_60_R.mp4,1707,0,0,0,1,0,0,0
Cap_Phase1_60_R.mp4,1708,0,0,0,0,0,0,0
Cap_Phase1_60_R.mp4,1709,0,0,0,0,0,0,0
Cap_Phase1_60_R.mp4,1710,0,0,0,0,0,0,0
Cap_Phase1_60_R.mp4,1711,0,0,0,0,0,0,0
Cap_Phase1_60_R.mp4,1712,0,0,0,0,0,0,0
Cap_Phase1_60_R.mp4,1713,0,0,0,0,0,0,0
Cap_Phase1_60_R.mp4,1714,0,0,0,0,0,0,0
Cap_Phase1_60_R.mp4,1715,0,0,0,0,0,0,0
Cap_Phase1_60_R.mp4,1716,0,0,0,0,0,0,0
Cap_Phase1_60_R.mp4,1717,0,0,0,0,0,0,0
Cap_Phase1_60_R.mp4,1718,0,0,0,0,0,0,0
Cap_Phase1_60_R.mp4,1719,0,0,0,0,0,0,0
Cap_Phase1_60_R.mp4,1720,0,0,0,0,0,0,0
Cap_Phase1_60_R.mp4,1721,0,0,0,0,0,0,0
Cap_Phase1_60_R.mp4,1722,0,0,0,0,0,0,0
Cap_Phase1_60_R.mp4,1723,0,0,0,0,0,0,0
Cap_Phase1_60_R.mp4,1724,0,0,0,0,0,0,0
Cap_Phase1_60_R.mp4,1725,0,0,0,0,0,0,0
Cap_Phase1_60_R.mp4,1726,0,0,0,0,0,0,0
Cap_Phase1_60_R.mp4,1727,0,0,0,0,0,0,0
Cap_Phase1_60_R.mp4,1728,0,0,0,0,0,0,0
Cap_Phase1_60_R.mp4,1729,0,0,0,0,0,0,0
Cap_Phase1_60_R.mp4,1730,0,0,0,0,0,0,0
Cap_Phase1_60_R.mp4,1731,0,0,0,0,0,0,0
Cap_Phase1_60_R.mp4,1732,0,0,0,0,0,0,0
Cap_Phase1_60_R.mp4,1733,0,0,0,0,0,0,0
Cap_Phase1_60_R.mp4,1734,0,0,0,0,0,0,0
Cap_Phase1_60_R.mp4,1735,0,0,0,0,0,0,0
Cap_Phase1_60_R.mp4,1736,0,0,0,0,0,0,0
Cap_Phase1_60_R.mp4,1737,0,0,0,0,0,0,0
Cap_Phase1_60_R.mp4,1738,0,0,0,0,0,0,0
Cap_Phase1_60_R.mp4,1739,0,0,0,0,0,0,0
Cap_Phase1_60_R.mp4,1740,0,0,0,0,0,0,0
Cap_Phase1_60_R.mp4,1741,0,0,0,0,0,0,0
Cap_Phase1_60_R.mp4,1742,0,0,0,0,0,0,0
Cap_Phase1_60_R.mp4,1743,0,0,0,0,0,0,0
Cap_Phase1_60_R.mp4,1744,0,0,0,0,0,0,0
Cap_Phase1_60_R.mp4,1745,0,0,0,0,0,0,0
Cap_Phase1_60_R.mp4,1746,0,0,0,0,0,0,0
Cap_Phase1_60_R.mp4,1747,0,0,0,0,0,0,0
Cap_Phase1_60_R.mp4,1748,0,0,0,0,0,0,0
Cap_Phase1_60_R.mp4,1749,0,0,0,0,0,0,0
Cap_Phase1_60_R.mp4,1750,0,0,0,0,0,0,0
Cap_Phase1_60_R.mp4,1751,0,0,0,0,0,0,0
Cap_Phase1_60_R.mp4,1752,0,0,0,1,0,0,0
Cap_Phase1_60_R.mp4,1753,0,0,0,1,0,0,0
Cap_Phase1_60_R.mp4,1754,0,0,0,1,0,0,0
Cap_Phase1_60_R.mp4,1755,0,0,0,1,0,0,0
Cap_Phase1_60_R.mp4,1756,0,0,0,1,0,0,0
Cap_Phase1_60_R.mp4,1757,0,0,0,1,0,0,0
Cap_Phase1_60_R.mp4,1758,0,0,0,1,0,0,0
Cap_Phase1_60_R.mp4,1759,0,0,0,1,0,0,0
Cap_Phase1_60_R.mp4,1760,0,0,0,1,0,0,0
Cap_Phase1_60_R.mp4,1761,0,0,0,1,0,0,0
Cap_Phase1_60_R.mp4,1762,0,0,0,1,0,0,0
Cap_Phase1_60_R.mp4,1763,0,0,0,1,0,0,0
Cap_Phase1_60_R.mp4,1764,0,0,0,1,0,0,0
Cap_Phase1_60_R.mp4,1765,0,0,0,1,0,0,0
Cap_Phase1_60_R.mp4,1766,0,0,0,1,0,0,0
Cap_Phase1_60_R.mp4,1767,0,0,0,1,0,0,0
Cap_Phase1_60_R.mp4,1768,0,0,0,1,0,0,0
Cap_Phase1_60_R.mp4,1769,0,0,0,1,0,0,0
Cap_Phase1_60_R.mp4,1770,0,0,0,1,0,0,0
Cap_Phase1_60_R.mp4,1771,0,0,0,1,0,0,0
Cap_Phase1_60_R.mp4,1772,0,0,0,1,0,0,0
Cap_Phase1_60_R.mp4,1773,0,0,0,1,0,0,0
Cap_Phase1_60_R.mp4,1774,0,0,0,1,0,0,0
Cap_Phase1_60_R.mp4,1775,0,0,0,1,0,0,0
Cap_Phase1_60_R.mp4,1776,0,0,0,1,0,0,0
Cap_Phase1_60_R.mp4,1777,0,0,0,1,0,0,0
Cap_Phase1_60_R.mp4,1778,0,0,0,1,0,0,0
Cap_Phase1_60_R.mp4,1779,0,0,0,1,0,0,0
Cap_Phase1_60_R.mp4,1780,0,0,0,0,0,0,0
Cap_Phase1_60_R.mp4,1781,0,0,0,0,0,0,0
Cap_Phase1_60_R.mp4,1782,0,0,0,0,0,0,0
Cap_Phase1_60_R.mp4,1783,0,0,0,0,0,0,0
Cap_Phase1_60_R.mp4,1784,0,0,0,0,0,0,0
Cap_Phase1_60_R.mp4,1785,0,0,0,0,0,0,0
Cap_Phase1_60_R.mp4,1786,0,0,0,0,0,0,0
Cap_Phase1_60_R.mp4,1787,0,0,0,0,0,0,0
Cap_Phase1_60_R.mp4,1788,0,0,0,0,0,0,0
Cap_Phase1_60_R.mp4,1789,0,0,0,0,0,0,0
Cap_Phase1_60_R.mp4,1790,0,0,0,0,0,0,0
Cap_Phase1_60_R.mp4,1791,0,0,0,0,0,0,0
Cap_Phase1_60_R.mp4,1792,0,0,0,0,0,0,0
Cap_Phase1_60_R.mp4,1793,0,0,0,0,0,0,0
Cap_Phase1_60_R.mp4,1794,0,0,0,0,0,0,0
Cap_Phase1_60_R.mp4,1795,0,0,0,0,0,0,0
Cap_Phase1_60_R.mp4,1796,0,0,0,0,0,0,0
Cap_Phase1_60_R.mp4,1797,0,0,0,0,0,0,0
Cap_Phase1_60_R.mp4,1798,0,0,0,0,0,0,0
Cap_Phase1_60_R.mp4,1799,0,0,0,0,0,0,0
Cap_Phase1_60_R.mp4,1800,0,0,0,0,0,0,0
Cap_Phase1_60_R.mp4,1801,0,0,0,0,0,0,0
Cap_Phase1_60_R.mp4,1802,0,0,0,0,0,0,0
Cap_Phase1_60_R.mp4,1803,0,0,0,0,0,0,0
Cap_Phase1_60_R.mp4,1804,0,0,0,0,0,0,0
Cap_Phase1_60_R.mp4,1805,0,0,0,0,0,0,0
Cap_Phase1_60_R.mp4,1806,0,0,0,0,0,0,0
Cap_Phase1_60_R.mp4,1807,0,0,0,0,0,0,0
Cap_Phase1_60_R.mp4,1808,0,0,0,0,0,0,0
Cap_Phase1_60_R.mp4,1809,0,0,0,0,0,0,0
Cap_Phase1_60_R.mp4,1810,0,0,0,0,0,0,0
Cap_Phase1_60_R.mp4,1811,0,0,0,1,0,0,0
Cap_Phase1_60_R.mp4,1812,0,0,0,1,0,0,0
Cap_Phase1_60_R.mp4,1813,0,0,0,1,0,0,0
Cap_Phase1_60_R.mp4,1814,0,0,0,1,0,0,0
Cap_Phase1_60_R.mp4,1815,0,0,0,1,0,0,0
Cap_Phase1_60_R.mp4,1816,0,0,0,1,0,0,0
Cap_Phase1_60_R.mp4,1817,0,0,0,1,0,0,0
Cap_Phase1_60_R.mp4,1818,0,0,0,1,0,0,0
Cap_Phase1_60_R.mp4,1819,0,0,0,1,0,0,0
Cap_Phase1_60_R.mp4,1820,0,0,0,1,0,0,0
Cap_Phase1_60_R.mp4,1821,0,1,0,1,0,0,0
Cap_Phase1_60_R.mp4,1822,0,1,0,1,0,0,0
Cap_Phase1_60_R.mp4,1823,0,1,0,1,0,0,0
Cap_Phase1_60_R.mp4,1824,0,0,0,1,0,0,0
Cap_Phase1_60_R.mp4,1825,0,0,0,1,0,0,0
Cap_Phase1_60_R.mp4,1826,0,0,0,1,0,0,0
Cap_Phase1_60_R.mp4,1827,0,0,0,1,0,0,0
Cap_Phase1_60_R.mp4,1828,0,0,0,1,0,0,0
Cap_Phase1_60_R.mp4,1829,0,0,0,1,0,0,0
Cap_Phase1_60_R.mp4,1830,0,0,0,1,0,0,0
Cap_Phase1_60_R.mp4,1831,0,0,0,1,0,0,0
Cap_Phase1_60_R.mp4,1832,0,1,0,1,0,0,0
Cap_Phase1_60_R.mp4,1833,0,1,0,1,0,0,0
Cap_Phase1_60_R.mp4,1834,0,0,0,1,0,0,0
Cap_Phase1_60_R.mp4,1835,0,0,0,1,0,0,0
Cap_Phase1_60_R.mp4,1836,0,0,0,1,0,0,0
Cap_Phase1_60_R.mp4,1837,0,0,0,0,0,0,0
Cap_Phase1_60_R.mp4,1838,0,0,0,0,0,0,0
Cap_Phase1_60_R.mp4,1839,0,0,0,0,0,0,0
Cap_Phase1_60_R.mp4,1840,0,0,0,0,0,0,0
Cap_Phase1_60_R.mp4,1841,0,0,0,0,0,0,0
Cap_Phase1_60_R.mp4,1842,0,0,0,0,0,0,0
Cap_Phase1_60_R.mp4,1843,0,0,0,0,0,0,0
Cap_Phase1_60_R.mp4,1844,0,0,0,0,0,0,0
Cap_Phase1_60_R.mp4,1845,0,0,0,0,0,0,0
Cap_Phase1_60_R.mp4,1846,0,0,0,0,0,0,0
Cap_Phase1_60_R.mp4,1847,0,0,0,0,0,0,0
Cap_Phase1_60_R.mp4,1848,0,0,0,0,0,0,0
Cap_Phase1_60_R.mp4,1849,0,0,0,0,0,0,0
Cap_Phase1_60_R.mp4,1850,0,0,0,0,0,0,0
Cap_Phase1_60_R.mp4,1851,0,0,0,0,0,0,0
Cap_Phase1_60_R.mp4,1852,0,0,0,0,0,0,0
Cap_Phase1_60_R.mp4,1853,0,0,0,0,0,0,0
Cap_Phase1_60_R.mp4,1854,0,0,0,0,0,0,0
Cap_Phase1_60_R.mp4,1855,0,0,0,0,0,0,0
Cap_Phase1_60_R.mp4,1856,0,0,0,0,0,0,0
Cap_Phase1_60_R.mp4,1857,0,0,0,0,0,0,0
Cap_Phase1_60_R.mp4,1858,0,0,0,0,0,0,0
Cap_Phase1_60_R.mp4,1859,0,0,0,0,0,0,0
Cap_Phase1_60_R.mp4,1860,0,0,0,0,0,0,0
Cap_Phase1_60_R.mp4,1861,0,0,0,0,0,0,0
Cap_Phase1_60_R.mp4,1862,0,0,0,0,0,0,0
Cap_Phase1_60_R.mp4,1863,0,0,0,0,0,0,0
Cap_Phase1_60_R.mp4,1864,0,0,0,0,0,0,0
Cap_Phase1_60_R.mp4,1865,1,0,0,0,0,0,0
Cap_Phase1_60_R.mp4,1866,0,0,0,0,1,0,0
Cap_Phase1_60_R.mp4,1867,0,0,0,0,1,0,0
Cap_Phase1_60_R.mp4,1868,0,0,0,0,1,0,0
Cap_Phase1_60_R.mp4,1869,0,0,0,0,1,0,0
Cap_Phase1_60_R.mp4,1870,0,0,0,0,1,0,0
Cap_Phase1_60_R.mp4,1871,0,0,0,0,1,0,0
Cap_Phase1_60_R.mp4,1872,0,0,0,0,1,0,0
Cap_Phase1_60_R.mp4,1873,0,0,0,0,1,0,0
Cap_Phase1_60_R.mp4,1874,0,0,0,0,1,0,0
Cap_Phase1_60_R.mp4,1875,0,0,0,0,1,0,0
Cap_Phase1_60_R.mp4,1876,0,0,0,0,1,0,0
Cap_Phase1_60_R.mp4,1877,0,0,0,0,1,0,0
Cap_Phase1_60_R.mp4,1878,0,0,0,0,1,0,0
Cap_Phase1_60_R.mp4,1879,0,0,0,0,1,0,0
Cap_Phase1_60_R.mp4,1880,0,0,0,0,1,0,0
Cap_Phase1_60_R.mp4,1881,0,0,0,0,1,0,0
Cap_Phase1_60_R.mp4,1882,0,0,0,0,1,0,0
Cap_Phase1_60_R.mp4,1883,0,0,0,0,1,0,0
Cap_Phase1_60_R.mp4,1884,0,0,0,0,1,0,0
Cap_Phase1_60_R.mp4,1885,0,0,0,0,1,0,0
Cap_Phase1_60_R.mp4,1886,0,0,0,0,1,0,0
Cap_Phase1_60_R.mp4,1887,0,0,0,0,1,0,0
Cap_Phase1_60_R.mp4,1888,0,0,0,0,1,0,0
Cap_Phase1_60_R.mp4,1889,0,0,0,0,1,0,0
Cap_Phase1_60_R.mp4,1890,0,0,0,0,1,0,0
Cap_Phase1_60_R.mp4,1891,0,0,0,0,1,0,0
Cap_Phase1_60_R.mp4,1892,0,0,0,0,1,0,0
Cap_Phase1_60_R.mp4,1893,0,0,0,0,1,0,0
Cap_Phase1_60_R.mp4,1894,0,0,0,0,1,0,0
Cap_Phase1_60_R.mp4,1895,0,0,0,0,1,0,0
Cap_Phase1_60_R.mp4,1896,0,0,0,0,1,0,0
Cap_Phase1_60_R.mp4,1897,0,0,0,0,1,0,0
Cap_Phase1_60_R.mp4,1898,0,0,0,0,1,0,0
Cap_Phase1_60_R.mp4,1899,0,0,0,0,1,0,0
Cap_Phase1_60_R.mp4,1900,0,0,0,0,1,0,0
Cap_Phase1_60_R.mp4,1901,0,0,0,0,0,0,0
Cap_Phase1_60_R.mp4,1902,0,0,0,0,0,0,0
Cap_Phase1_60_R.mp4,1903,0,0,0,0,0,0,0
Cap_Phase1_60_R.mp4,1904,0,0,0,0,0,0,0
Cap_Phase1_60_R.mp4,1905,0,0,0,0,0,0,0
Cap_Phase1_60_R.mp4,1906,0,0,0,0,0,0,0
Cap_Phase1_60_R.mp4,1907,0,0,0,0,0,0,0
Cap_Phase1_60_R.mp4,1908,0,0,0,0,0,0,0
Cap_Phase1_60_R.mp4,1909,0,0,0,0,0,0,0
Cap_Phase1_60_R.mp4,1910,0,0,0,0,0,0,0
Cap_Phase1_60_R.mp4,1911,0,0,0,0,0,0,0
Cap_Phase1_60_R.mp4,1912,0,0,0,0,0,0,0
Cap_Phase1_60_R.mp4,1913,0,0,0,0,0,0,0
Cap_Phase1_60_R.mp4,1914,0,0,0,0,0,0,0
Cap_Phase1_60_R.mp4,1915,0,0,0,0,0,0,0
Cap_Phase1_60_R.mp4,1916,0,0,0,0,0,0,0
Cap_Phase1_60_R.mp4,1917,0,0,0,0,0,0,0
Cap_Phase1_60_R.mp4,1918,0,0,0,0,0,0,0
Cap_Phase1_60_R.mp4,1919,0,0,0,0,0,0,0
Cap_Phase1_60_R.mp4,1920,0,0,0,0,0,0,0
Cap_Phase1_60_R.mp4,1921,0,0,0,0,0,0,0
Cap_Phase1_60_R.mp4,1922,0,0,0,0,0,0,0
Cap_Phase1_60_R.mp4,1923,0,0,0,0,0,0,0
Cap_Phase1_60_R.mp4,1924,0,0,0,0,0,0,0
Cap_Phase1_60_R.mp4,1925,0,0,0,0,0,0,0
Cap_Phase1_60_R.mp4,1926,0,0,0,0,0,0,0
Cap_Phase1_60_R.mp4,1927,0,0,0,0,0,0,1
Cap_Phase1_60_R.mp4,1928,0,0,0,0,0,0,1
Cap_Phase1_60_R.mp4,1929,0,0,0,0,0,0,1
Cap_Phase1_60_R.mp4,1930,0,0,0,0,0,0,1
Cap_Phase1_60_R.mp4,1931,0,0,0,0,0,0,1
Cap_Phase1_60_R.mp4,1932,0,0,0,0,0,0,1
Cap_Phase1_60_R.mp4,1933,0,0,0,0,0,0,1
Cap_Phase1_60_R.mp4,1934,0,0,0,0,0,0,1
Cap_Phase1_60_R.mp4,1935,0,0,0,0,0,0,1
Cap_Phase1_60_R.mp4,1936,0,0,0,0,0,0,1
Cap_Phase1_60_R.mp4,1937,0,0,0,0,0,0,1
Cap_Phase1_60_R.mp4,1938,0,0,0,0,0,0,1
Cap_Phase1_60_R.mp4,1939,0,0,0,0,0,0,1
Cap_Phase1_60_R.mp4,1940,0,0,0,0,0,0,1
Cap_Phase1_60_R.mp4,1941,0,0,0,0,0,0,1
Cap_Phase1_60_R.mp4,1942,0,0,0,0,0,0,1
Cap_Phase1_60_R.mp4,1943,0,0,0,0,0,0,1
Cap_Phase1_60_R.mp4,1944,0,0,0,0,0,0,1
Cap_Phase1_60_R.mp4,1945,0,0,0,0,0,0,1
Cap_Phase1_60_R.mp4,1946,0,0,0,0,0,0,1
Cap_Phase1_60_R.mp4,1947,0,0,0,0,0,0,1
Cap_Phase1_60_R.mp4,1948,0,0,0,0,0,0,1
Cap_Phase1_60_R.mp4,1949,0,0,0,0,0,0,1
Cap_Phase1_60_R.mp4,1950,0,0,0,0,0,0,1
Cap_Phase1_60_R.mp4,1951,0,0,0,0,0,0,1
Cap_Phase1_60_R.mp4,1952,0,0,0,0,0,0,1
Cap_Phase1_60_R.mp4,1953,0,0,0,0,0,0,1
Cap_Phase1_60_R.mp4,1954,0,0,0,0,0,0,1
Cap_Phase1_60_R.mp4,1955,0,0,0,0,0,0,1
Cap_Phase1_60_R.mp4,1956,0,0,0,0,0,0,1
Cap_Phase1_60_R.mp4,1957,0,0,0,0,0,0,0
Cap_Phase1_60_R.mp4,1958,0,0,0,0,0,0,0
Cap_Phase1_60_R.mp4,1959,0,0,0,0,0,0,0
Cap_Phase1_60_R.mp4,1960,0,0,0,0,0,0,0
Cap_Phase1_60_R.mp4,1961,0,0,0,0,0,0,0
Cap_Phase1_60_R.mp4,1962,0,0,0,0,0,0,0
Cap_Phase1_60_R.mp4,1963,0,0,0,0,0,0,0
Cap_Phase1_60_R.mp4,1964,0,0,0,0,0,0,0
Cap_Phase1_60_R.mp4,1965,0,0,0,0,0,0,0
Cap_Phase1_60_R.mp4,1966,0,0,0,0,0,0,0
Cap_Phase1_60_R.mp4,1967,0,0,0,0,0,0,0
Cap_Phase1_60_R.mp4,1968,0,0,0,0,0,0,0
Cap_Phase1_60_R.mp4,1969,0,0,0,0,0,0,0
Cap_Phase1_60_R.mp4,1970,0,0,0,0,0,0,0
Cap_Phase1_60_R.mp4,1971,0,0,0,0,0,0,0
Cap_Phase1_60_R.mp4,1972,0,0,0,0,0,0,0
Cap_Phase1_60_R.mp4,1973,0,0,0,0,0,0,0
Cap_Phase1_60_R.mp4,1974,0,0,0,0,0,0,0
Cap_Phase1_60_R.mp4,1975,0,0,0,0,0,0,0
Cap_Phase1_60_R.mp4,1976,0,0,0,0,0,0,0
Cap_Phase1_60_R.mp4,1977,0,0,0,0,0,0,0
Cap_Phase1_60_R.mp4,1978,0,0,0,0,0,0,0
Cap_Phase1_60_R.mp4,1979,0,0,0,0,0,0,0
Cap_Phase1_60_R.mp4,1980,0,0,0,0,0,0,0
Cap_Phase1_60_R.mp4,1981,0,0,0,0,0,0,0
Cap_Phase1_60_R.mp4,1982,0,0,0,0,0,0,0
Cap_Phase1_60_R.mp4,1983,0,0,0,0,0,0,0
Cap_Phase1_60_R.mp4,1984,0,0,0,0,0,0,0
Cap_Phase1_60_R.mp4,1985,0,0,0,0,0,0,0
Cap_Phase1_60_R.mp4,1986,0,0,0,0,0,0,0
Cap_Phase1_60_R.mp4,1987,0,0,0,0,0,1,0
Cap_Phase1_60_R.mp4,1988,0,0,0,0,0,1,0
Cap_Phase1_60_R.mp4,1989,0,0,0,0,0,1,0
Cap_Phase1_60_R.mp4,1990,0,0,0,0,0,1,0
Cap_Phase1_60_R.mp4,1991,0,0,0,0,0,1,0
Cap_Phase1_60_R.mp4,1992,0,0,0,0,0,1,0
Cap_Phase1_60_R.mp4,1993,0,0,0,0,0,1,0
Cap_Phase1_60_R.mp4,1994,0,0,0,0,0,1,0
Cap_Phase1_60_R.mp4,1995,0,0,0,0,0,1,0
Cap_Phase1_60_R.mp4,1996,0,0,0,0,0,1,0
Cap_Phase1_60_R.mp4,1997,0,0,0,0,0,1,0
Cap_Phase1_60_R.mp4,1998,0,0,0,0,0,1,0
Cap_Phase1_60_R.mp4,1999,0,0,0,0,0,1,0
Cap_Phase1_60_R.mp4,2000,0,0,0,0,0,1,0
Cap_Phase1_60_R.mp4,2001,0,0,0,0,0,1,0
Cap_Phase1_60_R.mp4,2002,0,0,0,0,0,1,0
Cap_Phase1_60_R.mp4,2003,0,0,0,0,0,1,0
Cap_Phase1_60_R.mp4,2004,0,0,0,0,0,1,0
Cap_Phase1_60_R.mp4,2005,0,0,0,0,0,1,0
Cap_Phase1_60_R.mp4,2006,0,0,0,0,0,1,0
Cap_Phase1_60_R.mp4,2007,0,0,0,0,0,1,0
Cap_Phase1_60_R.mp4,2008,0,0,0,0,0,1,0
Cap_Phase1_60_R.mp4,2009,0,0,0,0,0,1,0
Cap_Phase1_60_R.mp4,2010,0,0,0,0,0,1,0
Cap_Phase1_60_R.mp4,2011,0,0,0,0,0,1,0
Cap_Phase1_60_R.mp4,2012,0,0,0,0,0,1,0
Cap_Phase1_60_R.mp4,2013,0,0,0,0,0,1,0
Cap_Phase1_60_R.mp4,2014,0,0,0,0,0,1,0
Cap_Phase1_60_R.mp4,2015,0,0,0,0,0,0,0
Cap_Phase1_60_R.mp4,2016,0,0,0,0,0,0,0
Cap_Phase1_60_R.mp4,2017,0,0,0,0,0,0,0
Cap_Phase1_60_R.mp4,2018,0,0,0,0,0,0,0
Cap_Phase1_60_R.mp4,2019,0,0,0,0,0,0,0
Cap_Phase1_60_R.mp4,2020,0,0,0,0,0,0,0
Cap_Phase1_60_R.mp4,2021,0,0,0,0,0,0,0
Cap_Phase1_60_R.mp4,2022,0,0,0,0,0,0,0
Cap_Phase1_60_R.mp4,2023,0,0,0,0,0,0,0
Cap_Phase1_60_R.mp4,2024,0,0,0,0,0,0,0
Cap_Phase1_60_R.mp4,2025,0,0,0,0,0,0,0
Cap_Phase1_60_R.mp4,2026,0,0,0,0,0,0,0
Cap_Phase1_60_R.mp4,2027,0,0,0,0,0,0,0
Cap_Phase1_60_R.mp4,2028,0,0,0,0,0,0,0
Cap_Phase1_60_R.mp4,2029,0,0,0,0,0,0,0
Cap_Phase1_60_R.mp4,2030,0,0,0,0,0,0,0
Cap_Phase1_60_R.mp4,2031,0,0,0,0,0,0,0
Cap_Phase1_60_R.mp4,2032,0,0,0,0,0,0,0
Cap_Phase1_60_R.mp4,2033,0,0,0,0,0,0,0
Cap_Phase1_60_R.mp4,2034,0,0,0,0,0,0,0
Cap_Phase1_60_R.mp4,2035,0,0,0,0,0,0,0
Cap_Phase1_60_R.mp4,2036,0,0,0,0,0,0,0
Cap_Phase1_60_R.mp4,2037,0,0,0,0,0,0,0
Cap_Phase1_60_R.mp4,2038,0,0,0,0,0,0,0
Cap_Phase1_60_R.mp4,2039,0,0,0,0,0,0,0
Cap_Phase1_60_R.mp4,2040,0,0,0,0,0,0,0
Cap_Phase1_60_R.mp4,2041,0,0,0,0,0,0,0
Cap_Phase1_60_R.mp4,2042,0,0,0,0,0,0,0
Cap_Phase1_60_R.mp4,2043,0,0,0,0,0,0,0
Cap_Phase1_60_R.mp4,2044,0,0,0,0,0,0,0
Cap_Phase1_60_R.mp4,2045,0,0,0,1,0,0,0
Cap_Phase1_60_R.mp4,2046,0,0,0,1,0,0,0
Cap_Phase1_60_R.mp4,2047,0,0,0,1,0,0,0
Cap_Phase1_60_R.mp4,2048,0,0,0,1,0,0,0
Cap_Phase1_60_R.mp4,2049,0,0,0,1,0,0,0
Cap_Phase1_60_R.mp4,2050,0,0,0,1,0,0,0
Cap_Phase1_60_R.mp4,2051,0,0,0,1,0,0,0
Cap_Phase1_60_R.mp4,2052,0,0,0,1,0,0,0
Cap_Phase1_60_R.mp4,2053,0,0,0,1,0,0,0
Cap_Phase1_60_R.mp4,2054,0,0,0,1,0,0,0
Cap_Phase1_60_R.mp4,2055,0,0,0,1,0,0,0
Cap_Phase1_60_R.mp4,2056,0,0,0,1,0,0,0
Cap_Phase1_60_R.mp4,2057,0,0,0,1,0,0,0
Cap_Phase1_60_R.mp4,2058,0,0,0,1,0,0,0
Cap_Phase1_60_R.mp4,2059,0,0,0,1,0,0,0
Cap_Phase1_60_R.mp4,2060,0,0,0,1,0,0,0
Cap_Phase1_60_R.mp4,2061,0,0,0,1,0,0,0
Cap_Phase1_60_R.mp4,2062,0,0,0,1,0,0,0
Cap_Phase1_60_R.mp4,2063,0,0,0,1,0,0,0
Cap_Phase1_60_R.mp4,2064,0,0,0,1,0,0,0
Cap_Phase1_60_R.mp4,2065,0,0,0,1,0,0,0
Cap_Phase1_60_R.mp4,2066,0,0,0,1,0,0,0
Cap_Phase1_60_R.mp4,2067,0,0,0,1,0,0,0
Cap_Phase1_60_R.mp4,2068,0,0,0,1,0,0,0
Cap_Phase1_60_R.mp4,2069,0,0,0,1,0,0,0
Cap_Phase1_60_R.mp4,2070,0,0,0,1,0,0,0
Cap_Phase1_60_R.mp4,2071,0,0,0,1,0,0,0
Cap_Phase1_60_R.mp4,2072,0,0,0,1,0,0,0
Cap_Phase1_60_R.mp4,2073,0,0,0,0,0,0,0
Cap_Phase1_60_R.mp4,2074,0,0,0,0,0,0,0
Cap_Phase1_60_R.mp4,2075,0,0,0,0,0,0,0
Cap_Phase1_60_R.mp4,2076,0,0,0,0,0,0,0
Cap_Phase1_60_R.mp4,2077,0,0,0,0,0,0,0
Cap_Phase1_60_R.mp4,2078,0,0,0,0,0,0,0
Cap_Phase1_60_R.mp4,2079,0,0,0,0,0,0,0
Cap_Phase1_60_R.mp4,2080,0,0,0,0,0,0,0
Cap_Phase1_60_R.mp4,2081,0,0,0,0,0,0,0
Cap_Phase1_60_R.mp4,2082,0,0,0,0,0,0,0
Cap_Phase1_60_R.mp4,2083,0,0,0,0,0,0,0
Cap_Phase1_60_R.mp4,2084,0,0,0,0,0,0,0
Cap_Phase1_60_R.mp4,2085,0,0,0,0,0,0,0
Cap_Phase1_60_R.mp4,2086,0,0,0,0,0,0,0
Cap_Phase1_60_R.mp4,2087,0,0,0,0,0,0,0
Cap_Phase1_60_R.mp4,2088,0,0,0,0,0,0,0
Cap_Phase1_60_R.mp4,2089,0,0,0,0,0,0,0
Cap_Phase1_60_R.mp4,2090,0,0,0,0,0,0,0
Cap_Phase1_60_R.mp4,2091,0,0,0,0,0,0,0
Cap_Phase1_60_R.mp4,2092,0,0,0,0,0,0,0
Cap_Phase1_60_R.mp4,2093,0,0,0,0,0,0,0
Cap_Phase1_60_R.mp4,2094,0,0,0,0,0,0,0
Cap_Phase1_60_R.mp4,2095,0,0,0,0,0,0,0
Cap_Phase1_60_R.mp4,2096,0,0,0,0,0,0,0
Cap_Phase1_60_R.mp4,2097,0,0,0,0,0,0,0
Cap_Phase1_60_R.mp4,2098,0,0,0,0,0,0,0
Cap_Phase1_60_R.mp4,2099,0,0,0,0,0,0,0
Cap_Phase1_60_R.mp4,2100,0,0,0,0,0,0,0
Cap_Phase1_60_R.mp4,2101,0,0,0,0,0,0,0
Cap_Phase1_60_R.mp4,2102,0,0,0,0,0,0,0
Cap_Phase1_60_R.mp4,2103,0,0,0,0,0,0,0
Cap_Phase1_60_R.mp4,2104,0,0,0,0,1,0,0
Cap_Phase1_60_R.mp4,2105,0,0,0,0,1,0,0
Cap_Phase1_60_R.mp4,2106,0,0,0,0,1,0,0
Cap_Phase1_60_R.mp4,2107,0,0,0,0,1,0,0
Cap_Phase1_60_R.mp4,2108,0,0,0,0,1,0,0
Cap_Phase1_60_R.mp4,2109,0,0,0,0,1,0,0
Cap_Phase1_60_R.mp4,2110,0,0,0,0,1,0,0
Cap_Phase1_60_R.mp4,2111,0,0,0,0,1,0,0
Cap_Phase1_60_R.mp4,2112,0,0,0,0,1,0,0
Cap_Phase1_60_R.mp4,2113,0,0,0,0,1,0,0
Cap_Phase1_60_R.mp4,2114,0,0,0,0,1,0,0
Cap_Phase1_60_R.mp4,2115,0,0,0,0,1,0,0
Cap_Phase1_60_R.mp4,2116,0,0,0,0,1,0,0
Cap_Phase1_60_R.mp4,2117,0,0,0,0,1,0,0
Cap_Phase1_60_R.mp4,2118,0,0,0,0,1,0,0
Cap_Phase1_60_R.mp4,2119,0,0,0,0,1,0,0
Cap_Phase1_60_R.mp4,2120,0,0,0,0,1,0,0
Cap_Phase1_60_R.mp4,2121,0,0,0,0,1,0,0
Cap_Phase1_60_R.mp4,2122,0,0,0,0,1,0,0
Cap_Phase1_60_R.mp4,2123,0,0,0,0,1,0,0
Cap_Phase1_60_R.mp4,2124,0,0,0,0,1,0,0
Cap_Phase1_60_R.mp4,2125,0,0,0,0,1,0,0
Cap_Phase1_60_R.mp4,2126,0,0,0,0,1,0,0
Cap_Phase1_60_R.mp4,2127,0,0,0,0,1,0,0
Cap_Phase1_60_R.mp4,2128,0,0,0,0,1,0,0
Cap_Phase1_60_R.mp4,2129,0,0,0,0,1,0,0
Cap_Phase1_60_R.mp4,2130,0,0,0,0,1,0,0
Cap_Phase1_60_R.mp4,2131,0,0,0,0,1,0,0
Cap_Phase1_60_R.mp4,2132,0,0,0,0,1,0,0
Cap_Phase1_60_R.mp4,2133,0,0,0,0,1,0,0
Cap_Phase1_60_R.mp4,2134,0,0,0,0,0,0,0
Cap_Phase1_60_R.mp4,2135,0,0,0,0,0,0,0
Cap_Phase1_60_R.mp4,2136,0,0,0,0,0,0,0
Cap_Phase1_60_R.mp4,2137,0,0,0,0,0,0,0
Cap_Phase1_60_R.mp4,2138,0,0,0,0,0,0,0
Cap_Phase1_60_R.mp4,2139,0,0,0,0,0,0,0
Cap_Phase1_60_R.mp4,2140,0,0,0,0,0,0,0
Cap_Phase1_60_R.mp4,2141,0,0,0,0,0,0,0
Cap_Phase1_60_R.mp4,2142,0,0,0,0,0,0,0
Cap_Phase1_60_R.mp4,2143,0,0,0,0,0,0,0
Cap_Phase1_60_R.mp4,2144,0,0,0,0,0,0,0
Cap_Phase1_60_R.mp4,2145,0,0,0,0,0,0,0
Cap_Phase1_60_R.mp4,2146,0,0,0,0,0,0,0
Cap_Phase1_60_R.mp4,2147,0,0,0,0,0,0,0
Cap_Phase1_60_R.mp4,2148,0,0,0,0,0,0,0
Cap_Phase1_60_R.mp4,2149,0,0,0,0,0,0,0
Cap_Phase1_60_R.mp4,2150,0,0,0,0,0,0,0
Cap_Phase1_60_R.mp4,2151,0,0,0,0,0,0,0
Cap_Phase1_60_R.mp4,2152,0,0,0,0,0,0,0
Cap_Phase1_60_R.mp4,2153,0,0,0,0,0,0,0
Cap_Phase1_60_R.mp4,2154,0,0,0,0,0,0,0
Cap_Phase1_60_R.mp4,2155,0,0,0,0,0,0,0
Cap_Phase1_60_R.mp4,2156,0,0,0,0,0,0,0
Cap_Phase1_60_R.mp4,2157,0,0,0,0,0,0,0
Cap_Phase1_60_R.mp4,2158,0,0,0,0,0,0,0
Cap_Phase1_60_R.mp4,2159,0,0,0,0,0,0,0
Cap_Phase1_60_R.mp4,2160,0,0,0,0,0,0,0
Cap_Phase1_60_R.mp4,2161,0,0,0,0,0,0,0
Cap_Phase1_60_R.mp4,2162,0,0,0,0,0,0,0
Cap_Phase1_60_R.mp4,2163,0,0,0,0,0,0,0
Cap_Phase1_60_R.mp4,2164,0,0,0,1,0,0,0
Cap_Phase1_60_R.mp4,2165,0,0,0,1,0,0,0
Cap_Phase1_60_R.mp4,2166,0,0,0,1,0,0,0
Cap_Phase1_60_R.mp4,2167,0,0,0,0,0,0,0
Cap_Phase1_60_R.mp4,2168,0,0,0,0,0,0,0
Cap_Phase1_60_R.mp4,2169,0,1,1,0,0,0,0
Cap_Phase1_60_R.mp4,2170,0,1,1,0,0,0,0
Cap_Phase1_60_R.mp4,2171,0,0,0,0,0,0,0
Cap_Phase1_60_R.mp4,2172,0,0,0,0,0,0,0
Cap_Phase1_60_R.mp4,2173,0,0,0,0,0,0,0
Cap_Phase1_60_R.mp4,2174,0,0,0,0,0,0,0
Cap_Phase1_60_R.mp4,2175,0,0,0,0,0,0,0
Cap_Phase1_60_R.mp4,2176,0,0,0,0,0,0,0
Cap_Phase1_60_R.mp4,2177,0,1,1,0,0,0,0
Cap_Phase1_60_R.mp4,2178,0,1,1,0,0,0,0
Cap_Phase1_60_R.mp4,2179,0,1,1,0,0,0,0
Cap_Phase1_60_R.mp4,2180,0,1,1,0,0,0,0
Cap_Phase1_60_R.mp4,2181,0,0,1,0,0,0,0
Cap_Phase1_60_R.mp4,2182,0,1,1,0,0,0,0
Cap_Phase1_60_R.mp4,2183,0,1,1,0,0,0,0
Cap_Phase1_60_R.mp4,2184,0,1,1,0,0,0,0
Cap_Phase1_60_R.mp4,2185,0,1,1,0,0,0,0
Cap_Phase1_60_R.mp4,2186,0,1,1,0,0,0,0
Cap_Phase1_60_R.mp4,2187,0,1,1,0,0,0,0
Cap_Phase1_60_R.mp4,2188,0,1,1,0,0,0,0
Cap_Phase1_60_R.mp4,2189,0,1,1,0,0,0,0
Cap_Phase1_60_R.mp4,2190,0,1,1,0,0,0,0
Cap_Phase1_60_R.mp4,2191,0,1,1,0,0,0,0
Cap_Phase1_60_R.mp4,2192,0,1,1,0,0,0,0
Cap_Phase1_60_R.mp4,2193,0,1,1,0,0,0,0
Cap_Phase1_60_R.mp4,2194,0,1,1,0,0,0,0
Cap_Phase1_60_R.mp4,2195,0,1,1,0,0,0,0
Cap_Phase1_60_R.mp4,2196,0,1,1,0,0,0,0
Cap_Phase1_60_R.mp4,2197,0,1,1,0,0,0,0
Cap_Phase1_60_R.mp4,2198,0,1,1,0,0,0,0
Cap_Phase1_60_R.mp4,2199,0,1,1,0,0,0,0
Cap_Phase1_60_R.mp4,2200,0,1,1,0,0,0,0
Cap_Phase1_60_R.mp4,2201,0,1,1,0,0,0,0
Cap_Phase1_60_R.mp4,2202,0,1,1,0,0,0,0
Cap_Phase1_60_R.mp4,2203,0,0,0,0,0,0,0
Cap_Phase1_60_R.mp4,2204,0,0,0,0,0,0,0
Cap_Phase1_60_R.mp4,2205,0,0,0,0,0,0,0
Cap_Phase1_60_R.mp4,2206,0,0,0,0,0,0,0
Cap_Phase1_60_R.mp4,2207,0,0,0,0,0,0,0
Cap_Phase1_60_R.mp4,2208,0,0,0,0,0,0,0
Cap_Phase1_60_R.mp4,2209,0,0,0,0,0,0,0
Cap_Phase1_60_R.mp4,2210,0,0,0,0,0,0,0
Cap_Phase1_60_R.mp4,2211,0,0,0,0,0,0,0
Cap_Phase1_60_R.mp4,2212,0,0,0,0,0,0,0
Cap_Phase1_60_R.mp4,2213,0,0,0,0,0,0,0
Cap_Phase1_60_R.mp4,2214,0,0,0,0,0,0,0
Cap_Phase1_60_R.mp4,2215,0,0,0,0,0,0,0
Cap_Phase1_60_R.mp4,2216,0,0,0,0,0,0,0
Cap_Phase1_60_R.mp4,2217,0,0,0,0,0,0,0
Cap_Phase1_60_R.mp4,2218,0,0,0,0,0,0,0
Cap_Phase1_60_R.mp4,2219,0,0,0,0,0,0,0
Cap_Phase1_60_R.mp4,2220,0,0,0,0,0,0,0
Cap_Phase1_60_R.mp4,2221,0,0,0,0,0,0,0
Cap_Phase1_60_R.mp4,2222,0,0,0,0,0,0,0
Cap_Phase1_60_R.mp4,2223,0,0,0,0,0,0,0
Cap_Phase1_60_R.mp4,2224,0,0,0,0,0,0,0
Cap_Phase1_60_R.mp4,2225,0,0,0,0,0,0,0
Cap_Phase1_60_R.mp4,2226,0,0,0,0,0,0,0
Cap_Phase1_60_R.mp4,2227,0,0,0,0,0,0,0
Cap_Phase1_60_R.mp4,2228,0,0,0,0,0,0,0
Cap_Phase1_60_R.mp4,2229,0,0,0,0,0,0,0
Cap_Phase1_60_R.mp4,2230,0,1,1,0,0,0,0
Cap_Phase1_60_R.mp4,2231,0,1,1,0,0,0,0
Cap_Phase1_60_R.mp4,2232,0,1,1,0,0,0,0
Cap_Phase1_60_R.mp4,2233,0,1,1,0,0,0,0
Cap_Phase1_60_R.mp4,2234,0,1,1,0,0,0,0
Cap_Phase1_60_R.mp4,2235,0,1,1,0,0,0,0
Cap_Phase1_60_R.mp4,2236,0,1,1,0,0,0,0
Cap_Phase1_60_R.mp4,2237,0,1,1,0,0,0,0
Cap_Phase1_60_R.mp4,2238,0,1,1,0,0,0,0
Cap_Phase1_60_R.mp4,2239,0,1,1,0,0,0,0
Cap_Phase1_60_R.mp4,2240,0,1,1,0,0,0,0
Cap_Phase1_60_R.mp4,2241,0,1,1,0,0,0,0
Cap_Phase1_60_R.mp4,2242,0,1,1,0,0,0,0
Cap_Phase1_60_R.mp4,2243,0,1,1,0,0,0,0
Cap_Phase1_60_R.mp4,2244,0,1,1,0,0,0,0
Cap_Phase1_60_R.mp4,2245,0,1,1,0,0,0,0
Cap_Phase1_60_R.mp4,2246,0,1,1,0,0,0,0
Cap_Phase1_60_R.mp4,2247,0,1,1,0,0,0,0
Cap_Phase1_60_R.mp4,2248,0,1,1,0,0,0,0
Cap_Phase1_60_R.mp4,2249,0,1,1,0,0,0,0
Cap_Phase1_60_R.mp4,2250,0,1,1,0,0,0,0
Cap_Phase1_60_R.mp4,2251,0,1,1,0,0,0,0
Cap_Phase1_60_R.mp4,2252,0,1,1,0,0,0,0
Cap_Phase1_60_R.mp4,2253,0,1,1,0,0,0,0
Cap_Phase1_60_R.mp4,2254,0,1,1,0,0,0,0
Cap_Phase1_60_R.mp4,2255,0,0,0,0,0,0,0
Cap_Phase1_60_R.mp4,2256,0,0,0,0,0,0,0
Cap_Phase1_60_R.mp4,2257,0,0,0,0,0,0,0
Cap_Phase1_60_R.mp4,2258,0,0,0,0,0,0,0
Cap_Phase1_60_R.mp4,2259,0,0,0,0,0,0,0
Cap_Phase1_60_R.mp4,2260,0,0,0,0,0,0,0
Cap_Phase1_60_R.mp4,2261,0,0,0,0,0,0,0
Cap_Phase1_60_R.mp4,2262,0,0,0,0,0,0,0
Cap_Phase1_60_R.mp4,2263,0,0,0,0,0,0,0
Cap_Phase1_60_R.mp4,2264,0,0,0,0,0,0,0
Cap_Phase1_60_R.mp4,2265,0,0,0,0,0,0,0
Cap_Phase1_60_R.mp4,2266,0,0,0,0,0,0,0
Cap_Phase1_60_R.mp4,2267,0,0,0,0,0,0,0
Cap_Phase1_60_R.mp4,2268,0,0,0,0,0,0,0
Cap_Phase1_60_R.mp4,2269,0,0,0,0,0,0,0
Cap_Phase1_60_R.mp4,2270,0,0,0,0,0,0,0
Cap_Phase1_60_R.mp4,2271,0,0,0,0,0,0,0
Cap_Phase1_60_R.mp4,2272,0,0,0,0,0,0,0
Cap_Phase1_60_R.mp4,2273,0,0,0,0,0,0,0
Cap_Phase1_60_R.mp4,2274,0,0,0,0,0,0,0
Cap_Phase1_60_R.mp4,2275,0,0,0,0,0,0,0
Cap_Phase1_60_R.mp4,2276,0,0,0,0,0,0,0
Cap_Phase1_60_R.mp4,2277,0,0,0,0,0,0,0
Cap_Phase1_60_R.mp4,2278,0,0,0,0,0,0,0
Cap_Phase1_60_R.mp4,2279,0,0,0,0,0,0,0
Cap_Phase1_60_R.mp4,2280,0,0,0,0,0,0,0
Cap_Phase1_60_R.mp4,2281,0,0,0,0,0,0,0
Cap_Phase1_60_R.mp4,2282,0,0,0,0,0,0,0
Cap_Phase1_60_R.mp4,2283,0,0,0,0,0,0,0
Cap_Phase1_60_R.mp4,2284,0,0,0,0,0,0,0
Cap_Phase1_60_R.mp4,2285,0,0,0,0,0,0,0
Cap_Phase1_60_R.mp4,2286,0,0,0,0,0,0,0
Cap_Phase1_60_R.mp4,2287,0,0,0,0,0,0,0
Cap_Phase1_60_R.mp4,2288,0,0,0,0,0,0,0
Cap_Phase1_60_R.mp4,2289,0,0,0,0,0,0,0
Cap_Phase1_60_R.mp4,2290,0,0,0,0,0,0,0
Cap_Phase1_60_R.mp4,2291,0,0,0,0,0,0,0
Cap_Phase1_60_R.mp4,2292,0,0,0,0,0,0,0
Cap_Phase1_60_R.mp4,2293,0,0,0,0,0,0,0
Cap_Phase1_60_R.mp4,2294,0,0,0,0,0,0,0
Cap_Phase1_60_R.mp4,2295,0,1,1,0,0,0,0
Cap_Phase1_60_R.mp4,2296,0,1,1,0,0,0,0
Cap_Phase1_60_R.mp4,2297,0,1,1,0,0,0,0
Cap_Phase1_60_R.mp4,2298,0,1,1,0,0,0,0
Cap_Phase1_60_R.mp4,2299,0,1,1,0,0,0,0
Cap_Phase1_60_R.mp4,2300,0,1,1,0,0,0,0
Cap_Phase1_60_R.mp4,2301,0,1,1,0,0,0,0
Cap_Phase1_60_R.mp4,2302,0,1,1,0,0,0,0
Cap_Phase1_60_R.mp4,2303,0,1,1,0,0,0,0
Cap_Phase1_60_R.mp4,2304,0,1,1,0,0,0,0
Cap_Phase1_60_R.mp4,2305,0,1,1,0,0,0,0
Cap_Phase1_60_R.mp4,2306,0,1,1,0,0,0,0
Cap_Phase1_60_R.mp4,2307,0,1,1,0,0,0,0
Cap_Phase1_60_R.mp4,2308,0,1,1,0,0,0,0
Cap_Phase1_60_R.mp4,2309,0,1,1,0,0,0,0
Cap_Phase1_60_R.mp4,2310,0,1,1,0,0,0,0
Cap_Phase1_60_R.mp4,2311,0,1,1,0,0,0,0
Cap_Phase1_60_R.mp4,2312,0,1,1,0,0,0,0
Cap_Phase1_60_R.mp4,2313,0,1,1,0,0,0,0
Cap_Phase1_60_R.mp4,2314,0,1,1,0,0,0,0
Cap_Phase1_60_R.mp4,2315,0,0,0,0,0,0,0
Cap_Phase1_60_R.mp4,2316,0,0,0,0,0,0,0
Cap_Phase1_60_R.mp4,2317,0,0,0,0,0,0,0
Cap_Phase1_60_R.mp4,2318,0,0,0,0,0,0,0
Cap_Phase1_60_R.mp4,2319,0,0,0,0,0,0,0
Cap_Phase1_60_R.mp4,2320,0,0,0,0,0,0,0
Cap_Phase1_60_R.mp4,2321,0,0,0,0,0,0,0
Cap_Phase1_60_R.mp4,2322,0,0,0,0,0,0,0
Cap_Phase1_60_R.mp4,2323,0,0,0,0,0,0,0
Cap_Phase1_60_R.mp4,2324,0,0,0,0,0,0,0
Cap_Phase1_60_R.mp4,2325,0,0,0,0,0,0,0
Cap_Phase1_60_R.mp4,2326,0,0,0,0,0,0,0
Cap_Phase1_60_R.mp4,2327,0,0,0,0,0,0,0
Cap_Phase1_60_R.mp4,2328,0,0,0,0,0,0,0
Cap_Phase1_60_R.mp4,2329,0,0,0,0,0,0,0
Cap_Phase1_60_R.mp4,2330,0,0,0,0,0,0,0
Cap_Phase1_60_R.mp4,2331,0,0,0,0,0,0,0
Cap_Phase1_60_R.mp4,2332,0,0,0,0,0,0,0
Cap_Phase1_60_R.mp4,2333,0,0,0,0,0,0,0
Cap_Phase1_60_R.mp4,2334,0,0,0,0,0,0,0
Cap_Phase1_60_R.mp4,2335,0,0,0,0,0,0,0
Cap_Phase1_60_R.mp4,2336,0,0,0,0,0,0,0
Cap_Phase1_60_R.mp4,2337,0,0,0,0,0,0,0
Cap_Phase1_60_R.mp4,2338,0,0,0,0,0,0,0
Cap_Phase1_60_R.mp4,2339,0,0,0,0,0,0,0
Cap_Phase1_60_R.mp4,2340,0,0,0,0,0,0,0
Cap_Phase1_60_R.mp4,2341,0,0,0,0,0,0,0
Cap_Phase1_60_R.mp4,2342,0,0,0,0,0,0,0
Cap_Phase1_60_R.mp4,2343,0,0,0,0,0,0,0
Cap_Phase1_60_R.mp4,2344,0,0,0,0,1,0,0
Cap_Phase1_60_R.mp4,2345,0,0,0,1,0,0,0
Cap_Phase1_60_R.mp4,2346,0,0,0,1,0,0,0
Cap_Phase1_60_R.mp4,2347,0,0,0,1,0,0,0
Cap_Phase1_60_R.mp4,2348,0,0,0,1,0,0,0
Cap_Phase1_60_R.mp4,2349,0,0,0,1,0,0,0
Cap_Phase1_60_R.mp4,2350,0,0,0,1,0,0,0
Cap_Phase1_60_R.mp4,2351,0,0,0,1,0,0,0
Cap_Phase1_60_R.mp4,2352,0,0,0,1,0,0,0
Cap_Phase1_60_R.mp4,2353,0,0,0,1,0,0,0
Cap_Phase1_60_R.mp4,2354,0,0,0,1,0,0,0
Cap_Phase1_60_R.mp4,2355,0,0,0,1,0,0,0
Cap_Phase1_60_R.mp4,2356,0,0,0,1,0,0,0
Cap_Phase1_60_R.mp4,2357,0,0,0,1,0,0,0
Cap_Phase1_60_R.mp4,2358,0,0,0,1,0,0,0
Cap_Phase1_60_R.mp4,2359,0,0,0,1,0,0,0
Cap_Phase1_60_R.mp4,2360,0,0,0,1,0,0,0
Cap_Phase1_60_R.mp4,2361,0,0,0,1,0,0,0
Cap_Phase1_60_R.mp4,2362,0,0,0,1,0,0,0
Cap_Phase1_60_R.mp4,2363,0,0,0,1,0,0,0
Cap_Phase1_60_R.mp4,2364,0,0,0,1,0,0,0
Cap_Phase1_60_R.mp4,2365,0,1,0,1,0,0,0
Cap_Phase1_60_R.mp4,2366,0,0,0,1,0,0,0
Cap_Phase1_60_R.mp4,2367,0,0,0,1,0,0,0
Cap_Phase1_60_R.mp4,2368,0,0,0,1,0,0,0
Cap_Phase1_60_R.mp4,2369,0,0,0,1,0,0,0
Cap_Phase1_60_R.mp4,2370,0,0,0,1,0,0,0
Cap_Phase1_60_R.mp4,2371,0,0,0,0,0,0,0
Cap_Phase1_60_R.mp4,2372,0,0,0,0,0,0,0
Cap_Phase1_60_R.mp4,2373,0,0,0,0,0,0,0
Cap_Phase1_60_R.mp4,2374,0,0,0,0,0,0,0
Cap_Phase1_60_R.mp4,2375,0,0,0,0,0,0,0
Cap_Phase1_60_R.mp4,2376,0,0,0,0,0,0,0
Cap_Phase1_60_R.mp4,2377,0,0,0,0,0,0,0
Cap_Phase1_60_R.mp4,2378,0,0,0,0,0,0,0
Cap_Phase1_60_R.mp4,2379,0,0,0,0,0,0,0
Cap_Phase1_60_R.mp4,2380,0,0,0,0,0,0,0
Cap_Phase1_60_R.mp4,2381,0,0,0,0,0,0,0
Cap_Phase1_60_R.mp4,2382,0,0,0,0,0,0,0
Cap_Phase1_60_R.mp4,2383,0,0,0,0,0,0,0
Cap_Phase1_60_R.mp4,2384,0,0,0,0,0,0,0
Cap_Phase1_60_R.mp4,2385,0,0,0,0,0,0,0
Cap_Phase1_60_R.mp4,2386,0,0,0,0,0,0,0
Cap_Phase1_60_R.mp4,2387,0,0,0,0,0,0,0
Cap_Phase1_60_R.mp4,2388,0,0,0,0,0,0,0
Cap_Phase1_60_R.mp4,2389,0,0,0,0,0,0,0
Cap_Phase1_60_R.mp4,2390,0,0,0,0,0,0,0
Cap_Phase1_60_R.mp4,2391,0,0,0,0,0,0,0
Cap_Phase1_60_R.mp4,2392,0,0,0,0,0,0,0
Cap_Phase1_60_R.mp4,2393,0,0,0,0,0,0,0
Cap_Phase1_60_R.mp4,2394,0,0,0,0,0,0,0
Cap_Phase1_60_R.mp4,2395,0,0,0,0,0,0,0
Cap_Phase1_60_R.mp4,2396,0,0,0,0,0,0,0
Cap_Phase1_60_R.mp4,2397,0,0,0,0,0,0,0
Cap_Phase1_60_R.mp4,2398,0,0,0,0,0,0,0
Cap_Phase1_60_R.mp4,2399,0,0,0,0,0,0,0
Cap_Phase1_60_R.mp4,2400,0,0,0,0,0,0,0
Cap_Phase1_60_R.mp4,2401,0,0,0,0,0,0,0
Cap_Phase1_60_R.mp4,2402,0,0,0,0,0,0,0
Cap_Phase1_60_R.mp4,2403,0,0,0,0,0,0,0
Cap_Phase1_60_R.mp4,2404,0,0,0,0,0,0,0
Cap_Phase1_60_R.mp4,2405,0,0,0,0,0,0,0
Cap_Phase1_60_R.mp4,2406,0,0,0,0,0,0,0
Cap_Phase1_60_R.mp4,2407,0,0,0,0,0,0,0
Cap_Phase1_60_R.mp4,2408,0,0,0,0,0,0,0
Cap_Phase1_60_R.mp4,2409,0,0,0,0,1,0,0
Cap_Phase1_60_R.mp4,2410,0,0,0,0,1,0,0
Cap_Phase1_60_R.mp4,2411,0,0,0,0,1,0,0
Cap_Phase1_60_R.mp4,2412,0,0,0,0,1,0,0
Cap_Phase1_60_R.mp4,2413,0,0,0,0,1,0,0
Cap_Phase1_60_R.mp4,2414,0,0,0,0,1,0,0
Cap_Phase1_60_R.mp4,2415,0,0,0,0,1,0,0
Cap_Phase1_60_R.mp4,2416,0,0,0,0,1,0,0
Cap_Phase1_60_R.mp4,2417,0,0,0,0,1,0,0
Cap_Phase1_60_R.mp4,2418,0,0,0,0,1,0,0
Cap_Phase1_60_R.mp4,2419,0,0,0,0,1,0,0
Cap_Phase1_60_R.mp4,2420,0,0,0,0,1,0,0
Cap_Phase1_60_R.mp4,2421,0,0,0,0,1,0,0
Cap_Phase1_60_R.mp4,2422,0,0,0,0,1,0,0
Cap_Phase1_60_R.mp4,2423,0,0,0,0,1,0,0
Cap_Phase1_60_R.mp4,2424,0,0,0,0,1,0,0
Cap_Phase1_60_R.mp4,2425,0,0,0,0,1,0,0
Cap_Phase1_60_R.mp4,2426,0,0,0,0,1,0,0
Cap_Phase1_60_R.mp4,2427,0,0,0,0,1,0,0
Cap_Phase1_60_R.mp4,2428,0,0,0,0,1,0,0
Cap_Phase1_60_R.mp4,2429,0,0,0,0,1,0,0
Cap_Phase1_60_R.mp4,2430,0,0,0,0,1,0,0
Cap_Phase1_60_R.mp4,2431,0,0,0,0,1,0,0
Cap_Phase1_60_R.mp4,2432,0,0,0,0,1,0,0
Cap_Phase1_60_R.mp4,2433,0,0,0,0,1,0,0
Cap_Phase1_60_R.mp4,2434,0,0,0,0,1,0,0
Cap_Phase1_60_R.mp4,2435,0,0,0,0,1,0,0
Cap_Phase1_60_R.mp4,2436,0,0,0,0,1,0,0
Cap_Phase1_60_R.mp4,2437,0,0,0,0,0,0,0
Cap_Phase1_60_R.mp4,2438,0,0,0,0,0,0,0
Cap_Phase1_60_R.mp4,2439,0,0,0,0,0,0,0
Cap_Phase1_60_R.mp4,2440,0,0,0,0,0,0,0
Cap_Phase1_60_R.mp4,2441,0,0,0,0,0,0,0
Cap_Phase1_60_R.mp4,2442,0,0,0,0,0,0,0
Cap_Phase1_60_R.mp4,2443,0,0,0,0,0,0,0
Cap_Phase1_60_R.mp4,2444,0,0,0,0,0,0,0
Cap_Phase1_60_R.mp4,2445,0,0,0,0,0,0,0
Cap_Phase1_60_R.mp4,2446,0,0,0,0,0,0,0
Cap_Phase1_60_R.mp4,2447,0,0,0,0,0,0,0
Cap_Phase1_60_R.mp4,2448,0,0,0,0,0,0,0
Cap_Phase1_60_R.mp4,2449,0,0,0,0,0,0,0
Cap_Phase1_60_R.mp4,2450,0,0,0,0,0,0,0
Cap_Phase1_60_R.mp4,2451,0,0,0,0,0,0,0
Cap_Phase1_60_R.mp4,2452,0,0,0,0,0,0,0
Cap_Phase1_60_R.mp4,2453,0,0,0,0,0,0,0
Cap_Phase1_60_R.mp4,2454,0,0,0,0,0,0,0
Cap_Phase1_60_R.mp4,2455,0,0,0,0,0,0,0
Cap_Phase1_60_R.mp4,2456,0,0,0,0,0,0,0
Cap_Phase1_60_R.mp4,2457,0,0,0,0,0,0,0
Cap_Phase1_60_R.mp4,2458,0,0,0,0,0,0,0
Cap_Phase1_60_R.mp4,2459,0,0,0,0,0,0,0
Cap_Phase1_60_R.mp4,2460,0,0,0,0,0,0,0
Cap_Phase1_60_R.mp4,2461,0,0,0,0,0,0,0
Cap_Phase1_60_R.mp4,2462,0,0,0,0,0,0,0
Cap_Phase1_60_R.mp4,2463,0,0,0,0,0,0,0
Cap_Phase1_60_R.mp4,2464,0,0,0,0,0,1,0
Cap_Phase1_60_R.mp4,2465,0,0,0,0,0,1,0
Cap_Phase1_60_R.mp4,2466,0,0,0,0,0,1,0
Cap_Phase1_60_R.mp4,2467,0,0,0,0,0,1,0
Cap_Phase1_60_R.mp4,2468,0,0,0,0,0,1,0
Cap_Phase1_60_R.mp4,2469,0,0,0,0,0,1,0
Cap_Phase1_60_R.mp4,2470,0,0,0,0,0,1,0
Cap_Phase1_60_R.mp4,2471,0,0,0,0,0,1,0
Cap_Phase1_60_R.mp4,2472,0,0,0,0,0,1,0
Cap_Phase1_60_R.mp4,2473,0,0,0,0,0,1,0
Cap_Phase1_60_R.mp4,2474,0,0,0,0,0,1,0
Cap_Phase1_60_R.mp4,2475,0,0,0,0,0,1,0
Cap_Phase1_60_R.mp4,2476,0,0,0,0,0,1,0
Cap_Phase1_60_R.mp4,2477,0,0,0,0,0,1,0
Cap_Phase1_60_R.mp4,2478,0,0,0,0,0,1,0
Cap_Phase1_60_R.mp4,2479,0,0,0,0,0,1,0
Cap_Phase1_60_R.mp4,2480,0,0,0,0,0,1,0
Cap_Phase1_60_R.mp4,2481,0,0,0,0,0,1,0
Cap_Phase1_60_R.mp4,2482,0,0,0,0,0,1,0
Cap_Phase1_60_R.mp4,2483,0,0,0,0,0,1,0
Cap_Phase1_60_R.mp4,2484,0,0,0,0,0,1,0
Cap_Phase1_60_R.mp4,2485,0,0,0,0,0,1,0
Cap_Phase1_60_R.mp4,2486,0,0,0,0,0,1,0
Cap_Phase1_60_R.mp4,2487,0,0,0,0,0,1,0
Cap_Phase1_60_R.mp4,2488,0,0,0,0,0,1,0
Cap_Phase1_60_R.mp4,2489,0,0,0,0,0,1,0
Cap_Phase1_60_R.mp4,2490,0,0,0,0,0,0,0
Cap_Phase1_60_R.mp4,2491,0,0,0,0,0,0,0
Cap_Phase1_60_R.mp4,2492,0,0,0,0,0,0,0
Cap_Phase1_60_R.mp4,2493,0,0,0,0,0,0,0
Cap_Phase1_60_R.mp4,2494,0,0,0,0,0,0,0
Cap_Phase1_60_R.mp4,2495,0,0,0,0,0,0,0
Cap_Phase1_60_R.mp4,2496,0,0,0,0,0,0,0
Cap_Phase1_60_R.mp4,2497,0,0,0,0,0,0,0
Cap_Phase1_60_R.mp4,2498,0,0,0,0,0,0,0
Cap_Phase1_60_R.mp4,2499,0,0,0,0,0,0,0
Cap_Phase1_60_R.mp4,2500,0,0,0,0,0,0,0
Cap_Phase1_60_R.mp4,2501,0,0,0,0,0,0,0
Cap_Phase1_60_R.mp4,2502,0,0,0,0,0,0,0
Cap_Phase1_60_R.mp4,2503,0,0,0,0,0,0,0
Cap_Phase1_60_R.mp4,2504,0,0,0,0,0,0,0
Cap_Phase1_60_R.mp4,2505,0,0,0,0,0,0,0
Cap_Phase1_60_R.mp4,2506,0,0,0,0,0,0,0
Cap_Phase1_60_R.mp4,2507,0,0,0,0,0,0,0
Cap_Phase1_60_R.mp4,2508,0,0,0,0,0,0,0
Cap_Phase1_60_R.mp4,2509,0,0,0,0,0,0,0
Cap_Phase1_60_R.mp4,2510,0,0,0,0,0,0,0
Cap_Phase1_60_R.mp4,2511,0,0,0,0,0,0,0
Cap_Phase1_60_R.mp4,2512,0,0,0,0,0,0,0
Cap_Phase1_60_R.mp4,2513,0,0,0,0,0,0,0
Cap_Phase1_60_R.mp4,2514,0,0,0,0,0,0,0
Cap_Phase1_60_R.mp4,2515,0,0,0,0,0,0,0
Cap_Phase1_60_R.mp4,2516,0,0,0,0,0,0,0
Cap_Phase1_60_R.mp4,2517,0,0,0,0,0,0,0
Cap_Phase1_60_R.mp4,2518,0,0,0,0,0,0,0
Cap_Phase1_60_R.mp4,2519,0,0,0,0,0,0,0
Cap_Phase1_60_R.mp4,2520,0,0,0,0,0,0,0
Cap_Phase1_60_R.mp4,2521,0,0,0,0,0,0,0
Cap_Phase1_60_R.mp4,2522,0,0,0,0,0,0,0
Cap_Phase1_60_R.mp4,2523,0,0,0,0,0,0,0
Cap_Phase1_60_R.mp4,2524,0,0,0,0,0,0,0
Cap_Phase1_60_R.mp4,2525,0,0,0,0,0,0,1
Cap_Phase1_60_R.mp4,2526,0,0,0,0,0,0,1
Cap_Phase1_60_R.mp4,2527,0,0,0,0,0,0,1
Cap_Phase1_60_R.mp4,2528,0,0,0,0,0,0,1
Cap_Phase1_60_R.mp4,2529,0,0,0,0,0,0,1
Cap_Phase1_60_R.mp4,2530,0,0,0,0,0,0,1
Cap_Phase1_60_R.mp4,2531,0,0,0,0,0,0,1
Cap_Phase1_60_R.mp4,2532,0,0,0,0,0,0,1
Cap_Phase1_60_R.mp4,2533,0,0,0,0,0,0,1
Cap_Phase1_60_R.mp4,2534,0,0,0,0,0,0,1
Cap_Phase1_60_R.mp4,2535,0,0,0,0,0,0,1
Cap_Phase1_60_R.mp4,2536,0,0,0,0,0,0,1
Cap_Phase1_60_R.mp4,2537,0,0,0,0,0,0,1
Cap_Phase1_60_R.mp4,2538,0,0,0,0,0,0,1
Cap_Phase1_60_R.mp4,2539,0,0,0,0,0,0,1
Cap_Phase1_60_R.mp4,2540,0,0,0,0,0,0,1
Cap_Phase1_60_R.mp4,2541,0,0,0,0,0,0,1
Cap_Phase1_60_R.mp4,2542,0,0,0,0,0,0,1
Cap_Phase1_60_R.mp4,2543,0,0,0,0,0,0,1
Cap_Phase1_60_R.mp4,2544,0,0,0,0,0,0,1
Cap_Phase1_60_R.mp4,2545,0,0,0,0,0,0,1
Cap_Phase1_60_R.mp4,2546,0,0,0,0,0,0,1
Cap_Phase1_60_R.mp4,2547,0,0,0,0,0,0,1
Cap_Phase1_60_R.mp4,2548,0,0,0,0,0,0,0
Cap_Phase1_60_R.mp4,2549,0,0,0,0,0,0,0
Cap_Phase1_60_R.mp4,2550,0,0,0,0,0,0,0
Cap_Phase1_60_R.mp4,2551,0,0,0,0,0,0,0
Cap_Phase1_60_R.mp4,2552,0,0,0,0,0,0,0
Cap_Phase1_60_R.mp4,2553,0,0,0,0,0,0,0
Cap_Phase1_60_R.mp4,2554,0,0,0,0,0,0,0
Cap_Phase1_60_R.mp4,2555,0,0,0,0,0,0,0
Cap_Phase1_60_R.mp4,2556,0,0,0,0,0,0,0
Cap_Phase1_60_R.mp4,2557,0,0,0,0,0,0,0
Cap_Phase1_60_R.mp4,2558,0,0,0,0,0,0,0
Cap_Phase1_60_R.mp4,2559,0,0,0,0,0,0,0
Cap_Phase1_60_R.mp4,2560,0,0,0,0,0,0,0
Cap_Phase1_60_R.mp4,2561,0,0,0,0,0,0,0
Cap_Phase1_60_R.mp4,2562,0,0,0,0,0,0,0
Cap_Phase1_60_R.mp4,2563,0,0,0,0,0,0,0
Cap_Phase1_60_R.mp4,2564,0,0,0,0,0,0,0
Cap_Phase1_60_R.mp4,2565,0,0,0,0,0,0,0
Cap_Phase1_60_R.mp4,2566,0,0,0,0,0,0,0
Cap_Phase1_60_R.mp4,2567,0,0,0,0,0,0,0
Cap_Phase1_60_R.mp4,2568,0,0,0,0,0,0,0
Cap_Phase1_60_R.mp4,2569,0,0,0,0,0,0,0
Cap_Phase1_60_R.mp4,2570,0,0,0,0,0,0,0
Cap_Phase1_60_R.mp4,2571,0,0,0,0,0,0,0
Cap_Phase1_60_R.mp4,2572,0,0,0,0,0,0,0
Cap_Phase1_60_R.mp4,2573,0,0,0,0,0,0,0
Cap_Phase1_60_R.mp4,2574,0,0,0,0,0,0,0
Cap_Phase1_60_R.mp4,2575,0,0,0,0,0,0,0
Cap_Phase1_60_R.mp4,2576,0,0,0,0,0,0,0
Cap_Phase1_60_R.mp4,2577,0,0,0,0,0,0,0
Cap_Phase1_60_R.mp4,2578,0,0,0,0,0,0,0
Cap_Phase1_60_R.mp4,2579,0,0,0,0,0,0,0
Cap_Phase1_60_R.mp4,2580,0,0,0,0,0,0,0
Cap_Phase1_60_R.mp4,2581,0,0,0,0,0,0,0
Cap_Phase1_60_R.mp4,2582,0,0,0,0,0,0,0
Cap_Phase1_60_R.mp4,2583,0,0,0,0,0,0,0
Cap_Phase1_60_R.mp4,2584,0,0,0,0,0,0,0
Cap_Phase1_60_R.mp4,2585,0,0,0,0,0,0,0
Cap_Phase1_60_R.mp4,2586,0,0,0,0,0,0,0
Cap_Phase1_60_R.mp4,2587,0,0,0,0,0,0,0
Cap_Phase1_60_R.mp4,2588,0,0,0,0,0,0,0
Cap_Phase1_60_R.mp4,2589,0,0,0,0,0,0,0
Cap_Phase1_60_R.mp4,2590,0,0,0,0,0,0,0
Cap_Phase1_60_R.mp4,2591,0,0,0,0,1,0,0
Cap_Phase1_60_R.mp4,2592,0,0,0,0,1,0,0
Cap_Phase1_60_R.mp4,2593,0,0,0,0,1,0,0
Cap_Phase1_60_R.mp4,2594,0,0,0,0,1,0,0
Cap_Phase1_60_R.mp4,2595,0,0,0,0,1,0,0
Cap_Phase1_60_R.mp4,2596,0,0,0,0,1,0,0
Cap_Phase1_60_R.mp4,2597,0,0,0,0,1,0,0
Cap_Phase1_60_R.mp4,2598,0,0,0,0,1,0,0
Cap_Phase1_60_R.mp4,2599,0,0,0,0,1,0,0
Cap_Phase1_60_R.mp4,2600,0,0,0,0,1,0,0
Cap_Phase1_60_R.mp4,2601,0,0,0,0,1,0,0
Cap_Phase1_60_R.mp4,2602,0,0,0,0,1,0,0
Cap_Phase1_60_R.mp4,2603,0,0,0,0,1,0,0
Cap_Phase1_60_R.mp4,2604,0,0,0,0,1,0,0
Cap_Phase1_60_R.mp4,2605,0,0,0,0,1,0,0
Cap_Phase1_60_R.mp4,2606,0,0,0,0,1,0,0
Cap_Phase1_60_R.mp4,2607,0,0,0,0,1,0,0
Cap_Phase1_60_R.mp4,2608,0,0,0,0,1,0,0
Cap_Phase1_60_R.mp4,2609,0,0,0,0,1,0,0
Cap_Phase1_60_R.mp4,2610,0,0,0,0,1,0,0
Cap_Phase1_60_R.mp4,2611,0,0,0,0,1,0,0
Cap_Phase1_60_R.mp4,2612,0,0,0,0,1,0,0
Cap_Phase1_60_R.mp4,2613,0,0,0,0,1,0,0
Cap_Phase1_60_R.mp4,2614,0,0,0,0,1,0,0
Cap_Phase1_60_R.mp4,2615,0,0,0,0,1,0,0
Cap_Phase1_60_R.mp4,2616,0,0,0,0,1,0,0
Cap_Phase1_60_R.mp4,2617,0,0,0,0,1,0,0
Cap_Phase1_60_R.mp4,2618,0,0,0,0,1,0,0
Cap_Phase1_60_R.mp4,2619,0,0,0,0,1,0,0
Cap_Phase1_60_R.mp4,2620,0,0,0,0,0,0,0
Cap_Phase1_60_R.mp4,2621,0,0,0,0,0,0,0
Cap_Phase1_60_R.mp4,2622,0,0,0,0,0,0,0
Cap_Phase1_60_R.mp4,2623,0,0,0,0,0,0,0
Cap_Phase1_60_R.mp4,2624,0,0,0,0,0,0,0
Cap_Phase1_60_R.mp4,2625,0,0,0,0,0,0,0
Cap_Phase1_60_R.mp4,2626,0,0,0,0,0,0,0
Cap_Phase1_60_R.mp4,2627,0,0,0,0,0,0,0
Cap_Phase1_60_R.mp4,2628,0,0,0,0,0,0,0
Cap_Phase1_60_R.mp4,2629,0,0,0,0,0,0,0
Cap_Phase1_60_R.mp4,2630,0,0,0,0,0,0,0
Cap_Phase1_60_R.mp4,2631,0,0,0,0,0,0,0
Cap_Phase1_60_R.mp4,2632,0,0,0,0,0,0,0
Cap_Phase1_60_R.mp4,2633,0,0,0,0,0,0,0
Cap_Phase1_60_R.mp4,2634,0,0,0,0,0,0,0
Cap_Phase1_60_R.mp4,2635,0,0,0,0,0,0,0
Cap_Phase1_60_R.mp4,2636,0,0,0,0,0,0,0
Cap_Phase1_60_R.mp4,2637,0,0,0,0,0,0,0
Cap_Phase1_60_R.mp4,2638,0,0,0,0,0,0,0
Cap_Phase1_60_R.mp4,2639,0,0,0,0,0,0,0
Cap_Phase1_60_R.mp4,2640,0,0,0,0,0,0,0
Cap_Phase1_60_R.mp4,2641,0,0,0,0,0,0,0
Cap_Phase1_60_R.mp4,2642,0,0,0,0,0,0,0
Cap_Phase1_60_R.mp4,2643,0,0,0,0,0,0,0
Cap_Phase1_60_R.mp4,2644,0,0,0,0,0,0,0
Cap_Phase1_60_R.mp4,2645,0,0,0,0,0,0,0
Cap_Phase1_60_R.mp4,2646,0,0,0,0,0,0,0
Cap_Phase1_60_R.mp4,2647,0,0,0,0,0,0,0
Cap_Phase1_60_R.mp4,2648,0,0,0,0,0,0,0
Cap_Phase1_60_R.mp4,2649,0,0,0,0,0,0,0
Cap_Phase1_60_R.mp4,2650,0,0,0,0,1,0,0
Cap_Phase1_60_R.mp4,2651,0,0,0,0,1,0,0
Cap_Phase1_60_R.mp4,2652,0,0,0,0,1,0,0
Cap_Phase1_60_R.mp4,2653,0,0,0,0,1,0,0
Cap_Phase1_60_R.mp4,2654,0,0,0,0,1,0,0
Cap_Phase1_60_R.mp4,2655,0,0,0,0,1,0,0
Cap_Phase1_60_R.mp4,2656,0,0,0,0,1,0,0
Cap_Phase1_60_R.mp4,2657,0,0,0,0,1,0,0
Cap_Phase1_60_R.mp4,2658,0,0,0,0,1,0,0
Cap_Phase1_60_R.mp4,2659,0,0,0,0,1,0,0
Cap_Phase1_60_R.mp4,2660,0,0,0,0,1,0,0
Cap_Phase1_60_R.mp4,2661,0,0,0,0,1,0,0
Cap_Phase1_60_R.mp4,2662,0,0,0,0,1,0,0
Cap_Phase1_60_R.mp4,2663,0,0,0,0,1,0,0
Cap_Phase1_60_R.mp4,2664,0,0,0,0,1,0,0
Cap_Phase1_60_R.mp4,2665,0,0,0,0,1,0,0
Cap_Phase1_60_R.mp4,2666,0,0,0,0,1,0,0
Cap_Phase1_60_R.mp4,2667,0,0,0,0,1,0,0
Cap_Phase1_60_R.mp4,2668,0,0,0,0,1,0,0
Cap_Phase1_60_R.mp4,2669,0,0,0,0,1,0,0
Cap_Phase1_60_R.mp4,2670,0,0,0,0,1,0,0
Cap_Phase1_60_R.mp4,2671,0,0,0,0,0,0,0
Cap_Phase1_60_R.mp4,2672,0,0,0,0,0,0,0
Cap_Phase1_60_R.mp4,2673,0,0,0,0,0,0,0
Cap_Phase1_60_R.mp4,2674,0,0,0,0,0,0,0
Cap_Phase1_60_R.mp4,2675,0,0,0,0,0,0,0
Cap_Phase1_60_R.mp4,2676,0,0,0,0,0,0,0
Cap_Phase1_60_R.mp4,2677,0,0,0,0,0,0,0
Cap_Phase1_60_R.mp4,2678,0,0,0,0,0,0,0
Cap_Phase1_60_R.mp4,2679,0,0,0,0,0,0,0
Cap_Phase1_60_R.mp4,2680,0,0,0,0,0,0,0
Cap_Phase1_60_R.mp4,2681,0,0,0,0,0,0,0
Cap_Phase1_60_R.mp4,2682,0,0,0,0,0,0,0
Cap_Phase1_60_R.mp4,2683,0,0,0,0,0,0,0
Cap_Phase1_60_R.mp4,2684,0,0,0,0,0,0,0
Cap_Phase1_60_R.mp4,2685,0,0,0,0,0,0,0
Cap_Phase1_60_R.mp4,2686,0,0,0,0,0,0,0
Cap_Phase1_60_R.mp4,2687,0,0,0,0,0,0,0
Cap_Phase1_60_R.mp4,2688,0,0,0,0,0,0,0
Cap_Phase1_60_R.mp4,2689,0,0,0,0,0,0,0
Cap_Phase1_60_R.mp4,2690,0,0,0,0,0,0,0
Cap_Phase1_60_R.mp4,2691,0,0,0,0,0,0,0
Cap_Phase1_60_R.mp4,2692,0,0,0,0,0,0,0
Cap_Phase1_60_R.mp4,2693,0,0,0,0,0,0,0
Cap_Phase1_60_R.mp4,2694,0,0,0,0,0,0,0
Cap_Phase1_60_R.mp4,2695,0,0,0,0,0,0,0
Cap_Phase1_60_R.mp4,2696,0,0,0,0,0,0,0
Cap_Phase1_60_R.mp4,2697,0,0,0,0,0,0,0
Cap_Phase1_60_R.mp4,2698,0,0,0,0,0,0,0
Cap_Phase1_60_R.mp4,2699,0,0,0,0,0,0,0
Cap_Phase1_60_R.mp4,2700,0,0,0,0,0,0,0
Cap_Phase1_60_R.mp4,2701,0,0,0,0,0,0,0
Cap_Phase1_60_R.mp4,2702,0,0,0,0,0,0,0
Cap_Phase1_60_R.mp4,2703,0,0,0,0,0,0,0
Cap_Phase1_60_R.mp4,2704,0,0,0,0,0,0,0
Cap_Phase1_60_R.mp4,2705,0,0,0,0,0,0,0
Cap_Phase1_60_R.mp4,2706,0,0,0,0,0,0,0
Cap_Phase1_60_R.mp4,2707,0,0,0,0,0,0,0
Cap_Phase1_60_R.mp4,2708,0,0,0,0,0,0,0
Cap_Phase1_60_R.mp4,2709,0,0,0,0,0,0,0
Cap_Phase1_60_R.mp4,2710,0,0,0,0,0,0,0
Cap_Phase1_60_R.mp4,2711,0,0,0,0,0,0,0
Cap_Phase1_60_R.mp4,2712,0,0,0,0,0,0,0
Cap_Phase1_60_R.mp4,2713,0,0,0,0,0,0,0
Cap_Phase1_60_R.mp4,2714,0,0,0,0,0,0,0
Cap_Phase1_60_R.mp4,2715,0,0,0,0,0,0,0
Cap_Phase1_60_R.mp4,2716,0,0,0,0,0,0,0
Cap_Phase1_60_R.mp4,2717,0,0,0,0,0,0,0
Cap_Phase1_60_R.mp4,2718,0,0,0,0,0,0,0
Cap_Phase1_60_R.mp4,2719,0,0,0,0,0,0,0
Cap_Phase1_60_R.mp4,2720,0,0,0,0,0,0,0
Cap_Phase1_60_R.mp4,2721,0,0,0,0,0,0,0
Cap_Phase1_60_R.mp4,2722,0,0,0,0,0,0,0
Cap_Phase1_60_R.mp4,2723,0,0,0,0,0,0,0
Cap_Phase1_60_R.mp4,2724,0,0,0,0,0,0,0
Cap_Phase1_60_R.mp4,2725,0,0,0,0,0,0,0
Cap_Phase1_60_R.mp4,2726,0,0,0,0,0,0,0
Cap_Phase1_60_R.mp4,2727,0,0,0,0,0,0,0
Cap_Phase1_60_R.mp4,2728,0,0,0,0,0,0,0
Cap_Phase1_60_R.mp4,2729,0,0,0,0,0,0,0
Cap_Phase1_60_R.mp4,2730,0,0,0,0,0,0,0
Cap_Phase1_60_R.mp4,2731,0,0,0,0,0,0,0
Cap_Phase1_60_R.mp4,2732,0,0,0,0,0,0,0
Cap_Phase1_60_R.mp4,2733,0,0,0,0,0,0,0
Cap_Phase1_60_R.mp4,2734,0,0,0,0,0,0,0
Cap_Phase1_60_R.mp4,2735,0,0,0,0,0,0,0
Cap_Phase1_60_R.mp4,2736,0,0,0,0,0,0,0
Cap_Phase1_60_R.mp4,2737,0,0,0,0,0,0,0
Cap_Phase1_60_R.mp4,2738,0,0,0,0,0,0,0
Cap_Phase1_60_R.mp4,2739,0,0,0,0,0,0,0
Cap_Phase1_60_R.mp4,2740,0,0,0,0,0,0,0
Cap_Phase1_60_R.mp4,2741,0,0,0,0,0,0,0
Cap_Phase1_60_R.mp4,2742,0,0,0,0,0,0,0
Cap_Phase1_60_R.mp4,2743,0,0,0,0,0,0,0
Cap_Phase1_60_R.mp4,2744,0,0,0,0,0,0,0
Cap_Phase1_60_R.mp4,2745,0,0,0,0,0,0,0
Cap_Phase1_60_R.mp4,2746,0,0,0,0,0,0,0
Cap_Phase1_60_R.mp4,2747,0,0,0,0,0,0,0
Cap_Phase1_60_R.mp4,2748,0,0,0,0,0,0,0
Cap_Phase1_60_R.mp4,2749,0,0,0,0,0,0,0
Cap_Phase1_60_R.mp4,2750,0,0,0,0,0,0,0
Cap_Phase1_60_R.mp4,2751,0,0,0,0,0,0,0
Cap_Phase1_60_R.mp4,2752,0,0,0,0,0,0,0
Cap_Phase1_60_R.mp4,2753,0,0,0,0,0,0,0
Cap_Phase1_60_R.mp4,2754,0,0,0,0,0,0,0
Cap_Phase1_60_R.mp4,2755,0,0,0,0,0,0,0
Cap_Phase1_60_R.mp4,2756,0,0,0,0,0,0,0
Cap_Phase1_60_R.mp4,2757,0,0,0,0,0,0,0
Cap_Phase1_60_R.mp4,2758,0,0,0,0,0,0,0
Cap_Phase1_60_R.mp4,2759,0,0,0,0,0,0,0
Cap_Phase1_60_R.mp4,2760,0,0,0,0,0,0,0
Cap_Phase1_60_R.mp4,2761,0,0,0,0,0,0,0
Cap_Phase1_60_R.mp4,2762,0,0,0,0,0,0,0
Cap_Phase1_60_R.mp4,2763,0,0,0,0,0,0,0
Cap_Phase1_60_R.mp4,2764,0,0,0,0,0,0,0
Cap_Phase1_60_R.mp4,2765,0,0,0,0,0,0,0
Cap_Phase1_60_R.mp4,2766,0,0,0,0,0,0,0
Cap_Phase1_60_R.mp4,2767,0,0,0,0,0,0,0
Cap_Phase1_60_R.mp4,2768,0,0,0,0,0,0,0
Cap_Phase1_60_R.mp4,2769,0,0,0,0,0,0,0
Cap_Phase1_60_R.mp4,2770,0,0,0,0,0,0,0
Cap_Phase1_60_R.mp4,2771,0,0,0,0,0,0,0
Cap_Phase1_60_R.mp4,2772,0,0,0,0,0,0,0
Cap_Phase1_60_R.mp4,2773,0,0,0,0,0,0,0
Cap_Phase1_60_R.mp4,2774,0,0,0,0,0,0,0
Cap_Phase1_60_R.mp4,2775,0,0,0,0,0,0,0
Cap_Phase1_60_R.mp4,2776,0,0,0,0,0,0,0
Cap_Phase1_60_R.mp4,2777,0,0,0,0,0,0,0
Cap_Phase1_60_R.mp4,2778,0,0,0,0,0,0,0
Cap_Phase1_60_R.mp4,2779,0,0,0,0,0,0,0
Cap_Phase1_60_R.mp4,2780,0,0,0,0,0,0,0
Cap_Phase1_60_R.mp4,2781,0,0,0,0,0,0,0
Cap_Phase1_60_R.mp4,2782,0,0,0,0,0,0,0
Cap_Phase1_60_R.mp4,2783,0,0,0,0,0,0,0
Cap_Phase1_60_R.mp4,2784,0,0,0,0,0,0,0
Cap_Phase1_60_R.mp4,2785,0,0,0,0,0,0,0
Cap_Phase1_60_R.mp4,2786,0,0,0,0,0,0,0
Cap_Phase1_60_R.mp4,2787,0,0,0,0,0,0,0
Cap_Phase1_60_R.mp4,2788,0,0,0,0,0,0,0
Cap_Phase1_60_R.mp4,2789,0,0,0,0,0,0,0
Cap_Phase1_60_R.mp4,2790,0,0,0,0,0,0,0
Cap_Phase1_60_R.mp4,2791,0,0,0,0,0,0,0
Cap_Phase1_60_R.mp4,2792,0,0,0,0,0,0,0
Cap_Phase1_60_R.mp4,2793,0,0,0,0,0,0,0
Cap_Phase1_60_R.mp4,2794,0,0,0,0,0,0,0
Cap_Phase1_60_R.mp4,2795,0,0,0,0,0,0,0
Cap_Phase1_60_R.mp4,2796,0,0,0,0,0,0,0
Cap_Phase1_60_R.mp4,2797,0,0,0,0,0,0,0
Cap_Phase1_60_R.mp4,2798,0,0,0,0,0,0,0
Cap_Phase1_60_R.mp4,2799,0,0,0,0,0,0,0
Cap_Phase1_60_R.mp4,2800,0,0,0,0,0,0,0
Cap_Phase1_60_R.mp4,2801,0,0,0,0,0,0,0
Cap_Phase1_60_R.mp4,2802,0,0,0,0,0,0,0
Cap_Phase1_60_R.mp4,2803,0,0,0,0,0,0,0
Cap_Phase1_60_R.mp4,2804,0,0,0,0,0,0,0
Cap_Phase1_60_R.mp4,2805,0,0,0,0,0,0,0
Cap_Phase1_60_R.mp4,2806,0,0,0,0,0,0,0
Cap_Phase1_60_R.mp4,2807,0,0,0,0,0,0,0
Cap_Phase1_60_R.mp4,2808,0,0,0,0,0,0,0
Cap_Phase1_60_R.mp4,2809,0,0,0,0,0,0,0
Cap_Phase1_60_R.mp4,2810,0,0,0,0,0,0,0
Cap_Phase1_60_R.mp4,2811,0,0,0,0,0,0,0
Cap_Phase1_60_R.mp4,2812,0,0,0,0,0,0,0
Cap_Phase1_60_R.mp4,2813,0,0,0,0,0,0,0
Cap_Phase1_60_R.mp4,2814,0,0,0,0,0,0,0
Cap_Phase1_60_R.mp4,2815,0,0,0,0,0,0,0
Cap_Phase1_60_R.mp4,2816,0,0,0,0,0,0,0
Cap_Phase1_60_R.mp4,2817,0,0,0,0,0,0,0
Cap_Phase1_60_R.mp4,2818,0,0,0,0,0,0,0
Cap_Phase1_60_R.mp4,2819,0,0,0,0,0,0,0
Cap_Phase1_60_R.mp4,2820,0,0,0,0,0,0,0
Cap_Phase1_60_R.mp4,2821,0,0,0,0,0,0,0
Cap_Phase1_60_R.mp4,2822,0,0,0,0,0,0,0
Cap_Phase1_60_R.mp4,2823,0,0,0,0,0,0,0
Cap_Phase1_60_R.mp4,2824,0,0,0,0,0,0,0
Cap_Phase1_60_R.mp4,2825,0,0,0,0,0,0,0
Cap_Phase1_60_R.mp4,2826,0,0,0,0,0,0,0
Cap_Phase1_60_R.mp4,2827,0,0,0,0,0,0,0
Cap_Phase1_60_R.mp4,2828,0,0,0,0,0,0,0
Cap_Phase1_60_R.mp4,2829,0,0,0,0,0,0,0
Cap_Phase1_60_R.mp4,2830,0,0,0,0,0,0,0
Cap_Phase1_60_R.mp4,2831,0,0,0,0,0,0,0
Cap_Phase1_60_R.mp4,2832,0,0,0,0,0,0,0
Cap_Phase1_60_R.mp4,2833,0,0,0,0,0,0,0
Cap_Phase1_60_R.mp4,2834,0,0,0,0,0,0,0
Cap_Phase1_60_R.mp4,2835,0,0,0,0,0,0,0
Cap_Phase1_60_R.mp4,2836,0,0,0,0,0,0,0
Cap_Phase1_60_R.mp4,2837,0,0,0,0,0,0,0
Cap_Phase1_60_R.mp4,2838,0,0,0,0,0,0,0
Cap_Phase1_60_R.mp4,2839,0,0,0,0,0,0,0
Cap_Phase1_60_R.mp4,2840,0,0,0,0,0,0,0
Cap_Phase1_60_R.mp4,2841,0,0,0,0,0,0,0
Cap_Phase1_60_R.mp4,2842,0,0,0,0,0,0,0
Cap_Phase1_60_R.mp4,2843,0,0,0,0,0,0,0
Cap_Phase1_60_R.mp4,2844,0,0,0,0,0,0,0
Cap_Phase1_60_R.mp4,2845,0,0,0,0,0,0,0
Cap_Phase1_60_R.mp4,2846,0,0,0,0,0,0,0
Cap_Phase1_60_R.mp4,2847,0,0,0,0,0,0,0
Cap_Phase1_60_R.mp4,2848,0,0,0,0,0,0,0
Cap_Phase1_60_R.mp4,2849,0,0,0,0,0,0,0
Cap_Phase1_60_R.mp4,2850,0,0,0,0,0,0,0
Cap_Phase1_60_R.mp4,2851,0,0,0,0,0,0,0
Cap_Phase1_60_R.mp4,2852,0,0,0,0,0,0,0
Cap_Phase1_60_R.mp4,2853,0,0,0,0,0,0,0
Cap_Phase1_60_R.mp4,2854,0,0,0,0,0,0,0
Cap_Phase1_60_R.mp4,2855,0,0,0,0,0,0,0
Cap_Phase1_60_R.mp4,2856,0,0,0,0,0,0,0
Cap_Phase1_60_R.mp4,2857,0,0,0,0,0,0,0
Cap_Phase1_60_R.mp4,2858,0,0,0,0,0,0,0
Cap_Phase1_60_R.mp4,2859,0,0,0,0,0,0,0
Cap_Phase1_60_R.mp4,2860,0,0,0,0,0,0,0
Cap_Phase1_60_R.mp4,2861,0,0,0,0,0,0,0
Cap_Phase1_60_R.mp4,2862,0,0,0,0,0,0,0
Cap_Phase1_60_Extra.mp4,109,0,0,0,0,0,0,0
Cap_Phase1_60_Extra.mp4,110,0,0,0,0,0,0,0
Cap_Phase1_60_Extra.mp4,111,0,0,0,0,0,0,0
Cap_Phase1_60_Extra.mp4,112,0,0,0,0,0,0,0
Cap_Phase1_60_Extra.mp4,113,0,0,0,0,0,0,0
Cap_Phase1_60_Extra.mp4,114,0,0,0,0,0,0,0
Cap_Phase1_60_Extra.mp4,115,0,0,0,0,0,0,0
Cap_Phase1_60_Extra.mp4,116,0,0,0,0,0,0,0
Cap_Phase1_60_Extra.mp4,117,0,0,0,0,0,0,0
Cap_Phase1_60_Extra.mp4,118,0,0,0,0,0,0,0
Cap_Phase1_60_Extra.mp4,119,0,0,0,0,0,0,0
Cap_Phase1_60_Extra.mp4,120,0,0,0,0,0,0,0
Cap_Phase1_60_Extra.mp4,121,0,0,0,0,0,0,0
Cap_Phase1_60_Extra.mp4,122,0,0,0,0,0,0,0
Cap_Phase1_60_Extra.mp4,123,0,0,0,0,0,0,0
Cap_Phase1_60_Extra.mp4,124,0,0,0,0,0,0,0
Cap_Phase1_60_Extra.mp4,125,0,0,0,0,0,0,0
Cap_Phase1_60_Extra.mp4,126,0,0,0,0,0,0,0
Cap_Phase1_60_Extra.mp4,127,0,0,0,0,0,0,0
Cap_Phase1_60_Extra.mp4,128,0,0,0,0,0,0,0
Cap_Phase1_60_Extra.mp4,129,0,0,0,0,0,0,0
Cap_Phase1_60_Extra.mp4,130,0,0,0,0,0,0,0
Cap_Phase1_60_Extra.mp4,131,0,0,0,0,0,0,0
Cap_Phase1_60_Extra.mp4,132,0,0,0,0,0,0,0
Cap_Phase1_60_Extra.mp4,133,0,0,0,0,0,0,0
Cap_Phase1_60_Extra.mp4,134,0,0,0,0,0,0,0
Cap_Phase1_60_Extra.mp4,135,0,0,0,0,0,0,0
Cap_Phase1_60_Extra.mp4,136,0,0,0,0,0,0,0
Cap_Phase1_60_Extra.mp4,137,0,0,0,0,0,0,0
Cap_Phase1_60_Extra.mp4,138,0,0,0,0,0,0,0
Cap_Phase1_60_Extra.mp4,139,0,0,0,0,0,0,0
Cap_Phase1_60_Extra.mp4,140,0,0,0,0,0,0,0
Cap_Phase1_60_Extra.mp4,141,0,0,0,0,0,0,0
Cap_Phase1_60_Extra.mp4,142,0,0,0,0,0,0,0
Cap_Phase1_60_Extra.mp4,143,0,0,0,0,0,0,0
Cap_Phase1_60_Extra.mp4,144,0,0,0,0,0,0,0
Cap_Phase1_60_Extra.mp4,145,0,0,0,0,0,0,0
Cap_Phase1_60_Extra.mp4,146,0,0,0,0,0,0,0
Cap_Phase1_60_Extra.mp4,147,0,0,0,0,0,0,0
Cap_Phase1_60_Extra.mp4,148,0,0,0,0,0,0,0
Cap_Phase1_60_Extra.mp4,149,0,0,0,0,0,0,0
Cap_Phase1_60_Extra.mp4,150,0,0,0,0,0,0,0
Cap_Phase1_60_Extra.mp4,151,0,0,0,0,0,0,0
Cap_Phase1_60_Extra.mp4,152,0,0,0,0,0,0,0
Cap_Phase1_60_Extra.mp4,153,0,0,0,0,0,0,0
Cap_Phase1_60_Extra.mp4,154,0,0,0,0,0,0,0
Cap_Phase1_60_Extra.mp4,155,0,0,0,0,0,0,0
Cap_Phase1_60_Extra.mp4,156,0,0,0,0,0,0,0
Cap_Phase1_60_Extra.mp4,157,0,0,0,0,0,0,0
Cap_Phase1_60_Extra.mp4,158,0,0,0,0,0,0,0
Cap_Phase1_60_Extra.mp4,159,0,0,0,0,0,0,0
Cap_Phase1_60_Extra.mp4,160,0,0,0,0,0,0,0
Cap_Phase1_60_Extra.mp4,161,0,0,0,0,0,0,0
Cap_Phase1_60_Extra.mp4,162,0,0,0,0,0,0,0
Cap_Phase1_60_Extra.mp4,163,0,0,0,0,0,0,0
Cap_Phase1_60_Extra.mp4,164,0,0,0,0,0,0,0
Cap_Phase1_60_Extra.mp4,165,0,0,0,0,0,0,0
Cap_Phase1_60_Extra.mp4,166,0,0,0,0,0,0,0
Cap_Phase1_60_Extra.mp4,167,0,0,0,0,0,0,0
Cap_Phase1_60_Extra.mp4,168,0,0,0,0,0,0,0
Cap_Phase1_60_Extra.mp4,169,0,0,0,0,0,0,0
Cap_Phase1_60_Extra.mp4,170,0,0,0,0,0,0,0
Cap_Phase1_60_Extra.mp4,171,0,0,0,0,0,0,0
Cap_Phase1_60_Extra.mp4,172,0,0,0,0,0,0,0
Cap_Phase1_60_Extra.mp4,173,0,0,0,0,0,0,0
Cap_Phase1_60_Extra.mp4,174,0,0,0,0,0,0,0
Cap_Phase1_60_Extra.mp4,175,0,0,0,0,0,0,0
Cap_Phase1_60_Extra.mp4,176,0,0,0,0,0,0,0
Cap_Phase1_60_Extra.mp4,177,0,0,0,0,0,0,0
Cap_Phase1_60_Extra.mp4,178,0,0,0,0,0,0,0
Cap_Phase1_60_Extra.mp4,179,0,0,0,0,0,0,0
Cap_Phase1_60_Extra.mp4,180,0,0,0,0,0,0,0
Cap_Phase1_60_Extra.mp4,181,0,0,0,0,0,0,0
Cap_Phase1_60_Extra.mp4,182,0,0,0,0,0,0,0
Cap_Phase1_60_Extra.mp4,183,0,0,0,0,0,0,0
Cap_Phase1_60_Extra.mp4,184,0,0,0,0,0,0,0
Cap_Phase1_60_Extra.mp4,185,0,0,0,0,0,0,0
Cap_Phase1_60_Extra.mp4,186,0,0,0,0,0,0,0
Cap_Phase1_60_Extra.mp4,187,0,0,0,0,0,0,0
Cap_Phase1_60_Extra.mp4,188,0,0,0,0,0,0,0
Cap_Phase1_60_Extra.mp4,189,0,0,0,0,0,0,0
Cap_Phase1_60_Extra.mp4,190,0,0,0,0,0,0,0
Cap_Phase1_60_Extra.mp4,191,0,0,0,0,0,0,0
Cap_Phase1_60_Extra.mp4,192,0,0,0,0,0,0,0
Cap_Phase1_60_Extra.mp4,193,0,0,0,0,0,0,0
Cap_Phase1_60_Extra.mp4,194,0,0,0,0,0,0,0
Cap_Phase1_60_Extra.mp4,195,0,0,0,0,0,0,0
Cap_Phase1_60_Extra.mp4,196,0,0,0,0,0,0,0
Cap_Phase1_60_Extra.mp4,197,0,0,0,0,0,0,0
Cap_Phase1_60_Extra.mp4,198,0,0,0,0,0,0,0
Cap_Phase1_60_Extra.mp4,199,0,0,0,0,0,0,0
Cap_Phase1_60_Extra.mp4,200,0,0,0,0,0,0,0
Cap_Phase1_60_Extra.mp4,201,0,0,0,0,0,0,0
Cap_Phase1_60_Extra.mp4,202,0,0,0,0,0,0,0
Cap_Phase1_60_Extra.mp4,203,0,0,0,0,0,0,0
Cap_Phase1_60_Extra.mp4,204,0,0,0,0,0,0,0
Cap_Phase1_60_Extra.mp4,205,0,0,0,0,0,0,0
Cap_Phase1_60_Extra.mp4,206,0,0,0,0,0,0,0
Cap_Phase1_60_Extra.mp4,207,0,0,0,0,0,0,0
Cap_Phase1_60_Extra.mp4,208,0,0,0,0,0,0,0
Cap_Phase1_60_Extra.mp4,209,0,0,0,0,0,0,0
Cap_Phase1_60_Extra.mp4,210,0,0,0,0,0,0,0
Cap_Phase1_60_Extra.mp4,211,0,0,0,0,0,0,0
Cap_Phase1_60_Extra.mp4,212,0,0,0,0,0,0,0
Cap_Phase1_60_Extra.mp4,213,0,0,0,0,0,0,0
Cap_Phase1_60_Extra.mp4,214,0,0,0,0,0,0,0
Cap_Phase1_60_Extra.mp4,215,0,0,0,0,0,0,0
Cap_Phase1_60_Extra.mp4,216,0,0,0,0,0,0,0
Cap_Phase1_60_Extra.mp4,217,0,0,0,0,0,0,0
Cap_Phase1_60_Extra.mp4,218,0,0,0,0,0,0,0
Cap_Phase1_60_Extra.mp4,219,0,0,0,0,0,0,0
Cap_Phase1_60_Extra.mp4,220,0,0,0,0,0,0,0
Cap_Phase1_60_Extra.mp4,221,0,0,0,0,0,0,0
Cap_Phase1_60_Extra.mp4,222,0,0,0,0,0,0,0
Cap_Phase1_60_Extra.mp4,223,0,0,0,0,0,0,0
Cap_Phase1_60_Extra.mp4,224,0,0,0,0,0,0,0
Cap_Phase1_60_Extra.mp4,225,0,0,0,0,0,0,0
Cap_Phase1_60_Extra.mp4,226,0,0,0,0,0,0,0
Cap_Phase1_60_Extra.mp4,227,0,0,0,0,0,0,0
Cap_Phase1_60_Extra.mp4,228,0,0,0,0,0,0,0
Cap_Phase1_60_Extra.mp4,229,0,0,0,0,0,0,0
Cap_Phase1_60_Extra.mp4,230,0,0,0,0,0,0,0
Cap_Phase1_60_Extra.mp4,231,0,0,0,0,0,0,0
Cap_Phase1_60_Extra.mp4,232,0,0,0,0,0,0,0
Cap_Phase1_60_Extra.mp4,233,0,0,0,0,0,0,0
Cap_Phase1_60_Extra.mp4,234,0,0,0,0,0,0,0
Cap_Phase1_60_Extra.mp4,235,0,0,0,0,0,0,0
Cap_Phase1_60_Extra.mp4,236,0,0,0,0,0,0,0
Cap_Phase1_60_Extra.mp4,237,0,0,0,0,0,0,0
Cap_Phase1_60_Extra.mp4,238,0,0,0,0,0,0,0
Cap_Phase1_60_Extra.mp4,239,0,0,0,0,0,0,0
Cap_Phase1_60_Extra.mp4,240,0,0,0,0,0,0,0
Cap_Phase1_60_Extra.mp4,241,0,0,0,0,0,0,0
Cap_Phase1_60_Extra.mp4,242,0,0,0,0,0,0,0
Cap_Phase1_60_Extra.mp4,243,0,0,0,0,0,0,0
Cap_Phase1_60_Extra.mp4,244,0,0,0,0,0,0,0
Cap_Phase1_60_Extra.mp4,245,0,0,0,0,0,0,0
Cap_Phase1_60_Extra.mp4,246,0,0,0,0,0,0,0
Cap_Phase1_60_Extra.mp4,247,0,0,0,0,0,0,0
Cap_Phase1_60_Extra.mp4,248,0,0,0,0,0,0,0
Cap_Phase1_60_Extra.mp4,249,0,0,0,0,0,0,0
Cap_Phase1_60_Extra.mp4,250,0,0,0,0,0,0,0
Cap_Phase1_60_Extra.mp4,251,0,0,0,0,0,0,0
Cap_Phase1_60_Extra.mp4,252,0,0,0,0,0,0,0
Cap_Phase1_60_Extra.mp4,253,0,0,0,0,0,0,0
Cap_Phase1_60_Extra.mp4,254,0,0,0,0,0,0,0
Cap_Phase1_60_Extra.mp4,255,0,0,0,0,0,0,0
Cap_Phase1_60_Extra.mp4,256,0,0,0,0,0,0,0
Cap_Phase1_60_Extra.mp4,257,0,0,0,0,0,0,0
Cap_Phase1_60_Extra.mp4,258,0,0,0,0,0,0,0
Cap_Phase1_60_Extra.mp4,259,0,0,0,0,0,0,0
Cap_Phase1_60_Extra.mp4,260,0,0,0,0,0,0,0
Cap_Phase1_60_Extra.mp4,261,0,0,0,0,0,0,0
Cap_Phase1_60_Extra.mp4,262,0,0,0,0,0,0,0
Cap_Phase1_60_Extra.mp4,263,0,0,0,0,0,0,0
Cap_Phase1_60_Extra.mp4,264,0,0,0,0,0,0,0
Cap_Phase1_60_Extra.mp4,265,0,0,0,0,0,0,0
Cap_Phase1_60_Extra.mp4,266,0,0,0,0,0,0,0
Cap_Phase1_60_Extra.mp4,267,0,0,0,0,0,0,0
Cap_Phase1_60_Extra.mp4,268,0,0,0,0,0,0,0
Cap_Phase1_60_Extra.mp4,269,0,0,0,0,0,0,0
Cap_Phase1_60_Extra.mp4,270,0,0,0,0,0,0,0
Cap_Phase1_60_Extra.mp4,271,0,0,0,0,0,0,0
Cap_Phase1_60_Extra.mp4,272,0,0,0,0,0,0,0
Cap_Phase1_60_Extra.mp4,273,0,0,0,0,0,0,0
Cap_Phase1_60_Extra.mp4,274,0,0,0,0,0,0,0
Cap_Phase1_60_Extra.mp4,275,0,0,0,0,0,0,0
Cap_Phase1_60_Extra.mp4,276,0,0,0,0,0,0,0
Cap_Phase1_60_Extra.mp4,277,0,0,0,0,0,0,0
Cap_Phase1_60_Extra.mp4,278,0,0,0,0,0,0,0
Cap_Phase1_60_Extra.mp4,279,0,0,0,0,0,0,0
Cap_Phase1_60_Extra.mp4,280,0,0,0,0,0,0,0
Cap_Phase1_60_Extra.mp4,281,0,0,0,0,0,0,0
Cap_Phase1_60_Extra.mp4,282,0,0,0,0,0,0,0
Cap_Phase1_60_Extra.mp4,283,0,0,0,0,0,0,0
Cap_Phase1_60_Extra.mp4,284,0,0,0,0,0,0,0
Cap_Phase1_60_Extra.mp4,285,0,0,0,0,0,0,0
Cap_Phase1_60_Extra.mp4,286,0,0,0,0,0,0,0
Cap_Phase1_60_Extra.mp4,287,0,0,0,0,0,0,0
Cap_Phase1_60_Extra.mp4,288,0,0,0,0,0,0,0
Cap_Phase1_60_Extra.mp4,289,0,0,0,0,0,0,0
Cap_Phase1_60_Extra.mp4,290,0,0,0,0,0,0,0
Cap_Phase1_60_Extra.mp4,291,0,0,0,0,0,0,0
Cap_Phase1_60_Extra.mp4,292,0,0,0,0,0,0,0
Cap_Phase1_60_Extra.mp4,293,0,0,0,0,0,0,0
Cap_Phase1_60_Extra.mp4,294,0,0,0,0,0,0,0
Cap_Phase1_60_Extra.mp4,295,0,0,0,0,0,0,0
Cap_Phase1_60_Extra.mp4,296,0,0,0,0,0,0,0
Cap_Phase1_60_Extra.mp4,297,0,0,0,0,0,0,0
Cap_Phase1_60_Extra.mp4,298,0,0,0,0,0,0,0
Cap_Phase1_60_Extra.mp4,299,0,0,0,0,0,0,0
Cap_Phase1_60_Extra.mp4,300,0,0,0,0,0,0,0
Cap_Phase1_60_Extra.mp4,301,0,0,0,0,0,0,0
Cap_Phase1_60_Extra.mp4,302,0,0,0,0,0,0,0
Cap_Phase1_60_Extra.mp4,303,0,0,0,0,0,0,0
Cap_Phase1_60_Extra.mp4,304,0,0,0,0,0,0,0
Cap_Phase1_60_Extra.mp4,305,0,0,0,0,0,0,0
Cap_Phase1_60_Extra.mp4,306,0,0,0,0,0,0,0
Cap_Phase1_60_Extra.mp4,307,0,0,0,0,0,0,0
Cap_Phase1_60_Extra.mp4,308,0,0,0,0,0,0,0
Cap_Phase1_60_Extra.mp4,309,0,0,0,0,0,0,0
Cap_Phase1_60_Extra.mp4,310,0,0,0,0,0,0,0
Cap_Phase1_60_Extra.mp4,311,0,0,0,0,0,0,0
Cap_Phase1_60_Extra.mp4,312,0,0,0,0,0,0,0
Cap_Phase1_60_Extra.mp4,313,0,0,0,0,0,0,0
Cap_Phase1_60_Extra.mp4,314,0,0,0,0,0,0,0
Cap_Phase1_60_Extra.mp4,315,0,0,0,0,0,0,0
Cap_Phase1_60_Extra.mp4,316,0,0,0,0,0,0,0
Cap_Phase1_60_Extra.mp4,317,0,0,0,0,0,0,0
Cap_Phase1_60_Extra.mp4,318,0,0,0,0,0,0,0
Cap_Phase1_60_Extra.mp4,319,0,0,0,0,0,0,0
Cap_Phase1_60_Extra.mp4,320,0,0,0,0,0,0,0
Cap_Phase1_60_Extra.mp4,321,0,0,0,0,0,0,0
Cap_Phase1_60_Extra.mp4,322,0,0,0,0,0,0,0
Cap_Phase1_60_Extra.mp4,323,0,0,0,0,0,0,0
Cap_Phase1_60_Extra.mp4,324,0,0,0,0,0,0,0
Cap_Phase1_60_Extra.mp4,325,0,0,0,0,0,0,0
Cap_Phase1_60_Extra.mp4,326,0,0,0,0,0,0,0
Cap_Phase1_60_Extra.mp4,327,0,0,0,0,0,0,0
Cap_Phase1_60_Extra.mp4,328,0,0,0,0,0,0,0
Cap_Phase1_60_Extra.mp4,329,0,0,0,0,0,0,0
Cap_Phase1_60_Extra.mp4,330,0,0,0,0,0,0,0
Cap_Phase1_60_Extra.mp4,331,0,0,0,0,0,0,0
Cap_Phase1_60_Extra.mp4,332,0,0,0,0,0,0,0
Cap_Phase1_60_Extra.mp4,333,0,0,0,0,0,0,0
Cap_Phase1_60_Extra.mp4,334,0,0,0,0,0,0,0
Cap_Phase1_60_Extra.mp4,335,0,0,0,0,0,0,0
Cap_Phase1_60_Extra.mp4,336,0,0,0,0,0,0,0
Cap_Phase1_60_Extra.mp4,337,0,0,0,0,0,0,0
Cap_Phase1_60_Extra.mp4,338,0,0,0,0,0,0,0
Cap_Phase1_60_Extra.mp4,339,0,0,0,0,0,0,0
Cap_Phase1_60_Extra.mp4,340,0,0,0,0,0,0,0
Cap_Phase1_60_Extra.mp4,341,0,0,0,0,0,0,0
Cap_Phase1_60_Extra.mp4,342,0,0,0,0,0,0,0
Cap_Phase1_60_Extra.mp4,343,0,0,0,0,0,0,0
Cap_Phase1_60_Extra.mp4,344,0,0,0,0,0,0,0
Cap_Phase1_60_Extra.mp4,345,0,0,0,0,0,0,0
Cap_Phase1_60_Extra.mp4,346,0,0,0,0,0,0,0
Cap_Phase1_60_Extra.mp4,347,0,0,0,0,0,0,0
Cap_Phase1_60_Extra.mp4,348,0,0,0,0,0,0,0
Cap_Phase1_60_Extra.mp4,349,0,0,0,0,0,0,0
Cap_Phase1_60_Extra.mp4,350,0,0,0,0,0,0,0
Cap_Phase1_60_Extra.mp4,351,0,0,0,0,0,0,0
Cap_Phase1_60_Extra.mp4,352,0,0,0,0,0,0,0
Cap_Phase1_60_Extra.mp4,353,0,0,0,0,0,0,0
Cap_Phase1_60_Extra.mp4,354,1,0,0,1,0,0,0
Cap_Phase1_60_Extra.mp4,355,1,0,0,0,0,0,0
Cap_Phase1_60_Extra.mp4,356,1,0,0,0,0,0,0
Cap_Phase1_60_Extra.mp4,357,1,0,0,0,0,0,0
Cap_Phase1_60_Extra.mp4,358,1,0,0,0,0,0,0
Cap_Phase1_60_Extra.mp4,359,1,0,0,0,0,0,0
Cap_Phase1_60_Extra.mp4,360,1,0,0,0,0,0,0
Cap_Phase1_60_Extra.mp4,361,1,0,0,0,0,0,0
Cap_Phase1_60_Extra.mp4,362,1,0,0,0,0,0,0
Cap_Phase1_60_Extra.mp4,363,1,0,0,0,0,0,0
Cap_Phase1_60_Extra.mp4,364,1,0,0,0,0,0,0
Cap_Phase1_60_Extra.mp4,365,1,0,0,0,0,0,0
Cap_Phase1_60_Extra.mp4,366,1,0,0,0,0,0,0
Cap_Phase1_60_Extra.mp4,367,0,0,0,0,0,0,0
Cap_Phase1_60_Extra.mp4,368,0,0,0,0,0,0,0
Cap_Phase1_60_Extra.mp4,369,0,0,0,0,0,0,0
Cap_Phase1_60_Extra.mp4,370,0,0,0,0,0,0,0
Cap_Phase1_60_Extra.mp4,371,0,0,0,0,0,0,0
Cap_Phase1_60_Extra.mp4,372,0,0,0,0,0,0,0
Cap_Phase1_60_Extra.mp4,373,0,0,0,0,0,0,0
Cap_Phase1_60_Extra.mp4,374,0,0,0,0,0,0,0
Cap_Phase1_60_Extra.mp4,375,0,0,0,0,0,0,0
Cap_Phase1_60_Extra.mp4,376,0,0,0,0,0,0,0
Cap_Phase1_60_Extra.mp4,377,0,0,0,0,0,0,0
Cap_Phase1_60_Extra.mp4,378,0,0,0,0,0,0,0
Cap_Phase1_60_Extra.mp4,379,0,0,0,0,0,0,0
Cap_Phase1_60_Extra.mp4,380,0,0,0,0,0,0,0
Cap_Phase1_60_Extra.mp4,381,0,0,0,0,0,0,0
Cap_Phase1_60_Extra.mp4,382,0,0,0,0,0,0,0
Cap_Phase1_60_Extra.mp4,383,0,0,0,0,0,0,0
Cap_Phase1_60_Extra.mp4,384,0,0,0,0,0,0,0
Cap_Phase1_60_Extra.mp4,385,0,0,0,0,0,0,0
Cap_Phase1_60_Extra.mp4,386,0,0,0,0,0,0,0
Cap_Phase1_60_Extra.mp4,387,0,0,0,0,0,0,0
Cap_Phase1_60_Extra.mp4,388,0,0,0,0,0,0,0
Cap_Phase1_60_Extra.mp4,389,0,0,0,0,0,0,0
Cap_Phase1_60_Extra.mp4,390,0,0,0,0,0,0,0
Cap_Phase1_60_Extra.mp4,391,0,0,0,0,0,0,0
Cap_Phase1_60_Extra.mp4,392,0,0,0,0,0,0,0
Cap_Phase1_60_Extra.mp4,393,0,0,0,0,0,0,0
Cap_Phase1_60_Extra.mp4,394,0,0,0,0,0,0,0
Cap_Phase1_60_Extra.mp4,395,0,0,0,0,0,0,0
Cap_Phase1_60_Extra.mp4,396,0,0,0,0,0,0,0
Cap_Phase1_60_Extra.mp4,397,0,0,0,0,0,0,0
Cap_Phase1_60_Extra.mp4,398,0,0,0,0,0,0,0
Cap_Phase1_60_Extra.mp4,399,0,0,0,0,0,0,0
Cap_Phase1_60_Extra.mp4,400,0,0,0,0,0,0,0
Cap_Phase1_60_Extra.mp4,401,0,0,0,0,0,0,0
Cap_Phase1_60_Extra.mp4,402,0,0,0,0,0,0,0
Cap_Phase1_60_Extra.mp4,403,0,0,0,0,0,0,0
Cap_Phase1_60_Extra.mp4,404,0,0,0,0,0,0,0
Cap_Phase1_60_Extra.mp4,405,0,0,0,0,0,0,0
Cap_Phase1_60_Extra.mp4,406,0,0,0,0,0,0,0
Cap_Phase1_60_Extra.mp4,407,0,0,0,0,0,0,0
Cap_Phase1_60_Extra.mp4,408,1,0,0,0,0,0,0
Cap_Phase1_60_Extra.mp4,409,1,0,0,0,0,0,0
Cap_Phase1_60_Extra.mp4,410,1,0,0,0,0,0,0
Cap_Phase1_60_Extra.mp4,411,1,0,0,0,0,0,0
Cap_Phase1_60_Extra.mp4,412,1,0,0,0,0,0,0
Cap_Phase1_60_Extra.mp4,413,1,0,0,0,0,0,0
Cap_Phase1_60_Extra.mp4,414,1,0,0,0,0,0,0
Cap_Phase1_60_Extra.mp4,415,1,0,0,0,0,0,0
Cap_Phase1_60_Extra.mp4,416,1,0,0,0,0,0,0
Cap_Phase1_60_Extra.mp4,417,1,0,0,0,0,0,0
Cap_Phase1_60_Extra.mp4,418,1,0,0,0,0,0,0
Cap_Phase1_60_Extra.mp4,419,1,0,0,0,0,0,0
Cap_Phase1_60_Extra.mp4,420,0,0,0,0,0,0,0
Cap_Phase1_60_Extra.mp4,421,0,0,0,0,0,0,0
Cap_Phase1_60_Extra.mp4,422,0,0,0,0,0,0,0
Cap_Phase1_60_Extra.mp4,423,0,0,0,0,0,0,0
Cap_Phase1_60_Extra.mp4,424,0,0,0,0,0,0,0
Cap_Phase1_60_Extra.mp4,425,0,0,0,0,0,0,0
Cap_Phase1_60_Extra.mp4,426,0,0,0,0,0,0,0
Cap_Phase1_60_Extra.mp4,427,0,0,0,0,0,0,0
Cap_Phase1_60_Extra.mp4,428,0,0,0,0,0,0,0
Cap_Phase1_60_Extra.mp4,429,0,0,0,0,0,0,0
Cap_Phase1_60_Extra.mp4,430,0,0,0,0,0,0,0
Cap_Phase1_60_Extra.mp4,431,0,0,0,0,0,0,0
Cap_Phase1_60_Extra.mp4,432,0,0,0,0,0,0,0
Cap_Phase1_60_Extra.mp4,433,0,0,0,0,0,0,0
Cap_Phase1_60_Extra.mp4,434,0,0,0,0,0,0,0
Cap_Phase1_60_Extra.mp4,435,0,0,0,0,0,0,0
Cap_Phase1_60_Extra.mp4,436,0,0,0,0,0,0,0
Cap_Phase1_60_Extra.mp4,437,0,0,0,0,0,0,0
Cap_Phase1_60_Extra.mp4,438,0,0,0,0,0,0,0
Cap_Phase1_60_Extra.mp4,439,0,0,0,0,0,0,0
Cap_Phase1_60_Extra.mp4,440,0,0,0,0,0,0,0
Cap_Phase1_60_Extra.mp4,441,0,0,0,0,0,0,0
Cap_Phase1_60_Extra.mp4,442,0,0,0,0,0,0,0
Cap_Phase1_60_Extra.mp4,443,0,0,0,0,0,0,0
Cap_Phase1_60_Extra.mp4,444,0,0,0,0,0,0,0
Cap_Phase1_60_Extra.mp4,445,0,0,0,0,0,0,0
Cap_Phase1_60_Extra.mp4,446,0,0,0,0,0,0,0
Cap_Phase1_60_Extra.mp4,447,0,0,0,0,0,0,0
Cap_Phase1_60_Extra.mp4,448,0,0,0,0,0,0,0
Cap_Phase1_60_Extra.mp4,449,0,0,0,0,0,0,0
Cap_Phase1_60_Extra.mp4,450,0,0,0,0,0,0,0
Cap_Phase1_60_Extra.mp4,451,0,0,0,0,0,0,0
Cap_Phase1_60_Extra.mp4,452,0,0,0,0,0,0,0
Cap_Phase1_60_Extra.mp4,453,0,0,0,0,0,0,0
Cap_Phase1_60_Extra.mp4,454,0,0,0,0,0,0,0
Cap_Phase1_60_Extra.mp4,455,0,0,0,0,0,0,0
Cap_Phase1_60_Extra.mp4,456,0,0,0,0,0,0,0
Cap_Phase1_60_Extra.mp4,457,0,0,0,0,0,0,0
Cap_Phase1_60_Extra.mp4,458,0,0,0,0,0,0,0
Cap_Phase1_60_Extra.mp4,459,0,0,0,0,0,0,0
Cap_Phase1_60_Extra.mp4,460,0,0,0,0,0,0,0
Cap_Phase1_60_Extra.mp4,461,0,0,0,0,0,0,0
Cap_Phase1_60_Extra.mp4,462,0,0,0,0,0,0,0
Cap_Phase1_60_Extra.mp4,463,0,0,0,0,0,0,0
Cap_Phase1_60_Extra.mp4,464,0,0,0,0,0,0,0
Cap_Phase1_60_Extra.mp4,465,0,0,0,0,0,0,0
Cap_Phase1_60_Extra.mp4,466,1,0,0,0,0,0,0
Cap_Phase1_60_Extra.mp4,467,1,0,0,0,0,0,0
Cap_Phase1_60_Extra.mp4,468,1,0,0,0,0,0,0
Cap_Phase1_60_Extra.mp4,469,1,0,0,0,0,0,0
Cap_Phase1_60_Extra.mp4,470,1,0,0,0,0,0,0
Cap_Phase1_60_Extra.mp4,471,1,0,0,0,0,0,0
Cap_Phase1_60_Extra.mp4,472,1,0,0,0,0,0,0
Cap_Phase1_60_Extra.mp4,473,1,0,0,0,0,0,0
Cap_Phase1_60_Extra.mp4,474,1,0,0,0,0,0,0
Cap_Phase1_60_Extra.mp4,475,1,0,0,0,0,0,0
Cap_Phase1_60_Extra.mp4,476,1,0,0,0,0,0,0
Cap_Phase1_60_Extra.mp4,477,1,0,0,0,0,0,0
Cap_Phase1_60_Extra.mp4,478,0,0,0,0,0,0,0
Cap_Phase1_60_Extra.mp4,479,0,0,0,0,0,0,0
Cap_Phase1_60_Extra.mp4,480,0,0,0,0,0,0,0
Cap_Phase1_60_Extra.mp4,481,0,0,0,0,0,0,0
Cap_Phase1_60_Extra.mp4,482,0,0,0,0,0,0,0
Cap_Phase1_60_Extra.mp4,483,0,0,0,0,0,0,0
Cap_Phase1_60_Extra.mp4,484,0,0,0,0,0,0,0
Cap_Phase1_60_Extra.mp4,485,0,0,0,0,0,0,0
Cap_Phase1_60_Extra.mp4,486,0,0,0,0,0,0,0
Cap_Phase1_60_Extra.mp4,487,0,0,0,0,0,0,0
Cap_Phase1_60_Extra.mp4,488,0,0,0,0,0,0,0
Cap_Phase1_60_Extra.mp4,489,0,0,0,0,0,0,0
Cap_Phase1_60_Extra.mp4,490,0,0,0,0,0,0,0
Cap_Phase1_60_Extra.mp4,491,0,0,0,0,0,0,0
Cap_Phase1_60_Extra.mp4,492,0,0,0,0,0,0,0
Cap_Phase1_60_Extra.mp4,493,0,0,0,0,0,0,0
Cap_Phase1_60_Extra.mp4,494,0,0,0,0,0,0,0
Cap_Phase1_60_Extra.mp4,495,0,0,0,0,0,0,0
Cap_Phase1_60_Extra.mp4,496,0,0,0,0,0,0,0
Cap_Phase1_60_Extra.mp4,497,0,0,0,0,0,0,0
Cap_Phase1_60_Extra.mp4,498,0,0,0,0,0,0,0
Cap_Phase1_60_Extra.mp4,499,0,0,0,0,0,0,0
Cap_Phase1_60_Extra.mp4,500,0,0,0,0,0,0,0
Cap_Phase1_60_Extra.mp4,501,0,0,0,0,0,0,0
Cap_Phase1_60_Extra.mp4,502,0,0,0,0,0,0,0
Cap_Phase1_60_Extra.mp4,503,0,0,0,0,0,0,0
Cap_Phase1_60_Extra.mp4,504,0,0,0,0,0,0,0
Cap_Phase1_60_Extra.mp4,505,0,0,0,0,0,0,0
Cap_Phase1_60_Extra.mp4,506,0,0,0,0,0,0,0
Cap_Phase1_60_Extra.mp4,507,0,0,0,0,0,0,0
Cap_Phase1_60_Extra.mp4,508,0,0,0,0,0,0,0
Cap_Phase1_60_Extra.mp4,509,0,0,0,0,0,0,0
Cap_Phase1_60_Extra.mp4,510,0,0,0,0,0,0,0
Cap_Phase1_60_Extra.mp4,511,0,0,0,0,0,0,0
Cap_Phase1_60_Extra.mp4,512,0,0,0,0,0,0,0
Cap_Phase1_60_Extra.mp4,513,0,0,0,0,0,0,0
Cap_Phase1_60_Extra.mp4,514,0,0,0,0,0,0,0
Cap_Phase1_60_Extra.mp4,515,0,0,0,0,0,0,0
Cap_Phase1_60_Extra.mp4,516,0,0,0,0,0,0,0
Cap_Phase1_60_Extra.mp4,517,0,0,0,0,0,0,0
Cap_Phase1_60_Extra.mp4,518,0,0,0,0,0,0,0
Cap_Phase1_60_Extra.mp4,519,0,0,0,0,0,0,0
Cap_Phase1_60_Extra.mp4,520,0,0,0,0,0,0,0
Cap_Phase1_60_Extra.mp4,521,0,0,0,0,0,0,0
Cap_Phase1_60_Extra.mp4,522,0,0,0,0,0,0,0
Cap_Phase1_60_Extra.mp4,523,0,0,0,0,0,0,0
Cap_Phase1_60_Extra.mp4,524,0,0,0,0,0,0,0
Cap_Phase1_60_Extra.mp4,525,0,0,0,0,0,0,0
Cap_Phase1_60_Extra.mp4,526,1,0,0,0,0,0,0
Cap_Phase1_60_Extra.mp4,527,1,0,0,0,0,0,0
Cap_Phase1_60_Extra.mp4,528,1,0,0,0,0,0,0
Cap_Phase1_60_Extra.mp4,529,1,0,0,0,0,0,0
Cap_Phase1_60_Extra.mp4,530,1,0,0,0,0,0,0
Cap_Phase1_60_Extra.mp4,531,1,0,0,0,0,0,0
Cap_Phase1_60_Extra.mp4,532,1,0,0,0,0,0,0
Cap_Phase1_60_Extra.mp4,533,1,0,0,0,0,0,0
Cap_Phase1_60_Extra.mp4,534,1,0,0,0,0,0,0
Cap_Phase1_60_Extra.mp4,535,1,0,0,0,0,0,0
Cap_Phase1_60_Extra.mp4,536,1,0,0,0,0,0,0
Cap_Phase1_60_Extra.mp4,537,1,0,0,0,0,0,0
Cap_Phase1_60_Extra.mp4,538,1,0,0,0,0,0,0
Cap_Phase1_60_Extra.mp4,539,1,0,0,0,0,0,0
Cap_Phase1_60_Extra.mp4,540,1,0,0,0,0,0,0
Cap_Phase1_60_Extra.mp4,541,1,0,0,0,0,0,0
Cap_Phase1_60_Extra.mp4,542,1,0,0,0,0,0,0
Cap_Phase1_60_Extra.mp4,543,1,0,0,0,0,0,0
Cap_Phase1_60_Extra.mp4,544,1,0,0,0,0,0,0
Cap_Phase1_60_Extra.mp4,545,1,0,0,0,0,0,0
Cap_Phase1_60_Extra.mp4,546,0,0,0,0,0,0,0
Cap_Phase1_60_Extra.mp4,547,0,0,0,0,0,0,0
Cap_Phase1_60_Extra.mp4,548,0,0,0,0,0,0,0
Cap_Phase1_60_Extra.mp4,549,0,0,0,0,0,0,0
Cap_Phase1_60_Extra.mp4,550,0,0,0,0,0,0,0
Cap_Phase1_60_Extra.mp4,551,0,0,0,0,0,0,0
Cap_Phase1_60_Extra.mp4,552,0,0,0,0,0,0,0
Cap_Phase1_60_Extra.mp4,553,0,0,0,0,0,0,0
Cap_Phase1_60_Extra.mp4,554,0,0,0,0,0,0,0
Cap_Phase1_60_Extra.mp4,555,0,0,0,0,0,0,0
Cap_Phase1_60_Extra.mp4,556,0,0,0,0,0,0,0
Cap_Phase1_60_Extra.mp4,557,0,0,0,0,0,0,0
Cap_Phase1_60_Extra.mp4,558,0,0,0,0,0,0,0
Cap_Phase1_60_Extra.mp4,559,0,0,0,0,0,0,0
Cap_Phase1_60_Extra.mp4,560,0,0,0,0,0,0,0
Cap_Phase1_60_Extra.mp4,561,0,0,0,0,0,0,0
Cap_Phase1_60_Extra.mp4,562,0,0,0,0,0,0,0
Cap_Phase1_60_Extra.mp4,563,0,0,0,0,0,0,0
Cap_Phase1_60_Extra.mp4,564,0,0,0,0,0,0,0
Cap_Phase1_60_Extra.mp4,565,0,0,0,0,0,0,0
Cap_Phase1_60_Extra.mp4,566,0,0,0,0,0,0,0
Cap_Phase1_60_Extra.mp4,567,0,0,0,0,0,0,0
Cap_Phase1_60_Extra.mp4,568,0,0,0,0,0,0,0
Cap_Phase1_60_Extra.mp4,569,0,0,0,0,0,0,0
Cap_Phase1_60_Extra.mp4,570,0,0,0,0,0,0,0
Cap_Phase1_60_Extra.mp4,571,0,0,0,0,0,0,0
Cap_Phase1_60_Extra.mp4,572,0,0,0,0,0,0,0
Cap_Phase1_60_Extra.mp4,573,0,0,0,0,0,0,0
Cap_Phase1_60_Extra.mp4,574,0,0,0,0,0,0,0
Cap_Phase1_60_Extra.mp4,575,0,0,0,0,0,0,0
Cap_Phase1_60_Extra.mp4,576,0,0,0,0,0,0,0
Cap_Phase1_60_Extra.mp4,577,0,0,0,0,0,0,0
Cap_Phase1_60_Extra.mp4,578,0,0,0,0,0,0,0
Cap_Phase1_60_Extra.mp4,579,0,0,0,0,0,0,0
Cap_Phase1_60_Extra.mp4,580,0,0,0,0,0,0,0
Cap_Phase1_60_Extra.mp4,581,0,0,0,0,0,0,0
Cap_Phase1_60_Extra.mp4,582,0,0,0,0,0,0,0
Cap_Phase1_60_Extra.mp4,583,0,0,0,0,0,0,0
Cap_Phase1_60_Extra.mp4,584,0,0,0,0,0,0,0
Cap_Phase1_60_Extra.mp4,585,0,0,0,0,0,0,0
Cap_Phase1_60_Extra.mp4,586,0,0,0,0,0,0,0
Cap_Phase1_60_Extra.mp4,587,0,0,0,0,0,0,0
Cap_Phase1_60_Extra.mp4,588,1,0,0,0,0,0,0
Cap_Phase1_60_Extra.mp4,589,1,0,0,0,0,0,0
Cap_Phase1_60_Extra.mp4,590,1,0,0,0,0,0,0
Cap_Phase1_60_Extra.mp4,591,1,0,0,0,0,0,0
Cap_Phase1_60_Extra.mp4,592,1,0,0,0,0,0,0
Cap_Phase1_60_Extra.mp4,593,1,0,0,0,0,0,0
Cap_Phase1_60_Extra.mp4,594,1,0,0,0,0,0,0
Cap_Phase1_60_Extra.mp4,595,1,0,0,0,0,0,0
Cap_Phase1_60_Extra.mp4,596,1,0,0,0,0,0,0
Cap_Phase1_60_Extra.mp4,597,1,0,0,0,0,0,0
Cap_Phase1_60_Extra.mp4,598,1,0,0,0,0,0,0
Cap_Phase1_60_Extra.mp4,599,1,0,0,0,0,0,0
Cap_Phase1_60_Extra.mp4,600,1,0,0,0,0,0,0
Cap_Phase1_60_Extra.mp4,601,1,0,0,0,0,0,0
Cap_Phase1_60_Extra.mp4,602,1,0,0,0,0,0,0
Cap_Phase1_60_Extra.mp4,603,1,0,0,0,0,0,0
Cap_Phase1_60_Extra.mp4,604,1,0,0,0,0,0,0
Cap_Phase1_60_Extra.mp4,605,1,0,0,0,0,0,0
Cap_Phase1_60_Extra.mp4,606,1,0,0,0,0,0,0
Cap_Phase1_60_Extra.mp4,607,0,0,0,0,0,0,0
Cap_Phase1_60_Extra.mp4,608,0,0,0,0,0,0,0
Cap_Phase1_60_Extra.mp4,609,0,0,0,0,0,0,0
Cap_Phase1_60_Extra.mp4,610,0,0,0,0,0,0,0
Cap_Phase1_60_Extra.mp4,611,0,0,0,0,0,0,0
Cap_Phase1_60_Extra.mp4,612,0,0,0,0,0,0,0
Cap_Phase1_60_Extra.mp4,613,0,0,0,0,0,0,0
Cap_Phase1_60_Extra.mp4,614,0,0,0,0,0,0,0
Cap_Phase1_60_Extra.mp4,615,0,0,0,0,0,0,0
Cap_Phase1_60_Extra.mp4,616,0,0,0,0,0,0,0
Cap_Phase1_60_Extra.mp4,617,0,0,0,0,0,0,0
Cap_Phase1_60_Extra.mp4,618,0,0,0,0,0,0,0
Cap_Phase1_60_Extra.mp4,619,0,0,0,0,0,0,0
Cap_Phase1_60_Extra.mp4,620,0,0,0,0,0,0,0
Cap_Phase1_60_Extra.mp4,621,0,0,0,0,0,0,0
Cap_Phase1_60_Extra.mp4,622,0,0,0,0,0,0,0
Cap_Phase1_60_Extra.mp4,623,0,0,0,0,0,0,0
Cap_Phase1_60_Extra.mp4,624,0,0,0,0,0,0,0
Cap_Phase1_60_Extra.mp4,625,0,0,0,0,0,0,0
Cap_Phase1_60_Extra.mp4,626,0,0,0,0,0,0,0
Cap_Phase1_60_Extra.mp4,627,0,0,0,0,0,0,0
Cap_Phase1_60_Extra.mp4,628,0,0,0,0,0,0,0
Cap_Phase1_60_Extra.mp4,629,0,0,0,0,0,0,0
Cap_Phase1_60_Extra.mp4,630,0,0,0,0,0,0,0
Cap_Phase1_60_Extra.mp4,631,0,0,0,0,0,0,0
Cap_Phase1_60_Extra.mp4,632,0,0,0,0,0,0,0
Cap_Phase1_60_Extra.mp4,633,0,0,0,0,0,0,0
Cap_Phase1_60_Extra.mp4,634,0,0,0,0,0,0,0
Cap_Phase1_60_Extra.mp4,635,0,0,0,0,0,0,0
Cap_Phase1_60_Extra.mp4,636,0,0,0,0,0,0,0
Cap_Phase1_60_Extra.mp4,637,0,0,0,0,0,0,0
Cap_Phase1_60_Extra.mp4,638,0,0,0,0,0,0,0
Cap_Phase1_60_Extra.mp4,639,0,0,0,0,0,0,0
Cap_Phase1_60_Extra.mp4,640,0,0,0,0,0,0,0
Cap_Phase1_60_Extra.mp4,641,0,0,0,0,0,0,0
Cap_Phase1_60_Extra.mp4,642,0,0,0,0,0,0,0
Cap_Phase1_60_Extra.mp4,643,1,0,0,0,1,1,0
Cap_Phase1_60_Extra.mp4,644,1,0,0,0,0,0,0
Cap_Phase1_60_Extra.mp4,645,1,0,0,0,0,0,0
Cap_Phase1_60_Extra.mp4,646,1,0,0,0,0,0,0
Cap_Phase1_60_Extra.mp4,647,1,0,0,0,0,0,0
Cap_Phase1_60_Extra.mp4,648,1,0,0,0,0,0,0
Cap_Phase1_60_Extra.mp4,649,1,0,0,0,0,0,0
Cap_Phase1_60_Extra.mp4,650,1,0,0,0,0,0,0
Cap_Phase1_60_Extra.mp4,651,1,0,0,0,0,0,0
Cap_Phase1_60_Extra.mp4,652,1,0,0,0,0,0,0
Cap_Phase1_60_Extra.mp4,653,1,0,0,0,0,0,0
Cap_Phase1_60_Extra.mp4,654,1,0,0,0,0,0,0
Cap_Phase1_60_Extra.mp4,655,1,0,0,0,0,0,0
Cap_Phase1_60_Extra.mp4,656,1,0,0,0,0,0,0
Cap_Phase1_60_Extra.mp4,657,1,0,0,0,0,0,0
Cap_Phase1_60_Extra.mp4,658,1,0,0,0,0,0,0
Cap_Phase1_60_Extra.mp4,659,1,0,0,0,0,0,0
Cap_Phase1_60_Extra.mp4,660,1,0,0,0,0,0,0
Cap_Phase1_60_Extra.mp4,661,0,0,0,0,0,0,0
Cap_Phase1_60_Extra.mp4,662,0,0,0,0,0,0,0
Cap_Phase1_60_Extra.mp4,663,0,0,0,0,0,0,0
Cap_Phase1_60_Extra.mp4,664,0,0,0,0,0,0,0
Cap_Phase1_60_Extra.mp4,665,0,0,0,0,0,0,0
Cap_Phase1_60_Extra.mp4,666,0,0,0,0,0,0,0
Cap_Phase1_60_Extra.mp4,667,0,0,0,0,0,0,0
Cap_Phase1_60_Extra.mp4,668,0,0,0,0,0,0,0
Cap_Phase1_60_Extra.mp4,669,0,0,0,0,0,0,0
Cap_Phase1_60_Extra.mp4,670,0,0,0,0,0,0,0
Cap_Phase1_60_Extra.mp4,671,0,0,0,0,0,0,0
Cap_Phase1_60_Extra.mp4,672,0,0,0,0,0,0,0
Cap_Phase1_60_Extra.mp4,673,0,0,0,0,0,0,0
Cap_Phase1_60_Extra.mp4,674,0,0,0,0,0,0,0
Cap_Phase1_60_Extra.mp4,675,0,0,0,0,0,0,0
Cap_Phase1_60_Extra.mp4,676,0,0,0,0,0,0,0
Cap_Phase1_60_Extra.mp4,677,0,0,0,0,0,0,0
Cap_Phase1_60_Extra.mp4,678,0,0,0,0,0,0,0
Cap_Phase1_60_Extra.mp4,679,0,0,0,0,0,0,0
Cap_Phase1_60_Extra.mp4,680,0,0,0,0,0,0,0
Cap_Phase1_60_Extra.mp4,681,0,0,0,0,0,0,0
Cap_Phase1_60_Extra.mp4,682,0,0,0,0,0,0,0
Cap_Phase1_60_Extra.mp4,683,0,0,0,0,0,0,0
Cap_Phase1_60_Extra.mp4,684,0,0,0,0,0,0,0
Cap_Phase1_60_Extra.mp4,685,0,0,0,0,0,0,0
Cap_Phase1_60_Extra.mp4,686,0,0,0,0,0,0,0
Cap_Phase1_60_Extra.mp4,687,0,0,0,0,0,0,0
Cap_Phase1_60_Extra.mp4,688,0,0,0,0,0,0,0
Cap_Phase1_60_Extra.mp4,689,0,0,0,0,0,0,0
Cap_Phase1_60_Extra.mp4,690,0,0,0,0,0,0,0
Cap_Phase1_60_Extra.mp4,691,0,0,0,0,0,0,0
Cap_Phase1_60_Extra.mp4,692,0,0,0,0,0,0,0
Cap_Phase1_60_Extra.mp4,693,0,0,0,0,0,0,0
Cap_Phase1_60_Extra.mp4,694,0,0,0,0,0,0,0
Cap_Phase1_60_Extra.mp4,695,0,0,0,0,0,0,0
Cap_Phase1_60_Extra.mp4,696,0,0,0,0,0,0,0
Cap_Phase1_60_Extra.mp4,697,0,0,0,0,0,0,0
Cap_Phase1_60_Extra.mp4,698,0,0,0,0,0,0,0
Cap_Phase1_60_Extra.mp4,699,0,0,0,0,0,0,0
Cap_Phase1_60_Extra.mp4,700,0,0,0,0,0,0,0
Cap_Phase1_60_Extra.mp4,701,0,0,0,0,0,0,0
Cap_Phase1_60_Extra.mp4,702,0,0,0,0,0,0,0
Cap_Phase1_60_Extra.mp4,703,0,0,0,0,0,0,0
Cap_Phase1_60_Extra.mp4,704,0,0,0,0,0,0,0
Cap_Phase1_60_Extra.mp4,705,0,0,0,0,0,0,0
Cap_Phase1_60_Extra.mp4,706,1,0,0,0,0,0,0
Cap_Phase1_60_Extra.mp4,707,1,0,0,0,0,0,0
Cap_Phase1_60_Extra.mp4,708,1,0,0,0,0,0,0
Cap_Phase1_60_Extra.mp4,709,1,0,0,0,0,0,0
Cap_Phase1_60_Extra.mp4,710,1,0,0,0,0,0,0
Cap_Phase1_60_Extra.mp4,711,1,0,0,0,0,0,0
Cap_Phase1_60_Extra.mp4,712,1,0,0,0,0,0,0
Cap_Phase1_60_Extra.mp4,713,1,0,0,0,0,0,0
Cap_Phase1_60_Extra.mp4,714,1,0,0,0,0,0,0
Cap_Phase1_60_Extra.mp4,715,1,0,0,0,0,0,0
Cap_Phase1_60_Extra.mp4,716,1,0,0,0,0,0,0
Cap_Phase1_60_Extra.mp4,717,1,0,0,0,0,0,0
Cap_Phase1_60_Extra.mp4,718,1,0,0,0,0,0,0
Cap_Phase1_60_Extra.mp4,719,1,0,0,0,0,0,0
Cap_Phase1_60_Extra.mp4,720,1,0,0,0,0,0,0
Cap_Phase1_60_Extra.mp4,721,1,0,0,0,0,0,0
Cap_Phase1_60_Extra.mp4,722,1,0,0,0,0,0,0
Cap_Phase1_60_Extra.mp4,723,1,0,0,0,0,0,0
Cap_Phase1_60_Extra.mp4,724,0,0,0,0,0,0,0
Cap_Phase1_60_Extra.mp4,725,0,0,0,0,0,0,0
Cap_Phase1_60_Extra.mp4,726,0,0,0,0,0,0,0
Cap_Phase1_60_Extra.mp4,727,0,0,0,0,0,0,0
Cap_Phase1_60_Extra.mp4,728,0,0,0,0,0,0,0
Cap_Phase1_60_Extra.mp4,729,0,0,0,0,0,0,0
Cap_Phase1_60_Extra.mp4,730,0,0,0,0,0,0,0
Cap_Phase1_60_Extra.mp4,731,0,0,0,0,0,0,0
Cap_Phase1_60_Extra.mp4,732,0,0,0,0,0,0,0
Cap_Phase1_60_Extra.mp4,733,0,0,0,0,0,0,0
Cap_Phase1_60_Extra.mp4,734,0,0,0,0,0,0,0
Cap_Phase1_60_Extra.mp4,735,0,0,0,0,0,0,0
Cap_Phase1_60_Extra.mp4,736,0,0,0,0,0,0,0
Cap_Phase1_60_Extra.mp4,737,0,0,0,0,0,0,0
Cap_Phase1_60_Extra.mp4,738,0,0,0,0,0,0,0
Cap_Phase1_60_Extra.mp4,739,0,0,0,0,0,0,0
Cap_Phase1_60_Extra.mp4,740,0,0,0,0,0,0,0
Cap_Phase1_60_Extra.mp4,741,0,0,0,0,0,0,0
Cap_Phase1_60_Extra.mp4,742,0,0,0,0,0,0,0
Cap_Phase1_60_Extra.mp4,743,0,0,0,0,0,0,0
Cap_Phase1_60_Extra.mp4,744,0,0,0,0,0,0,0
Cap_Phase1_60_Extra.mp4,745,0,0,0,0,0,0,0
Cap_Phase1_60_Extra.mp4,746,0,0,0,0,0,0,0
Cap_Phase1_60_Extra.mp4,747,0,0,0,0,0,0,0
Cap_Phase1_60_Extra.mp4,748,0,0,0,0,0,0,0
Cap_Phase1_60_Extra.mp4,749,0,0,0,0,0,0,0
Cap_Phase1_60_Extra.mp4,750,0,0,0,0,0,0,0
Cap_Phase1_60_Extra.mp4,751,0,0,0,0,0,0,0
Cap_Phase1_60_Extra.mp4,752,0,0,0,0,0,0,0
Cap_Phase1_60_Extra.mp4,753,0,0,0,0,0,0,0
Cap_Phase1_60_Extra.mp4,754,0,0,0,0,0,0,0
Cap_Phase1_60_Extra.mp4,755,0,0,0,0,0,0,0
Cap_Phase1_60_Extra.mp4,756,0,0,0,0,0,0,0
Cap_Phase1_60_Extra.mp4,757,0,0,0,0,0,0,0
Cap_Phase1_60_Extra.mp4,758,0,0,0,0,0,0,0
Cap_Phase1_60_Extra.mp4,759,0,0,0,0,0,0,0
Cap_Phase1_60_Extra.mp4,760,0,0,0,0,0,0,0
Cap_Phase1_60_Extra.mp4,761,0,0,0,0,0,0,0
Cap_Phase1_60_Extra.mp4,762,0,0,0,0,0,0,0
Cap_Phase1_60_Extra.mp4,763,0,0,0,0,0,0,0
Cap_Phase1_60_Extra.mp4,764,0,0,0,0,0,0,0
Cap_Phase1_60_Extra.mp4,765,0,0,0,0,0,0,0
Cap_Phase1_60_Extra.mp4,766,0,0,0,0,0,0,0
Cap_Phase1_60_Extra.mp4,767,0,0,0,0,0,0,0
Cap_Phase1_60_Extra.mp4,768,1,0,0,0,0,0,0
Cap_Phase1_60_Extra.mp4,769,1,0,0,0,0,0,0
Cap_Phase1_60_Extra.mp4,770,1,0,0,0,0,0,0
Cap_Phase1_60_Extra.mp4,771,1,0,0,0,0,0,0
Cap_Phase1_60_Extra.mp4,772,1,0,0,0,0,0,0
Cap_Phase1_60_Extra.mp4,773,1,0,0,0,0,0,0
Cap_Phase1_60_Extra.mp4,774,1,0,0,0,0,0,0
Cap_Phase1_60_Extra.mp4,775,1,0,0,0,0,0,0
Cap_Phase1_60_Extra.mp4,776,1,0,0,0,0,0,0
Cap_Phase1_60_Extra.mp4,777,1,0,0,0,0,0,0
Cap_Phase1_60_Extra.mp4,778,1,0,0,0,0,0,0
Cap_Phase1_60_Extra.mp4,779,1,0,0,0,0,0,0
Cap_Phase1_60_Extra.mp4,780,1,0,0,0,0,0,0
Cap_Phase1_60_Extra.mp4,781,1,0,0,0,0,0,0
Cap_Phase1_60_Extra.mp4,782,1,0,0,0,0,0,0
Cap_Phase1_60_Extra.mp4,783,1,0,0,0,0,0,0
Cap_Phase1_60_Extra.mp4,784,1,0,0,0,0,0,0
Cap_Phase1_60_Extra.mp4,785,0,0,0,0,0,0,0
Cap_Phase1_60_Extra.mp4,786,0,0,0,0,0,0,0
Cap_Phase1_60_Extra.mp4,787,0,0,0,0,0,0,0
Cap_Phase1_60_Extra.mp4,788,0,0,0,0,0,0,0
Cap_Phase1_60_Extra.mp4,789,0,0,0,0,0,0,0
Cap_Phase1_60_Extra.mp4,790,0,0,0,0,0,0,0
Cap_Phase1_60_Extra.mp4,791,0,0,0,0,0,0,0
Cap_Phase1_60_Extra.mp4,792,0,0,0,0,0,0,0
Cap_Phase1_60_Extra.mp4,793,0,0,0,0,0,0,0
Cap_Phase1_60_Extra.mp4,794,0,0,0,0,0,0,0
Cap_Phase1_60_Extra.mp4,795,0,0,0,0,0,0,0
Cap_Phase1_60_Extra.mp4,796,0,0,0,0,0,0,0
Cap_Phase1_60_Extra.mp4,797,0,0,0,0,0,0,0
Cap_Phase1_60_Extra.mp4,798,0,0,0,0,0,0,0
Cap_Phase1_60_Extra.mp4,799,0,0,0,0,0,0,0
Cap_Phase1_60_Extra.mp4,800,0,0,0,0,0,0,0
Cap_Phase1_60_Extra.mp4,801,0,0,0,0,0,0,0
Cap_Phase1_60_Extra.mp4,802,0,0,0,0,0,0,0
Cap_Phase1_60_Extra.mp4,803,0,0,0,0,0,0,0
Cap_Phase1_60_Extra.mp4,804,0,0,0,0,0,0,0
Cap_Phase1_60_Extra.mp4,805,0,0,0,0,0,0,0
Cap_Phase1_60_Extra.mp4,806,0,0,0,0,0,0,0
Cap_Phase1_60_Extra.mp4,807,0,0,0,0,0,0,0
Cap_Phase1_60_Extra.mp4,808,0,0,0,0,0,0,0
Cap_Phase1_60_Extra.mp4,809,0,0,0,0,0,0,0
Cap_Phase1_60_Extra.mp4,810,0,0,0,0,0,0,0
Cap_Phase1_60_Extra.mp4,811,0,0,0,0,0,0,0
Cap_Phase1_60_Extra.mp4,812,0,0,0,0,0,0,0
Cap_Phase1_60_Extra.mp4,813,0,0,0,0,0,0,0
Cap_Phase1_60_Extra.mp4,814,0,0,0,0,0,0,0
Cap_Phase1_60_Extra.mp4,815,0,0,0,0,0,0,0
Cap_Phase1_60_Extra.mp4,816,0,0,0,0,0,0,0
Cap_Phase1_60_Extra.mp4,817,0,0,0,0,0,0,0
Cap_Phase1_60_Extra.mp4,818,0,0,0,0,0,0,0
Cap_Phase1_60_Extra.mp4,819,0,0,0,0,0,0,0
Cap_Phase1_60_Extra.mp4,820,0,0,0,0,0,0,0
Cap_Phase1_60_Extra.mp4,821,0,0,0,0,0,0,0
Cap_Phase1_60_Extra.mp4,822,0,0,0,0,0,0,0
Cap_Phase1_60_Extra.mp4,823,0,0,0,0,0,0,0
Cap_Phase1_60_Extra.mp4,824,0,0,0,0,0,0,0
Cap_Phase1_60_Extra.mp4,825,0,0,0,0,0,0,0
Cap_Phase1_60_Extra.mp4,826,0,0,0,0,0,0,0
Cap_Phase1_60_Extra.mp4,827,0,0,0,0,0,0,0
Cap_Phase1_60_Extra.mp4,828,0,0,0,0,0,0,0
Cap_Phase1_60_Extra.mp4,829,0,0,0,0,0,0,0
Cap_Phase1_60_Extra.mp4,830,0,0,0,0,0,0,0
Cap_Phase1_60_Extra.mp4,831,0,0,0,0,0,0,0
Cap_Phase1_60_Extra.mp4,832,0,1,0,0,0,0,0
Cap_Phase1_60_Extra.mp4,833,0,1,0,0,0,0,0
Cap_Phase1_60_Extra.mp4,834,0,1,0,0,0,0,0
Cap_Phase1_60_Extra.mp4,835,0,1,0,0,0,0,0
Cap_Phase1_60_Extra.mp4,836,0,1,0,0,0,0,0
Cap_Phase1_60_Extra.mp4,837,0,1,0,0,0,0,0
Cap_Phase1_60_Extra.mp4,838,0,1,0,0,0,0,0
Cap_Phase1_60_Extra.mp4,839,0,1,0,0,0,0,0
Cap_Phase1_60_Extra.mp4,840,0,1,0,0,0,0,0
Cap_Phase1_60_Extra.mp4,841,0,1,0,0,0,0,0
Cap_Phase1_60_Extra.mp4,842,0,1,0,0,0,0,0
Cap_Phase1_60_Extra.mp4,843,0,1,0,0,0,0,0
Cap_Phase1_60_Extra.mp4,844,0,1,0,0,0,0,0
Cap_Phase1_60_Extra.mp4,845,0,1,0,0,0,0,0
Cap_Phase1_60_Extra.mp4,846,0,1,0,0,0,0,0
Cap_Phase1_60_Extra.mp4,847,0,1,0,0,0,0,0
Cap_Phase1_60_Extra.mp4,848,0,1,0,0,0,0,0
Cap_Phase1_60_Extra.mp4,849,0,1,0,0,0,0,0
Cap_Phase1_60_Extra.mp4,850,0,1,0,0,0,0,0
Cap_Phase1_60_Extra.mp4,851,0,0,0,0,0,0,0
Cap_Phase1_60_Extra.mp4,852,0,0,0,0,0,0,0
Cap_Phase1_60_Extra.mp4,853,0,0,0,0,0,0,0
Cap_Phase1_60_Extra.mp4,854,0,0,0,0,0,0,0
Cap_Phase1_60_Extra.mp4,855,0,0,0,0,0,0,0
Cap_Phase1_60_Extra.mp4,856,0,0,0,0,0,0,0
Cap_Phase1_60_Extra.mp4,857,0,0,0,0,0,0,0
Cap_Phase1_60_Extra.mp4,858,0,0,0,0,0,0,0
Cap_Phase1_60_Extra.mp4,859,0,0,0,0,0,0,0
Cap_Phase1_60_Extra.mp4,860,0,0,0,0,0,0,0
Cap_Phase1_60_Extra.mp4,861,0,0,0,0,0,0,0
Cap_Phase1_60_Extra.mp4,862,0,0,0,0,0,0,0
Cap_Phase1_60_Extra.mp4,863,0,0,0,0,0,0,0
Cap_Phase1_60_Extra.mp4,864,0,0,0,0,0,0,0
Cap_Phase1_60_Extra.mp4,865,0,0,0,0,0,0,0
Cap_Phase1_60_Extra.mp4,866,0,0,0,0,0,0,0
Cap_Phase1_60_Extra.mp4,867,0,0,0,0,0,0,0
Cap_Phase1_60_Extra.mp4,868,0,0,0,0,0,0,0
Cap_Phase1_60_Extra.mp4,869,0,0,0,0,0,0,0
Cap_Phase1_60_Extra.mp4,870,0,0,0,0,0,0,0
Cap_Phase1_60_Extra.mp4,871,0,0,0,0,0,0,0
Cap_Phase1_60_Extra.mp4,872,0,0,0,0,0,0,0
Cap_Phase1_60_Extra.mp4,873,0,0,0,0,0,0,0
Cap_Phase1_60_Extra.mp4,874,0,0,0,0,0,0,0
Cap_Phase1_60_Extra.mp4,875,0,0,0,0,0,0,0
Cap_Phase1_60_Extra.mp4,876,0,0,0,0,0,0,0
Cap_Phase1_60_Extra.mp4,877,0,0,0,0,0,0,0
Cap_Phase1_60_Extra.mp4,878,0,0,0,0,0,0,0
Cap_Phase1_60_Extra.mp4,879,0,0,0,0,0,0,0
Cap_Phase1_60_Extra.mp4,880,0,0,0,0,0,0,0
Cap_Phase1_60_Extra.mp4,881,0,0,0,0,0,0,0
Cap_Phase1_60_Extra.mp4,882,0,0,0,0,0,0,0
Cap_Phase1_60_Extra.mp4,883,0,0,0,0,0,0,0
Cap_Phase1_60_Extra.mp4,884,0,0,0,0,0,0,0
Cap_Phase1_60_Extra.mp4,885,0,0,0,0,0,0,0
Cap_Phase1_60_Extra.mp4,886,0,0,0,0,0,0,0
Cap_Phase1_60_Extra.mp4,887,0,0,0,0,0,0,0
Cap_Phase1_60_Extra.mp4,888,0,1,0,0,0,0,0
Cap_Phase1_60_Extra.mp4,889,0,1,0,0,0,0,0
Cap_Phase1_60_Extra.mp4,890,0,1,0,0,0,0,0
Cap_Phase1_60_Extra.mp4,891,0,1,0,0,0,0,0
Cap_Phase1_60_Extra.mp4,892,0,1,0,0,0,0,0
Cap_Phase1_60_Extra.mp4,893,0,0,0,0,0,0,0
Cap_Phase1_60_Extra.mp4,894,0,0,0,0,0,0,0
Cap_Phase1_60_Extra.mp4,895,0,1,0,0,0,0,0
Cap_Phase1_60_Extra.mp4,896,0,1,0,0,0,0,0
Cap_Phase1_60_Extra.mp4,897,0,1,0,0,0,0,0
Cap_Phase1_60_Extra.mp4,898,0,1,0,0,0,0,0
Cap_Phase1_60_Extra.mp4,899,0,1,0,0,0,0,0
Cap_Phase1_60_Extra.mp4,900,0,1,0,0,0,0,0
Cap_Phase1_60_Extra.mp4,901,0,1,0,0,0,0,0
Cap_Phase1_60_Extra.mp4,902,0,1,0,0,0,0,0
Cap_Phase1_60_Extra.mp4,903,0,1,0,0,0,0,0
Cap_Phase1_60_Extra.mp4,904,0,1,0,0,0,0,0
Cap_Phase1_60_Extra.mp4,905,0,1,0,0,0,0,0
Cap_Phase1_60_Extra.mp4,906,0,1,0,0,0,0,0
Cap_Phase1_60_Extra.mp4,907,0,1,0,0,0,0,0
Cap_Phase1_60_Extra.mp4,908,0,1,0,0,0,0,0
Cap_Phase1_60_Extra.mp4,909,0,1,0,0,0,0,0
Cap_Phase1_60_Extra.mp4,910,0,0,0,0,0,0,0
Cap_Phase1_60_Extra.mp4,911,0,0,0,0,0,0,0
Cap_Phase1_60_Extra.mp4,912,0,0,0,0,0,0,0
Cap_Phase1_60_Extra.mp4,913,0,0,0,0,0,0,0
Cap_Phase1_60_Extra.mp4,914,0,0,0,0,0,0,0
Cap_Phase1_60_Extra.mp4,915,0,0,0,0,0,0,0
Cap_Phase1_60_Extra.mp4,916,0,0,0,0,0,0,0
Cap_Phase1_60_Extra.mp4,917,0,0,0,0,0,0,0
Cap_Phase1_60_Extra.mp4,918,0,0,0,0,0,0,0
Cap_Phase1_60_Extra.mp4,919,0,0,0,0,0,0,0
Cap_Phase1_60_Extra.mp4,920,0,0,0,0,0,0,0
Cap_Phase1_60_Extra.mp4,921,0,0,0,0,0,0,0
Cap_Phase1_60_Extra.mp4,922,0,0,0,0,0,0,0
Cap_Phase1_60_Extra.mp4,923,0,0,0,0,0,0,0
Cap_Phase1_60_Extra.mp4,924,0,0,0,0,0,0,0
Cap_Phase1_60_Extra.mp4,925,0,0,0,0,0,0,0
Cap_Phase1_60_Extra.mp4,926,0,0,0,0,0,0,0
Cap_Phase1_60_Extra.mp4,927,0,0,0,0,0,0,0
Cap_Phase1_60_Extra.mp4,928,0,0,0,0,0,0,0
Cap_Phase1_60_Extra.mp4,929,0,0,0,0,0,0,0
Cap_Phase1_60_Extra.mp4,930,0,0,0,0,0,0,0
Cap_Phase1_60_Extra.mp4,931,0,0,0,0,0,0,0
Cap_Phase1_60_Extra.mp4,932,0,0,0,0,0,0,0
Cap_Phase1_60_Extra.mp4,933,0,0,0,0,0,0,0
Cap_Phase1_60_Extra.mp4,934,0,0,0,0,0,0,0
Cap_Phase1_60_Extra.mp4,935,0,0,0,0,0,0,0
Cap_Phase1_60_Extra.mp4,936,0,0,0,0,0,0,0
Cap_Phase1_60_Extra.mp4,937,0,0,0,0,0,0,0
Cap_Phase1_60_Extra.mp4,938,0,0,0,0,0,0,0
Cap_Phase1_60_Extra.mp4,939,0,0,0,0,0,0,0
Cap_Phase1_60_Extra.mp4,940,0,0,0,0,0,0,0
Cap_Phase1_60_Extra.mp4,941,0,0,0,0,0,0,0
Cap_Phase1_60_Extra.mp4,942,0,0,0,0,0,0,0
Cap_Phase1_60_Extra.mp4,943,0,0,0,0,0,0,0
Cap_Phase1_60_Extra.mp4,944,0,0,0,0,0,0,0
Cap_Phase1_60_Extra.mp4,945,0,0,0,0,0,0,0
Cap_Phase1_60_Extra.mp4,946,0,0,0,0,0,0,0
Cap_Phase1_60_Extra.mp4,947,0,0,0,0,0,0,0
Cap_Phase1_60_Extra.mp4,948,0,1,0,0,0,0,0
Cap_Phase1_60_Extra.mp4,949,0,1,0,0,0,0,0
Cap_Phase1_60_Extra.mp4,950,0,1,0,0,0,0,0
Cap_Phase1_60_Extra.mp4,951,0,1,0,0,0,0,0
Cap_Phase1_60_Extra.mp4,952,0,1,0,0,0,0,0
Cap_Phase1_60_Extra.mp4,953,0,1,0,0,0,0,0
Cap_Phase1_60_Extra.mp4,954,0,1,0,0,0,0,0
Cap_Phase1_60_Extra.mp4,955,0,1,0,0,0,0,0
Cap_Phase1_60_Extra.mp4,956,0,1,0,0,0,0,0
Cap_Phase1_60_Extra.mp4,957,0,1,0,0,0,0,0
Cap_Phase1_60_Extra.mp4,958,0,1,0,0,0,0,0
Cap_Phase1_60_Extra.mp4,959,0,1,0,0,0,0,0
Cap_Phase1_60_Extra.mp4,960,0,1,0,0,0,0,0
Cap_Phase1_60_Extra.mp4,961,0,1,0,0,0,0,0
Cap_Phase1_60_Extra.mp4,962,0,1,0,0,0,0,0
Cap_Phase1_60_Extra.mp4,963,0,1,0,0,0,0,0
Cap_Phase1_60_Extra.mp4,964,0,1,0,0,0,0,0
Cap_Phase1_60_Extra.mp4,965,0,1,0,0,0,0,0
Cap_Phase1_60_Extra.mp4,966,0,1,0,0,0,0,0
Cap_Phase1_60_Extra.mp4,967,0,1,0,0,0,0,0
Cap_Phase1_60_Extra.mp4,968,0,0,0,0,0,0,0
Cap_Phase1_60_Extra.mp4,969,0,0,0,0,0,0,0
Cap_Phase1_60_Extra.mp4,970,0,0,0,0,0,0,0
Cap_Phase1_60_Extra.mp4,971,0,0,0,0,0,0,0
Cap_Phase1_60_Extra.mp4,972,0,0,0,0,0,0,0
Cap_Phase1_60_Extra.mp4,973,0,0,0,0,0,0,0
Cap_Phase1_60_Extra.mp4,974,0,0,0,0,0,0,0
Cap_Phase1_60_Extra.mp4,975,0,0,0,0,0,0,0
Cap_Phase1_60_Extra.mp4,976,0,0,0,0,0,0,0
Cap_Phase1_60_Extra.mp4,977,0,0,0,0,0,0,0
Cap_Phase1_60_Extra.mp4,978,0,0,0,0,0,0,0
Cap_Phase1_60_Extra.mp4,979,0,0,0,0,0,0,0
Cap_Phase1_60_Extra.mp4,980,0,0,0,0,0,0,0
Cap_Phase1_60_Extra.mp4,981,0,0,0,0,0,0,0
Cap_Phase1_60_Extra.mp4,982,0,0,0,0,0,0,0
Cap_Phase1_60_Extra.mp4,983,0,0,0,0,0,0,0
Cap_Phase1_60_Extra.mp4,984,0,0,0,0,0,0,0
Cap_Phase1_60_Extra.mp4,985,0,0,0,0,0,0,0
Cap_Phase1_60_Extra.mp4,986,0,0,0,0,0,0,0
Cap_Phase1_60_Extra.mp4,987,0,0,0,0,0,0,0
Cap_Phase1_60_Extra.mp4,988,0,0,0,0,0,0,0
Cap_Phase1_60_Extra.mp4,989,0,0,0,0,0,0,0
Cap_Phase1_60_Extra.mp4,990,0,0,0,0,0,0,0
Cap_Phase1_60_Extra.mp4,991,0,0,0,0,0,0,0
Cap_Phase1_60_Extra.mp4,992,0,0,0,0,0,0,0
Cap_Phase1_60_Extra.mp4,993,0,0,0,0,0,0,0
Cap_Phase1_60_Extra.mp4,994,0,0,0,0,0,0,0
Cap_Phase1_60_Extra.mp4,995,0,0,0,0,0,0,0
Cap_Phase1_60_Extra.mp4,996,0,0,0,0,0,0,0
Cap_Phase1_60_Extra.mp4,997,0,0,0,0,0,0,0
Cap_Phase1_60_Extra.mp4,998,0,0,0,0,0,0,0
Cap_Phase1_60_Extra.mp4,999,0,0,0,0,0,0,0
Cap_Phase1_60_Extra.mp4,1000,0,0,0,0,0,0,0
Cap_Phase1_60_Extra.mp4,1001,0,0,0,0,0,0,0
Cap_Phase1_60_Extra.mp4,1002,0,0,0,0,0,0,0
Cap_Phase1_60_Extra.mp4,1003,0,1,0,0,0,0,0
Cap_Phase1_60_Extra.mp4,1004,0,1,0,0,0,0,0
Cap_Phase1_60_Extra.mp4,1005,0,1,0,0,0,0,0
Cap_Phase1_60_Extra.mp4,1006,0,1,0,0,0,0,0
Cap_Phase1_60_Extra.mp4,1007,0,1,0,0,0,0,0
Cap_Phase1_60_Extra.mp4,1008,0,1,0,0,0,0,0
Cap_Phase1_60_Extra.mp4,1009,0,1,0,0,0,0,0
Cap_Phase1_60_Extra.mp4,1010,0,1,0,0,0,0,0
Cap_Phase1_60_Extra.mp4,1011,0,1,0,0,0,0,0
Cap_Phase1_60_Extra.mp4,1012,0,1,0,0,0,0,0
Cap_Phase1_60_Extra.mp4,1013,0,1,0,0,0,0,0
Cap_Phase1_60_Extra.mp4,1014,0,1,0,0,0,0,0
Cap_Phase1_60_Extra.mp4,1015,0,1,0,0,0,0,0
Cap_Phase1_60_Extra.mp4,1016,0,1,0,0,0,0,0
Cap_Phase1_60_Extra.mp4,1017,0,1,0,0,0,0,0
Cap_Phase1_60_Extra.mp4,1018,0,1,0,0,0,0,0
Cap_Phase1_60_Extra.mp4,1019,0,1,0,0,0,0,0
Cap_Phase1_60_Extra.mp4,1020,0,1,0,0,0,0,0
Cap_Phase1_60_Extra.mp4,1021,0,1,0,0,0,0,0
Cap_Phase1_60_Extra.mp4,1022,0,1,0,0,0,0,0
Cap_Phase1_60_Extra.mp4,1023,0,0,0,0,0,0,0
Cap_Phase1_60_Extra.mp4,1024,0,0,0,0,0,0,0
Cap_Phase1_60_Extra.mp4,1025,0,0,0,0,0,0,0
Cap_Phase1_60_Extra.mp4,1026,0,0,0,0,0,0,0
Cap_Phase1_60_Extra.mp4,1027,0,0,0,0,0,0,0
Cap_Phase1_60_Extra.mp4,1028,0,0,0,0,0,0,0
Cap_Phase1_60_Extra.mp4,1029,0,0,0,0,0,0,0
Cap_Phase1_60_Extra.mp4,1030,0,0,0,0,0,0,0
Cap_Phase1_60_Extra.mp4,1031,0,0,0,0,0,0,0
Cap_Phase1_60_Extra.mp4,1032,0,0,0,0,0,0,0
Cap_Phase1_60_Extra.mp4,1033,0,0,0,0,0,0,0
Cap_Phase1_60_Extra.mp4,1034,0,0,0,0,0,0,0
Cap_Phase1_60_Extra.mp4,1035,0,0,0,0,0,0,0
Cap_Phase1_60_Extra.mp4,1036,0,0,0,0,0,0,0
Cap_Phase1_60_Extra.mp4,1037,0,0,0,0,0,0,0
Cap_Phase1_60_Extra.mp4,1038,0,0,0,0,0,0,0
Cap_Phase1_60_Extra.mp4,1039,0,0,0,0,0,0,0
Cap_Phase1_60_Extra.mp4,1040,0,0,0,0,0,0,0
Cap_Phase1_60_Extra.mp4,1041,0,0,0,0,0,0,0
Cap_Phase1_60_Extra.mp4,1042,0,0,0,0,0,0,0
Cap_Phase1_60_Extra.mp4,1043,0,0,0,0,0,0,0
Cap_Phase1_60_Extra.mp4,1044,0,0,0,0,0,0,0
Cap_Phase1_60_Extra.mp4,1045,0,0,0,0,0,0,0
Cap_Phase1_60_Extra.mp4,1046,0,0,0,0,0,0,0
Cap_Phase1_60_Extra.mp4,1047,0,0,0,0,0,0,0
Cap_Phase1_60_Extra.mp4,1048,0,0,0,0,0,0,0
Cap_Phase1_60_Extra.mp4,1049,0,0,0,0,0,0,0
Cap_Phase1_60_Extra.mp4,1050,0,0,0,0,0,0,0
Cap_Phase1_60_Extra.mp4,1051,0,0,0,0,0,0,0
Cap_Phase1_60_Extra.mp4,1052,0,0,0,0,0,0,0
Cap_Phase1_60_Extra.mp4,1053,0,0,0,0,0,0,0
Cap_Phase1_60_Extra.mp4,1054,0,0,0,0,0,0,0
Cap_Phase1_60_Extra.mp4,1055,0,0,0,0,0,0,0
Cap_Phase1_60_Extra.mp4,1056,0,0,0,0,0,0,0
Cap_Phase1_60_Extra.mp4,1057,0,0,0,0,0,0,0
Cap_Phase1_60_Extra.mp4,1058,0,0,0,0,0,0,0
Cap_Phase1_60_Extra.mp4,1059,0,0,0,0,0,0,0
Cap_Phase1_60_Extra.mp4,1060,0,0,0,0,0,0,0
Cap_Phase1_60_Extra.mp4,1061,0,0,0,0,0,0,0
Cap_Phase1_60_Extra.mp4,1062,0,0,0,0,0,0,0
Cap_Phase1_60_Extra.mp4,1063,0,0,0,0,0,0,0
Cap_Phase1_60_Extra.mp4,1064,0,0,0,0,0,0,0
Cap_Phase1_60_Extra.mp4,1065,0,0,0,0,0,0,0
Cap_Phase1_60_Extra.mp4,1066,0,1,0,0,0,0,0
Cap_Phase1_60_Extra.mp4,1067,0,1,0,0,0,0,0
Cap_Phase1_60_Extra.mp4,1068,0,1,0,0,0,0,0
Cap_Phase1_60_Extra.mp4,1069,0,1,0,0,0,0,0
Cap_Phase1_60_Extra.mp4,1070,0,1,0,0,0,0,0
Cap_Phase1_60_Extra.mp4,1071,0,1,0,0,0,0,0
Cap_Phase1_60_Extra.mp4,1072,0,1,0,0,0,0,0
Cap_Phase1_60_Extra.mp4,1073,0,1,0,0,0,0,0
Cap_Phase1_60_Extra.mp4,1074,0,1,0,0,0,0,0
Cap_Phase1_60_Extra.mp4,1075,0,1,0,0,0,0,0
Cap_Phase1_60_Extra.mp4,1076,0,1,0,0,0,0,0
Cap_Phase1_60_Extra.mp4,1077,0,1,0,0,0,0,0
Cap_Phase1_60_Extra.mp4,1078,0,1,0,0,0,0,0
Cap_Phase1_60_Extra.mp4,1079,0,1,0,0,0,0,0
Cap_Phase1_60_Extra.mp4,1080,0,1,0,0,0,0,0
Cap_Phase1_60_Extra.mp4,1081,0,1,0,0,0,0,0
Cap_Phase1_60_Extra.mp4,1082,0,0,0,0,0,0,0
Cap_Phase1_60_Extra.mp4,1083,0,0,0,0,0,0,0
Cap_Phase1_60_Extra.mp4,1084,0,0,0,0,0,0,0
Cap_Phase1_60_Extra.mp4,1085,0,0,0,0,0,0,0
Cap_Phase1_60_Extra.mp4,1086,0,0,0,0,0,0,0
Cap_Phase1_60_Extra.mp4,1087,0,0,0,0,0,0,0
Cap_Phase1_60_Extra.mp4,1088,0,0,0,0,0,0,0
Cap_Phase1_60_Extra.mp4,1089,0,0,0,0,0,0,0
Cap_Phase1_60_Extra.mp4,1090,0,0,0,0,0,0,0
Cap_Phase1_60_Extra.mp4,1091,0,0,0,0,0,0,0
Cap_Phase1_60_Extra.mp4,1092,0,0,0,0,0,0,0
Cap_Phase1_60_Extra.mp4,1093,0,0,0,0,0,0,0
Cap_Phase1_60_Extra.mp4,1094,0,0,0,0,0,0,0
Cap_Phase1_60_Extra.mp4,1095,0,0,0,0,0,0,0
Cap_Phase1_60_Extra.mp4,1096,0,0,0,0,0,0,0
Cap_Phase1_60_Extra.mp4,1097,0,0,0,0,0,0,0
Cap_Phase1_60_Extra.mp4,1098,0,0,0,0,0,0,0
Cap_Phase1_60_Extra.mp4,1099,0,0,0,0,0,0,0
Cap_Phase1_60_Extra.mp4,1100,0,0,0,0,0,0,0
Cap_Phase1_60_Extra.mp4,1101,0,0,0,0,0,0,0
Cap_Phase1_60_Extra.mp4,1102,0,0,0,0,0,0,0
Cap_Phase1_60_Extra.mp4,1103,0,0,0,0,0,0,0
Cap_Phase1_60_Extra.mp4,1104,0,0,0,0,0,0,0
Cap_Phase1_60_Extra.mp4,1105,0,0,0,0,0,0,0
Cap_Phase1_60_Extra.mp4,1106,0,0,0,0,0,0,0
Cap_Phase1_60_Extra.mp4,1107,0,0,0,0,0,0,0
Cap_Phase1_60_Extra.mp4,1108,0,0,0,0,0,0,0
Cap_Phase1_60_Extra.mp4,1109,0,0,0,0,0,0,0
Cap_Phase1_60_Extra.mp4,1110,0,0,0,0,0,0,0
Cap_Phase1_60_Extra.mp4,1111,0,0,0,0,0,0,0
Cap_Phase1_60_Extra.mp4,1112,0,0,0,0,0,0,0
Cap_Phase1_60_Extra.mp4,1113,0,0,0,0,0,0,0
Cap_Phase1_60_Extra.mp4,1114,0,0,0,0,0,0,0
Cap_Phase1_60_Extra.mp4,1115,0,0,0,0,0,0,0
Cap_Phase1_60_Extra.mp4,1116,0,0,0,0,0,0,0
Cap_Phase1_60_Extra.mp4,1117,0,0,0,0,0,0,0
Cap_Phase1_60_Extra.mp4,1118,0,0,0,0,0,0,0
Cap_Phase1_60_Extra.mp4,1119,0,0,0,0,0,0,0
Cap_Phase1_60_Extra.mp4,1120,0,0,0,0,0,0,0
Cap_Phase1_60_Extra.mp4,1121,0,0,0,0,0,0,0
Cap_Phase1_60_Extra.mp4,1122,0,0,0,0,0,0,0
Cap_Phase1_60_Extra.mp4,1123,0,0,0,0,0,0,0
Cap_Phase1_60_Extra.mp4,1124,0,1,0,0,0,0,0
Cap_Phase1_60_Extra.mp4,1125,0,1,0,0,0,0,0
Cap_Phase1_60_Extra.mp4,1126,0,1,0,0,0,0,0
Cap_Phase1_60_Extra.mp4,1127,0,1,0,0,0,0,0
Cap_Phase1_60_Extra.mp4,1128,0,1,0,0,0,0,0
Cap_Phase1_60_Extra.mp4,1129,0,1,0,0,0,0,0
Cap_Phase1_60_Extra.mp4,1130,0,1,0,0,0,0,0
Cap_Phase1_60_Extra.mp4,1131,0,1,0,0,0,0,0
Cap_Phase1_60_Extra.mp4,1132,0,1,0,0,0,0,0
Cap_Phase1_60_Extra.mp4,1133,0,1,0,0,0,0,0
Cap_Phase1_60_Extra.mp4,1134,0,1,0,0,0,0,0
Cap_Phase1_60_Extra.mp4,1135,0,1,0,0,0,0,0
Cap_Phase1_60_Extra.mp4,1136,0,1,0,0,0,0,0
Cap_Phase1_60_Extra.mp4,1137,0,1,0,0,0,0,0
Cap_Phase1_60_Extra.mp4,1138,0,1,0,0,0,0,0
Cap_Phase1_60_Extra.mp4,1139,0,1,0,0,0,0,0
Cap_Phase1_60_Extra.mp4,1140,0,1,0,0,0,0,0
Cap_Phase1_60_Extra.mp4,1141,0,1,0,0,0,0,0
Cap_Phase1_60_Extra.mp4,1142,0,0,0,0,0,0,0
Cap_Phase1_60_Extra.mp4,1143,0,0,0,0,0,0,0
Cap_Phase1_60_Extra.mp4,1144,0,0,0,0,0,0,0
Cap_Phase1_60_Extra.mp4,1145,0,0,0,0,0,0,0
Cap_Phase1_60_Extra.mp4,1146,0,0,0,0,0,0,0
Cap_Phase1_60_Extra.mp4,1147,0,0,0,0,0,0,0
Cap_Phase1_60_Extra.mp4,1148,0,0,0,0,0,0,0
Cap_Phase1_60_Extra.mp4,1149,0,0,0,0,0,0,0
Cap_Phase1_60_Extra.mp4,1150,0,0,0,0,0,0,0
Cap_Phase1_60_Extra.mp4,1151,0,0,0,0,0,0,0
Cap_Phase1_60_Extra.mp4,1152,0,0,0,0,0,0,0
Cap_Phase1_60_Extra.mp4,1153,0,0,0,0,0,0,0
Cap_Phase1_60_Extra.mp4,1154,0,0,0,0,0,0,0
Cap_Phase1_60_Extra.mp4,1155,0,0,0,0,0,0,0
Cap_Phase1_60_Extra.mp4,1156,0,0,0,0,0,0,0
Cap_Phase1_60_Extra.mp4,1157,0,0,0,0,0,0,0
Cap_Phase1_60_Extra.mp4,1158,0,0,0,0,0,0,0
Cap_Phase1_60_Extra.mp4,1159,0,0,0,0,0,0,0
Cap_Phase1_60_Extra.mp4,1160,0,0,0,0,0,0,0
Cap_Phase1_60_Extra.mp4,1161,0,0,0,0,0,0,0
Cap_Phase1_60_Extra.mp4,1162,0,0,0,0,0,0,0
Cap_Phase1_60_Extra.mp4,1163,0,0,0,0,0,0,0
Cap_Phase1_60_Extra.mp4,1164,0,0,0,0,0,0,0
Cap_Phase1_60_Extra.mp4,1165,0,0,0,0,0,0,0
Cap_Phase1_60_Extra.mp4,1166,0,0,0,0,0,0,0
Cap_Phase1_60_Extra.mp4,1167,0,0,0,0,0,0,0
Cap_Phase1_60_Extra.mp4,1168,0,0,0,0,0,0,0
Cap_Phase1_60_Extra.mp4,1169,0,0,0,0,0,0,0
Cap_Phase1_60_Extra.mp4,1170,0,0,0,0,0,0,0
Cap_Phase1_60_Extra.mp4,1171,0,0,0,0,0,0,0
Cap_Phase1_60_Extra.mp4,1172,0,0,0,0,0,0,0
Cap_Phase1_60_Extra.mp4,1173,0,0,0,0,0,0,0
Cap_Phase1_60_Extra.mp4,1174,0,0,0,0,0,0,0
Cap_Phase1_60_Extra.mp4,1175,0,0,0,0,0,0,0
Cap_Phase1_60_Extra.mp4,1176,0,0,0,0,0,0,0
Cap_Phase1_60_Extra.mp4,1177,0,0,0,0,0,0,0
Cap_Phase1_60_Extra.mp4,1178,0,0,0,0,0,0,0
Cap_Phase1_60_Extra.mp4,1179,0,0,0,0,0,0,0
Cap_Phase1_60_Extra.mp4,1180,0,0,0,0,0,0,0
Cap_Phase1_60_Extra.mp4,1181,0,0,0,0,0,0,0
Cap_Phase1_60_Extra.mp4,1182,0,0,0,0,0,0,0
Cap_Phase1_60_Extra.mp4,1183,0,0,0,0,0,0,0
Cap_Phase1_60_Extra.mp4,1184,0,0,0,0,0,0,0
Cap_Phase1_60_Extra.mp4,1185,1,1,0,0,0,0,0
Cap_Phase1_60_Extra.mp4,1186,0,1,0,0,0,0,0
Cap_Phase1_60_Extra.mp4,1187,0,1,0,0,0,0,0
Cap_Phase1_60_Extra.mp4,1188,0,1,0,0,0,0,0
Cap_Phase1_60_Extra.mp4,1189,0,1,0,0,0,0,0
Cap_Phase1_60_Extra.mp4,1190,0,1,0,0,0,0,0
Cap_Phase1_60_Extra.mp4,1191,0,1,0,0,0,0,0
Cap_Phase1_60_Extra.mp4,1192,0,1,0,0,0,0,0
Cap_Phase1_60_Extra.mp4,1193,0,1,0,0,0,0,0
Cap_Phase1_60_Extra.mp4,1194,0,1,0,0,0,0,0
Cap_Phase1_60_Extra.mp4,1195,0,1,0,0,0,0,0
Cap_Phase1_60_Extra.mp4,1196,0,1,0,0,0,0,0
Cap_Phase1_60_Extra.mp4,1197,0,1,0,0,0,0,0
Cap_Phase1_60_Extra.mp4,1198,0,1,0,0,0,0,0
Cap_Phase1_60_Extra.mp4,1199,0,1,0,0,0,0,0
Cap_Phase1_60_Extra.mp4,1200,0,1,0,0,0,0,0
Cap_Phase1_60_Extra.mp4,1201,0,1,0,0,0,0,0
Cap_Phase1_60_Extra.mp4,1202,0,1,0,0,0,0,0
Cap_Phase1_60_Extra.mp4,1203,0,1,0,0,0,0,0
Cap_Phase1_60_Extra.mp4,1204,0,0,0,0,0,0,0
Cap_Phase1_60_Extra.mp4,1205,0,0,0,0,0,0,0
Cap_Phase1_60_Extra.mp4,1206,0,0,0,0,0,0,0
Cap_Phase1_60_Extra.mp4,1207,0,0,0,0,0,0,0
Cap_Phase1_60_Extra.mp4,1208,0,0,0,0,0,0,0
Cap_Phase1_60_Extra.mp4,1209,0,0,0,0,0,0,0
Cap_Phase1_60_Extra.mp4,1210,0,0,0,0,0,0,0
Cap_Phase1_60_Extra.mp4,1211,0,0,0,0,0,0,0
Cap_Phase1_60_Extra.mp4,1212,0,0,0,0,0,0,0
Cap_Phase1_60_Extra.mp4,1213,0,0,0,0,0,0,0
Cap_Phase1_60_Extra.mp4,1214,0,0,0,0,0,0,0
Cap_Phase1_60_Extra.mp4,1215,0,0,0,0,0,0,0
Cap_Phase1_60_Extra.mp4,1216,0,0,0,0,0,0,0
Cap_Phase1_60_Extra.mp4,1217,0,0,0,0,0,0,0
Cap_Phase1_60_Extra.mp4,1218,0,0,0,0,0,0,0
Cap_Phase1_60_Extra.mp4,1219,0,0,0,0,0,0,0
Cap_Phase1_60_Extra.mp4,1220,0,0,0,0,0,0,0
Cap_Phase1_60_Extra.mp4,1221,0,0,0,0,0,0,0
Cap_Phase1_60_Extra.mp4,1222,0,0,0,0,0,0,0
Cap_Phase1_60_Extra.mp4,1223,0,0,0,0,0,0,0
Cap_Phase1_60_Extra.mp4,1224,0,0,0,0,0,0,0
Cap_Phase1_60_Extra.mp4,1225,0,0,0,0,0,0,0
Cap_Phase1_60_Extra.mp4,1226,0,0,0,0,0,0,0
Cap_Phase1_60_Extra.mp4,1227,0,0,0,0,0,0,0
Cap_Phase1_60_Extra.mp4,1228,0,0,0,0,0,0,0
Cap_Phase1_60_Extra.mp4,1229,0,0,0,0,0,0,0
Cap_Phase1_60_Extra.mp4,1230,0,0,0,0,0,0,0
Cap_Phase1_60_Extra.mp4,1231,0,0,0,0,0,0,0
Cap_Phase1_60_Extra.mp4,1232,0,0,0,0,0,0,0
Cap_Phase1_60_Extra.mp4,1233,0,0,0,0,0,0,0
Cap_Phase1_60_Extra.mp4,1234,0,0,0,0,0,0,0
Cap_Phase1_60_Extra.mp4,1235,0,0,0,0,0,0,0
Cap_Phase1_60_Extra.mp4,1236,0,0,0,0,0,0,0
Cap_Phase1_60_Extra.mp4,1237,0,0,0,0,0,0,0
Cap_Phase1_60_Extra.mp4,1238,0,0,0,0,0,0,0
Cap_Phase1_60_Extra.mp4,1239,0,0,0,0,0,0,0
Cap_Phase1_60_Extra.mp4,1240,0,0,0,0,0,0,0
Cap_Phase1_60_Extra.mp4,1241,0,0,0,0,0,0,0
Cap_Phase1_60_Extra.mp4,1242,0,0,0,0,0,0,0
Cap_Phase1_60_Extra.mp4,1243,0,0,0,0,0,0,0
Cap_Phase1_60_Extra.mp4,1244,0,0,0,0,0,0,0
Cap_Phase1_60_Extra.mp4,1245,0,0,0,0,0,0,0
Cap_Phase1_60_Extra.mp4,1246,0,1,0,0,0,0,0
Cap_Phase1_60_Extra.mp4,1247,0,1,0,0,0,0,0
Cap_Phase1_60_Extra.mp4,1248,0,1,0,0,0,0,0
Cap_Phase1_60_Extra.mp4,1249,0,1,0,0,0,0,0
Cap_Phase1_60_Extra.mp4,1250,0,1,0,0,0,0,0
Cap_Phase1_60_Extra.mp4,1251,0,1,0,0,0,0,0
Cap_Phase1_60_Extra.mp4,1252,0,1,0,0,0,0,0
Cap_Phase1_60_Extra.mp4,1253,0,1,0,0,0,0,0
Cap_Phase1_60_Extra.mp4,1254,0,1,0,0,0,0,0
Cap_Phase1_60_Extra.mp4,1255,0,1,0,0,0,0,0
Cap_Phase1_60_Extra.mp4,1256,0,1,0,0,0,0,0
Cap_Phase1_60_Extra.mp4,1257,0,1,0,0,0,0,0
Cap_Phase1_60_Extra.mp4,1258,0,1,0,0,0,0,0
Cap_Phase1_60_Extra.mp4,1259,0,1,0,0,0,0,0
Cap_Phase1_60_Extra.mp4,1260,0,1,0,0,0,0,0
Cap_Phase1_60_Extra.mp4,1261,0,1,0,0,0,0,0
Cap_Phase1_60_Extra.mp4,1262,0,0,0,0,0,0,0
Cap_Phase1_60_Extra.mp4,1263,0,0,0,0,0,0,0
Cap_Phase1_60_Extra.mp4,1264,0,0,0,0,0,0,0
Cap_Phase1_60_Extra.mp4,1265,0,0,0,0,0,0,0
Cap_Phase1_60_Extra.mp4,1266,0,0,0,0,0,0,0
Cap_Phase1_60_Extra.mp4,1267,0,0,0,0,0,0,0
Cap_Phase1_60_Extra.mp4,1268,0,0,0,0,0,0,0
Cap_Phase1_60_Extra.mp4,1269,0,0,0,0,0,0,0
Cap_Phase1_60_Extra.mp4,1270,0,0,0,0,0,0,0
Cap_Phase1_60_Extra.mp4,1271,0,0,0,0,0,0,0
Cap_Phase1_60_Extra.mp4,1272,0,0,0,0,0,0,0
Cap_Phase1_60_Extra.mp4,1273,0,0,0,0,0,0,0
Cap_Phase1_60_Extra.mp4,1274,0,0,0,0,0,0,0
Cap_Phase1_60_Extra.mp4,1275,0,0,0,0,0,0,0
Cap_Phase1_60_Extra.mp4,1276,0,0,0,0,0,0,0
Cap_Phase1_60_Extra.mp4,1277,0,0,0,0,0,0,0
Cap_Phase1_60_Extra.mp4,1278,0,0,0,0,0,0,0
Cap_Phase1_60_Extra.mp4,1279,0,0,0,0,0,0,0
Cap_Phase1_60_Extra.mp4,1280,0,0,0,0,0,0,0
Cap_Phase1_60_Extra.mp4,1281,0,0,0,0,0,0,0
Cap_Phase1_60_Extra.mp4,1282,0,0,0,0,0,0,0
Cap_Phase1_60_Extra.mp4,1283,0,0,0,0,0,0,0
Cap_Phase1_60_Extra.mp4,1284,0,0,0,0,0,0,0
Cap_Phase1_60_Extra.mp4,1285,0,0,0,0,0,0,0
Cap_Phase1_60_Extra.mp4,1286,0,0,0,0,0,0,0
Cap_Phase1_60_Extra.mp4,1287,0,0,0,0,0,0,0
Cap_Phase1_60_Extra.mp4,1288,0,0,0,0,0,0,0
Cap_Phase1_60_Extra.mp4,1289,0,0,0,0,0,0,0
Cap_Phase1_60_Extra.mp4,1290,0,0,0,0,0,0,0
Cap_Phase1_60_Extra.mp4,1291,0,0,0,0,0,0,0
Cap_Phase1_60_Extra.mp4,1292,0,0,0,0,0,0,0
Cap_Phase1_60_Extra.mp4,1293,0,0,0,0,0,0,0
Cap_Phase1_60_Extra.mp4,1294,0,0,0,0,0,0,0
Cap_Phase1_60_Extra.mp4,1295,0,0,0,0,0,0,0
Cap_Phase1_60_Extra.mp4,1296,0,0,0,0,0,0,0
Cap_Phase1_60_Extra.mp4,1297,0,0,0,0,0,0,0
Cap_Phase1_60_Extra.mp4,1298,0,0,0,0,0,0,0
Cap_Phase1_60_Extra.mp4,1299,0,0,0,0,0,0,0
Cap_Phase1_60_Extra.mp4,1300,0,0,0,0,0,0,0
Cap_Phase1_60_Extra.mp4,1301,0,0,0,0,0,0,0
Cap_Phase1_60_Extra.mp4,1302,0,0,0,0,0,0,0
Cap_Phase1_60_Extra.mp4,1303,0,0,0,0,0,0,0
Cap_Phase1_60_Extra.mp4,1304,0,0,0,0,0,0,0
Cap_Phase1_60_Extra.mp4,1305,0,0,0,0,0,0,0
Cap_Phase1_60_Extra.mp4,1306,0,0,0,0,1,0,0
Cap_Phase1_60_Extra.mp4,1307,0,0,1,0,0,0,0
Cap_Phase1_60_Extra.mp4,1308,0,0,1,0,0,0,0
Cap_Phase1_60_Extra.mp4,1309,0,0,1,0,0,0,0
Cap_Phase1_60_Extra.mp4,1310,0,0,1,0,0,0,0
Cap_Phase1_60_Extra.mp4,1311,0,0,1,0,0,0,0
Cap_Phase1_60_Extra.mp4,1312,0,0,1,0,0,0,0
Cap_Phase1_60_Extra.mp4,1313,0,0,1,0,0,0,0
Cap_Phase1_60_Extra.mp4,1314,0,0,1,0,0,0,0
Cap_Phase1_60_Extra.mp4,1315,0,0,1,0,0,0,0
Cap_Phase1_60_Extra.mp4,1316,0,0,1,0,0,0,0
Cap_Phase1_60_Extra.mp4,1317,0,0,1,0,0,0,0
Cap_Phase1_60_Extra.mp4,1318,0,0,1,0,0,0,0
Cap_Phase1_60_Extra.mp4,1319,0,0,1,0,0,0,0
Cap_Phase1_60_Extra.mp4,1320,0,0,1,0,0,0,0
Cap_Phase1_60_Extra.mp4,1321,0,0,1,0,0,0,0
Cap_Phase1_60_Extra.mp4,1322,0,0,1,0,0,0,0
Cap_Phase1_60_Extra.mp4,1323,0,0,1,0,0,0,0
Cap_Phase1_60_Extra.mp4,1324,0,0,1,0,0,0,0
Cap_Phase1_60_Extra.mp4,1325,0,0,1,0,0,0,0
Cap_Phase1_60_Extra.mp4,1326,0,0,0,0,0,0,0
Cap_Phase1_60_Extra.mp4,1327,0,0,0,0,0,0,0
Cap_Phase1_60_Extra.mp4,1328,0,0,0,0,0,0,0
Cap_Phase1_60_Extra.mp4,1329,0,0,0,0,0,0,0
Cap_Phase1_60_Extra.mp4,1330,0,0,0,0,0,0,0
Cap_Phase1_60_Extra.mp4,1331,0,0,0,0,0,0,0
Cap_Phase1_60_Extra.mp4,1332,0,0,0,0,0,0,0
Cap_Phase1_60_Extra.mp4,1333,0,0,0,0,0,0,0
Cap_Phase1_60_Extra.mp4,1334,0,0,0,0,0,0,0
Cap_Phase1_60_Extra.mp4,1335,0,0,0,0,0,0,0
Cap_Phase1_60_Extra.mp4,1336,0,0,0,0,0,0,0
Cap_Phase1_60_Extra.mp4,1337,0,0,0,0,0,0,0
Cap_Phase1_60_Extra.mp4,1338,0,0,0,0,0,0,0
Cap_Phase1_60_Extra.mp4,1339,0,0,0,0,0,0,0
Cap_Phase1_60_Extra.mp4,1340,0,0,0,0,0,0,0
Cap_Phase1_60_Extra.mp4,1341,0,0,0,0,0,0,0
Cap_Phase1_60_Extra.mp4,1342,0,0,0,0,0,0,0
Cap_Phase1_60_Extra.mp4,1343,0,0,0,0,0,0,0
Cap_Phase1_60_Extra.mp4,1344,0,0,0,0,0,0,0
Cap_Phase1_60_Extra.mp4,1345,0,0,0,0,0,0,0
Cap_Phase1_60_Extra.mp4,1346,0,0,0,0,0,0,0
Cap_Phase1_60_Extra.mp4,1347,0,0,0,0,0,0,0
Cap_Phase1_60_Extra.mp4,1348,0,0,0,0,0,0,0
Cap_Phase1_60_Extra.mp4,1349,0,0,0,0,0,0,0
Cap_Phase1_60_Extra.mp4,1350,0,0,0,0,0,0,0
Cap_Phase1_60_Extra.mp4,1351,0,0,0,0,0,0,0
Cap_Phase1_60_Extra.mp4,1352,0,0,0,0,0,0,0
Cap_Phase1_60_Extra.mp4,1353,0,0,0,0,0,0,0
Cap_Phase1_60_Extra.mp4,1354,0,0,0,0,0,0,0
Cap_Phase1_60_Extra.mp4,1355,0,0,0,0,0,0,0
Cap_Phase1_60_Extra.mp4,1356,0,0,0,0,0,0,0
Cap_Phase1_60_Extra.mp4,1357,0,0,0,0,0,0,0
Cap_Phase1_60_Extra.mp4,1358,0,0,0,0,0,0,0
Cap_Phase1_60_Extra.mp4,1359,0,0,0,0,0,0,0
Cap_Phase1_60_Extra.mp4,1360,0,0,0,0,0,0,0
Cap_Phase1_60_Extra.mp4,1361,0,0,0,0,0,0,0
Cap_Phase1_60_Extra.mp4,1362,0,0,0,0,0,0,0
Cap_Phase1_60_Extra.mp4,1363,0,0,0,0,0,0,0
Cap_Phase1_60_Extra.mp4,1364,0,0,0,0,0,0,0
Cap_Phase1_60_Extra.mp4,1365,0,0,0,0,0,0,0
Cap_Phase1_60_Extra.mp4,1366,0,0,0,0,0,0,0
Cap_Phase1_60_Extra.mp4,1367,0,0,0,0,0,0,0
Cap_Phase1_60_Extra.mp4,1368,0,0,1,0,0,0,0
Cap_Phase1_60_Extra.mp4,1369,0,0,1,0,0,0,0
Cap_Phase1_60_Extra.mp4,1370,0,0,1,0,0,0,0
Cap_Phase1_60_Extra.mp4,1371,0,0,1,0,0,0,0
Cap_Phase1_60_Extra.mp4,1372,0,0,1,0,0,0,0
Cap_Phase1_60_Extra.mp4,1373,0,0,1,0,0,0,0
Cap_Phase1_60_Extra.mp4,1374,0,0,1,0,0,0,0
Cap_Phase1_60_Extra.mp4,1375,0,0,1,0,0,0,0
Cap_Phase1_60_Extra.mp4,1376,0,0,1,0,0,0,0
Cap_Phase1_60_Extra.mp4,1377,0,0,1,0,0,0,0
Cap_Phase1_60_Extra.mp4,1378,0,0,1,0,0,0,0
Cap_Phase1_60_Extra.mp4,1379,0,0,1,0,0,0,0
Cap_Phase1_60_Extra.mp4,1380,0,0,1,0,0,0,0
Cap_Phase1_60_Extra.mp4,1381,0,0,1,0,0,0,0
Cap_Phase1_60_Extra.mp4,1382,0,0,1,0,0,0,0
Cap_Phase1_60_Extra.mp4,1383,0,0,1,0,0,0,0
Cap_Phase1_60_Extra.mp4,1384,0,0,1,0,0,0,0
Cap_Phase1_60_Extra.mp4,1385,0,0,1,0,0,0,0
Cap_Phase1_60_Extra.mp4,1386,0,0,1,0,0,0,0
Cap_Phase1_60_Extra.mp4,1387,0,0,1,0,0,0,0
Cap_Phase1_60_Extra.mp4,1388,0,0,0,0,0,0,0
Cap_Phase1_60_Extra.mp4,1389,0,0,0,0,0,0,0
Cap_Phase1_60_Extra.mp4,1390,0,0,0,0,0,0,0
Cap_Phase1_60_Extra.mp4,1391,0,0,0,0,0,0,0
Cap_Phase1_60_Extra.mp4,1392,0,0,0,0,0,0,0
Cap_Phase1_60_Extra.mp4,1393,0,0,0,0,0,0,0
Cap_Phase1_60_Extra.mp4,1394,0,0,0,0,0,0,0
Cap_Phase1_60_Extra.mp4,1395,0,0,0,0,0,0,0
Cap_Phase1_60_Extra.mp4,1396,0,0,0,0,0,0,0
Cap_Phase1_60_Extra.mp4,1397,0,0,0,0,0,0,0
Cap_Phase1_60_Extra.mp4,1398,0,0,0,0,0,0,0
Cap_Phase1_60_Extra.mp4,1399,0,0,0,0,0,0,0
Cap_Phase1_60_Extra.mp4,1400,0,0,0,0,0,0,0
Cap_Phase1_60_Extra.mp4,1401,0,0,0,0,0,0,0
Cap_Phase1_60_Extra.mp4,1402,0,0,0,0,0,0,0
Cap_Phase1_60_Extra.mp4,1403,0,0,0,0,0,0,0
Cap_Phase1_60_Extra.mp4,1404,0,0,0,0,0,0,0
Cap_Phase1_60_Extra.mp4,1405,0,0,0,0,0,0,0
Cap_Phase1_60_Extra.mp4,1406,0,0,0,0,0,0,0
Cap_Phase1_60_Extra.mp4,1407,0,0,0,0,0,0,0
Cap_Phase1_60_Extra.mp4,1408,0,0,0,0,0,0,0
Cap_Phase1_60_Extra.mp4,1409,0,0,0,0,0,0,0
Cap_Phase1_60_Extra.mp4,1410,0,0,0,0,0,0,0
Cap_Phase1_60_Extra.mp4,1411,0,0,0,0,0,0,0
Cap_Phase1_60_Extra.mp4,1412,0,0,0,0,0,0,0
Cap_Phase1_60_Extra.mp4,1413,0,0,0,0,0,0,0
Cap_Phase1_60_Extra.mp4,1414,0,0,0,0,0,0,0
Cap_Phase1_60_Extra.mp4,1415,0,0,0,0,0,0,0
Cap_Phase1_60_Extra.mp4,1416,0,0,0,0,0,0,0
Cap_Phase1_60_Extra.mp4,1417,0,0,0,0,0,0,0
Cap_Phase1_60_Extra.mp4,1418,0,0,0,0,0,0,0
Cap_Phase1_60_Extra.mp4,1419,0,0,0,0,0,0,0
Cap_Phase1_60_Extra.mp4,1420,0,0,0,0,0,0,0
Cap_Phase1_60_Extra.mp4,1421,0,0,0,0,0,0,0
Cap_Phase1_60_Extra.mp4,1422,0,0,0,0,0,0,0
Cap_Phase1_60_Extra.mp4,1423,0,0,0,0,0,0,0
Cap_Phase1_60_Extra.mp4,1424,0,0,0,0,1,0,0
Cap_Phase1_60_Extra.mp4,1425,0,0,0,0,0,0,0
Cap_Phase1_60_Extra.mp4,1426,0,0,1,0,0,0,0
Cap_Phase1_60_Extra.mp4,1427,0,0,1,0,0,0,0
Cap_Phase1_60_Extra.mp4,1428,0,0,1,0,0,0,0
Cap_Phase1_60_Extra.mp4,1429,0,0,1,0,0,0,0
Cap_Phase1_60_Extra.mp4,1430,0,0,1,0,0,0,0
Cap_Phase1_60_Extra.mp4,1431,0,0,1,0,0,0,0
Cap_Phase1_60_Extra.mp4,1432,0,0,1,0,0,0,0
Cap_Phase1_60_Extra.mp4,1433,0,0,1,0,0,0,0
Cap_Phase1_60_Extra.mp4,1434,0,0,1,0,0,0,0
Cap_Phase1_60_Extra.mp4,1435,0,0,1,0,0,0,0
Cap_Phase1_60_Extra.mp4,1436,0,0,1,0,0,0,0
Cap_Phase1_60_Extra.mp4,1437,0,0,1,0,0,0,0
Cap_Phase1_60_Extra.mp4,1438,0,0,1,0,0,0,0
Cap_Phase1_60_Extra.mp4,1439,0,0,1,0,0,0,0
Cap_Phase1_60_Extra.mp4,1440,0,0,1,0,0,0,0
Cap_Phase1_60_Extra.mp4,1441,0,0,1,0,0,0,0
Cap_Phase1_60_Extra.mp4,1442,0,0,1,0,0,0,0
Cap_Phase1_60_Extra.mp4,1443,0,0,1,0,0,0,0
Cap_Phase1_60_Extra.mp4,1444,0,0,1,0,0,0,0
Cap_Phase1_60_Extra.mp4,1445,0,0,1,0,0,0,0
Cap_Phase1_60_Extra.mp4,1446,0,0,1,0,0,0,0
Cap_Phase1_60_Extra.mp4,1447,0,0,1,0,0,0,0
Cap_Phase1_60_Extra.mp4,1448,0,0,1,0,0,0,0
Cap_Phase1_60_Extra.mp4,1449,0,0,1,0,0,0,0
Cap_Phase1_60_Extra.mp4,1450,0,0,0,0,0,0,0
Cap_Phase1_60_Extra.mp4,1451,0,0,0,0,0,0,0
Cap_Phase1_60_Extra.mp4,1452,0,0,0,0,0,0,0
Cap_Phase1_60_Extra.mp4,1453,0,0,0,0,0,0,0
Cap_Phase1_60_Extra.mp4,1454,0,0,0,0,0,0,0
Cap_Phase1_60_Extra.mp4,1455,0,0,0,0,0,0,0
Cap_Phase1_60_Extra.mp4,1456,0,0,0,0,0,0,0
Cap_Phase1_60_Extra.mp4,1457,0,0,0,0,0,0,0
Cap_Phase1_60_Extra.mp4,1458,0,0,0,0,0,0,0
Cap_Phase1_60_Extra.mp4,1459,0,0,0,0,0,0,0
Cap_Phase1_60_Extra.mp4,1460,0,0,0,0,0,0,0
Cap_Phase1_60_Extra.mp4,1461,0,0,0,0,0,0,0
Cap_Phase1_60_Extra.mp4,1462,0,0,0,0,0,0,0
Cap_Phase1_60_Extra.mp4,1463,0,0,0,0,0,0,0
Cap_Phase1_60_Extra.mp4,1464,0,0,0,0,0,0,0
Cap_Phase1_60_Extra.mp4,1465,0,0,0,0,0,0,0
Cap_Phase1_60_Extra.mp4,1466,0,0,0,0,0,0,0
Cap_Phase1_60_Extra.mp4,1467,0,0,0,0,0,0,0
Cap_Phase1_60_Extra.mp4,1468,0,0,0,0,0,0,0
Cap_Phase1_60_Extra.mp4,1469,0,0,0,0,0,0,0
Cap_Phase1_60_Extra.mp4,1470,0,0,0,0,0,0,0
Cap_Phase1_60_Extra.mp4,1471,0,0,0,0,0,0,0
Cap_Phase1_60_Extra.mp4,1472,0,0,0,0,0,0,0
Cap_Phase1_60_Extra.mp4,1473,0,0,0,0,0,0,0
Cap_Phase1_60_Extra.mp4,1474,0,0,0,0,0,0,0
Cap_Phase1_60_Extra.mp4,1475,0,0,0,0,0,0,0
Cap_Phase1_60_Extra.mp4,1476,0,0,0,0,0,0,0
Cap_Phase1_60_Extra.mp4,1477,0,0,0,0,0,0,0
Cap_Phase1_60_Extra.mp4,1478,0,0,0,0,0,0,0
Cap_Phase1_60_Extra.mp4,1479,0,0,0,0,0,0,0
Cap_Phase1_60_Extra.mp4,1480,0,0,0,0,0,0,0
Cap_Phase1_60_Extra.mp4,1481,0,0,0,0,0,0,0
Cap_Phase1_60_Extra.mp4,1482,0,0,0,0,0,0,0
Cap_Phase1_60_Extra.mp4,1483,0,0,0,0,0,0,0
Cap_Phase1_60_Extra.mp4,1484,0,0,0,0,0,0,0
Cap_Phase1_60_Extra.mp4,1485,0,0,0,0,0,0,0
Cap_Phase1_60_Extra.mp4,1486,0,0,0,0,0,0,0
Cap_Phase1_60_Extra.mp4,1487,0,0,0,0,0,0,0
Cap_Phase1_60_Extra.mp4,1488,0,0,0,0,0,0,0
Cap_Phase1_60_Extra.mp4,1489,0,0,1,0,0,0,0
Cap_Phase1_60_Extra.mp4,1490,0,0,1,0,0,0,0
Cap_Phase1_60_Extra.mp4,1491,0,0,1,0,0,0,0
Cap_Phase1_60_Extra.mp4,1492,0,0,1,0,0,0,0
Cap_Phase1_60_Extra.mp4,1493,0,0,1,0,0,0,0
Cap_Phase1_60_Extra.mp4,1494,0,0,1,0,0,0,0
Cap_Phase1_60_Extra.mp4,1495,0,0,1,0,0,0,0
Cap_Phase1_60_Extra.mp4,1496,0,0,1,0,0,0,0
Cap_Phase1_60_Extra.mp4,1497,0,0,1,0,0,0,0
Cap_Phase1_60_Extra.mp4,1498,0,0,1,0,0,0,0
Cap_Phase1_60_Extra.mp4,1499,0,0,1,0,0,0,0
Cap_Phase1_60_Extra.mp4,1500,0,0,1,0,0,0,0
Cap_Phase1_60_Extra.mp4,1501,0,0,1,0,0,0,0
Cap_Phase1_60_Extra.mp4,1502,0,0,1,0,0,0,0
Cap_Phase1_60_Extra.mp4,1503,0,0,1,0,0,0,0
Cap_Phase1_60_Extra.mp4,1504,0,0,1,0,0,0,0
Cap_Phase1_60_Extra.mp4,1505,0,0,1,0,0,0,0
Cap_Phase1_60_Extra.mp4,1506,0,0,1,0,0,0,0
Cap_Phase1_60_Extra.mp4,1507,0,0,1,0,0,0,0
Cap_Phase1_60_Extra.mp4,1508,0,0,1,0,0,0,0
Cap_Phase1_60_Extra.mp4,1509,0,0,1,0,0,0,0
Cap_Phase1_60_Extra.mp4,1510,0,0,0,0,0,0,0
Cap_Phase1_60_Extra.mp4,1511,0,0,0,0,0,0,0
Cap_Phase1_60_Extra.mp4,1512,0,0,0,0,0,0,0
Cap_Phase1_60_Extra.mp4,1513,0,0,0,0,0,0,0
Cap_Phase1_60_Extra.mp4,1514,0,0,0,0,0,0,0
Cap_Phase1_60_Extra.mp4,1515,0,0,0,0,0,0,0
Cap_Phase1_60_Extra.mp4,1516,0,0,0,0,0,0,0
Cap_Phase1_60_Extra.mp4,1517,0,0,0,0,0,0,0
Cap_Phase1_60_Extra.mp4,1518,0,0,0,0,0,0,0
Cap_Phase1_60_Extra.mp4,1519,0,0,0,0,0,0,0
Cap_Phase1_60_Extra.mp4,1520,0,0,0,0,0,0,0
Cap_Phase1_60_Extra.mp4,1521,0,0,0,0,0,0,0
Cap_Phase1_60_Extra.mp4,1522,0,0,0,0,0,0,0
Cap_Phase1_60_Extra.mp4,1523,0,0,0,0,0,0,0
Cap_Phase1_60_Extra.mp4,1524,0,0,0,0,0,0,0
Cap_Phase1_60_Extra.mp4,1525,0,0,0,0,0,0,0
Cap_Phase1_60_Extra.mp4,1526,0,0,0,0,0,0,0
Cap_Phase1_60_Extra.mp4,1527,0,0,0,0,0,0,0
Cap_Phase1_60_Extra.mp4,1528,0,0,0,0,0,0,0
Cap_Phase1_60_Extra.mp4,1529,0,0,0,0,0,0,0
Cap_Phase1_60_Extra.mp4,1530,0,0,0,0,0,0,0
Cap_Phase1_60_Extra.mp4,1531,0,0,0,0,0,0,0
Cap_Phase1_60_Extra.mp4,1532,0,0,0,0,0,0,0
Cap_Phase1_60_Extra.mp4,1533,0,0,0,0,0,0,0
Cap_Phase1_60_Extra.mp4,1534,0,0,0,0,0,0,0
Cap_Phase1_60_Extra.mp4,1535,0,0,0,0,0,0,0
Cap_Phase1_60_Extra.mp4,1536,0,0,0,0,0,0,0
Cap_Phase1_60_Extra.mp4,1537,0,0,0,0,0,0,0
Cap_Phase1_60_Extra.mp4,1538,0,0,0,0,0,0,0
Cap_Phase1_60_Extra.mp4,1539,0,0,0,0,0,0,0
Cap_Phase1_60_Extra.mp4,1540,0,0,0,0,0,0,0
Cap_Phase1_60_Extra.mp4,1541,0,0,0,0,0,0,0
Cap_Phase1_60_Extra.mp4,1542,0,0,0,0,0,0,0
Cap_Phase1_60_Extra.mp4,1543,0,0,0,0,0,0,0
Cap_Phase1_60_Extra.mp4,1544,0,0,0,0,0,0,0
Cap_Phase1_60_Extra.mp4,1545,0,0,0,0,0,0,0
Cap_Phase1_60_Extra.mp4,1546,0,0,0,0,0,0,0
Cap_Phase1_60_Extra.mp4,1547,0,0,0,0,0,0,0
Cap_Phase1_60_Extra.mp4,1548,0,0,0,0,0,0,0
Cap_Phase1_60_Extra.mp4,1549,0,0,0,0,0,0,0
Cap_Phase1_60_Extra.mp4,1550,0,0,0,0,0,0,0
Cap_Phase1_60_Extra.mp4,1551,0,0,0,0,0,0,0
Cap_Phase1_60_Extra.mp4,1552,0,0,0,0,0,0,0
Cap_Phase1_60_Extra.mp4,1553,0,0,1,0,0,0,0
Cap_Phase1_60_Extra.mp4,1554,0,0,1,0,0,0,0
Cap_Phase1_60_Extra.mp4,1555,0,0,1,0,0,0,0
Cap_Phase1_60_Extra.mp4,1556,0,0,1,0,0,0,0
Cap_Phase1_60_Extra.mp4,1557,0,0,1,0,0,0,0
Cap_Phase1_60_Extra.mp4,1558,0,0,1,0,0,0,0
Cap_Phase1_60_Extra.mp4,1559,0,0,1,0,0,0,0
Cap_Phase1_60_Extra.mp4,1560,0,0,1,0,0,0,0
Cap_Phase1_60_Extra.mp4,1561,0,0,1,0,0,0,0
Cap_Phase1_60_Extra.mp4,1562,0,0,1,0,0,0,0
Cap_Phase1_60_Extra.mp4,1563,0,0,1,0,0,0,0
Cap_Phase1_60_Extra.mp4,1564,0,0,1,0,0,0,0
Cap_Phase1_60_Extra.mp4,1565,0,0,1,0,0,0,0
Cap_Phase1_60_Extra.mp4,1566,0,0,1,0,0,0,0
Cap_Phase1_60_Extra.mp4,1567,0,0,1,0,0,0,0
Cap_Phase1_60_Extra.mp4,1568,0,0,1,0,0,0,0
Cap_Phase1_60_Extra.mp4,1569,0,0,0,0,0,0,0
Cap_Phase1_60_Extra.mp4,1570,0,0,0,0,0,0,0
Cap_Phase1_60_Extra.mp4,1571,0,0,0,0,0,0,0
Cap_Phase1_60_Extra.mp4,1572,0,0,0,0,0,0,0
Cap_Phase1_60_Extra.mp4,1573,0,0,0,0,0,0,0
Cap_Phase1_60_Extra.mp4,1574,0,0,0,0,0,0,0
Cap_Phase1_60_Extra.mp4,1575,0,0,0,0,0,0,0
Cap_Phase1_60_Extra.mp4,1576,0,0,0,0,0,0,0
Cap_Phase1_60_Extra.mp4,1577,0,0,0,0,0,0,0
Cap_Phase1_60_Extra.mp4,1578,0,0,0,0,0,0,0
Cap_Phase1_60_Extra.mp4,1579,0,0,0,0,0,0,0
Cap_Phase1_60_Extra.mp4,1580,0,0,0,0,0,0,0
Cap_Phase1_60_Extra.mp4,1581,0,0,0,0,0,0,0
Cap_Phase1_60_Extra.mp4,1582,0,0,0,0,0,0,0
Cap_Phase1_60_Extra.mp4,1583,0,0,0,0,0,0,0
Cap_Phase1_60_Extra.mp4,1584,0,0,0,0,0,0,0
Cap_Phase1_60_Extra.mp4,1585,0,0,0,0,0,0,0
Cap_Phase1_60_Extra.mp4,1586,0,0,0,0,0,0,0
Cap_Phase1_60_Extra.mp4,1587,0,0,0,0,0,0,0
Cap_Phase1_60_Extra.mp4,1588,0,0,0,0,0,0,0
Cap_Phase1_60_Extra.mp4,1589,0,0,0,0,0,0,0
Cap_Phase1_60_Extra.mp4,1590,0,0,0,0,0,0,0
Cap_Phase1_60_Extra.mp4,1591,0,0,0,0,0,0,0
Cap_Phase1_60_Extra.mp4,1592,0,0,0,0,0,0,0
Cap_Phase1_60_Extra.mp4,1593,0,0,0,0,0,0,0
Cap_Phase1_60_Extra.mp4,1594,0,0,0,0,0,0,0
Cap_Phase1_60_Extra.mp4,1595,0,0,0,0,0,0,0
Cap_Phase1_60_Extra.mp4,1596,0,0,0,0,0,0,0
Cap_Phase1_60_Extra.mp4,1597,0,0,0,0,0,0,0
Cap_Phase1_60_Extra.mp4,1598,0,0,0,0,0,0,0
Cap_Phase1_60_Extra.mp4,1599,0,0,0,0,0,0,0
Cap_Phase1_60_Extra.mp4,1600,0,0,0,0,0,0,0
Cap_Phase1_60_Extra.mp4,1601,0,0,0,0,0,0,0
Cap_Phase1_60_Extra.mp4,1602,0,0,0,0,0,0,0
Cap_Phase1_60_Extra.mp4,1603,0,0,0,0,0,0,0
Cap_Phase1_60_Extra.mp4,1604,0,0,0,0,0,0,0
Cap_Phase1_60_Extra.mp4,1605,0,0,0,0,0,0,0
Cap_Phase1_60_Extra.mp4,1606,0,0,0,0,0,0,0
Cap_Phase1_60_Extra.mp4,1607,0,0,0,0,0,0,0
Cap_Phase1_60_Extra.mp4,1608,0,0,0,0,0,0,0
Cap_Phase1_60_Extra.mp4,1609,0,0,0,0,0,0,0
Cap_Phase1_60_Extra.mp4,1610,0,0,0,0,0,0,0
Cap_Phase1_60_Extra.mp4,1611,0,0,0,0,0,0,0
Cap_Phase1_60_Extra.mp4,1612,0,0,0,0,0,0,0
Cap_Phase1_60_Extra.mp4,1613,0,0,1,0,0,0,0
Cap_Phase1_60_Extra.mp4,1614,0,0,1,0,0,0,0
Cap_Phase1_60_Extra.mp4,1615,0,0,1,0,0,0,0
Cap_Phase1_60_Extra.mp4,1616,0,0,1,0,0,0,0
Cap_Phase1_60_Extra.mp4,1617,0,0,1,0,0,0,0
Cap_Phase1_60_Extra.mp4,1618,0,0,1,0,0,0,0
Cap_Phase1_60_Extra.mp4,1619,0,0,1,0,0,0,0
Cap_Phase1_60_Extra.mp4,1620,0,0,1,0,0,0,0
Cap_Phase1_60_Extra.mp4,1621,0,0,1,0,0,0,0
Cap_Phase1_60_Extra.mp4,1622,0,0,1,0,0,0,0
Cap_Phase1_60_Extra.mp4,1623,0,0,0,0,0,0,0
Cap_Phase1_60_Extra.mp4,1624,0,0,0,0,0,0,0
Cap_Phase1_60_Extra.mp4,1625,0,0,0,0,0,0,0
Cap_Phase1_60_Extra.mp4,1626,0,0,0,0,0,0,0
Cap_Phase1_60_Extra.mp4,1627,0,0,0,0,0,0,0
Cap_Phase1_60_Extra.mp4,1628,0,0,0,0,0,0,0
Cap_Phase1_60_Extra.mp4,1629,0,0,0,0,0,0,0
Cap_Phase1_60_Extra.mp4,1630,0,0,0,0,0,0,0
Cap_Phase1_60_Extra.mp4,1631,0,0,0,0,0,0,0
Cap_Phase1_60_Extra.mp4,1632,0,0,0,0,0,0,0
Cap_Phase1_60_Extra.mp4,1633,0,0,0,0,0,0,0
Cap_Phase1_60_Extra.mp4,1634,0,0,0,0,0,0,0
Cap_Phase1_60_Extra.mp4,1635,0,0,0,0,0,0,0
Cap_Phase1_60_Extra.mp4,1636,0,0,0,0,0,0,0
Cap_Phase1_60_Extra.mp4,1637,0,0,0,0,0,0,0
Cap_Phase1_60_Extra.mp4,1638,0,0,0,0,0,0,0
Cap_Phase1_60_Extra.mp4,1639,0,0,0,0,0,0,0
Cap_Phase1_60_Extra.mp4,1640,0,0,0,0,0,0,0
Cap_Phase1_60_Extra.mp4,1641,0,0,0,0,0,0,0
Cap_Phase1_60_Extra.mp4,1642,0,0,0,0,0,0,0
Cap_Phase1_60_Extra.mp4,1643,0,0,0,0,0,0,0
Cap_Phase1_60_Extra.mp4,1644,0,0,0,0,0,0,0
Cap_Phase1_60_Extra.mp4,1645,0,0,0,0,0,0,0
Cap_Phase1_60_Extra.mp4,1646,0,0,0,0,0,0,0
Cap_Phase1_60_Extra.mp4,1647,0,0,0,0,0,0,0
Cap_Phase1_60_Extra.mp4,1648,0,0,0,0,0,0,0
Cap_Phase1_60_Extra.mp4,1649,0,0,0,0,0,0,0
Cap_Phase1_60_Extra.mp4,1650,0,0,0,0,0,0,0
Cap_Phase1_60_Extra.mp4,1651,0,0,0,0,0,0,0
Cap_Phase1_60_Extra.mp4,1652,0,0,0,0,0,0,0
Cap_Phase1_60_Extra.mp4,1653,0,0,0,0,0,0,0
Cap_Phase1_60_Extra.mp4,1654,0,0,0,0,0,0,0
Cap_Phase1_60_Extra.mp4,1655,0,0,0,0,0,0,0
Cap_Phase1_60_Extra.mp4,1656,0,0,0,0,0,0,0
Cap_Phase1_60_Extra.mp4,1657,0,0,0,0,0,0,0
Cap_Phase1_60_Extra.mp4,1658,0,0,0,0,0,0,0
Cap_Phase1_60_Extra.mp4,1659,0,0,0,0,0,0,0
Cap_Phase1_60_Extra.mp4,1660,0,0,0,0,0,0,0
Cap_Phase1_60_Extra.mp4,1661,0,0,0,0,0,0,0
Cap_Phase1_60_Extra.mp4,1662,0,0,0,0,0,0,0
Cap_Phase1_60_Extra.mp4,1663,0,0,0,0,0,0,0
Cap_Phase1_60_Extra.mp4,1664,0,0,0,0,0,0,0
Cap_Phase1_60_Extra.mp4,1665,0,0,0,0,0,0,0
Cap_Phase1_60_Extra.mp4,1666,0,0,0,0,0,0,0
Cap_Phase1_60_Extra.mp4,1667,0,0,0,0,0,0,0
Cap_Phase1_60_Extra.mp4,1668,0,0,0,0,0,0,0
Cap_Phase1_60_Extra.mp4,1669,0,0,0,0,0,0,0
Cap_Phase1_60_Extra.mp4,1670,0,0,0,0,0,0,0
Cap_Phase1_60_Extra.mp4,1671,0,0,1,0,0,0,0
Cap_Phase1_60_Extra.mp4,1672,0,0,1,0,0,0,0
Cap_Phase1_60_Extra.mp4,1673,0,0,1,0,0,0,0
Cap_Phase1_60_Extra.mp4,1674,0,0,1,0,0,0,0
Cap_Phase1_60_Extra.mp4,1675,0,0,1,0,0,0,0
Cap_Phase1_60_Extra.mp4,1676,0,0,1,0,0,0,0
Cap_Phase1_60_Extra.mp4,1677,0,0,1,0,0,0,0
Cap_Phase1_60_Extra.mp4,1678,0,0,1,0,0,0,0
Cap_Phase1_60_Extra.mp4,1679,0,0,1,0,0,0,0
Cap_Phase1_60_Extra.mp4,1680,0,0,1,0,0,0,0
Cap_Phase1_60_Extra.mp4,1681,0,0,1,0,0,0,0
Cap_Phase1_60_Extra.mp4,1682,0,0,1,0,0,0,0
Cap_Phase1_60_Extra.mp4,1683,0,0,1,0,0,0,0
Cap_Phase1_60_Extra.mp4,1684,0,0,1,0,0,0,0
Cap_Phase1_60_Extra.mp4,1685,0,0,1,0,0,0,0
Cap_Phase1_60_Extra.mp4,1686,0,0,1,0,0,0,0
Cap_Phase1_60_Extra.mp4,1687,0,0,1,0,0,0,0
Cap_Phase1_60_Extra.mp4,1688,0,0,1,0,0,0,0
Cap_Phase1_60_Extra.mp4,1689,0,0,0,0,0,0,0
Cap_Phase1_60_Extra.mp4,1690,0,0,0,0,0,0,0
Cap_Phase1_60_Extra.mp4,1691,0,0,0,0,0,0,0
Cap_Phase1_60_Extra.mp4,1692,0,0,0,0,0,0,0
Cap_Phase1_60_Extra.mp4,1693,0,0,0,0,0,0,0
Cap_Phase1_60_Extra.mp4,1694,0,0,0,0,0,0,0
Cap_Phase1_60_Extra.mp4,1695,0,0,0,0,0,0,0
Cap_Phase1_60_Extra.mp4,1696,0,0,0,0,0,0,0
Cap_Phase1_60_Extra.mp4,1697,0,0,0,0,0,0,0
Cap_Phase1_60_Extra.mp4,1698,0,0,0,0,0,0,0
Cap_Phase1_60_Extra.mp4,1699,0,0,0,0,0,0,0
Cap_Phase1_60_Extra.mp4,1700,0,0,0,0,0,0,0
Cap_Phase1_60_Extra.mp4,1701,0,0,0,0,0,0,0
Cap_Phase1_60_Extra.mp4,1702,0,0,0,0,0,0,0
Cap_Phase1_60_Extra.mp4,1703,0,0,0,0,0,0,0
Cap_Phase1_60_Extra.mp4,1704,0,0,0,0,0,0,0
Cap_Phase1_60_Extra.mp4,1705,0,0,0,0,0,0,0
Cap_Phase1_60_Extra.mp4,1706,0,0,0,0,0,0,0
Cap_Phase1_60_Extra.mp4,1707,0,0,0,0,0,0,0
Cap_Phase1_60_Extra.mp4,1708,0,0,0,0,0,0,0
Cap_Phase1_60_Extra.mp4,1709,0,0,0,0,0,0,0
Cap_Phase1_60_Extra.mp4,1710,0,0,0,0,0,0,0
Cap_Phase1_60_Extra.mp4,1711,0,0,0,0,0,0,0
Cap_Phase1_60_Extra.mp4,1712,0,0,0,0,0,0,0
Cap_Phase1_60_Extra.mp4,1713,0,0,0,0,0,0,0
Cap_Phase1_60_Extra.mp4,1714,0,0,0,0,0,0,0
Cap_Phase1_60_Extra.mp4,1715,0,0,0,0,0,0,0
Cap_Phase1_60_Extra.mp4,1716,0,0,0,0,0,0,0
Cap_Phase1_60_Extra.mp4,1717,0,0,0,0,0,0,0
Cap_Phase1_60_Extra.mp4,1718,0,0,0,0,0,0,0
Cap_Phase1_60_Extra.mp4,1719,0,0,0,0,0,0,0
Cap_Phase1_60_Extra.mp4,1720,0,0,0,0,0,0,0
Cap_Phase1_60_Extra.mp4,1721,0,0,0,0,0,0,0
Cap_Phase1_60_Extra.mp4,1722,0,0,0,0,0,0,0
Cap_Phase1_60_Extra.mp4,1723,0,0,0,0,0,0,0
Cap_Phase1_60_Extra.mp4,1724,0,0,0,0,0,0,0
Cap_Phase1_60_Extra.mp4,1725,0,0,0,0,0,0,0
Cap_Phase1_60_Extra.mp4,1726,0,0,0,0,0,0,0
Cap_Phase1_60_Extra.mp4,1727,0,0,0,0,0,0,0
Cap_Phase1_60_Extra.mp4,1728,0,0,0,0,0,0,0
Cap_Phase1_60_Extra.mp4,1729,0,0,0,0,0,0,0
Cap_Phase1_60_Extra.mp4,1730,0,0,1,0,0,0,0
Cap_Phase1_60_Extra.mp4,1731,0,0,1,0,0,0,0
Cap_Phase1_60_Extra.mp4,1732,0,0,1,0,0,0,0
Cap_Phase1_60_Extra.mp4,1733,0,0,1,0,0,0,0
Cap_Phase1_60_Extra.mp4,1734,0,0,1,0,0,0,0
Cap_Phase1_60_Extra.mp4,1735,0,0,1,0,0,0,0
Cap_Phase1_60_Extra.mp4,1736,0,0,1,0,0,0,0
Cap_Phase1_60_Extra.mp4,1737,0,0,1,0,0,0,0
Cap_Phase1_60_Extra.mp4,1738,0,0,1,0,0,0,0
Cap_Phase1_60_Extra.mp4,1739,0,0,1,0,0,0,0
Cap_Phase1_60_Extra.mp4,1740,0,0,1,0,0,0,0
Cap_Phase1_60_Extra.mp4,1741,0,0,1,0,0,0,0
Cap_Phase1_60_Extra.mp4,1742,0,0,1,0,0,0,0
Cap_Phase1_60_Extra.mp4,1743,0,0,1,0,0,0,0
Cap_Phase1_60_Extra.mp4,1744,0,0,1,0,0,0,0
Cap_Phase1_60_Extra.mp4,1745,0,0,1,0,0,0,0
Cap_Phase1_60_Extra.mp4,1746,0,0,1,0,0,0,0
Cap_Phase1_60_Extra.mp4,1747,0,0,1,0,0,0,0
Cap_Phase1_60_Extra.mp4,1748,0,0,0,0,0,0,0
Cap_Phase1_60_Extra.mp4,1749,0,0,0,0,0,0,0
Cap_Phase1_60_Extra.mp4,1750,0,0,0,0,0,0,0
Cap_Phase1_60_Extra.mp4,1751,0,0,0,0,0,0,0
Cap_Phase1_60_Extra.mp4,1752,0,0,0,0,0,0,0
Cap_Phase1_60_Extra.mp4,1753,0,0,0,0,0,0,0
Cap_Phase1_60_Extra.mp4,1754,0,0,0,0,0,0,0
Cap_Phase1_60_Extra.mp4,1755,0,0,0,0,0,0,0
Cap_Phase1_60_Extra.mp4,1756,0,0,0,0,0,0,0
Cap_Phase1_60_Extra.mp4,1757,0,0,0,0,0,0,0
Cap_Phase1_60_Extra.mp4,1758,0,0,0,0,0,0,0
Cap_Phase1_60_Extra.mp4,1759,0,0,0,0,0,0,0
Cap_Phase1_60_Extra.mp4,1760,0,0,0,0,0,0,0
Cap_Phase1_60_Extra.mp4,1761,0,0,0,0,0,0,0
Cap_Phase1_60_Extra.mp4,1762,0,0,0,0,0,0,0
Cap_Phase1_60_Extra.mp4,1763,0,0,0,0,0,0,0
Cap_Phase1_60_Extra.mp4,1764,0,0,0,0,0,0,0
Cap_Phase1_60_Extra.mp4,1765,0,0,0,0,0,0,0
Cap_Phase1_60_Extra.mp4,1766,0,0,0,0,0,0,0
Cap_Phase1_60_Extra.mp4,1767,0,0,0,0,0,0,0
Cap_Phase1_60_Extra.mp4,1768,0,0,0,0,0,0,0
Cap_Phase1_60_Extra.mp4,1769,0,0,0,0,0,0,0
Cap_Phase1_60_Extra.mp4,1770,0,0,0,0,0,0,0
Cap_Phase1_60_Extra.mp4,1771,0,0,0,0,0,0,0
Cap_Phase1_60_Extra.mp4,1772,0,0,0,0,0,0,0
Cap_Phase1_60_Extra.mp4,1773,0,0,0,0,0,0,0
Cap_Phase1_60_Extra.mp4,1774,0,0,0,0,0,0,0
Cap_Phase1_60_Extra.mp4,1775,0,0,0,0,0,0,0
Cap_Phase1_60_Extra.mp4,1776,0,0,0,0,0,0,0
Cap_Phase1_60_Extra.mp4,1777,0,0,0,0,0,0,0
Cap_Phase1_60_Extra.mp4,1778,0,0,0,0,0,0,0
Cap_Phase1_60_Extra.mp4,1779,0,0,0,0,0,0,0
Cap_Phase1_60_Extra.mp4,1780,0,0,0,0,0,0,0
Cap_Phase1_60_Extra.mp4,1781,0,0,0,0,0,0,0
Cap_Phase1_60_Extra.mp4,1782,0,0,0,0,0,0,0
Cap_Phase1_60_Extra.mp4,1783,0,0,0,0,0,0,0
Cap_Phase1_60_Extra.mp4,1784,0,0,0,0,0,0,0
Cap_Phase1_60_Extra.mp4,1785,0,0,0,0,0,0,0
Cap_Phase1_60_Extra.mp4,1786,0,0,0,0,0,0,0
Cap_Phase1_60_Extra.mp4,1787,0,0,0,0,0,0,0
Cap_Phase1_60_Extra.mp4,1788,0,0,0,1,0,0,0
Cap_Phase1_60_Extra.mp4,1789,0,0,0,1,0,0,0
Cap_Phase1_60_Extra.mp4,1790,0,0,0,1,0,0,0
Cap_Phase1_60_Extra.mp4,1791,0,0,0,1,0,0,0
Cap_Phase1_60_Extra.mp4,1792,0,0,0,1,0,0,0
Cap_Phase1_60_Extra.mp4,1793,0,0,0,1,0,0,0
Cap_Phase1_60_Extra.mp4,1794,0,0,0,1,0,0,0
Cap_Phase1_60_Extra.mp4,1795,0,0,0,1,0,0,0
Cap_Phase1_60_Extra.mp4,1796,0,0,0,1,0,0,0
Cap_Phase1_60_Extra.mp4,1797,0,0,0,1,0,0,0
Cap_Phase1_60_Extra.mp4,1798,0,0,0,1,0,0,0
Cap_Phase1_60_Extra.mp4,1799,0,0,0,1,0,0,0
Cap_Phase1_60_Extra.mp4,1800,0,0,0,1,0,0,0
Cap_Phase1_60_Extra.mp4,1801,0,0,0,1,0,0,0
Cap_Phase1_60_Extra.mp4,1802,0,0,0,1,0,0,0
Cap_Phase1_60_Extra.mp4,1803,0,0,0,1,0,0,0
Cap_Phase1_60_Extra.mp4,1804,0,0,0,1,0,0,0
Cap_Phase1_60_Extra.mp4,1805,0,0,0,1,0,0,0
Cap_Phase1_60_Extra.mp4,1806,0,0,0,1,0,0,0
Cap_Phase1_60_Extra.mp4,1807,0,0,0,0,0,0,0
Cap_Phase1_60_Extra.mp4,1808,0,0,0,0,0,0,0
Cap_Phase1_60_Extra.mp4,1809,0,0,0,0,0,0,0
Cap_Phase1_60_Extra.mp4,1810,0,0,0,0,0,0,0
Cap_Phase1_60_Extra.mp4,1811,0,0,0,0,0,0,0
Cap_Phase1_60_Extra.mp4,1812,0,0,0,0,0,0,0
Cap_Phase1_60_Extra.mp4,1813,0,0,0,0,0,0,0
Cap_Phase1_60_Extra.mp4,1814,0,0,0,0,0,0,0
Cap_Phase1_60_Extra.mp4,1815,0,0,0,0,0,0,0
Cap_Phase1_60_Extra.mp4,1816,0,0,0,0,0,0,0
Cap_Phase1_60_Extra.mp4,1817,0,0,0,0,0,0,0
Cap_Phase1_60_Extra.mp4,1818,0,0,0,0,0,0,0
Cap_Phase1_60_Extra.mp4,1819,0,0,0,0,0,0,0
Cap_Phase1_60_Extra.mp4,1820,0,0,0,0,0,0,0
Cap_Phase1_60_Extra.mp4,1821,0,0,0,0,0,0,0
Cap_Phase1_60_Extra.mp4,1822,0,0,0,0,0,0,0
Cap_Phase1_60_Extra.mp4,1823,0,0,0,0,0,0,0
Cap_Phase1_60_Extra.mp4,1824,0,0,0,0,0,0,0
Cap_Phase1_60_Extra.mp4,1825,0,0,0,0,0,0,0
Cap_Phase1_60_Extra.mp4,1826,0,0,0,0,0,0,0
Cap_Phase1_60_Extra.mp4,1827,0,0,0,0,0,0,0
Cap_Phase1_60_Extra.mp4,1828,0,0,0,0,0,0,0
Cap_Phase1_60_Extra.mp4,1829,0,0,0,0,0,0,0
Cap_Phase1_60_Extra.mp4,1830,0,0,0,0,0,0,0
Cap_Phase1_60_Extra.mp4,1831,0,0,0,0,0,0,0
Cap_Phase1_60_Extra.mp4,1832,0,0,0,0,0,0,0
Cap_Phase1_60_Extra.mp4,1833,0,0,0,0,0,0,0
Cap_Phase1_60_Extra.mp4,1834,0,0,0,0,0,0,0
Cap_Phase1_60_Extra.mp4,1835,0,0,0,0,0,0,0
Cap_Phase1_60_Extra.mp4,1836,0,0,0,0,0,0,0
Cap_Phase1_60_Extra.mp4,1837,0,0,0,0,0,0,0
Cap_Phase1_60_Extra.mp4,1838,0,0,0,0,0,0,0
Cap_Phase1_60_Extra.mp4,1839,0,0,0,0,0,0,0
Cap_Phase1_60_Extra.mp4,1840,0,0,0,0,0,0,0
Cap_Phase1_60_Extra.mp4,1841,0,0,0,0,0,0,0
Cap_Phase1_60_Extra.mp4,1842,0,0,0,0,0,0,0
Cap_Phase1_60_Extra.mp4,1843,0,0,0,0,0,0,0
Cap_Phase1_60_Extra.mp4,1844,0,0,0,0,0,0,0
Cap_Phase1_60_Extra.mp4,1845,0,0,0,0,0,0,0
Cap_Phase1_60_Extra.mp4,1846,0,0,0,0,0,0,0
Cap_Phase1_60_Extra.mp4,1847,0,0,0,0,0,0,0
Cap_Phase1_60_Extra.mp4,1848,0,0,0,0,0,0,0
Cap_Phase1_60_Extra.mp4,1849,0,0,0,0,0,0,0
Cap_Phase1_60_Extra.mp4,1850,0,0,0,0,0,0,0
Cap_Phase1_60_Extra.mp4,1851,0,0,0,0,0,0,0
Cap_Phase1_60_Extra.mp4,1852,0,0,0,1,0,0,0
Cap_Phase1_60_Extra.mp4,1853,0,0,0,1,0,0,0
Cap_Phase1_60_Extra.mp4,1854,0,0,0,1,0,0,0
Cap_Phase1_60_Extra.mp4,1855,0,0,0,1,0,0,0
Cap_Phase1_60_Extra.mp4,1856,0,0,0,1,0,0,0
Cap_Phase1_60_Extra.mp4,1857,0,0,0,1,0,0,0
Cap_Phase1_60_Extra.mp4,1858,0,0,0,1,0,0,0
Cap_Phase1_60_Extra.mp4,1859,0,0,0,1,0,0,0
Cap_Phase1_60_Extra.mp4,1860,0,0,0,1,0,0,0
Cap_Phase1_60_Extra.mp4,1861,0,0,0,1,0,0,0
Cap_Phase1_60_Extra.mp4,1862,0,0,0,1,0,0,0
Cap_Phase1_60_Extra.mp4,1863,0,0,0,1,0,0,0
Cap_Phase1_60_Extra.mp4,1864,0,0,0,1,0,0,0
Cap_Phase1_60_Extra.mp4,1865,0,0,0,1,0,0,0
Cap_Phase1_60_Extra.mp4,1866,0,0,0,1,0,0,0
Cap_Phase1_60_Extra.mp4,1867,0,0,0,1,0,0,0
Cap_Phase1_60_Extra.mp4,1868,0,0,0,1,0,0,0
Cap_Phase1_60_Extra.mp4,1869,0,0,0,1,0,0,0
Cap_Phase1_60_Extra.mp4,1870,0,0,0,0,0,0,0
Cap_Phase1_60_Extra.mp4,1871,0,0,0,0,0,0,0
Cap_Phase1_60_Extra.mp4,1872,0,0,0,0,0,0,0
Cap_Phase1_60_Extra.mp4,1873,0,0,0,0,0,0,0
Cap_Phase1_60_Extra.mp4,1874,0,0,0,0,0,0,0
Cap_Phase1_60_Extra.mp4,1875,0,0,0,0,0,0,0
Cap_Phase1_60_Extra.mp4,1876,0,0,0,0,0,0,0
Cap_Phase1_60_Extra.mp4,1877,0,0,0,0,0,0,0
Cap_Phase1_60_Extra.mp4,1878,0,0,0,0,0,0,0
Cap_Phase1_60_Extra.mp4,1879,0,0,0,0,0,0,0
Cap_Phase1_60_Extra.mp4,1880,0,0,0,0,0,0,0
Cap_Phase1_60_Extra.mp4,1881,0,0,0,0,0,0,0
Cap_Phase1_60_Extra.mp4,1882,0,0,0,0,0,0,0
Cap_Phase1_60_Extra.mp4,1883,0,0,0,0,0,0,0
Cap_Phase1_60_Extra.mp4,1884,0,0,0,0,0,0,0
Cap_Phase1_60_Extra.mp4,1885,0,0,0,0,0,0,0
Cap_Phase1_60_Extra.mp4,1886,0,0,0,0,0,0,0
Cap_Phase1_60_Extra.mp4,1887,0,0,0,0,0,0,0
Cap_Phase1_60_Extra.mp4,1888,0,0,0,0,0,0,0
Cap_Phase1_60_Extra.mp4,1889,0,0,0,0,0,0,0
Cap_Phase1_60_Extra.mp4,1890,0,0,0,0,0,0,0
Cap_Phase1_60_Extra.mp4,1891,0,0,0,0,0,0,0
Cap_Phase1_60_Extra.mp4,1892,0,0,0,0,0,0,0
Cap_Phase1_60_Extra.mp4,1893,0,0,0,0,0,0,0
Cap_Phase1_60_Extra.mp4,1894,0,0,0,0,0,0,0
Cap_Phase1_60_Extra.mp4,1895,0,0,0,0,0,0,0
Cap_Phase1_60_Extra.mp4,1896,0,0,0,0,0,0,0
Cap_Phase1_60_Extra.mp4,1897,0,0,0,0,0,0,0
Cap_Phase1_60_Extra.mp4,1898,0,0,0,0,0,0,0
Cap_Phase1_60_Extra.mp4,1899,0,0,0,0,0,0,0
Cap_Phase1_60_Extra.mp4,1900,0,0,0,0,0,0,0
Cap_Phase1_60_Extra.mp4,1901,0,0,0,0,0,0,0
Cap_Phase1_60_Extra.mp4,1902,0,0,0,0,0,0,0
Cap_Phase1_60_Extra.mp4,1903,0,0,0,0,0,0,0
Cap_Phase1_60_Extra.mp4,1904,0,0,0,0,0,0,0
Cap_Phase1_60_Extra.mp4,1905,0,0,0,0,0,0,0
Cap_Phase1_60_Extra.mp4,1906,0,0,0,0,0,0,0
Cap_Phase1_60_Extra.mp4,1907,0,0,0,0,0,0,0
Cap_Phase1_60_Extra.mp4,1908,0,0,0,0,0,0,0
Cap_Phase1_60_Extra.mp4,1909,0,0,0,0,0,0,0
Cap_Phase1_60_Extra.mp4,1910,0,0,0,0,0,0,0
Cap_Phase1_60_Extra.mp4,1911,0,0,0,0,0,0,0
Cap_Phase1_60_Extra.mp4,1912,0,0,0,0,0,0,0
Cap_Phase1_60_Extra.mp4,1913,0,0,0,0,0,0,0
Cap_Phase1_60_Extra.mp4,1914,0,0,0,1,0,0,0
Cap_Phase1_60_Extra.mp4,1915,0,0,0,1,0,0,0
Cap_Phase1_60_Extra.mp4,1916,0,0,0,1,0,0,0
Cap_Phase1_60_Extra.mp4,1917,0,0,0,1,0,0,0
Cap_Phase1_60_Extra.mp4,1918,0,0,0,0,0,0,0
Cap_Phase1_60_Extra.mp4,1919,0,0,0,1,0,0,0
Cap_Phase1_60_Extra.mp4,1920,0,0,0,1,0,0,0
Cap_Phase1_60_Extra.mp4,1921,0,0,0,1,0,0,0
Cap_Phase1_60_Extra.mp4,1922,0,0,0,1,0,0,0
Cap_Phase1_60_Extra.mp4,1923,0,0,0,1,0,0,0
Cap_Phase1_60_Extra.mp4,1924,0,0,0,1,0,0,0
Cap_Phase1_60_Extra.mp4,1925,0,0,0,1,0,0,0
Cap_Phase1_60_Extra.mp4,1926,0,0,0,1,0,0,0
Cap_Phase1_60_Extra.mp4,1927,0,0,0,1,0,0,0
Cap_Phase1_60_Extra.mp4,1928,0,0,0,1,0,0,0
Cap_Phase1_60_Extra.mp4,1929,0,0,0,0,0,0,0
Cap_Phase1_60_Extra.mp4,1930,0,0,0,0,0,0,0
Cap_Phase1_60_Extra.mp4,1931,0,0,0,0,0,0,0
Cap_Phase1_60_Extra.mp4,1932,0,0,0,0,0,0,0
Cap_Phase1_60_Extra.mp4,1933,0,0,0,0,0,0,0
Cap_Phase1_60_Extra.mp4,1934,0,0,0,0,0,0,0
Cap_Phase1_60_Extra.mp4,1935,0,0,0,0,0,0,0
Cap_Phase1_60_Extra.mp4,1936,0,0,0,0,0,0,0
Cap_Phase1_60_Extra.mp4,1937,0,0,0,0,0,0,0
Cap_Phase1_60_Extra.mp4,1938,0,0,0,0,0,0,0
Cap_Phase1_60_Extra.mp4,1939,0,0,0,0,0,0,0
Cap_Phase1_60_Extra.mp4,1940,0,0,0,0,0,0,0
Cap_Phase1_60_Extra.mp4,1941,0,0,0,0,0,0,0
Cap_Phase1_60_Extra.mp4,1942,0,0,0,0,0,0,0
Cap_Phase1_60_Extra.mp4,1943,0,0,0,0,0,0,0
Cap_Phase1_60_Extra.mp4,1944,0,0,0,0,0,0,0
Cap_Phase1_60_Extra.mp4,1945,0,0,0,0,0,0,0
Cap_Phase1_60_Extra.mp4,1946,0,0,0,0,0,0,0
Cap_Phase1_60_Extra.mp4,1947,0,0,0,0,0,0,0
Cap_Phase1_60_Extra.mp4,1948,0,0,0,0,0,0,0
Cap_Phase1_60_Extra.mp4,1949,0,0,0,0,0,0,0
Cap_Phase1_60_Extra.mp4,1950,0,0,0,0,0,0,0
Cap_Phase1_60_Extra.mp4,1951,0,0,0,0,0,0,0
Cap_Phase1_60_Extra.mp4,1952,0,0,0,0,0,0,0
Cap_Phase1_60_Extra.mp4,1953,0,0,0,0,0,0,0
Cap_Phase1_60_Extra.mp4,1954,0,0,0,0,0,0,0
Cap_Phase1_60_Extra.mp4,1955,0,0,0,0,0,0,0
Cap_Phase1_60_Extra.mp4,1956,0,0,0,0,0,0,0
Cap_Phase1_60_Extra.mp4,1957,0,0,0,0,0,0,0
Cap_Phase1_60_Extra.mp4,1958,0,0,0,0,0,0,0
Cap_Phase1_60_Extra.mp4,1959,0,0,0,0,0,0,0
Cap_Phase1_60_Extra.mp4,1960,0,0,0,0,0,0,0
Cap_Phase1_60_Extra.mp4,1961,0,0,0,0,0,0,0
Cap_Phase1_60_Extra.mp4,1962,0,0,0,0,0,0,0
Cap_Phase1_60_Extra.mp4,1963,0,0,0,0,0,0,0
Cap_Phase1_60_Extra.mp4,1964,0,0,0,0,0,0,0
Cap_Phase1_60_Extra.mp4,1965,0,0,0,0,0,0,0
Cap_Phase1_60_Extra.mp4,1966,0,0,0,0,0,0,0
Cap_Phase1_60_Extra.mp4,1967,0,0,0,0,0,0,0
Cap_Phase1_60_Extra.mp4,1968,0,0,0,0,0,0,0
Cap_Phase1_60_Extra.mp4,1969,0,0,0,0,0,0,0
Cap_Phase1_60_Extra.mp4,1970,0,0,0,0,0,0,0
Cap_Phase1_60_Extra.mp4,1971,0,0,0,0,0,0,0
Cap_Phase1_60_Extra.mp4,1972,0,0,0,0,0,0,0
Cap_Phase1_60_Extra.mp4,1973,0,0,0,1,0,0,0
Cap_Phase1_60_Extra.mp4,1974,0,0,0,1,0,0,0
Cap_Phase1_60_Extra.mp4,1975,0,0,0,1,0,0,0
Cap_Phase1_60_Extra.mp4,1976,0,0,0,1,0,0,0
Cap_Phase1_60_Extra.mp4,1977,0,0,0,1,0,0,0
Cap_Phase1_60_Extra.mp4,1978,0,0,0,1,0,0,0
Cap_Phase1_60_Extra.mp4,1979,0,0,0,1,0,0,0
Cap_Phase1_60_Extra.mp4,1980,0,0,0,1,0,0,0
Cap_Phase1_60_Extra.mp4,1981,0,0,0,1,0,0,0
Cap_Phase1_60_Extra.mp4,1982,0,0,0,1,0,0,0
Cap_Phase1_60_Extra.mp4,1983,0,0,0,1,0,0,0
Cap_Phase1_60_Extra.mp4,1984,0,0,0,1,0,0,0
Cap_Phase1_60_Extra.mp4,1985,0,0,0,1,0,0,0
Cap_Phase1_60_Extra.mp4,1986,0,0,0,1,0,0,0
Cap_Phase1_60_Extra.mp4,1987,0,0,0,1,0,0,0
Cap_Phase1_60_Extra.mp4,1988,0,0,0,1,0,0,0
Cap_Phase1_60_Extra.mp4,1989,0,0,0,1,0,0,0
Cap_Phase1_60_Extra.mp4,1990,0,0,0,0,0,0,0
Cap_Phase1_60_Extra.mp4,1991,0,0,0,0,0,0,0
Cap_Phase1_60_Extra.mp4,1992,0,0,0,0,0,0,0
Cap_Phase1_60_Extra.mp4,1993,0,0,0,0,0,0,0
Cap_Phase1_60_Extra.mp4,1994,0,0,0,0,0,0,0
Cap_Phase1_60_Extra.mp4,1995,0,0,0,0,0,0,0
Cap_Phase1_60_Extra.mp4,1996,0,0,0,0,0,0,0
Cap_Phase1_60_Extra.mp4,1997,0,0,0,0,0,0,0
Cap_Phase1_60_Extra.mp4,1998,0,0,0,0,0,0,0
Cap_Phase1_60_Extra.mp4,1999,0,0,0,0,0,0,0
Cap_Phase1_60_Extra.mp4,2000,0,0,0,0,0,0,0
Cap_Phase1_60_Extra.mp4,2001,0,0,0,0,0,0,0
Cap_Phase1_60_Extra.mp4,2002,0,0,0,0,0,0,0
Cap_Phase1_60_Extra.mp4,2003,0,0,0,0,0,0,0
Cap_Phase1_60_Extra.mp4,2004,0,0,0,0,0,0,0
Cap_Phase1_60_Extra.mp4,2005,0,0,0,0,0,0,0
Cap_Phase1_60_Extra.mp4,2006,0,0,0,0,0,0,0
Cap_Phase1_60_Extra.mp4,2007,0,0,0,0,0,0,0
Cap_Phase1_60_Extra.mp4,2008,0,0,0,0,0,0,0
Cap_Phase1_60_Extra.mp4,2009,0,0,0,0,0,0,0
Cap_Phase1_60_Extra.mp4,2010,0,0,0,0,0,0,0
Cap_Phase1_60_Extra.mp4,2011,0,0,0,0,0,0,0
Cap_Phase1_60_Extra.mp4,2012,0,0,0,0,0,0,0
Cap_Phase1_60_Extra.mp4,2013,0,0,0,0,0,0,0
Cap_Phase1_60_Extra.mp4,2014,0,0,0,0,0,0,0
Cap_Phase1_60_Extra.mp4,2015,0,0,0,0,0,0,0
Cap_Phase1_60_Extra.mp4,2016,0,0,0,0,0,0,0
Cap_Phase1_60_Extra.mp4,2017,0,0,0,0,0,0,0
Cap_Phase1_60_Extra.mp4,2018,0,0,0,0,0,0,0
Cap_Phase1_60_Extra.mp4,2019,0,0,0,0,0,0,0
Cap_Phase1_60_Extra.mp4,2020,0,0,0,0,0,0,0
Cap_Phase1_60_Extra.mp4,2021,0,0,0,0,0,0,0
Cap_Phase1_60_Extra.mp4,2022,0,0,0,0,0,0,0
Cap_Phase1_60_Extra.mp4,2023,0,0,0,0,0,0,0
Cap_Phase1_60_Extra.mp4,2024,0,0,0,0,0,0,0
Cap_Phase1_60_Extra.mp4,2025,0,0,0,0,0,0,0
Cap_Phase1_60_Extra.mp4,2026,0,0,0,0,0,0,0
Cap_Phase1_60_Extra.mp4,2027,0,0,0,0,0,0,0
Cap_Phase1_60_Extra.mp4,2028,0,0,0,0,0,0,0
Cap_Phase1_60_Extra.mp4,2029,0,0,0,0,0,0,0
Cap_Phase1_60_Extra.mp4,2030,0,0,0,1,0,0,0
Cap_Phase1_60_Extra.mp4,2031,0,0,0,1,0,0,0
Cap_Phase1_60_Extra.mp4,2032,0,0,0,1,0,0,0
Cap_Phase1_60_Extra.mp4,2033,0,0,0,1,0,0,0
Cap_Phase1_60_Extra.mp4,2034,0,0,0,1,0,0,0
Cap_Phase1_60_Extra.mp4,2035,0,0,0,1,0,0,0
Cap_Phase1_60_Extra.mp4,2036,0,0,0,1,0,0,0
Cap_Phase1_60_Extra.mp4,2037,0,0,0,1,0,0,0
Cap_Phase1_60_Extra.mp4,2038,0,0,0,1,0,0,0
Cap_Phase1_60_Extra.mp4,2039,0,0,0,1,0,0,0
Cap_Phase1_60_Extra.mp4,2040,0,0,0,1,0,0,0
Cap_Phase1_60_Extra.mp4,2041,0,0,0,1,0,0,0
Cap_Phase1_60_Extra.mp4,2042,0,0,0,1,0,0,0
Cap_Phase1_60_Extra.mp4,2043,0,0,0,1,0,0,0
Cap_Phase1_60_Extra.mp4,2044,0,0,0,1,0,0,0
Cap_Phase1_60_Extra.mp4,2045,0,0,0,1,0,0,0
Cap_Phase1_60_Extra.mp4,2046,0,0,0,1,0,0,0
Cap_Phase1_60_Extra.mp4,2047,0,0,0,1,0,0,0
Cap_Phase1_60_Extra.mp4,2048,0,0,0,1,0,0,0
Cap_Phase1_60_Extra.mp4,2049,0,0,0,1,0,0,0
Cap_Phase1_60_Extra.mp4,2050,0,0,0,1,0,0,0
Cap_Phase1_60_Extra.mp4,2051,0,0,0,0,0,0,0
Cap_Phase1_60_Extra.mp4,2052,0,0,0,0,0,0,0
Cap_Phase1_60_Extra.mp4,2053,0,0,0,0,0,0,0
Cap_Phase1_60_Extra.mp4,2054,0,0,0,0,0,0,0
Cap_Phase1_60_Extra.mp4,2055,0,0,0,0,0,0,0
Cap_Phase1_60_Extra.mp4,2056,0,0,0,0,0,0,0
Cap_Phase1_60_Extra.mp4,2057,0,0,0,0,0,0,0
Cap_Phase1_60_Extra.mp4,2058,0,0,0,0,0,0,0
Cap_Phase1_60_Extra.mp4,2059,0,0,0,0,0,0,0
Cap_Phase1_60_Extra.mp4,2060,0,0,0,0,0,0,0
Cap_Phase1_60_Extra.mp4,2061,0,0,0,0,0,0,0
Cap_Phase1_60_Extra.mp4,2062,0,0,0,0,0,0,0
Cap_Phase1_60_Extra.mp4,2063,0,0,0,0,0,0,0
Cap_Phase1_60_Extra.mp4,2064,0,0,0,0,0,0,0
Cap_Phase1_60_Extra.mp4,2065,0,0,0,0,0,0,0
Cap_Phase1_60_Extra.mp4,2066,0,0,0,0,0,0,0
Cap_Phase1_60_Extra.mp4,2067,0,0,0,0,0,0,0
Cap_Phase1_60_Extra.mp4,2068,0,0,0,0,0,0,0
Cap_Phase1_60_Extra.mp4,2069,0,0,0,0,0,0,0
Cap_Phase1_60_Extra.mp4,2070,0,0,0,0,0,0,0
Cap_Phase1_60_Extra.mp4,2071,0,0,0,0,0,0,0
Cap_Phase1_60_Extra.mp4,2072,0,0,0,0,0,0,0
Cap_Phase1_60_Extra.mp4,2073,0,0,0,0,0,0,0
Cap_Phase1_60_Extra.mp4,2074,0,0,0,0,0,0,0
Cap_Phase1_60_Extra.mp4,2075,0,0,0,0,0,0,0
Cap_Phase1_60_Extra.mp4,2076,0,0,0,0,0,0,0
Cap_Phase1_60_Extra.mp4,2077,0,0,0,0,0,0,0
Cap_Phase1_60_Extra.mp4,2078,0,0,0,0,0,0,0
Cap_Phase1_60_Extra.mp4,2079,0,0,0,0,0,0,0
Cap_Phase1_60_Extra.mp4,2080,0,0,0,0,0,0,0
Cap_Phase1_60_Extra.mp4,2081,0,0,0,0,0,0,0
Cap_Phase1_60_Extra.mp4,2082,0,0,0,0,0,0,0
Cap_Phase1_60_Extra.mp4,2083,0,0,0,0,0,0,0
Cap_Phase1_60_Extra.mp4,2084,0,0,0,0,0,0,0
Cap_Phase1_60_Extra.mp4,2085,0,0,0,0,0,0,0
Cap_Phase1_60_Extra.mp4,2086,0,0,0,0,0,0,0
Cap_Phase1_60_Extra.mp4,2087,0,0,0,0,0,0,0
Cap_Phase1_60_Extra.mp4,2088,0,0,0,1,0,0,0
Cap_Phase1_60_Extra.mp4,2089,0,0,0,1,0,0,0
Cap_Phase1_60_Extra.mp4,2090,0,0,0,1,0,0,0
Cap_Phase1_60_Extra.mp4,2091,0,0,0,1,0,0,0
Cap_Phase1_60_Extra.mp4,2092,0,0,0,1,0,0,0
Cap_Phase1_60_Extra.mp4,2093,0,0,0,1,0,0,0
Cap_Phase1_60_Extra.mp4,2094,0,0,0,1,0,0,0
Cap_Phase1_60_Extra.mp4,2095,0,0,0,1,0,0,0
Cap_Phase1_60_Extra.mp4,2096,0,0,0,1,0,0,0
Cap_Phase1_60_Extra.mp4,2097,0,0,0,1,0,0,0
Cap_Phase1_60_Extra.mp4,2098,0,0,0,1,0,0,0
Cap_Phase1_60_Extra.mp4,2099,0,0,0,1,0,0,0
Cap_Phase1_60_Extra.mp4,2100,0,0,0,1,0,0,0
Cap_Phase1_60_Extra.mp4,2101,0,0,0,1,0,0,0
Cap_Phase1_60_Extra.mp4,2102,0,0,0,1,0,0,0
Cap_Phase1_60_Extra.mp4,2103,0,0,0,1,0,0,0
Cap_Phase1_60_Extra.mp4,2104,0,0,0,1,0,0,0
Cap_Phase1_60_Extra.mp4,2105,0,0,0,1,0,0,0
Cap_Phase1_60_Extra.mp4,2106,0,0,0,1,0,0,0
Cap_Phase1_60_Extra.mp4,2107,0,0,0,1,0,0,0
Cap_Phase1_60_Extra.mp4,2108,0,0,0,1,0,0,0
Cap_Phase1_60_Extra.mp4,2109,0,0,0,0,0,0,0
Cap_Phase1_60_Extra.mp4,2110,0,0,0,0,0,0,0
Cap_Phase1_60_Extra.mp4,2111,0,0,0,0,0,0,0
Cap_Phase1_60_Extra.mp4,2112,0,0,0,0,0,0,0
Cap_Phase1_60_Extra.mp4,2113,0,0,0,0,0,0,0
Cap_Phase1_60_Extra.mp4,2114,0,0,0,0,0,0,0
Cap_Phase1_60_Extra.mp4,2115,0,0,0,0,0,0,0
Cap_Phase1_60_Extra.mp4,2116,0,0,0,0,0,0,0
Cap_Phase1_60_Extra.mp4,2117,0,0,0,0,0,0,0
Cap_Phase1_60_Extra.mp4,2118,0,0,0,0,0,0,0
Cap_Phase1_60_Extra.mp4,2119,0,0,0,0,0,0,0
Cap_Phase1_60_Extra.mp4,2120,0,0,0,0,0,0,0
Cap_Phase1_60_Extra.mp4,2121,0,0,0,0,0,0,0
Cap_Phase1_60_Extra.mp4,2122,0,0,0,0,0,0,0
Cap_Phase1_60_Extra.mp4,2123,0,0,0,0,0,0,0
Cap_Phase1_60_Extra.mp4,2124,0,0,0,0,0,0,0
Cap_Phase1_60_Extra.mp4,2125,0,0,0,0,0,0,0
Cap_Phase1_60_Extra.mp4,2126,0,0,0,0,0,0,0
Cap_Phase1_60_Extra.mp4,2127,0,0,0,0,0,0,0
Cap_Phase1_60_Extra.mp4,2128,0,0,0,0,0,0,0
Cap_Phase1_60_Extra.mp4,2129,0,0,0,0,0,0,0
Cap_Phase1_60_Extra.mp4,2130,0,0,0,0,0,0,0
Cap_Phase1_60_Extra.mp4,2131,0,0,0,0,0,0,0
Cap_Phase1_60_Extra.mp4,2132,0,0,0,0,0,0,0
Cap_Phase1_60_Extra.mp4,2133,0,0,0,0,0,0,0
Cap_Phase1_60_Extra.mp4,2134,0,0,0,0,0,0,0
Cap_Phase1_60_Extra.mp4,2135,0,0,0,0,0,0,0
Cap_Phase1_60_Extra.mp4,2136,0,0,0,0,0,0,0
Cap_Phase1_60_Extra.mp4,2137,0,0,0,0,0,0,0
Cap_Phase1_60_Extra.mp4,2138,0,0,0,0,0,0,0
Cap_Phase1_60_Extra.mp4,2139,0,0,0,0,0,0,0
Cap_Phase1_60_Extra.mp4,2140,0,0,0,0,0,0,0
Cap_Phase1_60_Extra.mp4,2141,0,0,0,0,0,0,0
Cap_Phase1_60_Extra.mp4,2142,0,0,0,0,0,0,0
Cap_Phase1_60_Extra.mp4,2143,0,0,0,0,0,0,0
Cap_Phase1_60_Extra.mp4,2144,0,0,0,0,0,0,0
Cap_Phase1_60_Extra.mp4,2145,0,0,0,0,0,0,0
Cap_Phase1_60_Extra.mp4,2146,0,0,0,0,0,0,0
Cap_Phase1_60_Extra.mp4,2147,0,0,0,0,0,0,0
Cap_Phase1_60_Extra.mp4,2148,0,0,0,0,0,0,0
Cap_Phase1_60_Extra.mp4,2149,0,0,0,0,0,0,0
Cap_Phase1_60_Extra.mp4,2150,0,0,0,0,0,0,0
Cap_Phase1_60_Extra.mp4,2151,0,0,0,0,0,0,0
Cap_Phase1_60_Extra.mp4,2152,0,0,0,0,0,0,0
Cap_Phase1_60_Extra.mp4,2153,0,0,0,0,0,0,0
Cap_Phase1_60_Extra.mp4,2154,0,0,0,1,0,0,0
Cap_Phase1_60_Extra.mp4,2155,0,0,0,1,0,0,0
Cap_Phase1_60_Extra.mp4,2156,0,0,0,1,0,0,0
Cap_Phase1_60_Extra.mp4,2157,0,0,0,1,0,0,0
Cap_Phase1_60_Extra.mp4,2158,0,0,0,1,0,0,0
Cap_Phase1_60_Extra.mp4,2159,0,0,0,1,0,0,0
Cap_Phase1_60_Extra.mp4,2160,0,0,0,1,0,0,0
Cap_Phase1_60_Extra.mp4,2161,0,0,0,1,0,0,0
Cap_Phase1_60_Extra.mp4,2162,0,0,0,1,0,0,0
Cap_Phase1_60_Extra.mp4,2163,0,0,0,1,0,0,0
Cap_Phase1_60_Extra.mp4,2164,0,0,0,1,0,0,0
Cap_Phase1_60_Extra.mp4,2165,0,0,0,1,0,0,0
Cap_Phase1_60_Extra.mp4,2166,0,0,0,1,0,0,0
Cap_Phase1_60_Extra.mp4,2167,0,0,0,1,0,0,0
Cap_Phase1_60_Extra.mp4,2168,0,0,0,1,0,0,0
Cap_Phase1_60_Extra.mp4,2169,0,0,0,1,0,0,0
Cap_Phase1_60_Extra.mp4,2170,0,0,0,1,0,0,0
Cap_Phase1_60_Extra.mp4,2171,0,0,0,1,0,0,0
Cap_Phase1_60_Extra.mp4,2172,0,0,0,1,0,0,0
Cap_Phase1_60_Extra.mp4,2173,0,0,0,1,0,0,0
Cap_Phase1_60_Extra.mp4,2174,0,0,0,1,0,0,0
Cap_Phase1_60_Extra.mp4,2175,0,0,0,1,0,0,0
Cap_Phase1_60_Extra.mp4,2176,0,0,0,0,0,0,0
Cap_Phase1_60_Extra.mp4,2177,0,0,0,0,0,0,0
Cap_Phase1_60_Extra.mp4,2178,0,0,0,0,0,0,0
Cap_Phase1_60_Extra.mp4,2179,0,0,0,0,0,0,0
Cap_Phase1_60_Extra.mp4,2180,0,0,0,0,0,0,0
Cap_Phase1_60_Extra.mp4,2181,0,0,0,0,0,0,0
Cap_Phase1_60_Extra.mp4,2182,0,0,0,0,0,0,0
Cap_Phase1_60_Extra.mp4,2183,0,0,0,0,0,0,0
Cap_Phase1_60_Extra.mp4,2184,0,0,0,0,0,0,0
Cap_Phase1_60_Extra.mp4,2185,0,0,0,0,0,0,0
Cap_Phase1_60_Extra.mp4,2186,0,0,0,0,0,0,0
Cap_Phase1_60_Extra.mp4,2187,0,0,0,0,0,0,0
Cap_Phase1_60_Extra.mp4,2188,0,0,0,0,0,0,0
Cap_Phase1_60_Extra.mp4,2189,0,0,0,0,0,0,0
Cap_Phase1_60_Extra.mp4,2190,0,0,0,0,0,0,0
Cap_Phase1_60_Extra.mp4,2191,0,0,0,0,0,0,0
Cap_Phase1_60_Extra.mp4,2192,0,0,0,0,0,0,0
Cap_Phase1_60_Extra.mp4,2193,0,0,0,0,0,0,0
Cap_Phase1_60_Extra.mp4,2194,0,0,0,0,0,0,0
Cap_Phase1_60_Extra.mp4,2195,0,0,0,0,0,0,0
Cap_Phase1_60_Extra.mp4,2196,0,0,0,0,0,0,0
Cap_Phase1_60_Extra.mp4,2197,0,0,0,0,0,0,0
Cap_Phase1_60_Extra.mp4,2198,0,0,0,0,0,0,0
Cap_Phase1_60_Extra.mp4,2199,0,0,0,0,0,0,0
Cap_Phase1_60_Extra.mp4,2200,0,0,0,0,0,0,0
Cap_Phase1_60_Extra.mp4,2201,0,0,0,0,0,0,0
Cap_Phase1_60_Extra.mp4,2202,0,0,0,0,0,0,0
Cap_Phase1_60_Extra.mp4,2203,0,0,0,0,0,0,0
Cap_Phase1_60_Extra.mp4,2204,0,0,0,0,0,0,0
Cap_Phase1_60_Extra.mp4,2205,0,0,0,0,0,0,0
Cap_Phase1_60_Extra.mp4,2206,0,0,0,0,0,0,0
Cap_Phase1_60_Extra.mp4,2207,0,0,0,1,0,0,0
Cap_Phase1_60_Extra.mp4,2208,0,0,0,1,0,0,0
Cap_Phase1_60_Extra.mp4,2209,0,0,0,1,0,0,0
Cap_Phase1_60_Extra.mp4,2210,0,0,0,1,0,0,0
Cap_Phase1_60_Extra.mp4,2211,0,0,0,1,0,0,0
Cap_Phase1_60_Extra.mp4,2212,0,0,0,1,0,0,0
Cap_Phase1_60_Extra.mp4,2213,0,0,0,1,0,0,0
Cap_Phase1_60_Extra.mp4,2214,0,0,0,1,0,0,0
Cap_Phase1_60_Extra.mp4,2215,0,0,0,1,0,0,0
Cap_Phase1_60_Extra.mp4,2216,0,0,0,1,0,0,0
Cap_Phase1_60_Extra.mp4,2217,0,0,0,1,0,0,0
Cap_Phase1_60_Extra.mp4,2218,0,0,0,1,0,0,0
Cap_Phase1_60_Extra.mp4,2219,0,0,0,1,0,0,0
Cap_Phase1_60_Extra.mp4,2220,0,0,0,1,0,0,0
Cap_Phase1_60_Extra.mp4,2221,0,0,0,1,0,0,0
Cap_Phase1_60_Extra.mp4,2222,0,0,0,1,0,0,0
Cap_Phase1_60_Extra.mp4,2223,0,0,0,1,0,0,0
Cap_Phase1_60_Extra.mp4,2224,0,0,0,1,0,0,0
Cap_Phase1_60_Extra.mp4,2225,0,0,0,1,0,0,0
Cap_Phase1_60_Extra.mp4,2226,0,0,0,1,0,0,0
Cap_Phase1_60_Extra.mp4,2227,0,0,0,1,0,0,0
Cap_Phase1_60_Extra.mp4,2228,0,0,0,1,0,0,0
Cap_Phase1_60_Extra.mp4,2229,0,0,0,0,0,0,0
Cap_Phase1_60_Extra.mp4,2230,0,0,0,0,0,0,0
Cap_Phase1_60_Extra.mp4,2231,0,0,0,0,0,0,0
Cap_Phase1_60_Extra.mp4,2232,0,0,0,0,0,0,0
Cap_Phase1_60_Extra.mp4,2233,0,0,0,0,0,0,0
Cap_Phase1_60_Extra.mp4,2234,0,0,0,0,0,0,0
Cap_Phase1_60_Extra.mp4,2235,0,0,0,0,0,0,0
Cap_Phase1_60_Extra.mp4,2236,0,0,0,0,0,0,0
Cap_Phase1_60_Extra.mp4,2237,0,0,0,0,0,0,0
Cap_Phase1_60_Extra.mp4,2238,0,0,0,0,0,0,0
Cap_Phase1_60_Extra.mp4,2239,0,0,0,0,0,0,0
Cap_Phase1_60_Extra.mp4,2240,0,0,0,0,0,0,0
Cap_Phase1_60_Extra.mp4,2241,0,0,0,0,0,0,0
Cap_Phase1_60_Extra.mp4,2242,0,0,0,0,0,0,0
Cap_Phase1_60_Extra.mp4,2243,0,0,0,0,0,0,0
Cap_Phase1_60_Extra.mp4,2244,0,0,0,0,0,0,0
Cap_Phase1_60_Extra.mp4,2245,0,0,0,0,0,0,0
Cap_Phase1_60_Extra.mp4,2246,0,0,0,0,0,0,0
Cap_Phase1_60_Extra.mp4,2247,0,0,0,0,0,0,0
Cap_Phase1_60_Extra.mp4,2248,0,0,0,0,0,0,0
Cap_Phase1_60_Extra.mp4,2249,0,0,0,0,0,0,0
Cap_Phase1_60_Extra.mp4,2250,0,0,0,0,0,0,0
Cap_Phase1_60_Extra.mp4,2251,0,0,0,0,0,0,0
Cap_Phase1_60_Extra.mp4,2252,0,0,0,0,0,0,0
Cap_Phase1_60_Extra.mp4,2253,0,0,0,0,0,0,0
Cap_Phase1_60_Extra.mp4,2254,0,0,0,0,0,0,0
Cap_Phase1_60_Extra.mp4,2255,0,0,0,0,0,0,0
Cap_Phase1_60_Extra.mp4,2256,0,0,0,0,0,0,0
Cap_Phase1_60_Extra.mp4,2257,0,0,0,0,0,0,0
Cap_Phase1_60_Extra.mp4,2258,0,0,0,0,0,0,0
Cap_Phase1_60_Extra.mp4,2259,0,0,0,0,0,0,0
Cap_Phase1_60_Extra.mp4,2260,0,0,0,0,0,0,0
Cap_Phase1_60_Extra.mp4,2261,0,0,0,0,0,0,0
Cap_Phase1_60_Extra.mp4,2262,0,0,0,0,0,0,0
Cap_Phase1_60_Extra.mp4,2263,0,0,0,0,0,0,0
Cap_Phase1_60_Extra.mp4,2264,0,0,0,0,0,0,0
Cap_Phase1_60_Extra.mp4,2265,0,0,0,0,1,0,0
Cap_Phase1_60_Extra.mp4,2266,0,0,0,0,1,0,0
Cap_Phase1_60_Extra.mp4,2267,0,0,0,0,1,0,0
Cap_Phase1_60_Extra.mp4,2268,0,0,0,0,1,0,0
Cap_Phase1_60_Extra.mp4,2269,0,0,0,0,1,0,0
Cap_Phase1_60_Extra.mp4,2270,0,0,0,0,1,0,0
Cap_Phase1_60_Extra.mp4,2271,0,0,0,0,1,0,0
Cap_Phase1_60_Extra.mp4,2272,0,0,0,0,1,0,0
Cap_Phase1_60_Extra.mp4,2273,0,0,0,0,1,0,0
Cap_Phase1_60_Extra.mp4,2274,0,0,0,0,1,1,0
Cap_Phase1_60_Extra.mp4,2275,0,0,0,0,1,0,0
Cap_Phase1_60_Extra.mp4,2276,0,0,0,0,1,0,0
Cap_Phase1_60_Extra.mp4,2277,0,0,0,0,1,0,0
Cap_Phase1_60_Extra.mp4,2278,0,0,0,0,1,0,0
Cap_Phase1_60_Extra.mp4,2279,0,0,0,0,1,0,0
Cap_Phase1_60_Extra.mp4,2280,0,0,0,0,1,0,0
Cap_Phase1_60_Extra.mp4,2281,0,0,0,0,1,0,0
Cap_Phase1_60_Extra.mp4,2282,0,0,0,0,1,1,0
Cap_Phase1_60_Extra.mp4,2283,0,0,0,0,1,1,0
Cap_Phase1_60_Extra.mp4,2284,0,0,0,0,0,0,0
Cap_Phase1_60_Extra.mp4,2285,0,0,0,0,0,0,0
Cap_Phase1_60_Extra.mp4,2286,0,0,0,0,0,0,0
Cap_Phase1_60_Extra.mp4,2287,0,0,0,0,0,0,0
Cap_Phase1_60_Extra.mp4,2288,0,0,0,0,0,0,0
Cap_Phase1_60_Extra.mp4,2289,0,0,0,0,0,0,0
Cap_Phase1_60_Extra.mp4,2290,0,0,0,0,0,0,0
Cap_Phase1_60_Extra.mp4,2291,0,0,0,0,0,0,0
Cap_Phase1_60_Extra.mp4,2292,0,0,0,0,0,0,0
Cap_Phase1_60_Extra.mp4,2293,0,0,0,0,0,0,0
Cap_Phase1_60_Extra.mp4,2294,0,0,0,0,0,0,0
Cap_Phase1_60_Extra.mp4,2295,0,0,0,0,0,0,0
Cap_Phase1_60_Extra.mp4,2296,0,0,0,0,0,0,0
Cap_Phase1_60_Extra.mp4,2297,0,0,0,0,0,0,0
Cap_Phase1_60_Extra.mp4,2298,0,0,0,0,0,0,0
Cap_Phase1_60_Extra.mp4,2299,0,0,0,0,0,0,0
Cap_Phase1_60_Extra.mp4,2300,0,0,0,0,0,0,0
Cap_Phase1_60_Extra.mp4,2301,0,0,0,0,0,0,0
Cap_Phase1_60_Extra.mp4,2302,0,0,0,0,0,0,0
Cap_Phase1_60_Extra.mp4,2303,0,0,0,0,0,0,0
Cap_Phase1_60_Extra.mp4,2304,0,0,0,0,0,0,0
Cap_Phase1_60_Extra.mp4,2305,0,0,0,0,0,0,0
Cap_Phase1_60_Extra.mp4,2306,0,0,0,0,0,0,0
Cap_Phase1_60_Extra.mp4,2307,0,0,0,0,0,0,0
Cap_Phase1_60_Extra.mp4,2308,0,0,0,0,0,0,0
Cap_Phase1_60_Extra.mp4,2309,0,0,0,0,0,0,0
Cap_Phase1_60_Extra.mp4,2310,0,0,0,0,0,0,0
Cap_Phase1_60_Extra.mp4,2311,0,0,0,0,0,0,0
Cap_Phase1_60_Extra.mp4,2312,0,0,0,0,0,0,0
Cap_Phase1_60_Extra.mp4,2313,0,0,0,0,0,0,0
Cap_Phase1_60_Extra.mp4,2314,0,0,0,0,0,0,0
Cap_Phase1_60_Extra.mp4,2315,0,0,0,0,0,0,0
Cap_Phase1_60_Extra.mp4,2316,0,0,0,0,0,0,0
Cap_Phase1_60_Extra.mp4,2317,0,0,0,0,0,0,0
Cap_Phase1_60_Extra.mp4,2318,0,0,0,0,0,0,0
Cap_Phase1_60_Extra.mp4,2319,0,0,0,0,0,0,0
Cap_Phase1_60_Extra.mp4,2320,0,0,0,0,0,0,0
Cap_Phase1_60_Extra.mp4,2321,0,0,0,0,0,0,0
Cap_Phase1_60_Extra.mp4,2322,0,0,0,0,0,0,0
Cap_Phase1_60_Extra.mp4,2323,0,0,0,0,0,0,0
Cap_Phase1_60_Extra.mp4,2324,0,0,0,0,0,0,0
Cap_Phase1_60_Extra.mp4,2325,0,0,0,0,0,0,0
Cap_Phase1_60_Extra.mp4,2326,0,0,0,0,0,0,0
Cap_Phase1_60_Extra.mp4,2327,0,0,0,0,1,0,0
Cap_Phase1_60_Extra.mp4,2328,0,0,0,0,1,0,0
Cap_Phase1_60_Extra.mp4,2329,0,0,0,0,1,0,0
Cap_Phase1_60_Extra.mp4,2330,0,0,0,0,1,0,0
Cap_Phase1_60_Extra.mp4,2331,0,0,0,0,1,0,0
Cap_Phase1_60_Extra.mp4,2332,0,0,0,0,1,1,0
Cap_Phase1_60_Extra.mp4,2333,0,0,0,0,1,1,0
Cap_Phase1_60_Extra.mp4,2334,0,0,0,0,1,1,0
Cap_Phase1_60_Extra.mp4,2335,0,0,0,0,1,1,0
Cap_Phase1_60_Extra.mp4,2336,0,0,0,0,1,1,0
Cap_Phase1_60_Extra.mp4,2337,0,0,0,0,1,1,0
Cap_Phase1_60_Extra.mp4,2338,0,0,0,0,1,1,0
Cap_Phase1_60_Extra.mp4,2339,0,0,0,0,1,0,0
Cap_Phase1_60_Extra.mp4,2340,0,0,0,0,1,0,0
Cap_Phase1_60_Extra.mp4,2341,0,0,0,0,1,0,0
Cap_Phase1_60_Extra.mp4,2342,0,0,0,0,1,1,0
Cap_Phase1_60_Extra.mp4,2343,0,0,0,0,1,1,0
Cap_Phase1_60_Extra.mp4,2344,0,0,0,0,1,0,0
Cap_Phase1_60_Extra.mp4,2345,0,0,0,0,1,0,0
Cap_Phase1_60_Extra.mp4,2346,0,0,0,0,1,0,0
Cap_Phase1_60_Extra.mp4,2347,0,0,0,0,1,0,0
Cap_Phase1_60_Extra.mp4,2348,0,0,0,0,1,0,0
Cap_Phase1_60_Extra.mp4,2349,0,0,0,0,1,0,0
Cap_Phase1_60_Extra.mp4,2350,0,0,0,0,1,0,0
Cap_Phase1_60_Extra.mp4,2351,0,0,0,0,0,0,0
Cap_Phase1_60_Extra.mp4,2352,0,0,0,0,0,0,0
Cap_Phase1_60_Extra.mp4,2353,0,0,0,0,0,0,0
Cap_Phase1_60_Extra.mp4,2354,0,0,0,0,0,0,0
Cap_Phase1_60_Extra.mp4,2355,0,0,0,0,0,0,0
Cap_Phase1_60_Extra.mp4,2356,0,0,0,0,0,0,0
Cap_Phase1_60_Extra.mp4,2357,0,0,0,0,0,0,0
Cap_Phase1_60_Extra.mp4,2358,0,0,0,0,0,0,0
Cap_Phase1_60_Extra.mp4,2359,0,0,0,0,0,0,0
Cap_Phase1_60_Extra.mp4,2360,0,0,0,0,0,0,0
Cap_Phase1_60_Extra.mp4,2361,0,0,0,0,0,0,0
Cap_Phase1_60_Extra.mp4,2362,0,0,0,0,0,0,0
Cap_Phase1_60_Extra.mp4,2363,0,0,0,0,0,0,0
Cap_Phase1_60_Extra.mp4,2364,0,0,0,0,0,0,0
Cap_Phase1_60_Extra.mp4,2365,0,0,0,0,0,0,0
Cap_Phase1_60_Extra.mp4,2366,0,0,0,0,0,0,0
Cap_Phase1_60_Extra.mp4,2367,0,0,0,0,0,0,0
Cap_Phase1_60_Extra.mp4,2368,0,0,0,0,0,0,0
Cap_Phase1_60_Extra.mp4,2369,0,0,0,0,0,0,0
Cap_Phase1_60_Extra.mp4,2370,0,0,0,0,0,0,0
Cap_Phase1_60_Extra.mp4,2371,0,0,0,0,0,0,0
Cap_Phase1_60_Extra.mp4,2372,0,0,0,0,0,0,0
Cap_Phase1_60_Extra.mp4,2373,0,0,0,0,0,0,0
Cap_Phase1_60_Extra.mp4,2374,0,0,0,0,0,0,0
Cap_Phase1_60_Extra.mp4,2375,0,0,0,0,0,0,0
Cap_Phase1_60_Extra.mp4,2376,0,0,0,0,0,0,0
Cap_Phase1_60_Extra.mp4,2377,0,0,0,0,0,0,0
Cap_Phase1_60_Extra.mp4,2378,0,0,0,0,0,0,0
Cap_Phase1_60_Extra.mp4,2379,0,0,0,0,0,0,0
Cap_Phase1_60_Extra.mp4,2380,0,0,0,0,0,0,0
Cap_Phase1_60_Extra.mp4,2381,0,0,0,0,0,0,0
Cap_Phase1_60_Extra.mp4,2382,0,0,0,0,0,0,0
Cap_Phase1_60_Extra.mp4,2383,0,0,0,0,0,0,0
Cap_Phase1_60_Extra.mp4,2384,0,0,0,0,0,0,0
Cap_Phase1_60_Extra.mp4,2385,0,0,0,0,0,0,0
Cap_Phase1_60_Extra.mp4,2386,0,0,0,0,0,0,0
Cap_Phase1_60_Extra.mp4,2387,0,0,0,0,0,0,0
Cap_Phase1_60_Extra.mp4,2388,0,0,0,0,0,0,0
Cap_Phase1_60_Extra.mp4,2389,0,0,0,0,1,1,0
Cap_Phase1_60_Extra.mp4,2390,0,0,0,0,1,0,0
Cap_Phase1_60_Extra.mp4,2391,0,0,0,0,1,0,0
Cap_Phase1_60_Extra.mp4,2392,0,0,0,0,1,0,0
Cap_Phase1_60_Extra.mp4,2393,0,0,0,0,1,1,0
Cap_Phase1_60_Extra.mp4,2394,0,0,0,0,1,0,0
Cap_Phase1_60_Extra.mp4,2395,0,0,0,0,1,0,0
Cap_Phase1_60_Extra.mp4,2396,0,0,0,0,1,1,0
Cap_Phase1_60_Extra.mp4,2397,0,0,0,0,1,0,0
Cap_Phase1_60_Extra.mp4,2398,0,0,0,0,1,0,0
Cap_Phase1_60_Extra.mp4,2399,0,0,0,0,1,1,0
Cap_Phase1_60_Extra.mp4,2400,0,0,0,0,1,1,0
Cap_Phase1_60_Extra.mp4,2401,0,0,0,0,1,1,0
Cap_Phase1_60_Extra.mp4,2402,0,0,0,0,1,0,0
Cap_Phase1_60_Extra.mp4,2403,0,0,0,0,1,0,0
Cap_Phase1_60_Extra.mp4,2404,0,0,0,0,1,0,0
Cap_Phase1_60_Extra.mp4,2405,0,0,0,0,1,1,0
Cap_Phase1_60_Extra.mp4,2406,0,0,0,0,1,1,0
Cap_Phase1_60_Extra.mp4,2407,0,0,0,0,1,1,0
Cap_Phase1_60_Extra.mp4,2408,0,0,0,0,1,1,0
Cap_Phase1_60_Extra.mp4,2409,0,0,0,0,1,1,0
Cap_Phase1_60_Extra.mp4,2410,0,0,0,0,1,1,0
Cap_Phase1_60_Extra.mp4,2411,0,0,0,0,1,1,0
Cap_Phase1_60_Extra.mp4,2412,0,0,0,0,1,1,0
Cap_Phase1_60_Extra.mp4,2413,0,0,0,0,1,1,0
Cap_Phase1_60_Extra.mp4,2414,0,0,0,0,1,1,0
Cap_Phase1_60_Extra.mp4,2415,0,0,0,0,1,1,0
Cap_Phase1_60_Extra.mp4,2416,0,0,0,0,1,1,0
Cap_Phase1_60_Extra.mp4,2417,0,0,0,0,1,1,0
Cap_Phase1_60_Extra.mp4,2418,0,0,0,0,1,0,0
Cap_Phase1_60_Extra.mp4,2419,0,0,0,0,0,0,0
Cap_Phase1_60_Extra.mp4,2420,0,0,0,0,0,0,0
Cap_Phase1_60_Extra.mp4,2421,0,0,0,0,0,0,0
Cap_Phase1_60_Extra.mp4,2422,0,0,0,0,0,0,0
Cap_Phase1_60_Extra.mp4,2423,0,0,0,0,0,0,0
Cap_Phase1_60_Extra.mp4,2424,0,0,0,0,0,0,0
Cap_Phase1_60_Extra.mp4,2425,0,0,0,0,0,0,0
Cap_Phase1_60_Extra.mp4,2426,0,0,0,0,0,0,0
Cap_Phase1_60_Extra.mp4,2427,0,0,0,0,0,0,0
Cap_Phase1_60_Extra.mp4,2428,0,0,0,0,0,0,0
Cap_Phase1_60_Extra.mp4,2429,0,0,0,0,0,0,0
Cap_Phase1_60_Extra.mp4,2430,0,0,0,0,0,0,0
Cap_Phase1_60_Extra.mp4,2431,0,0,0,0,0,0,0
Cap_Phase1_60_Extra.mp4,2432,0,0,0,0,0,0,0
Cap_Phase1_60_Extra.mp4,2433,0,0,0,0,0,0,0
Cap_Phase1_60_Extra.mp4,2434,0,0,0,0,0,0,0
Cap_Phase1_60_Extra.mp4,2435,0,0,0,0,0,0,0
Cap_Phase1_60_Extra.mp4,2436,0,0,0,0,0,0,0
Cap_Phase1_60_Extra.mp4,2437,0,0,0,0,0,0,0
Cap_Phase1_60_Extra.mp4,2438,0,0,0,0,0,0,0
Cap_Phase1_60_Extra.mp4,2439,0,0,0,0,0,0,0
Cap_Phase1_60_Extra.mp4,2440,0,0,0,0,0,0,0
Cap_Phase1_60_Extra.mp4,2441,0,0,0,0,0,0,0
Cap_Phase1_60_Extra.mp4,2442,0,0,0,0,0,0,0
Cap_Phase1_60_Extra.mp4,2443,0,0,0,0,0,0,0
Cap_Phase1_60_Extra.mp4,2444,0,0,0,0,0,0,0
Cap_Phase1_60_Extra.mp4,2445,0,0,0,0,0,0,0
Cap_Phase1_60_Extra.mp4,2446,0,0,0,0,0,0,0
Cap_Phase1_60_Extra.mp4,2447,0,0,0,0,0,0,0
Cap_Phase1_60_Extra.mp4,2448,0,0,0,0,0,0,0
Cap_Phase1_60_Extra.mp4,2449,0,0,0,0,0,0,0
Cap_Phase1_60_Extra.mp4,2450,0,0,0,0,0,0,0
Cap_Phase1_60_Extra.mp4,2451,0,0,0,0,1,1,0
Cap_Phase1_60_Extra.mp4,2452,0,0,0,0,1,1,0
Cap_Phase1_60_Extra.mp4,2453,0,0,0,0,1,1,0
Cap_Phase1_60_Extra.mp4,2454,0,0,0,0,1,1,0
Cap_Phase1_60_Extra.mp4,2455,0,0,0,0,1,1,0
Cap_Phase1_60_Extra.mp4,2456,0,0,0,0,1,1,0
Cap_Phase1_60_Extra.mp4,2457,0,0,0,0,1,0,0
Cap_Phase1_60_Extra.mp4,2458,0,0,0,0,1,1,0
Cap_Phase1_60_Extra.mp4,2459,0,0,0,0,1,1,0
Cap_Phase1_60_Extra.mp4,2460,0,0,0,0,1,1,0
Cap_Phase1_60_Extra.mp4,2461,0,0,0,0,1,1,0
Cap_Phase1_60_Extra.mp4,2462,0,0,0,0,1,1,0
Cap_Phase1_60_Extra.mp4,2463,0,0,0,0,1,1,0
Cap_Phase1_60_Extra.mp4,2464,0,0,0,0,1,1,0
Cap_Phase1_60_Extra.mp4,2465,0,0,0,0,1,1,0
Cap_Phase1_60_Extra.mp4,2466,0,0,0,0,1,0,0
Cap_Phase1_60_Extra.mp4,2467,0,0,0,0,1,0,0
Cap_Phase1_60_Extra.mp4,2468,0,0,0,0,1,1,0
Cap_Phase1_60_Extra.mp4,2469,0,0,0,0,1,1,0
Cap_Phase1_60_Extra.mp4,2470,0,0,0,0,1,1,0
Cap_Phase1_60_Extra.mp4,2471,0,0,0,0,1,1,0
Cap_Phase1_60_Extra.mp4,2472,0,0,0,0,1,1,0
Cap_Phase1_60_Extra.mp4,2473,0,0,0,0,1,1,0
Cap_Phase1_60_Extra.mp4,2474,0,0,0,0,0,0,0
Cap_Phase1_60_Extra.mp4,2475,0,0,0,0,0,0,0
Cap_Phase1_60_Extra.mp4,2476,0,0,0,0,0,0,0
Cap_Phase1_60_Extra.mp4,2477,0,0,0,0,0,0,0
Cap_Phase1_60_Extra.mp4,2478,0,0,0,0,0,0,0
Cap_Phase1_60_Extra.mp4,2479,0,0,0,0,0,0,0
Cap_Phase1_60_Extra.mp4,2480,0,0,0,0,0,0,0
Cap_Phase1_60_Extra.mp4,2481,0,0,0,0,0,0,0
Cap_Phase1_60_Extra.mp4,2482,0,0,0,0,0,0,0
Cap_Phase1_60_Extra.mp4,2483,0,0,0,0,0,0,0
Cap_Phase1_60_Extra.mp4,2484,0,0,0,0,0,0,0
Cap_Phase1_60_Extra.mp4,2485,0,0,0,0,0,0,0
Cap_Phase1_60_Extra.mp4,2486,0,0,0,0,0,0,0
Cap_Phase1_60_Extra.mp4,2487,0,0,0,0,0,0,0
Cap_Phase1_60_Extra.mp4,2488,0,0,0,0,0,0,0
Cap_Phase1_60_Extra.mp4,2489,0,0,0,0,0,0,0
Cap_Phase1_60_Extra.mp4,2490,0,0,0,0,0,0,0
Cap_Phase1_60_Extra.mp4,2491,0,0,0,0,0,0,0
Cap_Phase1_60_Extra.mp4,2492,0,0,0,0,0,0,0
Cap_Phase1_60_Extra.mp4,2493,0,0,0,0,0,0,0
Cap_Phase1_60_Extra.mp4,2494,0,0,0,0,0,0,0
Cap_Phase1_60_Extra.mp4,2495,0,0,0,0,0,0,0
Cap_Phase1_60_Extra.mp4,2496,0,0,0,0,0,0,0
Cap_Phase1_60_Extra.mp4,2497,0,0,0,0,0,0,0
Cap_Phase1_60_Extra.mp4,2498,0,0,0,0,0,0,0
Cap_Phase1_60_Extra.mp4,2499,0,0,0,0,0,0,0
Cap_Phase1_60_Extra.mp4,2500,0,0,0,0,0,0,0
Cap_Phase1_60_Extra.mp4,2501,0,0,0,0,0,0,0
Cap_Phase1_60_Extra.mp4,2502,0,0,0,0,0,0,0
Cap_Phase1_60_Extra.mp4,2503,0,0,0,0,0,0,0
Cap_Phase1_60_Extra.mp4,2504,0,0,0,0,0,0,0
Cap_Phase1_60_Extra.mp4,2505,0,0,0,0,0,0,0
Cap_Phase1_60_Extra.mp4,2506,0,0,0,0,0,0,0
Cap_Phase1_60_Extra.mp4,2507,0,0,0,0,0,0,0
Cap_Phase1_60_Extra.mp4,2508,0,0,0,0,1,0,0
Cap_Phase1_60_Extra.mp4,2509,0,0,0,0,1,1,0
Cap_Phase1_60_Extra.mp4,2510,0,0,0,0,1,1,0
Cap_Phase1_60_Extra.mp4,2511,0,0,0,0,1,0,0
Cap_Phase1_60_Extra.mp4,2512,0,0,0,0,1,0,0
Cap_Phase1_60_Extra.mp4,2513,0,0,0,0,1,0,0
Cap_Phase1_60_Extra.mp4,2514,0,0,0,0,1,1,0
Cap_Phase1_60_Extra.mp4,2515,0,0,0,0,1,1,0
Cap_Phase1_60_Extra.mp4,2516,0,0,0,0,1,1,0
Cap_Phase1_60_Extra.mp4,2517,0,0,0,0,1,1,0
Cap_Phase1_60_Extra.mp4,2518,0,0,0,0,1,1,0
Cap_Phase1_60_Extra.mp4,2519,0,0,0,0,1,0,0
Cap_Phase1_60_Extra.mp4,2520,0,0,0,0,1,0,0
Cap_Phase1_60_Extra.mp4,2521,0,0,0,0,1,0,0
Cap_Phase1_60_Extra.mp4,2522,0,0,0,0,1,0,0
Cap_Phase1_60_Extra.mp4,2523,0,0,0,0,1,1,0
Cap_Phase1_60_Extra.mp4,2524,0,0,0,0,1,1,0
Cap_Phase1_60_Extra.mp4,2525,0,0,0,0,1,0,0
Cap_Phase1_60_Extra.mp4,2526,0,0,0,0,1,0,0
Cap_Phase1_60_Extra.mp4,2527,0,0,0,0,1,1,0
Cap_Phase1_60_Extra.mp4,2528,0,0,0,0,1,1,0
Cap_Phase1_60_Extra.mp4,2529,0,0,0,0,1,1,0
Cap_Phase1_60_Extra.mp4,2530,0,0,0,0,1,1,0
Cap_Phase1_60_Extra.mp4,2531,0,0,0,0,1,0,0
Cap_Phase1_60_Extra.mp4,2532,0,0,0,0,1,0,0
Cap_Phase1_60_Extra.mp4,2533,0,0,0,0,0,0,0
Cap_Phase1_60_Extra.mp4,2534,0,0,0,0,0,0,0
Cap_Phase1_60_Extra.mp4,2535,0,0,0,0,0,0,0
Cap_Phase1_60_Extra.mp4,2536,0,0,0,0,0,0,0
Cap_Phase1_60_Extra.mp4,2537,0,0,0,0,0,0,0
Cap_Phase1_60_Extra.mp4,2538,0,0,0,0,0,0,0
Cap_Phase1_60_Extra.mp4,2539,0,0,0,0,0,0,0
Cap_Phase1_60_Extra.mp4,2540,0,0,0,0,0,0,0
Cap_Phase1_60_Extra.mp4,2541,0,0,0,0,0,0,0
Cap_Phase1_60_Extra.mp4,2542,0,0,0,0,0,0,0
Cap_Phase1_60_Extra.mp4,2543,0,0,0,0,0,0,0
Cap_Phase1_60_Extra.mp4,2544,0,0,0,0,0,0,0
Cap_Phase1_60_Extra.mp4,2545,0,0,0,0,0,0,0
Cap_Phase1_60_Extra.mp4,2546,0,0,0,0,0,0,0
Cap_Phase1_60_Extra.mp4,2547,0,0,0,0,0,0,0
Cap_Phase1_60_Extra.mp4,2548,0,0,0,0,0,0,0
Cap_Phase1_60_Extra.mp4,2549,0,0,0,0,0,0,0
Cap_Phase1_60_Extra.mp4,2550,0,0,0,0,0,0,0
Cap_Phase1_60_Extra.mp4,2551,0,0,0,0,0,0,0
Cap_Phase1_60_Extra.mp4,2552,0,0,0,0,0,0,0
Cap_Phase1_60_Extra.mp4,2553,0,0,0,0,0,0,0
Cap_Phase1_60_Extra.mp4,2554,0,0,0,0,0,0,0
Cap_Phase1_60_Extra.mp4,2555,0,0,0,0,0,0,0
Cap_Phase1_60_Extra.mp4,2556,0,0,0,0,0,0,0
Cap_Phase1_60_Extra.mp4,2557,0,0,0,0,0,0,0
Cap_Phase1_60_Extra.mp4,2558,0,0,0,0,0,0,0
Cap_Phase1_60_Extra.mp4,2559,0,0,0,0,0,0,0
Cap_Phase1_60_Extra.mp4,2560,0,0,0,0,0,0,0
Cap_Phase1_60_Extra.mp4,2561,0,0,0,0,0,0,0
Cap_Phase1_60_Extra.mp4,2562,0,0,0,0,0,0,0
Cap_Phase1_60_Extra.mp4,2563,0,0,0,0,0,0,0
Cap_Phase1_60_Extra.mp4,2564,0,0,0,0,0,0,0
Cap_Phase1_60_Extra.mp4,2565,0,0,0,0,0,0,0
Cap_Phase1_60_Extra.mp4,2566,0,0,0,0,0,0,0
Cap_Phase1_60_Extra.mp4,2567,0,0,0,0,0,0,0
Cap_Phase1_60_Extra.mp4,2568,0,0,0,0,0,0,0
Cap_Phase1_60_Extra.mp4,2569,0,0,0,0,1,1,0
Cap_Phase1_60_Extra.mp4,2570,0,0,0,0,1,0,0
Cap_Phase1_60_Extra.mp4,2571,0,0,0,0,1,0,0
Cap_Phase1_60_Extra.mp4,2572,0,0,0,0,1,0,0
Cap_Phase1_60_Extra.mp4,2573,0,0,0,0,1,0,0
Cap_Phase1_60_Extra.mp4,2574,0,0,0,0,1,1,0
Cap_Phase1_60_Extra.mp4,2575,0,0,0,0,1,1,0
Cap_Phase1_60_Extra.mp4,2576,0,0,0,0,1,1,0
Cap_Phase1_60_Extra.mp4,2577,0,0,0,0,1,1,0
Cap_Phase1_60_Extra.mp4,2578,0,0,0,0,1,1,0
Cap_Phase1_60_Extra.mp4,2579,0,0,0,0,1,1,0
Cap_Phase1_60_Extra.mp4,2580,0,0,0,0,1,1,0
Cap_Phase1_60_Extra.mp4,2581,0,0,0,0,1,1,0
Cap_Phase1_60_Extra.mp4,2582,0,0,0,0,1,0,0
Cap_Phase1_60_Extra.mp4,2583,0,0,0,0,1,0,0
Cap_Phase1_60_Extra.mp4,2584,0,0,0,0,1,0,0
Cap_Phase1_60_Extra.mp4,2585,0,0,0,0,1,1,0
Cap_Phase1_60_Extra.mp4,2586,0,0,0,0,1,1,0
Cap_Phase1_60_Extra.mp4,2587,0,0,0,0,1,1,0
Cap_Phase1_60_Extra.mp4,2588,0,0,0,0,1,1,0
Cap_Phase1_60_Extra.mp4,2589,0,0,0,0,1,1,0
Cap_Phase1_60_Extra.mp4,2590,0,0,0,0,1,1,0
Cap_Phase1_60_Extra.mp4,2591,0,0,0,0,1,1,0
Cap_Phase1_60_Extra.mp4,2592,0,0,0,0,1,0,0
Cap_Phase1_60_Extra.mp4,2593,0,0,0,0,0,0,0
Cap_Phase1_60_Extra.mp4,2594,0,0,0,0,0,0,0
Cap_Phase1_60_Extra.mp4,2595,0,0,0,0,0,0,0
Cap_Phase1_60_Extra.mp4,2596,0,0,0,0,0,0,0
Cap_Phase1_60_Extra.mp4,2597,0,0,0,0,0,0,0
Cap_Phase1_60_Extra.mp4,2598,0,0,0,0,0,0,0
Cap_Phase1_60_Extra.mp4,2599,0,0,0,0,0,0,0
Cap_Phase1_60_Extra.mp4,2600,0,0,0,0,0,0,0
Cap_Phase1_60_Extra.mp4,2601,0,0,0,0,0,0,0
Cap_Phase1_60_Extra.mp4,2602,0,0,0,0,0,0,0
Cap_Phase1_60_Extra.mp4,2603,0,0,0,0,0,0,0
Cap_Phase1_60_Extra.mp4,2604,0,0,0,0,0,0,0
Cap_Phase1_60_Extra.mp4,2605,0,0,0,0,0,0,0
Cap_Phase1_60_Extra.mp4,2606,0,0,0,0,0,0,0
Cap_Phase1_60_Extra.mp4,2607,0,0,0,0,0,0,0
Cap_Phase1_60_Extra.mp4,2608,0,0,0,0,0,0,0
Cap_Phase1_60_Extra.mp4,2609,0,0,0,0,0,0,0
Cap_Phase1_60_Extra.mp4,2610,0,0,0,0,0,0,0
Cap_Phase1_60_Extra.mp4,2611,0,0,0,0,0,0,0
Cap_Phase1_60_Extra.mp4,2612,0,0,0,0,0,0,0
Cap_Phase1_60_Extra.mp4,2613,0,0,0,0,0,0,0
Cap_Phase1_60_Extra.mp4,2614,0,0,0,0,0,0,0
Cap_Phase1_60_Extra.mp4,2615,0,0,0,0,0,0,0
Cap_Phase1_60_Extra.mp4,2616,0,0,0,0,0,0,0
Cap_Phase1_60_Extra.mp4,2617,0,0,0,0,0,0,0
Cap_Phase1_60_Extra.mp4,2618,0,0,0,0,0,0,0
Cap_Phase1_60_Extra.mp4,2619,0,0,0,0,0,0,0
Cap_Phase1_60_Extra.mp4,2620,0,0,0,0,0,0,0
Cap_Phase1_60_Extra.mp4,2621,0,0,0,0,0,0,0
Cap_Phase1_60_Extra.mp4,2622,0,0,0,0,0,0,0
Cap_Phase1_60_Extra.mp4,2623,0,0,0,0,0,0,0
Cap_Phase1_60_Extra.mp4,2624,0,0,0,0,0,0,0
Cap_Phase1_60_Extra.mp4,2625,0,0,0,0,0,0,0
Cap_Phase1_60_Extra.mp4,2626,0,0,0,0,0,0,0
Cap_Phase1_60_Extra.mp4,2627,0,0,0,0,0,0,0
Cap_Phase1_60_Extra.mp4,2628,0,0,0,0,1,1,0
Cap_Phase1_60_Extra.mp4,2629,0,0,0,0,1,1,0
Cap_Phase1_60_Extra.mp4,2630,0,0,0,0,1,1,0
Cap_Phase1_60_Extra.mp4,2631,0,0,0,0,1,1,0
Cap_Phase1_60_Extra.mp4,2632,0,0,0,0,1,1,0
Cap_Phase1_60_Extra.mp4,2633,0,0,0,0,1,1,0
Cap_Phase1_60_Extra.mp4,2634,0,0,0,0,1,1,0
Cap_Phase1_60_Extra.mp4,2635,0,0,0,0,1,1,0
Cap_Phase1_60_Extra.mp4,2636,0,0,0,0,1,1,0
Cap_Phase1_60_Extra.mp4,2637,0,0,0,0,1,1,0
Cap_Phase1_60_Extra.mp4,2638,0,0,0,0,1,1,0
Cap_Phase1_60_Extra.mp4,2639,0,0,0,0,1,1,0
Cap_Phase1_60_Extra.mp4,2640,0,0,0,0,1,1,0
Cap_Phase1_60_Extra.mp4,2641,0,0,0,0,1,1,0
Cap_Phase1_60_Extra.mp4,2642,0,0,0,0,1,1,0
Cap_Phase1_60_Extra.mp4,2643,0,0,0,0,1,1,0
Cap_Phase1_60_Extra.mp4,2644,0,0,0,0,1,1,0
Cap_Phase1_60_Extra.mp4,2645,0,0,0,0,1,1,0
Cap_Phase1_60_Extra.mp4,2646,0,0,0,0,1,1,0
Cap_Phase1_60_Extra.mp4,2647,0,0,0,0,1,1,0
Cap_Phase1_60_Extra.mp4,2648,0,0,0,0,1,1,0
Cap_Phase1_60_Extra.mp4,2649,0,0,0,0,1,1,0
Cap_Phase1_60_Extra.mp4,2650,0,0,0,0,1,0,0
Cap_Phase1_60_Extra.mp4,2651,0,0,0,0,0,0,0
Cap_Phase1_60_Extra.mp4,2652,0,0,0,0,0,0,0
Cap_Phase1_60_Extra.mp4,2653,0,0,0,0,0,0,0
Cap_Phase1_60_Extra.mp4,2654,0,0,0,0,0,0,0
Cap_Phase1_60_Extra.mp4,2655,0,0,0,0,0,0,0
Cap_Phase1_60_Extra.mp4,2656,0,0,0,0,0,0,0
Cap_Phase1_60_Extra.mp4,2657,0,0,0,0,0,0,0
Cap_Phase1_60_Extra.mp4,2658,0,0,0,0,0,0,0
Cap_Phase1_60_Extra.mp4,2659,0,0,0,0,0,0,0
Cap_Phase1_60_Extra.mp4,2660,0,0,0,0,0,0,0
Cap_Phase1_60_Extra.mp4,2661,0,0,0,0,0,0,0
Cap_Phase1_60_Extra.mp4,2662,0,0,0,0,0,0,0
Cap_Phase1_60_Extra.mp4,2663,0,0,0,0,0,0,0
Cap_Phase1_60_Extra.mp4,2664,0,0,0,0,0,0,0
Cap_Phase1_60_Extra.mp4,2665,0,0,0,0,0,0,0
Cap_Phase1_60_Extra.mp4,2666,0,0,0,0,0,0,0
Cap_Phase1_60_Extra.mp4,2667,0,0,0,0,0,0,0
Cap_Phase1_60_Extra.mp4,2668,0,0,0,0,0,0,0
Cap_Phase1_60_Extra.mp4,2669,0,0,0,0,0,0,0
Cap_Phase1_60_Extra.mp4,2670,0,0,0,0,0,0,0
Cap_Phase1_60_Extra.mp4,2671,0,0,0,0,0,0,0
Cap_Phase1_60_Extra.mp4,2672,0,0,0,0,0,0,0
Cap_Phase1_60_Extra.mp4,2673,0,0,0,0,0,0,0
Cap_Phase1_60_Extra.mp4,2674,0,0,0,0,0,0,0
Cap_Phase1_60_Extra.mp4,2675,0,0,0,0,0,0,0
Cap_Phase1_60_Extra.mp4,2676,0,0,0,0,0,0,0
Cap_Phase1_60_Extra.mp4,2677,0,0,0,0,0,0,0
Cap_Phase1_60_Extra.mp4,2678,0,0,0,0,0,0,0
Cap_Phase1_60_Extra.mp4,2679,0,0,0,0,0,0,0
Cap_Phase1_60_Extra.mp4,2680,0,0,0,0,0,0,0
Cap_Phase1_60_Extra.mp4,2681,0,0,0,0,0,0,0
Cap_Phase1_60_Extra.mp4,2682,0,0,0,0,0,0,0
Cap_Phase1_60_Extra.mp4,2683,0,0,0,0,0,0,0
Cap_Phase1_60_Extra.mp4,2684,0,0,0,0,1,1,0
Cap_Phase1_60_Extra.mp4,2685,0,0,0,0,1,1,0
Cap_Phase1_60_Extra.mp4,2686,0,0,0,0,1,1,0
Cap_Phase1_60_Extra.mp4,2687,0,0,0,0,1,0,0
Cap_Phase1_60_Extra.mp4,2688,0,0,0,0,1,0,0
Cap_Phase1_60_Extra.mp4,2689,0,0,0,0,1,1,0
Cap_Phase1_60_Extra.mp4,2690,0,0,0,0,1,1,0
Cap_Phase1_60_Extra.mp4,2691,0,0,0,0,1,1,0
Cap_Phase1_60_Extra.mp4,2692,0,0,0,0,1,1,0
Cap_Phase1_60_Extra.mp4,2693,0,0,0,0,1,1,0
Cap_Phase1_60_Extra.mp4,2694,0,0,0,0,1,1,0
Cap_Phase1_60_Extra.mp4,2695,0,0,0,0,1,1,0
Cap_Phase1_60_Extra.mp4,2696,0,0,0,0,1,1,0
Cap_Phase1_60_Extra.mp4,2697,0,0,0,0,1,1,0
Cap_Phase1_60_Extra.mp4,2698,0,0,0,0,1,1,0
Cap_Phase1_60_Extra.mp4,2699,0,0,0,0,1,0,1
Cap_Phase1_60_Extra.mp4,2700,0,0,0,0,1,0,1
Cap_Phase1_60_Extra.mp4,2701,0,0,0,0,1,1,0
Cap_Phase1_60_Extra.mp4,2702,0,0,0,0,1,1,0
Cap_Phase1_60_Extra.mp4,2703,0,0,0,0,1,1,0
Cap_Phase1_60_Extra.mp4,2704,0,0,0,0,1,1,0
Cap_Phase1_60_Extra.mp4,2705,0,0,0,0,1,1,0
Cap_Phase1_60_Extra.mp4,2706,0,0,0,0,1,0,0
Cap_Phase1_60_Extra.mp4,2707,0,0,0,0,0,0,0
Cap_Phase1_60_Extra.mp4,2708,0,0,0,0,0,0,0
Cap_Phase1_60_Extra.mp4,2709,0,0,0,0,0,0,0
Cap_Phase1_60_Extra.mp4,2710,0,0,0,0,0,0,0
Cap_Phase1_60_Extra.mp4,2711,0,0,0,0,0,0,0
Cap_Phase1_60_Extra.mp4,2712,0,0,0,0,0,0,0
Cap_Phase1_60_Extra.mp4,2713,0,0,0,0,0,0,0
Cap_Phase1_60_Extra.mp4,2714,0,0,0,0,0,0,0
Cap_Phase1_60_Extra.mp4,2715,0,0,0,0,0,0,0
Cap_Phase1_60_Extra.mp4,2716,0,0,0,0,0,0,0
Cap_Phase1_60_Extra.mp4,2717,0,0,0,0,0,0,0
Cap_Phase1_60_Extra.mp4,2718,0,0,0,0,0,0,0
Cap_Phase1_60_Extra.mp4,2719,0,0,0,0,0,0,0
Cap_Phase1_60_Extra.mp4,2720,0,0,0,0,0,0,0
Cap_Phase1_60_Extra.mp4,2721,0,0,0,0,0,0,0
Cap_Phase1_60_Extra.mp4,2722,0,0,0,0,0,0,0
Cap_Phase1_60_Extra.mp4,2723,0,0,0,0,0,0,0
Cap_Phase1_60_Extra.mp4,2724,0,0,0,0,0,0,0
Cap_Phase1_60_Extra.mp4,2725,0,0,0,0,0,0,0
Cap_Phase1_60_Extra.mp4,2726,0,0,0,0,0,0,0
Cap_Phase1_60_Extra.mp4,2727,0,0,0,0,0,0,0
Cap_Phase1_60_Extra.mp4,2728,0,0,0,0,0,0,0
Cap_Phase1_60_Extra.mp4,2729,0,0,0,0,0,0,0
Cap_Phase1_60_Extra.mp4,2730,0,0,0,0,0,0,0
Cap_Phase1_60_Extra.mp4,2731,0,0,0,0,0,0,0
Cap_Phase1_60_Extra.mp4,2732,0,0,0,0,0,0,0
Cap_Phase1_60_Extra.mp4,2733,0,0,0,0,0,0,0
Cap_Phase1_60_Extra.mp4,2734,0,0,0,0,0,0,0
Cap_Phase1_60_Extra.mp4,2735,0,0,0,0,0,0,0
Cap_Phase1_60_Extra.mp4,2736,0,0,0,0,0,0,0
Cap_Phase1_60_Extra.mp4,2737,0,0,0,0,0,0,0
Cap_Phase1_60_Extra.mp4,2738,0,0,0,0,0,0,0
Cap_Phase1_60_Extra.mp4,2739,0,0,0,0,0,0,0
Cap_Phase1_60_Extra.mp4,2740,0,0,0,0,0,0,0
Cap_Phase1_60_Extra.mp4,2741,0,0,0,0,0,0,0
Cap_Phase1_60_Extra.mp4,2742,0,0,0,0,0,0,0
Cap_Phase1_60_Extra.mp4,2743,0,0,0,0,0,1,0
Cap_Phase1_60_Extra.mp4,2744,0,0,0,0,0,1,0
Cap_Phase1_60_Extra.mp4,2745,0,0,0,0,0,1,0
Cap_Phase1_60_Extra.mp4,2746,0,0,0,0,0,1,0
Cap_Phase1_60_Extra.mp4,2747,0,0,0,0,0,1,0
Cap_Phase1_60_Extra.mp4,2748,0,0,0,0,0,1,0
Cap_Phase1_60_Extra.mp4,2749,0,0,0,0,0,1,0
Cap_Phase1_60_Extra.mp4,2750,0,0,0,0,0,1,0
Cap_Phase1_60_Extra.mp4,2751,0,0,0,0,0,1,0
Cap_Phase1_60_Extra.mp4,2752,0,0,0,0,0,1,0
Cap_Phase1_60_Extra.mp4,2753,0,0,0,0,0,1,0
Cap_Phase1_60_Extra.mp4,2754,0,0,0,0,0,1,1
Cap_Phase1_60_Extra.mp4,2755,0,0,0,0,0,1,1
Cap_Phase1_60_Extra.mp4,2756,0,0,0,0,0,1,0
Cap_Phase1_60_Extra.mp4,2757,0,0,0,0,0,1,0
Cap_Phase1_60_Extra.mp4,2758,0,0,0,0,0,1,0
Cap_Phase1_60_Extra.mp4,2759,0,0,0,0,0,1,0
Cap_Phase1_60_Extra.mp4,2760,0,0,0,0,0,1,0
Cap_Phase1_60_Extra.mp4,2761,0,0,0,0,0,1,0
Cap_Phase1_60_Extra.mp4,2762,0,0,0,0,0,1,0
Cap_Phase1_60_Extra.mp4,2763,0,0,0,0,0,1,0
Cap_Phase1_60_Extra.mp4,2764,0,0,0,0,0,0,0
Cap_Phase1_60_Extra.mp4,2765,0,0,0,0,0,0,0
Cap_Phase1_60_Extra.mp4,2766,0,0,0,0,0,0,0
Cap_Phase1_60_Extra.mp4,2767,0,0,0,0,0,0,0
Cap_Phase1_60_Extra.mp4,2768,0,0,0,0,0,0,0
Cap_Phase1_60_Extra.mp4,2769,0,0,0,0,0,0,0
Cap_Phase1_60_Extra.mp4,2770,0,0,0,0,0,0,0
Cap_Phase1_60_Extra.mp4,2771,0,0,0,0,0,0,0
Cap_Phase1_60_Extra.mp4,2772,0,0,0,0,0,0,0
Cap_Phase1_60_Extra.mp4,2773,0,0,0,0,0,0,0
Cap_Phase1_60_Extra.mp4,2774,0,0,0,0,0,0,0
Cap_Phase1_60_Extra.mp4,2775,0,0,0,0,0,0,0
Cap_Phase1_60_Extra.mp4,2776,0,0,0,0,0,0,0
Cap_Phase1_60_Extra.mp4,2777,0,0,0,0,0,0,0
Cap_Phase1_60_Extra.mp4,2778,0,0,0,0,0,0,0
Cap_Phase1_60_Extra.mp4,2779,0,0,0,0,0,0,0
Cap_Phase1_60_Extra.mp4,2780,0,0,0,0,0,0,0
Cap_Phase1_60_Extra.mp4,2781,0,0,0,0,0,0,0
Cap_Phase1_60_Extra.mp4,2782,0,0,0,0,0,0,0
Cap_Phase1_60_Extra.mp4,2783,0,0,0,0,0,0,0
Cap_Phase1_60_Extra.mp4,2784,0,0,0,0,0,0,0
Cap_Phase1_60_Extra.mp4,2785,0,0,0,0,0,0,0
Cap_Phase1_60_Extra.mp4,2786,0,0,0,0,0,0,0
Cap_Phase1_60_Extra.mp4,2787,0,0,0,0,0,0,0
Cap_Phase1_60_Extra.mp4,2788,0,0,0,0,0,0,0
Cap_Phase1_60_Extra.mp4,2789,0,0,0,0,0,0,0
Cap_Phase1_60_Extra.mp4,2790,0,0,0,0,0,0,0
Cap_Phase1_60_Extra.mp4,2791,0,0,0,0,0,0,0
Cap_Phase1_60_Extra.mp4,2792,0,0,0,0,0,0,0
Cap_Phase1_60_Extra.mp4,2793,0,0,0,0,0,0,0
Cap_Phase1_60_Extra.mp4,2794,0,0,0,0,0,0,0
Cap_Phase1_60_Extra.mp4,2795,0,0,0,0,0,0,0
Cap_Phase1_60_Extra.mp4,2796,0,0,0,0,0,0,0
Cap_Phase1_60_Extra.mp4,2797,0,0,0,0,0,0,0
Cap_Phase1_60_Extra.mp4,2798,0,0,0,0,0,0,0
Cap_Phase1_60_Extra.mp4,2799,0,0,0,0,0,0,0
Cap_Phase1_60_Extra.mp4,2800,0,0,0,0,0,0,0
Cap_Phase1_60_Extra.mp4,2801,0,0,0,0,0,0,0
Cap_Phase1_60_Extra.mp4,2802,0,0,0,0,0,0,0
Cap_Phase1_60_Extra.mp4,2803,0,0,0,0,0,0,0
Cap_Phase1_60_Extra.mp4,2804,0,0,0,0,0,0,0
Cap_Phase1_60_Extra.mp4,2805,0,0,0,0,0,0,0
Cap_Phase1_60_Extra.mp4,2806,0,0,0,0,0,0,0
Cap_Phase1_60_Extra.mp4,2807,0,0,0,0,0,0,0
Cap_Phase1_60_Extra.mp4,2808,0,0,0,0,0,0,0
Cap_Phase1_60_Extra.mp4,2809,0,0,0,0,0,1,0
Cap_Phase1_60_Extra.mp4,2810,0,0,0,0,0,1,0
Cap_Phase1_60_Extra.mp4,2811,0,0,0,0,0,1,0
Cap_Phase1_60_Extra.mp4,2812,0,0,0,0,0,1,0
Cap_Phase1_60_Extra.mp4,2813,0,0,0,0,0,1,0
Cap_Phase1_60_Extra.mp4,2814,0,0,0,0,0,1,0
Cap_Phase1_60_Extra.mp4,2815,0,0,0,0,0,1,0
Cap_Phase1_60_Extra.mp4,2816,0,0,0,0,0,1,0
Cap_Phase1_60_Extra.mp4,2817,0,0,0,0,0,1,1
Cap_Phase1_60_Extra.mp4,2818,0,0,0,0,0,1,1
Cap_Phase1_60_Extra.mp4,2819,0,0,0,0,0,1,0
Cap_Phase1_60_Extra.mp4,2820,0,0,0,0,0,1,0
Cap_Phase1_60_Extra.mp4,2821,0,0,0,0,0,1,0
Cap_Phase1_60_Extra.mp4,2822,0,0,0,0,0,1,0
Cap_Phase1_60_Extra.mp4,2823,0,0,0,0,0,1,0
Cap_Phase1_60_Extra.mp4,2824,0,0,0,0,0,1,0
Cap_Phase1_60_Extra.mp4,2825,0,0,0,0,0,1,0
Cap_Phase1_60_Extra.mp4,2826,0,0,0,0,0,1,0
Cap_Phase1_60_Extra.mp4,2827,0,0,0,0,0,1,0
Cap_Phase1_60_Extra.mp4,2828,0,0,0,0,0,1,0
Cap_Phase1_60_Extra.mp4,2829,0,0,0,0,0,1,0
Cap_Phase1_60_Extra.mp4,2830,0,0,0,0,0,1,0
Cap_Phase1_60_Extra.mp4,2831,0,0,0,0,0,0,0
Cap_Phase1_60_Extra.mp4,2832,0,0,0,0,0,0,0
Cap_Phase1_60_Extra.mp4,2833,0,0,0,0,0,0,0
Cap_Phase1_60_Extra.mp4,2834,0,0,0,0,0,0,0
Cap_Phase1_60_Extra.mp4,2835,0,0,0,0,0,1,0
Cap_Phase1_60_Extra.mp4,2836,0,0,0,0,0,1,0
Cap_Phase1_60_Extra.mp4,2837,0,0,0,0,0,1,0
Cap_Phase1_60_Extra.mp4,2838,0,0,0,0,0,1,0
Cap_Phase1_60_Extra.mp4,2839,0,0,0,0,0,1,0
Cap_Phase1_60_Extra.mp4,2840,0,0,0,0,0,0,0
Cap_Phase1_60_Extra.mp4,2841,0,0,0,0,0,0,0
Cap_Phase1_60_Extra.mp4,2842,0,0,0,0,0,0,0
Cap_Phase1_60_Extra.mp4,2843,0,0,0,0,0,0,0
Cap_Phase1_60_Extra.mp4,2844,0,0,0,0,0,0,0
Cap_Phase1_60_Extra.mp4,2845,0,0,0,0,0,0,0
Cap_Phase1_60_Extra.mp4,2846,0,0,0,0,0,0,0
Cap_Phase1_60_Extra.mp4,2847,0,0,0,0,0,0,0
Cap_Phase1_60_Extra.mp4,2848,0,0,0,0,0,0,0
Cap_Phase1_60_Extra.mp4,2849,0,0,0,0,0,0,0
Cap_Phase1_60_Extra.mp4,2850,0,0,0,0,0,0,0
Cap_Phase1_60_Extra.mp4,2851,0,0,0,0,0,0,0
Cap_Phase1_60_Extra.mp4,2852,0,0,0,0,0,0,0
Cap_Phase1_60_Extra.mp4,2853,0,0,0,0,0,0,0
Cap_Phase1_60_Extra.mp4,2854,0,0,0,0,0,0,0
Cap_Phase1_60_Extra.mp4,2855,0,0,0,0,0,0,0
Cap_Phase1_60_Extra.mp4,2856,0,0,0,0,0,0,0
Cap_Phase1_60_Extra.mp4,2857,0,0,0,0,0,0,0
Cap_Phase1_60_Extra.mp4,2858,0,0,0,0,0,0,0
Cap_Phase1_60_Extra.mp4,2859,0,0,0,0,0,0,0
Cap_Phase1_60_Extra.mp4,2860,0,0,0,0,0,0,0
Cap_Phase1_60_Extra.mp4,2861,0,0,0,0,0,0,0
Cap_Phase1_60_Extra.mp4,2862,0,0,0,0,0,0,0
Cap_Phase1_60_Extra.mp4,2863,0,0,0,0,0,0,0
Cap_Phase1_60_Extra.mp4,2864,0,0,0,0,0,0,0
Cap_Phase1_60_Extra.mp4,2865,0,0,0,0,0,0,0
Cap_Phase1_60_Extra.mp4,2866,0,0,0,0,0,0,0
Cap_Phase1_60_Extra.mp4,2867,0,0,0,0,0,0,0
Cap_Phase1_60_Extra.mp4,2868,0,0,0,0,0,0,0
Cap_Phase1_60_Extra.mp4,2869,0,0,0,0,0,0,0
Cap_Phase1_60_Extra.mp4,2870,0,0,0,0,0,1,0
Cap_Phase1_60_Extra.mp4,2871,0,0,0,0,0,1,0
Cap_Phase1_60_Extra.mp4,2872,0,0,0,0,0,1,0
Cap_Phase1_60_Extra.mp4,2873,0,0,0,0,0,1,0
Cap_Phase1_60_Extra.mp4,2874,0,0,0,0,0,1,0
Cap_Phase1_60_Extra.mp4,2875,0,0,0,0,0,1,0
Cap_Phase1_60_Extra.mp4,2876,0,0,0,0,0,1,0
Cap_Phase1_60_Extra.mp4,2877,0,0,0,0,0,1,0
Cap_Phase1_60_Extra.mp4,2878,0,0,0,0,0,1,0
Cap_Phase1_60_Extra.mp4,2879,0,0,0,0,0,1,0
Cap_Phase1_60_Extra.mp4,2880,0,0,0,0,0,1,0
Cap_Phase1_60_Extra.mp4,2881,0,0,0,0,0,1,0
Cap_Phase1_60_Extra.mp4,2882,0,0,0,0,0,1,0
Cap_Phase1_60_Extra.mp4,2883,0,0,0,0,0,1,0
Cap_Phase1_60_Extra.mp4,2884,0,0,0,0,0,1,0
Cap_Phase1_60_Extra.mp4,2885,0,0,0,0,0,1,0
Cap_Phase1_60_Extra.mp4,2886,0,0,0,0,0,1,0
Cap_Phase1_60_Extra.mp4,2887,0,0,0,0,0,1,0
Cap_Phase1_60_Extra.mp4,2888,0,0,0,0,0,1,0
Cap_Phase1_60_Extra.mp4,2889,0,0,0,0,0,1,0
Cap_Phase1_60_Extra.mp4,2890,0,0,0,0,0,1,0
Cap_Phase1_60_Extra.mp4,2891,0,0,0,0,0,1,0
Cap_Phase1_60_Extra.mp4,2892,0,0,0,0,0,1,0
Cap_Phase1_60_Extra.mp4,2893,0,0,0,0,0,1,0
Cap_Phase1_60_Extra.mp4,2894,0,0,0,0,0,1,0
Cap_Phase1_60_Extra.mp4,2895,0,0,0,0,0,0,0
Cap_Phase1_60_Extra.mp4,2896,0,0,0,0,0,0,0
Cap_Phase1_60_Extra.mp4,2897,0,0,0,0,0,0,0
Cap_Phase1_60_Extra.mp4,2898,0,0,0,0,0,0,0
Cap_Phase1_60_Extra.mp4,2899,0,0,0,0,0,0,0
Cap_Phase1_60_Extra.mp4,2900,0,0,0,0,0,0,0
Cap_Phase1_60_Extra.mp4,2901,0,0,0,0,0,0,0
Cap_Phase1_60_Extra.mp4,2902,0,0,0,0,0,0,0
Cap_Phase1_60_Extra.mp4,2903,0,0,0,0,0,0,0
Cap_Phase1_60_Extra.mp4,2904,0,0,0,0,0,0,0
Cap_Phase1_60_Extra.mp4,2905,0,0,0,0,0,0,0
Cap_Phase1_60_Extra.mp4,2906,0,0,0,0,0,0,0
Cap_Phase1_60_Extra.mp4,2907,0,0,0,0,0,0,0
Cap_Phase1_60_Extra.mp4,2908,0,0,0,0,0,0,0
Cap_Phase1_60_Extra.mp4,2909,0,0,0,0,0,0,0
Cap_Phase1_60_Extra.mp4,2910,0,0,0,0,0,0,0
Cap_Phase1_60_Extra.mp4,2911,0,0,0,0,0,0,0
Cap_Phase1_60_Extra.mp4,2912,0,0,0,0,0,0,0
Cap_Phase1_60_Extra.mp4,2913,0,0,0,0,0,0,0
Cap_Phase1_60_Extra.mp4,2914,0,0,0,0,0,0,0
Cap_Phase1_60_Extra.mp4,2915,0,0,0,0,0,0,0
Cap_Phase1_60_Extra.mp4,2916,0,0,0,0,0,0,0
Cap_Phase1_60_Extra.mp4,2917,0,0,0,0,0,0,0
Cap_Phase1_60_Extra.mp4,2918,0,0,0,0,0,0,0
Cap_Phase1_60_Extra.mp4,2919,0,0,0,0,0,0,0
Cap_Phase1_60_Extra.mp4,2920,0,0,0,0,0,0,0
Cap_Phase1_60_Extra.mp4,2921,0,0,0,0,0,0,0
Cap_Phase1_60_Extra.mp4,2922,0,0,0,0,0,0,0
Cap_Phase1_60_Extra.mp4,2923,0,0,0,0,0,0,0
Cap_Phase1_60_Extra.mp4,2924,0,0,0,0,1,1,0
Cap_Phase1_60_Extra.mp4,2925,0,0,0,0,0,1,0
Cap_Phase1_60_Extra.mp4,2926,0,0,0,0,0,1,0
Cap_Phase1_60_Extra.mp4,2927,0,0,0,0,0,1,0
Cap_Phase1_60_Extra.mp4,2928,0,0,0,0,0,1,0
Cap_Phase1_60_Extra.mp4,2929,0,0,0,0,0,1,0
Cap_Phase1_60_Extra.mp4,2930,0,0,0,0,0,1,0
Cap_Phase1_60_Extra.mp4,2931,0,0,0,0,0,1,0
Cap_Phase1_60_Extra.mp4,2932,0,0,0,0,0,1,0
Cap_Phase1_60_Extra.mp4,2933,0,0,0,0,0,1,1
Cap_Phase1_60_Extra.mp4,2934,0,0,0,0,0,1,1
Cap_Phase1_60_Extra.mp4,2935,0,0,0,0,0,1,1
Cap_Phase1_60_Extra.mp4,2936,0,0,0,0,0,1,1
Cap_Phase1_60_Extra.mp4,2937,0,0,0,0,0,1,1
Cap_Phase1_60_Extra.mp4,2938,0,0,0,0,0,1,0
Cap_Phase1_60_Extra.mp4,2939,0,0,0,0,0,1,0
Cap_Phase1_60_Extra.mp4,2940,0,0,0,0,0,1,0
Cap_Phase1_60_Extra.mp4,2941,0,0,0,0,0,1,0
Cap_Phase1_60_Extra.mp4,2942,0,0,0,0,0,0,0
Cap_Phase1_60_Extra.mp4,2943,0,0,0,0,0,0,0
Cap_Phase1_60_Extra.mp4,2944,0,0,0,0,0,0,0
Cap_Phase1_60_Extra.mp4,2945,0,0,0,0,0,0,0
Cap_Phase1_60_Extra.mp4,2946,0,0,0,0,0,0,0
Cap_Phase1_60_Extra.mp4,2947,0,0,0,0,0,0,0
Cap_Phase1_60_Extra.mp4,2948,0,0,0,0,0,0,0
Cap_Phase1_60_Extra.mp4,2949,0,0,0,0,0,0,0
Cap_Phase1_60_Extra.mp4,2950,0,0,0,0,0,0,0
Cap_Phase1_60_Extra.mp4,2951,0,0,0,0,0,0,0
Cap_Phase1_60_Extra.mp4,2952,0,0,0,0,0,0,0
Cap_Phase1_60_Extra.mp4,2953,0,0,0,0,0,0,0
Cap_Phase1_60_Extra.mp4,2954,0,0,0,0,0,0,0
Cap_Phase1_60_Extra.mp4,2955,0,0,0,0,0,0,0
Cap_Phase1_60_Extra.mp4,2956,0,0,0,0,0,0,0
Cap_Phase1_60_Extra.mp4,2957,0,0,0,0,0,0,0
Cap_Phase1_60_Extra.mp4,2958,0,0,0,0,0,0,0
Cap_Phase1_60_Extra.mp4,2959,0,0,0,0,0,0,0
Cap_Phase1_60_Extra.mp4,2960,0,0,0,0,0,0,0
Cap_Phase1_60_Extra.mp4,2961,0,0,0,0,0,0,0
Cap_Phase1_60_Extra.mp4,2962,0,0,0,0,0,0,0
Cap_Phase1_60_Extra.mp4,2963,0,0,0,0,0,0,0
Cap_Phase1_60_Extra.mp4,2964,0,0,0,0,0,0,0
Cap_Phase1_60_Extra.mp4,2965,0,0,0,0,0,0,0
Cap_Phase1_60_Extra.mp4,2966,0,0,0,0,0,0,0
Cap_Phase1_60_Extra.mp4,2967,0,0,0,0,0,0,0
Cap_Phase1_60_Extra.mp4,2968,0,0,0,0,0,0,0
Cap_Phase1_60_Extra.mp4,2969,0,0,0,0,0,0,0
Cap_Phase1_60_Extra.mp4,2970,0,0,0,0,0,0,0
Cap_Phase1_60_Extra.mp4,2971,0,0,0,0,0,0,0
Cap_Phase1_60_Extra.mp4,2972,0,0,0,0,0,0,0
Cap_Phase1_60_Extra.mp4,2973,0,0,0,0,0,0,0
Cap_Phase1_60_Extra.mp4,2974,0,0,0,0,0,0,0
Cap_Phase1_60_Extra.mp4,2975,0,0,0,0,0,0,0
Cap_Phase1_60_Extra.mp4,2976,0,0,0,0,0,0,0
Cap_Phase1_60_Extra.mp4,2977,0,0,0,0,0,0,0
Cap_Phase1_60_Extra.mp4,2978,0,0,0,0,0,0,0
Cap_Phase1_60_Extra.mp4,2979,0,0,0,0,0,0,0
Cap_Phase1_60_Extra.mp4,2980,0,0,0,0,0,0,0
Cap_Phase1_60_Extra.mp4,2981,0,0,0,0,0,0,0
Cap_Phase1_60_Extra.mp4,2982,0,0,0,0,0,0,0
Cap_Phase1_60_Extra.mp4,2983,0,0,0,0,0,0,0
Cap_Phase1_60_Extra.mp4,2984,0,0,0,0,0,0,0
Cap_Phase1_60_Extra.mp4,2985,0,0,0,0,0,0,0
Cap_Phase1_60_Extra.mp4,2986,0,0,0,0,0,0,0
Cap_Phase1_60_Extra.mp4,2987,0,0,0,0,0,0,0
Cap_Phase1_60_Extra.mp4,2988,0,0,0,0,0,0,0
Cap_Phase1_60_Extra.mp4,2989,0,0,0,0,0,0,0
Cap_Phase1_60_Extra.mp4,2990,0,0,0,0,0,0,0
Cap_Phase1_60_Extra.mp4,2991,0,0,0,0,0,0,0
Cap_Phase1_60_Extra.mp4,2992,0,0,0,0,0,0,0
Cap_Phase1_60_Extra.mp4,2993,0,0,0,0,0,0,0
Cap_Phase1_60_Extra.mp4,2994,0,0,0,0,0,0,0
Cap_Phase1_60_Extra.mp4,2995,0,0,0,0,0,0,0
Cap_Phase1_60_Extra.mp4,2996,0,0,0,0,0,0,0
Cap_Phase1_60_Extra.mp4,2997,0,0,0,0,0,0,0
Cap_Phase1_60_Extra.mp4,2998,0,0,0,0,0,0,0
Cap_Phase1_60_Extra.mp4,2999,0,0,0,0,0,0,0
Cap_Phase1_60_Extra.mp4,3000,0,0,0,0,0,0,0
Cap_Phase1_60_Extra.mp4,3001,0,0,0,0,0,0,0
Cap_Phase1_60_Extra.mp4,3002,0,0,0,0,0,0,0
Cap_Phase1_60_Extra.mp4,3003,0,0,0,0,0,0,0
Cap_Phase1_60_Extra.mp4,3004,0,0,0,0,0,0,0
Cap_Phase1_60_Extra.mp4,3005,0,0,0,0,0,0,0
Cap_Phase1_60_Extra.mp4,3006,0,0,0,0,0,0,0
Cap_Phase1_60_Extra.mp4,3007,0,0,0,0,0,0,0
Cap_Phase1_60_Extra.mp4,3008,0,0,0,0,0,0,0
Cap_Phase1_60_Extra.mp4,3009,0,0,0,0,0,0,0
Cap_Phase1_60_Extra.mp4,3010,0,0,0,0,0,0,0
Cap_Phase1_60_Extra.mp4,3011,0,0,0,0,0,0,0
Cap_Phase1_60_Extra.mp4,3012,0,0,0,0,0,0,0
Cap_Phase1_60_Extra.mp4,3013,0,0,0,0,0,1,0
Cap_Phase1_60_Extra.mp4,3014,0,0,0,0,0,1,1
Cap_Phase1_60_Extra.mp4,3015,0,0,0,0,0,1,0
Cap_Phase1_60_Extra.mp4,3016,0,0,0,0,0,1,0
Cap_Phase1_60_Extra.mp4,3017,0,0,0,0,0,1,0
Cap_Phase1_60_Extra.mp4,3018,0,0,0,0,0,1,0
Cap_Phase1_60_Extra.mp4,3019,0,0,0,0,0,1,1
Cap_Phase1_60_Extra.mp4,3020,0,0,0,0,0,1,1
Cap_Phase1_60_Extra.mp4,3021,0,0,0,0,0,1,1
Cap_Phase1_60_Extra.mp4,3022,0,0,0,0,0,1,1
Cap_Phase1_60_Extra.mp4,3023,0,0,0,0,0,1,0
Cap_Phase1_60_Extra.mp4,3024,0,0,0,0,0,1,0
Cap_Phase1_60_Extra.mp4,3025,0,0,0,0,0,1,0
Cap_Phase1_60_Extra.mp4,3026,0,0,0,0,0,1,0
Cap_Phase1_60_Extra.mp4,3027,0,0,0,0,0,1,0
Cap_Phase1_60_Extra.mp4,3028,0,0,0,0,0,0,0
Cap_Phase1_60_Extra.mp4,3029,0,0,0,0,0,0,0
Cap_Phase1_60_Extra.mp4,3030,0,0,0,0,0,0,0
Cap_Phase1_60_Extra.mp4,3031,0,0,0,0,0,0,0
Cap_Phase1_60_Extra.mp4,3032,0,0,0,0,0,0,0
Cap_Phase1_60_Extra.mp4,3033,0,0,0,0,0,0,0
Cap_Phase1_60_Extra.mp4,3034,0,0,0,0,0,0,0
Cap_Phase1_60_Extra.mp4,3035,0,0,0,0,0,0,0
Cap_Phase1_60_Extra.mp4,3036,0,0,0,0,0,0,0
Cap_Phase1_60_Extra.mp4,3037,0,0,0,0,0,0,0
Cap_Phase1_60_Extra.mp4,3038,0,0,0,0,0,0,0
Cap_Phase1_60_Extra.mp4,3039,0,0,0,0,0,0,0
Cap_Phase1_60_Extra.mp4,3040,0,0,0,0,0,0,0
Cap_Phase1_60_Extra.mp4,3041,0,0,0,0,0,0,0
Cap_Phase1_60_Extra.mp4,3042,0,0,0,0,0,0,0
Cap_Phase1_60_Extra.mp4,3043,0,0,0,0,0,0,0
Cap_Phase1_60_Extra.mp4,3044,0,0,0,0,0,0,0
Cap_Phase1_60_Extra.mp4,3045,0,0,0,0,0,0,0
Cap_Phase1_60_Extra.mp4,3046,0,0,0,0,0,0,0
Cap_Phase1_60_Extra.mp4,3047,0,0,0,0,0,0,0
Cap_Phase1_60_Extra.mp4,3048,0,0,0,0,0,0,0
Cap_Phase1_60_Extra.mp4,3049,0,0,0,0,0,0,0
Cap_Phase1_60_Extra.mp4,3050,0,0,0,0,0,0,0
Cap_Phase1_60_Extra.mp4,3051,0,0,0,0,0,0,0
Cap_Phase1_60_Extra.mp4,3052,0,0,0,0,0,0,0
Cap_Phase1_60_Extra.mp4,3053,0,0,0,0,0,0,0
Cap_Phase1_60_Extra.mp4,3054,0,0,0,0,0,0,0
Cap_Phase1_60_Extra.mp4,3055,0,0,0,0,0,0,0
Cap_Phase1_60_Extra.mp4,3056,0,0,0,0,0,0,0
Cap_Phase1_60_Extra.mp4,3057,0,0,0,0,0,0,0
Cap_Phase1_60_Extra.mp4,3058,0,0,0,0,0,0,0
Cap_Phase1_60_Extra.mp4,3059,0,0,0,0,0,0,0
Cap_Phase1_60_Extra.mp4,3060,0,0,0,0,0,0,0
Cap_Phase1_60_Extra.mp4,3061,0,0,0,0,0,0,0
Cap_Phase1_60_Extra.mp4,3062,0,0,0,0,0,0,0
Cap_Phase1_60_Extra.mp4,3063,0,0,0,0,0,0,0
Cap_Phase1_60_Extra.mp4,3064,0,0,0,0,0,0,0
Cap_Phase1_60_Extra.mp4,3065,0,0,0,0,0,0,0
Cap_Phase1_60_Extra.mp4,3066,0,0,0,0,0,0,0
Cap_Phase1_60_Extra.mp4,3067,0,0,0,0,0,0,0
Cap_Phase1_60_Extra.mp4,3068,0,0,0,0,0,0,0
Cap_Phase1_60_Extra.mp4,3069,0,0,0,0,0,0,0
Cap_Phase1_60_Extra.mp4,3070,0,0,0,0,0,0,0
Cap_Phase1_60_Extra.mp4,3071,0,0,0,0,0,0,0
Cap_Phase1_60_Extra.mp4,3072,0,0,0,0,0,0,0
Cap_Phase1_60_Extra.mp4,3073,0,0,0,0,0,0,0
Cap_Phase1_60_Extra.mp4,3074,0,0,0,0,0,1,0
Cap_Phase1_60_Extra.mp4,3075,0,0,0,0,0,1,0
Cap_Phase1_60_Extra.mp4,3076,0,0,0,0,0,1,0
Cap_Phase1_60_Extra.mp4,3077,0,0,0,0,0,1,0
Cap_Phase1_60_Extra.mp4,3078,0,0,0,0,0,1,0
Cap_Phase1_60_Extra.mp4,3079,0,0,0,0,0,1,0
Cap_Phase1_60_Extra.mp4,3080,0,0,0,0,0,0,0
Cap_Phase1_60_Extra.mp4,3081,0,0,0,0,0,0,0
Cap_Phase1_60_Extra.mp4,3082,0,0,0,0,0,0,0
Cap_Phase1_60_Extra.mp4,3083,0,0,0,0,0,0,0
Cap_Phase1_60_Extra.mp4,3084,0,0,0,0,0,0,0
Cap_Phase1_60_Extra.mp4,3085,0,0,0,0,0,0,0
Cap_Phase1_60_Extra.mp4,3086,0,0,0,0,0,0,0
Cap_Phase1_60_Extra.mp4,3087,0,0,0,0,0,0,0
Cap_Phase1_60_Extra.mp4,3088,0,0,0,0,0,0,0
Cap_Phase1_60_Extra.mp4,3089,0,0,0,0,0,0,0
Cap_Phase1_60_Extra.mp4,3090,0,0,0,0,0,0,0
Cap_Phase1_60_Extra.mp4,3091,0,0,0,0,0,0,0
Cap_Phase1_60_Extra.mp4,3092,0,0,0,0,0,0,0
Cap_Phase1_60_Extra.mp4,3093,0,0,0,0,0,0,0
Cap_Phase1_60_Extra.mp4,3094,0,0,0,0,0,0,0
Cap_Phase1_60_Extra.mp4,3095,0,0,0,0,0,0,0
Cap_Phase1_60_Extra.mp4,3096,0,0,0,0,0,0,0
Cap_Phase1_60_Extra.mp4,3097,0,0,0,0,0,0,0
Cap_Phase1_60_Extra.mp4,3098,0,0,0,0,0,0,0
Cap_Phase1_60_Extra.mp4,3099,0,0,0,0,0,0,0
Cap_Phase1_60_Extra.mp4,3100,0,0,0,0,0,0,0
Cap_Phase1_60_Extra.mp4,3101,0,0,0,0,0,0,0
Cap_Phase1_60_Extra.mp4,3102,0,0,0,0,0,0,0
Cap_Phase1_60_Extra.mp4,3103,0,0,0,0,0,0,0
Cap_Phase1_60_Extra.mp4,3104,0,0,0,0,0,0,0
Cap_Phase1_60_Extra.mp4,3105,0,0,0,0,0,0,0
Cap_Phase1_60_Extra.mp4,3106,0,0,0,0,0,0,0
Cap_Phase1_60_Extra.mp4,3107,0,0,0,0,0,0,0
Cap_Phase1_60_Extra.mp4,3108,0,0,0,0,0,0,0
Cap_Phase1_60_Extra.mp4,3109,0,0,0,0,0,0,0
Cap_Phase1_60_Extra.mp4,3110,0,0,0,0,0,0,0
Cap_Phase1_60_Extra.mp4,3111,0,0,0,0,0,0,0
Cap_Phase1_60_Extra.mp4,3112,0,0,0,0,0,0,0
Cap_Phase1_60_Extra.mp4,3113,0,0,0,0,0,0,0
Cap_Phase1_60_Extra.mp4,3114,0,0,0,0,0,0,0
Cap_Phase1_60_Extra.mp4,3115,0,0,0,0,0,0,0
Cap_Phase1_60_Extra.mp4,3116,0,0,0,0,0,0,0
Cap_Phase1_60_Extra.mp4,3117,0,0,0,0,0,0,0
Cap_Phase1_60_Extra.mp4,3118,0,0,0,0,0,0,0
Cap_Phase1_60_Extra.mp4,3119,0,0,0,0,0,0,0
Cap_Phase1_60_Extra.mp4,3120,0,0,0,0,0,0,0
Cap_Phase1_60_Extra.mp4,3121,0,0,0,0,0,0,0
Cap_Phase1_60_Extra.mp4,3122,0,0,0,0,0,0,0
Cap_Phase1_60_Extra.mp4,3123,0,0,0,0,0,0,0
Cap_Phase1_60_Extra.mp4,3124,0,0,0,0,0,0,0
Cap_Phase1_60_Extra.mp4,3125,0,0,0,0,0,0,0
Cap_Phase1_60_Extra.mp4,3126,0,0,0,0,0,0,0
Cap_Phase1_60_Extra.mp4,3127,0,0,0,0,0,0,0
Cap_Phase1_60_Extra.mp4,3128,0,0,0,0,0,0,0
Cap_Phase1_60_Extra.mp4,3129,0,0,0,0,0,0,0
Cap_Phase1_60_Extra.mp4,3130,0,0,0,0,0,0,0
Cap_Phase1_60_Extra.mp4,3131,0,0,0,0,0,0,0
Cap_Phase1_60_Extra.mp4,3132,0,0,0,0,0,0,0
Cap_Phase1_60_Extra.mp4,3133,0,0,0,0,0,0,0
Cap_Phase1_60_Extra.mp4,3134,0,0,0,0,0,0,0
Cap_Phase1_60_Extra.mp4,3135,0,0,0,0,0,0,0
Cap_Phase1_60_Extra.mp4,3136,0,0,0,0,0,0,0
Cap_Phase1_60_Extra.mp4,3137,0,0,0,0,0,0,0
Cap_Phase1_60_Extra.mp4,3138,0,0,0,0,0,0,0
Cap_Phase1_60_Extra.mp4,3139,0,0,0,0,0,0,0
Cap_Phase1_60_Extra.mp4,3140,0,0,0,0,0,0,0
Cap_Phase1_60_Extra.mp4,3141,0,0,0,0,0,0,0
Cap_Phase1_60_Extra.mp4,3142,0,0,0,0,0,0,0
Cap_Phase1_60_Extra.mp4,3143,0,0,0,0,0,0,0
Cap_Phase1_60_Extra.mp4,3144,0,0,0,0,0,0,0
Cap_Phase1_60_Extra.mp4,3145,0,0,0,0,0,0,0
Cap_Phase1_60_Extra.mp4,3146,0,0,0,0,0,0,0
Cap_Phase1_60_Extra.mp4,3147,0,0,0,0,0,0,0
Cap_Phase1_60_Extra.mp4,3148,0,0,0,0,0,0,0
Cap_Phase1_60_Extra.mp4,3149,0,0,0,0,0,0,0
Cap_Phase1_60_Extra.mp4,3150,0,0,0,0,0,0,0
Cap_Phase1_60_Extra.mp4,3151,0,0,0,0,0,0,0
Cap_Phase1_60_Extra.mp4,3152,0,0,0,0,0,0,0
Cap_Phase1_60_Extra.mp4,3153,0,0,0,0,0,0,0
Cap_Phase1_60_Extra.mp4,3154,0,0,0,0,0,0,0
Cap_Phase1_60_Extra.mp4,3155,0,0,0,0,0,0,0
Cap_Phase1_60_Extra.mp4,3156,0,0,0,0,0,0,0
Cap_Phase1_60_Extra.mp4,3157,0,0,0,0,0,0,0
Cap_Phase1_60_Extra.mp4,3158,0,0,0,0,0,0,0
Cap_Phase1_60_Extra.mp4,3159,0,0,0,0,0,0,0
Cap_Phase1_60_Extra.mp4,3160,0,0,0,0,0,0,0
Cap_Phase1_60_Extra.mp4,3161,0,0,0,0,0,0,0
Cap_Phase1_60_Extra.mp4,3162,0,0,0,0,0,0,0
Cap_Phase1_60_Extra.mp4,3163,0,0,0,0,0,0,0
Cap_Phase1_60_Extra.mp4,3164,0,0,0,0,0,0,0
Cap_Phase1_60_Extra.mp4,3165,0,0,0,0,0,0,0
Cap_Phase1_60_Extra.mp4,3166,0,0,0,0,0,0,0
Cap_Phase1_60_Extra.mp4,3167,0,0,0,0,0,0,0
Cap_Phase1_60_Extra.mp4,3168,0,0,0,0,0,0,0
Cap_Phase1_60_Extra.mp4,3169,0,0,0,0,0,0,0
Cap_Phase1_60_Extra.mp4,3170,0,0,0,0,0,0,0
Cap_Phase1_60_Extra.mp4,3171,0,0,0,0,0,0,0
Cap_Phase1_60_Extra.mp4,3172,0,0,0,0,0,0,0
Cap_Phase1_60_Extra.mp4,3173,0,0,0,0,0,0,0
Cap_Phase1_60_Extra.mp4,3174,0,0,0,0,0,0,0
Cap_Phase1_60_Extra.mp4,3175,0,0,0,0,0,0,0
Cap_Phase1_60_Extra.mp4,3176,0,0,0,0,0,0,0
Cap_Phase1_60_Extra.mp4,3177,0,0,0,0,0,0,0
Cap_Phase1_60_Extra.mp4,3178,0,0,0,0,0,0,0
Cap_Phase1_60_Extra.mp4,3179,0,0,0,0,0,0,0
Cap_Phase1_60_Extra.mp4,3180,0,0,0,0,0,0,0
Cap_Phase1_60_Extra.mp4,3181,0,0,0,0,0,0,0
Cap_Phase1_60_Extra.mp4,3182,0,0,0,0,0,0,0
Cap_Phase1_60_Extra.mp4,3183,0,0,0,0,0,0,0
Cap_Phase1_60_Extra.mp4,3184,0,0,0,0,0,0,0
Cap_Phase1_60_Extra.mp4,3185,0,0,0,0,0,0,0
Cap_Phase1_60_Extra.mp4,3186,0,0,0,0,0,0,0
Cap_Phase1_60_Extra.mp4,3187,0,0,0,0,0,0,0
Cap_Phase1_60_Extra.mp4,3188,0,0,0,0,0,0,0
Cap_Phase1_60_Extra.mp4,3189,0,0,0,0,0,0,0
Cap_Phase1_60_Extra.mp4,3190,0,0,0,0,0,0,0
Cap_Phase1_60_Extra.mp4,3191,0,0,0,0,0,0,0
Cap_Phase1_60_Extra.mp4,3192,0,0,0,0,0,0,0
Cap_Phase1_60_Extra.mp4,3193,0,0,0,0,0,0,0
Cap_Phase1_60_Extra.mp4,3194,0,0,0,0,0,0,0
Cap_Phase1_60_Extra.mp4,3195,0,0,0,0,0,0,0
Cap_Phase1_60_Extra.mp4,3196,0,0,0,0,0,0,0
Cap_Phase1_60_Extra.mp4,3197,0,0,0,0,0,0,0
Cap_Phase1_60_Extra.mp4,3198,0,0,0,0,0,0,0
Cap_Phase1_60_Extra.mp4,3199,0,0,0,0,0,0,0
Cap_Phase1_60_Extra.mp4,3200,0,0,0,0,0,0,0
Cap_Phase1_60_Extra.mp4,3201,0,0,0,0,0,0,0
Cap_Phase1_60_Extra.mp4,3202,0,0,0,0,0,0,0
Cap_Phase1_60_Extra.mp4,3203,0,0,0,0,0,0,0
Cap_Phase1_60_Extra.mp4,3204,0,0,0,0,0,0,0
Cap_Phase1_60_Extra.mp4,3205,0,0,0,0,0,0,0
Cap_Phase1_60_Extra.mp4,3206,0,0,0,0,0,0,0
Cap_Phase1_60_Extra.mp4,3207,0,0,0,0,0,0,0
Cap_Phase1_60_Extra.mp4,3208,0,0,0,0,0,0,0
Cap_Phase1_60_Extra.mp4,3209,0,0,0,0,0,0,0
Cap_Phase1_60_Extra.mp4,3210,0,0,0,0,0,0,0
Cap_Phase1_60_Extra.mp4,3211,0,0,0,0,0,0,0
Cap_Phase1_60_Extra.mp4,3212,0,0,0,0,0,0,0
Cap_Phase1_60_Extra.mp4,3213,0,0,0,0,0,0,0
Cap_Phase1_60_Extra.mp4,3214,0,0,0,0,0,0,0
Cap_Phase1_60_Extra.mp4,3215,0,0,0,0,0,0,0
Cap_Phase1_60_Extra.mp4,3216,0,0,0,0,0,0,0
Cap_Phase1_60_Extra.mp4,3217,0,0,0,0,0,0,0
Cap_Phase1_60_Extra.mp4,3218,0,0,0,0,0,0,0
Cap_Phase1_60_Extra.mp4,3219,0,0,0,0,0,0,0
Cap_Phase1_60_Extra.mp4,3220,0,0,0,0,0,0,0
Cap_Phase1_60_Extra.mp4,3221,0,0,0,0,0,0,0
Cap_Phase1_60_Extra.mp4,3222,0,0,0,0,0,0,0
Cap_Phase1_60_Extra.mp4,3223,0,0,0,0,0,0,0
Cap_Phase1_60_Extra.mp4,3224,0,0,0,0,0,0,0
Cap_Phase1_60_Extra.mp4,3225,0,0,0,0,0,0,0
Cap_Phase1_60_Extra.mp4,3226,0,0,0,0,0,0,0
Cap_Phase1_60_Extra.mp4,3227,0,0,0,0,0,0,0
Cap_Phase1_60_Extra.mp4,3228,0,0,0,0,0,0,0
Cap_Phase1_60_Extra.mp4,3229,0,0,0,0,0,0,0
Cap_Phase1_60_Extra.mp4,3230,0,0,0,0,0,0,0
Cap_Phase1_60_Extra.mp4,3231,0,0,0,0,0,0,0
Cap_Phase1_60_Extra.mp4,3232,0,0,0,0,0,0,0
Cap_Phase1_60_Extra.mp4,3233,0,0,0,0,0,0,0
Cap_Phase1_60_Extra.mp4,3234,0,0,0,0,0,0,0
Cap_Phase1_60_Extra.mp4,3235,0,0,0,0,0,0,0
Cap_Phase1_60_Extra.mp4,3236,0,0,0,0,0,0,0
Cap_Phase1_60_Extra.mp4,3237,0,0,0,0,0,0,0
Cap_Phase1_60_Extra.mp4,3238,0,0,0,0,0,0,0
Cap_Phase1_60_Extra.mp4,3239,0,0,0,0,0,0,0
Cap_Phase1_60_Extra.mp4,3240,0,0,0,0,0,0,0
Cap_Phase1_60_Extra.mp4,3241,0,0,0,0,0,0,0
Cap_Phase1_60_Extra.mp4,3242,0,0,0,0,0,0,0
Cap_Phase1_60_Extra.mp4,3243,0,0,0,0,0,0,0
Cap_Phase1_60_Extra.mp4,3244,0,0,0,0,0,0,0
Cap_Phase1_60_Extra.mp4,3245,0,0,0,0,0,0,0
Cap_Phase1_60_Extra.mp4,3246,0,0,0,0,0,0,0
Cap_Phase1_60_Extra.mp4,3247,0,0,0,0,0,0,0
Cap_Phase1_60_Extra.mp4,3248,0,0,0,0,0,0,0
Cap_Phase1_60_Extra.mp4,3249,0,0,0,0,0,0,0
Cap_Phase1_60_Extra.mp4,3250,0,0,0,0,0,0,0
Cap_Phase1_60_Extra.mp4,3251,0,0,0,0,0,0,0
Cap_Phase1_60_Extra.mp4,3252,0,0,0,0,0,0,0
Cap_Phase1_60_Extra.mp4,3253,0,0,0,0,0,0,0
Cap_Phase1_60_Extra.mp4,3254,0,0,0,0,0,0,0
Cap_Phase1_60_Extra.mp4,3255,0,0,0,0,0,0,0
Cap_Phase1_60_Extra.mp4,3256,0,0,0,0,0,0,0
Cap_Phase1_60_Extra.mp4,3257,0,0,0,0,0,0,0
Cap_Phase1_60_Extra.mp4,3258,0,0,0,0,0,0,0
Cap_Phase1_60_Extra.mp4,3259,0,0,0,0,0,0,0
Cap_Phase1_60_Extra.mp4,3260,0,0,0,0,0,0,0
Cap_Phase1_60_Extra.mp4,3261,0,0,0,0,0,0,0
Cap_Phase1_60_Extra.mp4,3262,0,0,0,0,0,0,0
Cap_Phase1_60_Extra.mp4,3263,0,0,0,0,0,0,0
Cap_Phase1_60_Extra.mp4,3264,0,0,0,0,0,0,0
Cap_Phase1_60_Extra.mp4,3265,0,0,0,0,0,0,0
Cap_Phase1_60_Extra.mp4,3266,0,0,0,0,0,0,0
Cap_Phase1_60_Extra.mp4,3267,0,0,0,0,0,0,0
Cap_Phase1_60_Extra.mp4,3268,0,0,0,0,0,0,0
Cap_Phase1_60_Extra.mp4,3269,0,0,0,0,0,0,0
Cap_Phase1_60_Extra.mp4,3270,0,0,0,0,0,0,0
Cap_Phase1_60_Extra.mp4,3271,0,0,0,0,0,0,0
Cap_Phase1_60_Extra.mp4,3272,0,0,0,0,0,0,0
Cap_Phase1_60_Extra.mp4,3273,0,0,0,0,0,0,0
Cap_Phase1_60_Extra.mp4,3274,0,0,0,0,0,0,0
Cap_Phase1_60_Extra.mp4,3275,0,0,0,0,0,0,0
Cap_Phase1_60_Extra.mp4,3276,0,0,0,0,0,0,0
Cap_Phase1_60_Extra.mp4,3277,0,0,0,0,0,0,0
Cap_Phase1_60_Extra.mp4,3278,0,0,0,0,0,0,0
Cap_Phase1_60_Extra.mp4,3279,0,0,0,0,0,0,0
Cap_Phase1_60_Extra.mp4,3280,0,0,0,0,0,0,0
Cap_Phase1_60_Extra.mp4,3281,0,0,0,0,0,0,0
Cap_Phase1_60_Extra.mp4,3282,0,0,0,0,0,0,0
Cap_Phase1_60_Extra.mp4,3283,0,0,0,0,0,0,0
Cap_Phase1_60_Extra.mp4,3284,0,0,0,0,0,0,0
Cap_Phase1_60_Extra.mp4,3285,0,0,0,0,0,0,0
Cap_Phase1_60_Extra.mp4,3286,0,0,0,0,0,0,0
Cap_Phase1_60_Extra.mp4,3287,0,0,0,0,0,0,0
Cap_Phase1_60_Extra.mp4,3288,0,0,0,0,0,0,0
Cap_Phase1_60_Extra.mp4,3289,0,0,0,0,0,0,0
Cap_Phase1_60_Extra.mp4,3290,0,0,0,0,0,0,0
Cap_Phase1_60_Extra.mp4,3291,0,0,0,0,0,0,0
Cap_Phase1_60_Extra.mp4,3292,0,0,0,0,0,0,0
Cap_Phase1_60_Extra.mp4,3293,0,0,0,0,0,0,0
Cap_Phase1_60_Extra.mp4,3294,0,0,0,0,0,0,0
Cap_Phase1_60_Extra.mp4,3295,0,0,0,0,0,0,0
Cap_Phase1_60_Extra.mp4,3296,0,0,0,0,0,0,0
Cap_Phase1_60_Extra.mp4,3297,0,0,0,0,0,0,0
Cap_Phase1_60_Extra.mp4,3298,0,0,0,0,0,0,0
Cap_Phase1_60_Extra.mp4,3299,0,0,0,0,0,0,0
Cap_Phase1_60_Extra.mp4,3300,0,0,0,0,0,0,0
Cap_Phase1_60_Extra.mp4,3301,0,0,0,0,0,0,0
Cap_Phase1_60_Extra.mp4,3302,0,0,0,0,0,0,0
Cap_Phase1_60_Extra.mp4,3303,0,0,0,0,0,0,0
Cap_Phase1_60_Extra.mp4,3304,0,0,0,0,0,0,0
Cap_Phase1_60_Extra.mp4,3305,0,0,0,0,0,0,0
Cap_Phase1_60_Extra.mp4,3306,0,0,0,0,0,0,0
Cap_Phase1_60_Extra.mp4,3307,0,0,0,0,0,0,0
Cap_Phase1_60_Extra.mp4,3308,0,0,0,0,0,0,0
Cap_Phase1_60_Extra.mp4,3309,0,0,0,0,0,0,0
Cap_Phase1_60_Extra.mp4,3310,0,0,0,0,0,0,0
Cap_Phase1_60_Extra.mp4,3311,0,0,0,0,0,0,0
Cap_Phase1_60_Extra.mp4,3312,0,0,0,0,0,0,0
Cap_Phase1_60_Extra.mp4,3313,0,0,0,0,0,0,0
Cap_Phase1_60_Extra.mp4,3314,0,0,0,0,0,0,0
Cap_Phase1_60_Extra.mp4,3315,0,0,0,0,0,0,0
Cap_Phase1_60_Extra.mp4,3316,0,0,0,0,0,0,0
Cap_Phase1_60_Extra.mp4,3317,0,0,0,0,0,0,0
Cap_Phase1_60_Extra.mp4,3318,0,0,0,0,0,0,0
Cap_Phase1_60_Extra.mp4,3319,0,0,0,0,0,0,0
Cap_Phase1_60_Extra.mp4,3320,0,0,0,0,0,0,0
Cap_Phase1_60_Extra.mp4,3321,0,0,0,0,0,0,0
Cap_Phase1_60_Extra.mp4,3322,0,0,0,0,0,0,0
Cap_Phase1_60_Extra.mp4,3323,0,0,0,0,0,0,0
Cap_Phase1_60_Extra.mp4,3324,0,0,0,0,0,0,0
Cap_Phase1_60_Extra.mp4,3325,0,0,0,0,0,0,0
Cap_Phase1_60_Extra.mp4,3326,0,0,0,0,0,0,0
Cap_Phase1_60_Extra.mp4,3327,0,0,0,0,0,0,0
Cap_Phase1_60_Extra.mp4,3328,0,0,0,0,0,0,0
Cap_Phase1_60_Extra.mp4,3329,0,0,0,0,0,0,0
Cap_Phase1_60_Extra.mp4,3330,0,0,0,0,0,0,0
Cap_Phase1_60_Extra.mp4,3331,0,0,0,0,0,0,0
Cap_Phase1_60_Extra.mp4,3332,0,0,0,0,0,0,0
Cap_Phase1_60_Extra.mp4,3333,0,0,0,0,0,0,0
Cap_Phase1_60_Extra.mp4,3334,0,0,0,0,0,0,0
Cap_Phase1_60_Extra.mp4,3335,0,0,0,0,0,0,0
Cap_Phase1_60_Extra.mp4,3336,0,0,0,0,0,0,0
Cap_Phase1_60_Extra.mp4,3337,0,0,0,0,0,0,0
Cap_Phase1_60_Extra.mp4,3338,0,0,0,0,0,0,0
Cap_Phase1_60_Extra.mp4,3339,0,0,0,0,0,0,0
Cap_Phase1_60_Extra.mp4,3340,0,0,0,0,0,0,0
Cap_Phase1_60_Extra.mp4,3341,0,0,0,0,0,0,0
Cap_Phase1_60_Extra.mp4,3342,0,0,0,0,0,0,0
Cap_Phase1_60_Extra.mp4,3343,0,0,0,0,0,0,0
Cap_Phase1_60_Extra.mp4,3344,0,0,0,0,0,0,0
Cap_Phase1_60_Extra.mp4,3345,0,0,0,0,0,0,0
Cap_Phase1_60_Extra.mp4,3346,0,0,0,0,0,0,0
Cap_Phase1_60_Extra.mp4,3347,0,0,0,0,0,0,0
Cap_Phase1_60_Extra.mp4,3348,0,0,0,0,0,0,0
Cap_Phase1_60_Extra.mp4,3349,0,0,0,0,0,0,0
Cap_Phase1_60_Extra.mp4,3350,0,0,0,0,0,0,0
Cap_Phase1_60_Extra.mp4,3351,0,0,0,0,0,0,0
Cap_Phase1_60_Extra.mp4,3352,0,0,0,0,0,0,0
Cap_Phase1_60_Extra.mp4,3353,0,0,0,0,0,0,0
Cap_Phase1_60_Extra.mp4,3354,0,0,0,0,0,0,0
Cap_Phase1_60_Extra.mp4,3355,0,0,0,0,0,0,0
Cap_Phase1_60_Extra.mp4,3356,0,0,0,0,0,0,0
Cap_Phase1_60_Extra.mp4,3357,0,0,0,0,0,0,0
Cap_Phase1_60_Extra.mp4,3358,0,0,0,0,0,0,0
Cap_Phase1_60_Extra.mp4,3359,0,0,0,0,0,0,0
Cap_Phase1_60_Extra.mp4,3360,0,0,0,0,0,0,0
Cap_Phase1_60_Extra.mp4,3361,0,0,0,0,0,0,0
Cap_Phase1_60_Extra.mp4,3362,0,0,0,0,0,0,0
Cap_Phase1_60_Extra.mp4,3363,0,0,0,0,0,0,0
Cap_Phase1_60_Extra.mp4,3364,0,0,0,0,0,0,0
Cap_Phase1_60_Extra.mp4,3365,0,0,0,0,0,0,0
Cap_Phase1_60_Extra.mp4,3366,0,0,0,0,0,0,0
Cap_Phase1_60_Extra.mp4,3367,0,0,0,0,0,0,0
Cap_Phase1_60_Extra.mp4,3368,0,0,0,0,0,0,0
Cap_Phase1_60_Extra.mp4,3369,0,0,0,0,0,0,0
Cap_Phase1_60_Extra.mp4,3370,0,0,0,0,0,0,0
Cap_Phase1_60_Extra.mp4,3371,0,0,0,0,0,0,0
Cap_Phase1_60_Extra.mp4,3372,0,0,0,0,0,0,0
Cap_Phase1_60_Extra.mp4,3373,0,0,0,0,0,0,0
Cap_Phase1_60_Extra.mp4,3374,0,0,0,0,0,0,0
Cap_Phase1_60_Extra.mp4,3375,0,0,0,0,0,0,0
Cap_Phase1_60_Extra.mp4,3376,0,0,0,0,0,0,0
Cap_Phase1_60_Extra.mp4,3377,0,0,0,0,0,0,0
Cap_Phase1_100_L.mp4,83,0,0,0,0,0,0,0
Cap_Phase1_100_L.mp4,84,0,0,0,0,0,0,0
Cap_Phase1_100_L.mp4,85,0,0,0,0,0,0,0
Cap_Phase1_100_L.mp4,86,0,0,0,0,0,0,0
Cap_Phase1_100_L.mp4,87,0,0,0,0,0,0,0
Cap_Phase1_100_L.mp4,88,0,0,0,0,0,0,0
Cap_Phase1_100_L.mp4,89,0,0,0,0,0,0,0
Cap_Phase1_100_L.mp4,90,0,0,0,0,0,0,0
Cap_Phase1_100_L.mp4,91,0,0,0,0,0,0,0
Cap_Phase1_100_L.mp4,92,0,0,0,0,0,0,0
Cap_Phase1_100_L.mp4,93,0,0,0,0,0,0,0
Cap_Phase1_100_L.mp4,94,0,0,0,0,0,0,0
Cap_Phase1_100_L.mp4,95,0,0,0,0,0,0,0
Cap_Phase1_100_L.mp4,96,0,0,0,0,0,0,0
Cap_Phase1_100_L.mp4,97,0,0,0,0,0,0,0
Cap_Phase1_100_L.mp4,98,0,0,0,0,0,0,0
Cap_Phase1_100_L.mp4,99,0,0,0,0,0,0,0
Cap_Phase1_100_L.mp4,100,0,0,0,0,0,0,0
Cap_Phase1_100_L.mp4,101,0,0,0,0,0,0,0
Cap_Phase1_100_L.mp4,102,0,0,0,0,0,0,0
Cap_Phase1_100_L.mp4,103,0,0,0,0,0,0,0
Cap_Phase1_100_L.mp4,104,0,0,0,0,0,0,0
Cap_Phase1_100_L.mp4,105,0,0,0,0,0,0,0
Cap_Phase1_100_L.mp4,106,0,0,0,0,0,0,0
Cap_Phase1_100_L.mp4,107,0,0,0,0,0,0,0
Cap_Phase1_100_L.mp4,108,0,0,0,0,0,0,0
Cap_Phase1_100_L.mp4,109,0,0,0,0,0,0,0
Cap_Phase1_100_L.mp4,110,0,0,0,0,0,0,0
Cap_Phase1_100_L.mp4,111,0,0,0,0,0,0,0
Cap_Phase1_100_L.mp4,112,0,0,0,0,0,0,0
Cap_Phase1_100_L.mp4,113,0,0,0,0,0,0,0
Cap_Phase1_100_L.mp4,114,0,0,0,0,0,0,0
Cap_Phase1_100_L.mp4,115,0,0,0,0,0,0,0
Cap_Phase1_100_L.mp4,116,0,0,0,0,0,0,0
Cap_Phase1_100_L.mp4,117,0,0,0,0,0,0,0
Cap_Phase1_100_L.mp4,118,0,0,0,0,0,0,0
Cap_Phase1_100_L.mp4,119,0,0,0,0,0,0,0
Cap_Phase1_100_L.mp4,120,0,0,0,0,0,0,0
Cap_Phase1_100_L.mp4,121,0,0,0,0,0,0,0
Cap_Phase1_100_L.mp4,122,0,0,0,0,0,0,0
Cap_Phase1_100_L.mp4,123,0,0,0,0,0,0,0
Cap_Phase1_100_L.mp4,124,0,0,0,0,0,0,0
Cap_Phase1_100_L.mp4,125,0,0,0,0,0,0,0
Cap_Phase1_100_L.mp4,126,0,0,0,0,0,0,0
Cap_Phase1_100_L.mp4,127,0,0,0,0,0,0,0
Cap_Phase1_100_L.mp4,128,0,0,0,0,0,0,0
Cap_Phase1_100_L.mp4,129,0,0,0,0,0,0,0
Cap_Phase1_100_L.mp4,130,0,0,0,0,0,0,0
Cap_Phase1_100_L.mp4,131,0,0,0,0,0,0,0
Cap_Phase1_100_L.mp4,132,0,0,0,0,0,0,0
Cap_Phase1_100_L.mp4,133,0,0,0,0,0,0,0
Cap_Phase1_100_L.mp4,134,0,0,0,0,0,0,0
Cap_Phase1_100_L.mp4,135,0,0,0,0,0,0,0
Cap_Phase1_100_L.mp4,136,0,0,0,0,0,0,0
Cap_Phase1_100_L.mp4,137,0,0,0,0,0,0,0
Cap_Phase1_100_L.mp4,138,0,0,0,0,0,0,0
Cap_Phase1_100_L.mp4,139,0,0,0,0,0,0,0
Cap_Phase1_100_L.mp4,140,0,0,0,0,0,0,0
Cap_Phase1_100_L.mp4,141,0,0,0,0,0,0,0
Cap_Phase1_100_L.mp4,142,0,0,0,0,0,0,0
Cap_Phase1_100_L.mp4,143,0,0,0,0,0,0,0
Cap_Phase1_100_L.mp4,144,0,0,0,0,0,0,0
Cap_Phase1_100_L.mp4,145,0,0,0,0,0,0,0
Cap_Phase1_100_L.mp4,146,0,0,0,0,0,0,0
Cap_Phase1_100_L.mp4,147,0,0,0,0,0,0,0
Cap_Phase1_100_L.mp4,148,0,0,0,0,0,0,0
Cap_Phase1_100_L.mp4,149,0,0,0,0,0,0,0
Cap_Phase1_100_L.mp4,150,0,0,0,0,0,0,0
Cap_Phase1_100_L.mp4,151,0,0,0,0,0,0,0
Cap_Phase1_100_L.mp4,152,0,0,0,0,0,0,0
Cap_Phase1_100_L.mp4,153,0,0,0,0,0,0,0
Cap_Phase1_100_L.mp4,154,0,0,0,0,0,0,0
Cap_Phase1_100_L.mp4,155,0,0,0,0,0,0,0
Cap_Phase1_100_L.mp4,156,0,0,0,0,0,0,0
Cap_Phase1_100_L.mp4,157,0,0,0,0,0,0,0
Cap_Phase1_100_L.mp4,158,0,0,0,0,0,0,0
Cap_Phase1_100_L.mp4,159,0,0,0,0,0,0,0
Cap_Phase1_100_L.mp4,160,0,0,0,0,0,0,0
Cap_Phase1_100_L.mp4,161,0,0,0,0,0,0,0
Cap_Phase1_100_L.mp4,162,0,0,0,0,0,0,0
Cap_Phase1_100_L.mp4,163,0,0,0,0,0,0,0
Cap_Phase1_100_L.mp4,164,0,0,0,0,0,0,0
Cap_Phase1_100_L.mp4,165,0,0,0,0,0,0,0
Cap_Phase1_100_L.mp4,166,0,0,0,0,0,0,0
Cap_Phase1_100_L.mp4,167,0,0,0,0,0,0,0
Cap_Phase1_100_L.mp4,168,0,0,0,0,0,0,0
Cap_Phase1_100_L.mp4,169,0,0,0,0,0,0,0
Cap_Phase1_100_L.mp4,170,0,0,0,0,0,0,0
Cap_Phase1_100_L.mp4,171,0,0,0,0,0,0,0
Cap_Phase1_100_L.mp4,172,0,0,0,0,0,0,0
Cap_Phase1_100_L.mp4,173,0,0,0,0,0,0,0
Cap_Phase1_100_L.mp4,174,0,0,0,0,0,0,0
Cap_Phase1_100_L.mp4,175,0,0,0,0,0,0,0
Cap_Phase1_100_L.mp4,176,0,0,0,0,0,0,0
Cap_Phase1_100_L.mp4,177,0,0,0,0,0,0,0
Cap_Phase1_100_L.mp4,178,0,0,0,0,0,0,0
Cap_Phase1_100_L.mp4,179,0,0,0,0,0,0,0
Cap_Phase1_100_L.mp4,180,0,0,0,0,0,0,0
Cap_Phase1_100_L.mp4,181,0,0,0,0,0,0,0
Cap_Phase1_100_L.mp4,182,0,0,0,0,0,0,0
Cap_Phase1_100_L.mp4,183,0,0,0,0,0,0,0
Cap_Phase1_100_L.mp4,184,0,0,0,0,0,0,0
Cap_Phase1_100_L.mp4,185,0,0,0,0,0,0,0
Cap_Phase1_100_L.mp4,186,0,0,0,0,0,0,0
Cap_Phase1_100_L.mp4,187,0,0,0,0,0,0,0
Cap_Phase1_100_L.mp4,188,0,0,0,0,0,0,0
Cap_Phase1_100_L.mp4,189,0,0,0,0,0,0,0
Cap_Phase1_100_L.mp4,190,0,0,0,0,0,0,0
Cap_Phase1_100_L.mp4,191,0,0,0,0,0,0,0
Cap_Phase1_100_L.mp4,192,0,0,0,0,0,0,0
Cap_Phase1_100_L.mp4,193,0,0,0,0,0,0,0
Cap_Phase1_100_L.mp4,194,0,0,0,0,0,0,0
Cap_Phase1_100_L.mp4,195,0,0,0,0,0,0,0
Cap_Phase1_100_L.mp4,196,0,0,0,0,0,0,0
Cap_Phase1_100_L.mp4,197,0,0,0,0,0,0,0
Cap_Phase1_100_L.mp4,198,0,0,0,0,0,0,0
Cap_Phase1_100_L.mp4,199,0,0,0,0,0,0,0
Cap_Phase1_100_L.mp4,200,0,0,0,0,0,0,0
Cap_Phase1_100_L.mp4,201,0,0,0,0,0,0,0
Cap_Phase1_100_L.mp4,202,0,0,0,0,0,0,0
Cap_Phase1_100_L.mp4,203,0,0,0,0,0,0,0
Cap_Phase1_100_L.mp4,204,0,0,0,0,0,0,0
Cap_Phase1_100_L.mp4,205,0,0,0,0,0,0,0
Cap_Phase1_100_L.mp4,206,0,0,0,0,0,0,0
Cap_Phase1_100_L.mp4,207,0,0,0,0,0,0,0
Cap_Phase1_100_L.mp4,208,0,0,0,0,0,0,0
Cap_Phase1_100_L.mp4,209,0,0,0,0,0,0,0
Cap_Phase1_100_L.mp4,210,0,0,0,0,0,0,0
Cap_Phase1_100_L.mp4,211,0,0,0,0,0,0,0
Cap_Phase1_100_L.mp4,212,0,0,0,0,0,0,0
Cap_Phase1_100_L.mp4,213,0,0,0,0,0,0,0
Cap_Phase1_100_L.mp4,214,0,0,0,0,0,0,0
Cap_Phase1_100_L.mp4,215,0,0,0,0,0,0,0
Cap_Phase1_100_L.mp4,216,0,0,0,0,0,0,0
Cap_Phase1_100_L.mp4,217,0,0,0,0,0,0,0
Cap_Phase1_100_L.mp4,218,0,0,0,0,0,0,0
Cap_Phase1_100_L.mp4,219,0,0,0,0,0,0,0
Cap_Phase1_100_L.mp4,220,0,0,0,0,0,0,0
Cap_Phase1_100_L.mp4,221,0,0,0,0,0,0,0
Cap_Phase1_100_L.mp4,222,0,0,0,0,0,0,0
Cap_Phase1_100_L.mp4,223,0,0,0,0,0,0,0
Cap_Phase1_100_L.mp4,224,0,0,0,0,0,0,0
Cap_Phase1_100_L.mp4,225,0,0,0,0,0,0,0
Cap_Phase1_100_L.mp4,226,0,0,0,0,0,0,0
Cap_Phase1_100_L.mp4,227,0,0,0,0,0,0,0
Cap_Phase1_100_L.mp4,228,0,0,0,0,0,0,0
Cap_Phase1_100_L.mp4,229,0,0,0,0,0,0,0
Cap_Phase1_100_L.mp4,230,0,0,0,0,0,0,0
Cap_Phase1_100_L.mp4,231,0,0,0,0,0,0,0
Cap_Phase1_100_L.mp4,232,0,0,0,0,0,0,0
Cap_Phase1_100_L.mp4,233,0,0,0,0,0,0,0
Cap_Phase1_100_L.mp4,234,0,0,0,0,0,0,0
Cap_Phase1_100_L.mp4,235,0,0,0,0,0,0,0
Cap_Phase1_100_L.mp4,236,0,0,0,0,0,0,0
Cap_Phase1_100_L.mp4,237,0,0,0,0,0,0,0
Cap_Phase1_100_L.mp4,238,0,0,0,0,0,0,0
Cap_Phase1_100_L.mp4,239,0,0,0,0,0,0,0
Cap_Phase1_100_L.mp4,240,0,0,0,0,0,0,0
Cap_Phase1_100_L.mp4,241,0,0,0,0,0,0,0
Cap_Phase1_100_L.mp4,242,0,0,0,0,0,0,0
Cap_Phase1_100_L.mp4,243,0,0,0,0,0,0,0
Cap_Phase1_100_L.mp4,244,0,0,0,0,0,0,0
Cap_Phase1_100_L.mp4,245,0,0,0,0,0,0,0
Cap_Phase1_100_L.mp4,246,0,0,0,0,0,0,0
Cap_Phase1_100_L.mp4,247,0,0,0,0,0,0,0
Cap_Phase1_100_L.mp4,248,0,0,0,0,0,0,0
Cap_Phase1_100_L.mp4,249,0,0,0,0,0,0,0
Cap_Phase1_100_L.mp4,250,0,0,0,0,0,0,0
Cap_Phase1_100_L.mp4,251,0,0,0,0,0,0,0
Cap_Phase1_100_L.mp4,252,0,0,0,0,0,0,0
Cap_Phase1_100_L.mp4,253,0,0,0,0,0,0,0
Cap_Phase1_100_L.mp4,254,0,0,0,0,0,0,0
Cap_Phase1_100_L.mp4,255,0,0,0,0,0,0,0
Cap_Phase1_100_L.mp4,256,0,0,0,0,0,0,0
Cap_Phase1_100_L.mp4,257,0,0,0,0,0,0,0
Cap_Phase1_100_L.mp4,258,0,0,0,0,0,0,0
Cap_Phase1_100_L.mp4,259,0,0,0,0,0,0,0
Cap_Phase1_100_L.mp4,260,0,0,0,0,0,0,0
Cap_Phase1_100_L.mp4,261,0,0,0,0,0,0,0
Cap_Phase1_100_L.mp4,262,0,0,0,0,0,0,0
Cap_Phase1_100_L.mp4,263,0,0,0,0,0,0,0
Cap_Phase1_100_L.mp4,264,0,0,0,0,0,0,0
Cap_Phase1_100_L.mp4,265,0,0,0,0,0,0,0
Cap_Phase1_100_L.mp4,266,0,0,0,0,0,0,0
Cap_Phase1_100_L.mp4,267,0,0,0,0,0,0,0
Cap_Phase1_100_L.mp4,268,0,0,0,0,0,0,0
Cap_Phase1_100_L.mp4,269,0,0,0,0,0,0,0
Cap_Phase1_100_L.mp4,270,0,0,0,0,0,0,0
Cap_Phase1_100_L.mp4,271,0,0,0,0,0,0,0
Cap_Phase1_100_L.mp4,272,0,0,0,0,0,0,0
Cap_Phase1_100_L.mp4,273,0,0,0,0,0,0,0
Cap_Phase1_100_L.mp4,274,0,0,0,0,0,0,0
Cap_Phase1_100_L.mp4,275,0,0,0,0,0,0,0
Cap_Phase1_100_L.mp4,276,0,0,0,0,0,0,0
Cap_Phase1_100_L.mp4,277,0,0,0,0,0,0,0
Cap_Phase1_100_L.mp4,278,0,0,0,0,0,0,0
Cap_Phase1_100_L.mp4,279,0,0,0,0,0,0,0
Cap_Phase1_100_L.mp4,280,0,0,0,0,0,0,0
Cap_Phase1_100_L.mp4,281,0,0,0,0,0,0,0
Cap_Phase1_100_L.mp4,282,0,0,0,0,0,0,0
Cap_Phase1_100_L.mp4,283,0,0,0,0,0,0,0
Cap_Phase1_100_L.mp4,284,0,0,0,0,0,0,0
Cap_Phase1_100_L.mp4,285,0,0,0,0,0,0,0
Cap_Phase1_100_L.mp4,286,0,0,0,0,0,0,0
Cap_Phase1_100_L.mp4,287,0,0,0,0,0,0,0
Cap_Phase1_100_L.mp4,288,0,0,0,0,0,0,0
Cap_Phase1_100_L.mp4,289,0,0,0,0,0,0,0
Cap_Phase1_100_L.mp4,290,0,0,0,0,0,0,0
Cap_Phase1_100_L.mp4,291,0,0,0,0,0,0,0
Cap_Phase1_100_L.mp4,292,0,0,0,0,0,0,0
Cap_Phase1_100_L.mp4,293,0,0,0,0,0,0,0
Cap_Phase1_100_L.mp4,294,0,0,0,0,0,0,0
Cap_Phase1_100_L.mp4,295,0,0,0,0,0,0,0
Cap_Phase1_100_L.mp4,296,0,0,0,0,0,0,0
Cap_Phase1_100_L.mp4,297,0,0,0,0,0,0,0
Cap_Phase1_100_L.mp4,298,0,0,0,0,0,0,0
Cap_Phase1_100_L.mp4,299,0,0,0,0,0,0,0
Cap_Phase1_100_L.mp4,300,0,0,0,0,0,0,0
Cap_Phase1_100_L.mp4,301,0,0,0,0,0,0,0
Cap_Phase1_100_L.mp4,302,0,0,0,0,0,0,0
Cap_Phase1_100_L.mp4,303,0,0,0,0,0,0,0
Cap_Phase1_100_L.mp4,304,0,0,0,0,0,0,0
Cap_Phase1_100_L.mp4,305,0,0,0,0,0,0,0
Cap_Phase1_100_L.mp4,306,0,0,0,0,0,0,0
Cap_Phase1_100_L.mp4,307,0,0,0,0,0,0,0
Cap_Phase1_100_L.mp4,308,0,0,0,0,0,0,0
Cap_Phase1_100_L.mp4,309,0,0,0,0,0,0,0
Cap_Phase1_100_L.mp4,310,0,0,0,0,0,0,0
Cap_Phase1_100_L.mp4,311,0,0,0,0,0,0,0
Cap_Phase1_100_L.mp4,312,0,0,0,0,0,0,0
Cap_Phase1_100_L.mp4,313,0,0,0,0,0,0,0
Cap_Phase1_100_L.mp4,314,0,0,0,0,0,0,0
Cap_Phase1_100_L.mp4,315,0,0,0,0,0,0,0
Cap_Phase1_100_L.mp4,316,0,0,0,0,0,0,0
Cap_Phase1_100_L.mp4,317,0,0,0,0,0,0,0
Cap_Phase1_100_L.mp4,318,0,0,0,0,0,0,0
Cap_Phase1_100_L.mp4,319,0,0,0,0,0,0,0
Cap_Phase1_100_L.mp4,320,0,0,0,0,0,0,0
Cap_Phase1_100_L.mp4,321,0,0,0,0,0,0,0
Cap_Phase1_100_L.mp4,322,0,0,0,0,0,0,0
Cap_Phase1_100_L.mp4,323,0,0,0,0,0,0,0
Cap_Phase1_100_L.mp4,324,0,0,0,0,0,0,0
Cap_Phase1_100_L.mp4,325,0,0,0,0,0,0,0
Cap_Phase1_100_L.mp4,326,0,0,0,0,0,0,0
Cap_Phase1_100_L.mp4,327,0,0,0,0,0,0,0
Cap_Phase1_100_L.mp4,328,0,0,0,0,0,0,0
Cap_Phase1_100_L.mp4,329,0,0,0,0,0,0,0
Cap_Phase1_100_L.mp4,330,0,0,0,0,0,0,0
Cap_Phase1_100_L.mp4,331,0,0,0,0,0,0,0
Cap_Phase1_100_L.mp4,332,0,0,0,0,0,0,0
Cap_Phase1_100_L.mp4,333,0,0,0,0,0,0,0
Cap_Phase1_100_L.mp4,334,0,0,0,0,0,0,0
Cap_Phase1_100_L.mp4,335,0,0,0,0,0,0,0
Cap_Phase1_100_L.mp4,336,0,0,0,0,0,0,0
Cap_Phase1_100_L.mp4,337,0,0,0,0,0,0,0
Cap_Phase1_100_L.mp4,338,0,0,0,0,0,0,0
Cap_Phase1_100_L.mp4,339,0,0,0,0,0,0,0
Cap_Phase1_100_L.mp4,340,0,0,0,0,0,0,0
Cap_Phase1_100_L.mp4,341,0,0,0,0,0,0,0
Cap_Phase1_100_L.mp4,342,0,0,0,0,0,0,0
Cap_Phase1_100_L.mp4,343,0,0,0,0,0,0,0
Cap_Phase1_100_L.mp4,344,0,0,0,0,0,0,0
Cap_Phase1_100_L.mp4,345,0,0,0,0,0,0,0
Cap_Phase1_100_L.mp4,346,0,0,0,0,0,0,0
Cap_Phase1_100_L.mp4,347,0,0,0,0,0,0,0
Cap_Phase1_100_L.mp4,348,0,0,0,0,0,0,0
Cap_Phase1_100_L.mp4,349,0,0,0,0,0,0,0
Cap_Phase1_100_L.mp4,350,0,0,0,0,0,0,0
Cap_Phase1_100_L.mp4,351,0,0,0,0,0,0,0
Cap_Phase1_100_L.mp4,352,0,0,0,0,0,0,0
Cap_Phase1_100_L.mp4,353,0,0,0,0,0,0,0
Cap_Phase1_100_L.mp4,354,0,0,0,0,0,0,0
Cap_Phase1_100_L.mp4,355,0,0,0,0,0,0,0
Cap_Phase1_100_L.mp4,356,0,0,0,0,0,0,0
Cap_Phase1_100_L.mp4,357,0,0,0,0,0,0,0
Cap_Phase1_100_L.mp4,358,0,0,0,0,0,0,0
Cap_Phase1_100_L.mp4,359,0,0,0,0,0,0,0
Cap_Phase1_100_L.mp4,360,0,0,0,0,0,0,0
Cap_Phase1_100_L.mp4,361,0,0,0,0,0,0,0
Cap_Phase1_100_L.mp4,362,0,0,0,0,0,0,0
Cap_Phase1_100_L.mp4,363,0,0,0,0,0,0,0
Cap_Phase1_100_L.mp4,364,0,0,0,0,0,0,0
Cap_Phase1_100_L.mp4,365,0,0,0,0,0,0,0
Cap_Phase1_100_L.mp4,366,0,0,0,0,0,0,0
Cap_Phase1_100_L.mp4,367,0,0,0,0,0,0,0
Cap_Phase1_100_L.mp4,368,0,0,0,0,0,0,0
Cap_Phase1_100_L.mp4,369,0,0,0,0,0,0,0
Cap_Phase1_100_L.mp4,370,0,0,0,0,0,0,0
Cap_Phase1_100_L.mp4,371,0,0,0,0,0,0,0
Cap_Phase1_100_L.mp4,372,0,0,0,0,0,0,0
Cap_Phase1_100_L.mp4,373,0,0,0,0,0,0,0
Cap_Phase1_100_L.mp4,374,0,0,0,0,0,0,0
Cap_Phase1_100_L.mp4,375,0,0,0,0,0,0,0
Cap_Phase1_100_L.mp4,376,0,0,0,0,0,0,0
Cap_Phase1_100_L.mp4,377,0,0,0,0,0,0,0
Cap_Phase1_100_L.mp4,378,0,0,0,0,0,0,0
Cap_Phase1_100_L.mp4,379,0,0,0,0,0,0,0
Cap_Phase1_100_L.mp4,380,0,0,0,0,0,0,0
Cap_Phase1_100_L.mp4,381,0,0,0,0,0,0,0
Cap_Phase1_100_L.mp4,382,0,0,0,0,0,0,0
Cap_Phase1_100_L.mp4,383,0,0,0,0,0,0,0
Cap_Phase1_100_L.mp4,384,0,0,0,0,0,0,0
Cap_Phase1_100_L.mp4,385,0,0,0,0,0,0,0
Cap_Phase1_100_L.mp4,386,1,0,0,0,0,0,0
Cap_Phase1_100_L.mp4,387,1,1,0,0,0,0,0
Cap_Phase1_100_L.mp4,388,1,1,0,0,0,0,0
Cap_Phase1_100_L.mp4,389,1,1,0,0,0,0,0
Cap_Phase1_100_L.mp4,390,1,0,0,0,0,0,0
Cap_Phase1_100_L.mp4,391,1,0,0,0,0,0,0
Cap_Phase1_100_L.mp4,392,1,1,0,0,0,0,0
Cap_Phase1_100_L.mp4,393,1,0,0,0,0,0,0
Cap_Phase1_100_L.mp4,394,1,0,0,0,0,0,0
Cap_Phase1_100_L.mp4,395,1,0,0,0,0,0,0
Cap_Phase1_100_L.mp4,396,1,0,0,0,0,0,0
Cap_Phase1_100_L.mp4,397,1,0,0,0,0,0,0
Cap_Phase1_100_L.mp4,398,0,0,0,0,0,0,0
Cap_Phase1_100_L.mp4,399,0,0,0,0,0,0,0
Cap_Phase1_100_L.mp4,400,0,0,0,0,0,0,0
Cap_Phase1_100_L.mp4,401,0,0,0,0,0,0,0
Cap_Phase1_100_L.mp4,402,0,0,0,0,0,0,0
Cap_Phase1_100_L.mp4,403,0,0,0,0,0,0,0
Cap_Phase1_100_L.mp4,404,0,0,0,0,0,0,0
Cap_Phase1_100_L.mp4,405,0,0,0,0,0,0,0
Cap_Phase1_100_L.mp4,406,0,0,0,0,0,0,0
Cap_Phase1_100_L.mp4,407,0,0,0,0,0,0,0
Cap_Phase1_100_L.mp4,408,0,0,0,0,0,0,0
Cap_Phase1_100_L.mp4,409,0,0,0,0,0,0,0
Cap_Phase1_100_L.mp4,410,0,0,0,0,0,0,0
Cap_Phase1_100_L.mp4,411,0,0,0,0,0,0,0
Cap_Phase1_100_L.mp4,412,0,0,0,0,0,0,0
Cap_Phase1_100_L.mp4,413,0,0,0,0,0,0,0
Cap_Phase1_100_L.mp4,414,0,0,0,0,0,0,0
Cap_Phase1_100_L.mp4,415,1,1,0,0,0,0,0
Cap_Phase1_100_L.mp4,416,1,1,0,0,0,0,0
Cap_Phase1_100_L.mp4,417,1,1,0,0,0,0,0
Cap_Phase1_100_L.mp4,418,1,1,0,0,0,0,0
Cap_Phase1_100_L.mp4,419,1,0,0,0,0,0,0
Cap_Phase1_100_L.mp4,420,1,0,0,0,0,0,0
Cap_Phase1_100_L.mp4,421,1,0,0,0,0,0,0
Cap_Phase1_100_L.mp4,422,1,0,0,0,0,0,0
Cap_Phase1_100_L.mp4,423,1,0,0,0,0,0,0
Cap_Phase1_100_L.mp4,424,1,1,0,0,0,0,0
Cap_Phase1_100_L.mp4,425,1,1,0,0,0,0,0
Cap_Phase1_100_L.mp4,426,1,1,0,0,0,0,0
Cap_Phase1_100_L.mp4,427,1,1,0,0,0,0,0
Cap_Phase1_100_L.mp4,428,1,1,0,0,0,0,0
Cap_Phase1_100_L.mp4,429,0,0,0,0,0,0,0
Cap_Phase1_100_L.mp4,430,0,0,0,0,0,0,0
Cap_Phase1_100_L.mp4,431,0,0,0,0,0,0,0
Cap_Phase1_100_L.mp4,432,0,0,0,0,0,0,0
Cap_Phase1_100_L.mp4,433,0,0,0,0,0,0,0
Cap_Phase1_100_L.mp4,434,0,0,0,0,0,0,0
Cap_Phase1_100_L.mp4,435,0,0,0,0,0,0,0
Cap_Phase1_100_L.mp4,436,0,0,0,0,0,0,0
Cap_Phase1_100_L.mp4,437,0,0,0,0,0,0,0
Cap_Phase1_100_L.mp4,438,0,0,0,0,0,0,0
Cap_Phase1_100_L.mp4,439,0,0,0,0,0,0,0
Cap_Phase1_100_L.mp4,440,0,0,0,0,0,0,0
Cap_Phase1_100_L.mp4,441,0,0,0,0,0,0,0
Cap_Phase1_100_L.mp4,442,0,0,0,0,0,0,0
Cap_Phase1_100_L.mp4,443,0,0,0,0,0,0,0
Cap_Phase1_100_L.mp4,444,0,0,0,0,0,0,0
Cap_Phase1_100_L.mp4,445,0,0,0,0,0,0,0
Cap_Phase1_100_L.mp4,446,0,0,0,0,0,0,0
Cap_Phase1_100_L.mp4,447,0,0,0,0,1,0,0
Cap_Phase1_100_L.mp4,448,1,0,0,0,0,0,0
Cap_Phase1_100_L.mp4,449,1,0,0,0,0,0,0
Cap_Phase1_100_L.mp4,450,1,0,0,0,0,0,0
Cap_Phase1_100_L.mp4,451,1,0,0,0,0,0,0
Cap_Phase1_100_L.mp4,452,1,0,0,0,0,0,0
Cap_Phase1_100_L.mp4,453,1,0,0,0,0,0,0
Cap_Phase1_100_L.mp4,454,1,0,0,0,0,0,0
Cap_Phase1_100_L.mp4,455,1,0,0,0,0,0,0
Cap_Phase1_100_L.mp4,456,1,0,0,0,0,0,0
Cap_Phase1_100_L.mp4,457,1,0,0,0,0,0,0
Cap_Phase1_100_L.mp4,458,1,1,0,0,0,0,0
Cap_Phase1_100_L.mp4,459,1,1,0,0,0,0,0
Cap_Phase1_100_L.mp4,460,0,0,0,0,0,0,0
Cap_Phase1_100_L.mp4,461,0,0,0,0,0,0,0
Cap_Phase1_100_L.mp4,462,0,0,0,0,0,0,0
Cap_Phase1_100_L.mp4,463,0,0,0,0,0,0,0
Cap_Phase1_100_L.mp4,464,0,0,0,0,0,0,0
Cap_Phase1_100_L.mp4,465,0,0,0,0,0,0,0
Cap_Phase1_100_L.mp4,466,0,0,0,0,0,0,0
Cap_Phase1_100_L.mp4,467,0,0,0,0,0,0,0
Cap_Phase1_100_L.mp4,468,0,0,0,0,0,0,0
Cap_Phase1_100_L.mp4,469,0,0,0,0,0,0,0
Cap_Phase1_100_L.mp4,470,0,0,0,0,0,0,0
Cap_Phase1_100_L.mp4,471,0,0,0,0,0,0,0
Cap_Phase1_100_L.mp4,472,0,0,0,0,0,0,0
Cap_Phase1_100_L.mp4,473,0,0,0,0,0,0,0
Cap_Phase1_100_L.mp4,474,0,0,0,0,0,0,0
Cap_Phase1_100_L.mp4,475,0,0,0,0,0,0,0
Cap_Phase1_100_L.mp4,476,0,0,0,0,0,0,0
Cap_Phase1_100_L.mp4,477,0,0,0,0,0,0,0
Cap_Phase1_100_L.mp4,478,0,0,0,0,0,0,0
Cap_Phase1_100_L.mp4,479,0,0,0,0,0,0,0
Cap_Phase1_100_L.mp4,480,0,0,0,0,0,0,0
Cap_Phase1_100_L.mp4,481,0,0,0,0,0,0,0
Cap_Phase1_100_L.mp4,482,0,0,0,0,0,0,0
Cap_Phase1_100_L.mp4,483,0,0,0,0,0,0,0
Cap_Phase1_100_L.mp4,484,0,1,1,0,0,0,0
Cap_Phase1_100_L.mp4,485,0,1,0,0,0,0,0
Cap_Phase1_100_L.mp4,486,0,1,1,0,0,0,0
Cap_Phase1_100_L.mp4,487,0,1,0,0,0,0,0
Cap_Phase1_100_L.mp4,488,0,1,1,0,0,0,0
Cap_Phase1_100_L.mp4,489,0,1,0,0,0,0,0
Cap_Phase1_100_L.mp4,490,0,1,0,0,0,0,0
Cap_Phase1_100_L.mp4,491,0,1,0,0,0,0,0
Cap_Phase1_100_L.mp4,492,0,1,0,0,0,0,0
Cap_Phase1_100_L.mp4,493,0,1,1,0,0,0,0
Cap_Phase1_100_L.mp4,494,0,1,1,0,0,0,0
Cap_Phase1_100_L.mp4,495,0,1,1,0,0,0,0
Cap_Phase1_100_L.mp4,496,0,1,1,0,0,0,0
Cap_Phase1_100_L.mp4,497,0,1,1,0,0,0,0
Cap_Phase1_100_L.mp4,498,0,0,0,0,0,0,0
Cap_Phase1_100_L.mp4,499,0,0,0,0,0,0,0
Cap_Phase1_100_L.mp4,500,0,0,0,0,0,0,0
Cap_Phase1_100_L.mp4,501,0,0,0,0,0,0,0
Cap_Phase1_100_L.mp4,502,0,0,0,0,0,0,0
Cap_Phase1_100_L.mp4,503,0,0,0,0,0,0,0
Cap_Phase1_100_L.mp4,504,0,0,0,0,0,0,0
Cap_Phase1_100_L.mp4,505,0,0,0,0,0,0,0
Cap_Phase1_100_L.mp4,506,0,0,0,0,0,0,0
Cap_Phase1_100_L.mp4,507,0,0,0,0,0,0,0
Cap_Phase1_100_L.mp4,508,0,0,0,0,0,0,0
Cap_Phase1_100_L.mp4,509,0,0,0,0,0,0,0
Cap_Phase1_100_L.mp4,510,0,0,0,0,0,0,0
Cap_Phase1_100_L.mp4,511,0,0,0,0,0,0,0
Cap_Phase1_100_L.mp4,512,0,0,0,0,0,0,0
Cap_Phase1_100_L.mp4,513,0,0,0,0,0,0,0
Cap_Phase1_100_L.mp4,514,0,0,0,0,0,0,0
Cap_Phase1_100_L.mp4,515,0,0,0,0,0,0,0
Cap_Phase1_100_L.mp4,516,0,0,0,0,0,0,0
Cap_Phase1_100_L.mp4,517,0,0,0,0,0,0,0
Cap_Phase1_100_L.mp4,518,0,0,0,0,0,0,0
Cap_Phase1_100_L.mp4,519,0,1,0,0,0,0,0
Cap_Phase1_100_L.mp4,520,0,1,0,0,0,0,0
Cap_Phase1_100_L.mp4,521,0,1,1,0,0,0,0
Cap_Phase1_100_L.mp4,522,0,1,1,0,0,0,0
Cap_Phase1_100_L.mp4,523,0,1,1,0,0,0,0
Cap_Phase1_100_L.mp4,524,0,1,1,0,0,0,0
Cap_Phase1_100_L.mp4,525,0,1,1,0,0,0,0
Cap_Phase1_100_L.mp4,526,0,1,1,0,0,0,0
Cap_Phase1_100_L.mp4,527,0,1,1,0,0,0,0
Cap_Phase1_100_L.mp4,528,0,1,1,0,0,0,0
Cap_Phase1_100_L.mp4,529,0,1,1,0,0,0,0
Cap_Phase1_100_L.mp4,530,0,1,1,0,0,0,0
Cap_Phase1_100_L.mp4,531,0,1,1,0,0,0,0
Cap_Phase1_100_L.mp4,532,0,1,0,0,0,0,0
Cap_Phase1_100_L.mp4,533,0,0,0,0,0,0,0
Cap_Phase1_100_L.mp4,534,0,0,0,0,0,0,0
Cap_Phase1_100_L.mp4,535,0,0,0,0,0,0,0
Cap_Phase1_100_L.mp4,536,0,0,0,0,0,0,0
Cap_Phase1_100_L.mp4,537,0,0,0,0,0,0,0
Cap_Phase1_100_L.mp4,538,0,0,0,0,0,0,0
Cap_Phase1_100_L.mp4,539,0,0,0,0,0,0,0
Cap_Phase1_100_L.mp4,540,0,0,0,0,0,0,0
Cap_Phase1_100_L.mp4,541,0,0,0,0,0,0,0
Cap_Phase1_100_L.mp4,542,0,0,0,0,0,0,0
Cap_Phase1_100_L.mp4,543,0,0,0,0,0,0,0
Cap_Phase1_100_L.mp4,544,0,0,0,0,0,0,0
Cap_Phase1_100_L.mp4,545,0,0,0,0,0,0,0
Cap_Phase1_100_L.mp4,546,0,0,0,0,0,0,0
Cap_Phase1_100_L.mp4,547,0,0,0,0,0,0,0
Cap_Phase1_100_L.mp4,548,0,0,0,0,0,0,0
Cap_Phase1_100_L.mp4,549,0,0,0,0,0,0,0
Cap_Phase1_100_L.mp4,550,0,0,0,0,0,0,0
Cap_Phase1_100_L.mp4,551,0,0,0,0,0,0,0
Cap_Phase1_100_L.mp4,552,0,0,0,0,0,0,0
Cap_Phase1_100_L.mp4,553,0,0,0,0,0,0,0
Cap_Phase1_100_L.mp4,554,0,0,1,0,0,0,0
Cap_Phase1_100_L.mp4,555,0,0,1,0,0,0,0
Cap_Phase1_100_L.mp4,556,0,0,1,0,0,0,0
Cap_Phase1_100_L.mp4,557,0,0,1,0,0,0,0
Cap_Phase1_100_L.mp4,558,0,0,1,0,0,0,0
Cap_Phase1_100_L.mp4,559,0,0,1,0,0,0,0
Cap_Phase1_100_L.mp4,560,0,0,1,0,0,0,0
Cap_Phase1_100_L.mp4,561,0,0,1,0,0,0,0
Cap_Phase1_100_L.mp4,562,0,1,1,0,0,0,0
Cap_Phase1_100_L.mp4,563,0,1,1,0,0,0,0
Cap_Phase1_100_L.mp4,564,0,0,1,0,0,0,0
Cap_Phase1_100_L.mp4,565,0,0,1,0,0,0,0
Cap_Phase1_100_L.mp4,566,0,0,1,0,0,0,0
Cap_Phase1_100_L.mp4,567,0,0,1,0,0,0,0
Cap_Phase1_100_L.mp4,568,0,0,0,0,0,0,0
Cap_Phase1_100_L.mp4,569,0,0,0,0,0,0,0
Cap_Phase1_100_L.mp4,570,0,0,0,0,0,0,0
Cap_Phase1_100_L.mp4,571,0,0,0,0,0,0,0
Cap_Phase1_100_L.mp4,572,0,0,0,0,0,0,0
Cap_Phase1_100_L.mp4,573,0,0,0,0,0,0,0
Cap_Phase1_100_L.mp4,574,0,0,0,0,0,0,0
Cap_Phase1_100_L.mp4,575,0,0,0,0,0,0,0
Cap_Phase1_100_L.mp4,576,0,0,0,0,0,0,0
Cap_Phase1_100_L.mp4,577,0,0,0,0,0,0,0
Cap_Phase1_100_L.mp4,578,0,0,0,0,0,0,0
Cap_Phase1_100_L.mp4,579,0,0,0,0,0,0,0
Cap_Phase1_100_L.mp4,580,0,0,0,0,0,0,0
Cap_Phase1_100_L.mp4,581,0,0,0,0,0,0,0
Cap_Phase1_100_L.mp4,582,0,0,0,0,0,0,0
Cap_Phase1_100_L.mp4,583,0,0,0,0,0,0,0
Cap_Phase1_100_L.mp4,584,0,0,0,0,0,0,0
Cap_Phase1_100_L.mp4,585,0,0,0,0,0,0,0
Cap_Phase1_100_L.mp4,586,0,0,0,0,0,0,0
Cap_Phase1_100_L.mp4,587,0,0,0,0,0,0,0
Cap_Phase1_100_L.mp4,588,0,0,0,0,0,0,0
Cap_Phase1_100_L.mp4,589,0,0,1,0,0,0,0
Cap_Phase1_100_L.mp4,590,0,0,1,0,0,0,0
Cap_Phase1_100_L.mp4,591,0,0,1,0,0,0,0
Cap_Phase1_100_L.mp4,592,0,0,1,0,0,0,0
Cap_Phase1_100_L.mp4,593,0,0,1,0,0,0,0
Cap_Phase1_100_L.mp4,594,0,0,1,0,0,0,0
Cap_Phase1_100_L.mp4,595,0,0,1,0,0,0,0
Cap_Phase1_100_L.mp4,596,0,0,1,0,0,0,0
Cap_Phase1_100_L.mp4,597,0,0,1,0,0,0,0
Cap_Phase1_100_L.mp4,598,0,0,1,0,0,0,0
Cap_Phase1_100_L.mp4,599,0,0,1,0,0,0,0
Cap_Phase1_100_L.mp4,600,0,0,1,0,0,0,0
Cap_Phase1_100_L.mp4,601,0,0,0,0,0,0,0
Cap_Phase1_100_L.mp4,602,0,0,0,0,0,0,0
Cap_Phase1_100_L.mp4,603,0,0,0,0,0,0,0
Cap_Phase1_100_L.mp4,604,0,0,0,0,0,0,0
Cap_Phase1_100_L.mp4,605,0,0,0,0,0,0,0
Cap_Phase1_100_L.mp4,606,0,0,0,0,0,0,0
Cap_Phase1_100_L.mp4,607,0,0,0,0,0,0,0
Cap_Phase1_100_L.mp4,608,0,0,0,0,0,0,0
Cap_Phase1_100_L.mp4,609,0,0,0,0,0,0,0
Cap_Phase1_100_L.mp4,610,0,0,0,0,0,0,0
Cap_Phase1_100_L.mp4,611,0,0,0,0,0,0,0
Cap_Phase1_100_L.mp4,612,0,0,0,0,0,0,0
Cap_Phase1_100_L.mp4,613,0,0,0,0,0,0,0
Cap_Phase1_100_L.mp4,614,0,0,0,0,0,0,0
Cap_Phase1_100_L.mp4,615,0,0,0,0,0,0,0
Cap_Phase1_100_L.mp4,616,0,0,0,0,0,0,0
Cap_Phase1_100_L.mp4,617,0,0,0,0,0,0,0
Cap_Phase1_100_L.mp4,618,0,0,0,0,0,0,0
Cap_Phase1_100_L.mp4,619,0,0,0,0,0,0,0
Cap_Phase1_100_L.mp4,620,0,0,0,0,0,0,0
Cap_Phase1_100_L.mp4,621,0,0,0,0,0,0,0
Cap_Phase1_100_L.mp4,622,0,0,0,0,0,0,0
Cap_Phase1_100_L.mp4,623,0,0,0,0,0,0,0
Cap_Phase1_100_L.mp4,624,0,0,0,0,0,0,0
Cap_Phase1_100_L.mp4,625,0,0,0,0,1,0,0
Cap_Phase1_100_L.mp4,626,0,0,1,1,1,0,0
Cap_Phase1_100_L.mp4,627,0,0,0,1,0,0,0
Cap_Phase1_100_L.mp4,628,0,0,0,1,0,0,0
Cap_Phase1_100_L.mp4,629,0,0,0,1,0,0,0
Cap_Phase1_100_L.mp4,630,0,0,0,1,0,0,0
Cap_Phase1_100_L.mp4,631,0,0,0,1,0,0,0
Cap_Phase1_100_L.mp4,632,0,0,0,1,0,0,0
Cap_Phase1_100_L.mp4,633,0,0,0,1,0,0,0
Cap_Phase1_100_L.mp4,634,0,0,0,1,0,0,0
Cap_Phase1_100_L.mp4,635,0,0,0,1,0,0,0
Cap_Phase1_100_L.mp4,636,0,0,1,1,0,0,0
Cap_Phase1_100_L.mp4,637,0,0,1,1,0,0,0
Cap_Phase1_100_L.mp4,638,0,0,0,1,0,0,0
Cap_Phase1_100_L.mp4,639,0,0,0,1,0,0,0
Cap_Phase1_100_L.mp4,640,0,0,0,1,0,0,0
Cap_Phase1_100_L.mp4,641,0,0,0,1,0,0,0
Cap_Phase1_100_L.mp4,642,0,0,0,0,0,0,0
Cap_Phase1_100_L.mp4,643,0,0,0,0,0,0,0
Cap_Phase1_100_L.mp4,644,0,0,0,0,0,0,0
Cap_Phase1_100_L.mp4,645,0,0,0,0,0,0,0
Cap_Phase1_100_L.mp4,646,0,0,0,0,0,0,0
Cap_Phase1_100_L.mp4,647,0,0,0,0,0,0,0
Cap_Phase1_100_L.mp4,648,0,0,0,0,0,0,0
Cap_Phase1_100_L.mp4,649,0,0,0,0,0,0,0
Cap_Phase1_100_L.mp4,650,0,0,0,0,0,0,0
Cap_Phase1_100_L.mp4,651,0,0,0,0,0,0,0
Cap_Phase1_100_L.mp4,652,0,0,0,0,0,0,0
Cap_Phase1_100_L.mp4,653,0,0,0,0,0,0,0
Cap_Phase1_100_L.mp4,654,0,0,0,0,0,0,0
Cap_Phase1_100_L.mp4,655,0,0,0,0,0,0,0
Cap_Phase1_100_L.mp4,656,0,0,0,0,0,0,0
Cap_Phase1_100_L.mp4,657,0,0,0,0,0,0,0
Cap_Phase1_100_L.mp4,658,0,0,0,0,0,0,0
Cap_Phase1_100_L.mp4,659,0,0,0,0,0,0,0
Cap_Phase1_100_L.mp4,660,0,0,0,0,0,0,0
Cap_Phase1_100_L.mp4,661,0,0,0,0,0,0,0
Cap_Phase1_100_L.mp4,662,0,0,0,0,0,0,0
Cap_Phase1_100_L.mp4,663,0,0,0,1,0,0,0
Cap_Phase1_100_L.mp4,664,0,0,0,1,0,0,0
Cap_Phase1_100_L.mp4,665,0,0,0,1,0,0,0
Cap_Phase1_100_L.mp4,666,0,0,0,1,0,0,0
Cap_Phase1_100_L.mp4,667,0,0,0,1,0,0,0
Cap_Phase1_100_L.mp4,668,0,0,0,1,0,0,0
Cap_Phase1_100_L.mp4,669,0,0,0,1,0,0,0
Cap_Phase1_100_L.mp4,670,0,0,0,1,0,0,0
Cap_Phase1_100_L.mp4,671,0,0,0,1,0,0,0
Cap_Phase1_100_L.mp4,672,0,0,0,1,0,0,0
Cap_Phase1_100_L.mp4,673,0,0,1,1,0,0,0
Cap_Phase1_100_L.mp4,674,0,0,0,1,0,0,0
Cap_Phase1_100_L.mp4,675,0,0,0,1,0,0,0
Cap_Phase1_100_L.mp4,676,0,0,0,0,0,0,0
Cap_Phase1_100_L.mp4,677,0,0,0,0,0,0,0
Cap_Phase1_100_L.mp4,678,0,0,0,0,0,0,0
Cap_Phase1_100_L.mp4,679,0,0,0,0,0,0,0
Cap_Phase1_100_L.mp4,680,0,0,0,0,0,0,0
Cap_Phase1_100_L.mp4,681,0,0,0,0,0,0,0
Cap_Phase1_100_L.mp4,682,0,0,0,0,0,0,0
Cap_Phase1_100_L.mp4,683,0,0,0,0,0,0,0
Cap_Phase1_100_L.mp4,684,0,0,0,0,0,0,0
Cap_Phase1_100_L.mp4,685,0,0,0,0,0,0,0
Cap_Phase1_100_L.mp4,686,0,0,0,0,0,0,0
Cap_Phase1_100_L.mp4,687,0,0,0,0,0,0,0
Cap_Phase1_100_L.mp4,688,0,0,0,0,0,0,0
Cap_Phase1_100_L.mp4,689,0,0,0,0,0,0,0
Cap_Phase1_100_L.mp4,690,0,0,0,0,0,0,0
Cap_Phase1_100_L.mp4,691,0,0,0,0,0,0,0
Cap_Phase1_100_L.mp4,692,0,0,0,0,0,0,0
Cap_Phase1_100_L.mp4,693,0,0,0,0,0,0,0
Cap_Phase1_100_L.mp4,694,0,0,0,0,0,0,0
Cap_Phase1_100_L.mp4,695,0,0,0,0,0,0,0
Cap_Phase1_100_L.mp4,696,0,0,0,0,0,0,0
Cap_Phase1_100_L.mp4,697,0,0,0,0,0,0,0
Cap_Phase1_100_L.mp4,698,0,0,0,0,0,0,0
Cap_Phase1_100_L.mp4,699,0,0,0,0,0,0,0
Cap_Phase1_100_L.mp4,700,0,0,0,0,0,0,0
Cap_Phase1_100_L.mp4,701,0,0,0,0,0,0,0
Cap_Phase1_100_L.mp4,702,0,0,0,0,0,0,0
Cap_Phase1_100_L.mp4,703,0,0,0,0,0,0,0
Cap_Phase1_100_L.mp4,704,0,1,1,0,0,0,0
Cap_Phase1_100_L.mp4,705,0,1,1,0,0,0,0
Cap_Phase1_100_L.mp4,706,0,1,1,0,0,0,0
Cap_Phase1_100_L.mp4,707,0,1,1,0,0,0,0
Cap_Phase1_100_L.mp4,708,0,1,1,0,0,0,0
Cap_Phase1_100_L.mp4,709,0,1,0,0,0,0,0
Cap_Phase1_100_L.mp4,710,0,1,0,0,0,0,0
Cap_Phase1_100_L.mp4,711,0,1,0,0,0,0,0
Cap_Phase1_100_L.mp4,712,0,1,0,0,0,0,0
Cap_Phase1_100_L.mp4,713,0,1,0,0,0,0,0
Cap_Phase1_100_L.mp4,714,0,0,0,0,0,0,0
Cap_Phase1_100_L.mp4,715,0,0,0,0,0,0,0
Cap_Phase1_100_L.mp4,716,0,0,0,0,0,0,0
Cap_Phase1_100_L.mp4,717,0,0,0,0,0,0,0
Cap_Phase1_100_L.mp4,718,0,0,0,0,0,0,0
Cap_Phase1_100_L.mp4,719,0,0,0,0,0,0,0
Cap_Phase1_100_L.mp4,720,0,0,0,0,0,0,0
Cap_Phase1_100_L.mp4,721,0,0,0,0,0,0,0
Cap_Phase1_100_L.mp4,722,0,0,0,0,0,0,0
Cap_Phase1_100_L.mp4,723,0,0,0,0,0,0,0
Cap_Phase1_100_L.mp4,724,0,0,0,0,0,0,0
Cap_Phase1_100_L.mp4,725,0,0,0,0,0,0,0
Cap_Phase1_100_L.mp4,726,0,0,0,0,0,0,0
Cap_Phase1_100_L.mp4,727,0,0,0,0,0,0,0
Cap_Phase1_100_L.mp4,728,0,0,0,0,0,0,0
Cap_Phase1_100_L.mp4,729,0,0,0,0,0,0,0
Cap_Phase1_100_L.mp4,730,0,0,0,0,0,0,0
Cap_Phase1_100_L.mp4,731,0,0,0,0,0,0,0
Cap_Phase1_100_L.mp4,732,0,0,0,0,0,0,0
Cap_Phase1_100_L.mp4,733,0,0,0,0,0,0,0
Cap_Phase1_100_L.mp4,734,0,0,0,0,0,0,0
Cap_Phase1_100_L.mp4,735,0,0,0,0,0,0,0
Cap_Phase1_100_L.mp4,736,0,0,0,0,0,0,0
Cap_Phase1_100_L.mp4,737,0,0,0,0,0,0,0
Cap_Phase1_100_L.mp4,738,0,0,0,0,0,0,0
Cap_Phase1_100_L.mp4,739,0,0,0,0,0,0,0
Cap_Phase1_100_L.mp4,740,0,0,1,0,0,0,0
Cap_Phase1_100_L.mp4,741,0,0,1,0,0,0,0
Cap_Phase1_100_L.mp4,742,0,0,1,0,0,0,0
Cap_Phase1_100_L.mp4,743,0,0,1,0,0,0,0
Cap_Phase1_100_L.mp4,744,0,0,1,0,0,0,0
Cap_Phase1_100_L.mp4,745,0,0,1,0,0,0,0
Cap_Phase1_100_L.mp4,746,0,0,1,0,0,0,0
Cap_Phase1_100_L.mp4,747,0,0,1,0,0,0,0
Cap_Phase1_100_L.mp4,748,0,0,1,0,0,0,0
Cap_Phase1_100_L.mp4,749,0,0,1,0,0,0,0
Cap_Phase1_100_L.mp4,750,0,0,0,0,0,0,0
Cap_Phase1_100_L.mp4,751,0,0,0,0,0,0,0
Cap_Phase1_100_L.mp4,752,0,0,0,0,0,0,0
Cap_Phase1_100_L.mp4,753,0,0,0,0,0,0,0
Cap_Phase1_100_L.mp4,754,0,0,0,0,0,0,0
Cap_Phase1_100_L.mp4,755,0,0,0,0,0,0,0
Cap_Phase1_100_L.mp4,756,0,0,0,0,0,0,0
Cap_Phase1_100_L.mp4,757,0,0,0,0,0,0,0
Cap_Phase1_100_L.mp4,758,0,0,0,0,0,0,0
Cap_Phase1_100_L.mp4,759,0,0,0,0,0,0,0
Cap_Phase1_100_L.mp4,760,0,0,0,0,0,0,0
Cap_Phase1_100_L.mp4,761,0,0,0,0,0,0,0
Cap_Phase1_100_L.mp4,762,0,0,0,0,0,0,0
Cap_Phase1_100_L.mp4,763,0,0,0,0,0,0,0
Cap_Phase1_100_L.mp4,764,0,0,0,0,0,0,0
Cap_Phase1_100_L.mp4,765,0,0,0,0,0,0,0
Cap_Phase1_100_L.mp4,766,0,0,0,0,0,0,0
Cap_Phase1_100_L.mp4,767,0,0,0,0,0,0,0
Cap_Phase1_100_L.mp4,768,0,0,0,0,0,0,0
Cap_Phase1_100_L.mp4,769,0,1,1,0,0,0,0
Cap_Phase1_100_L.mp4,770,0,1,1,0,0,0,0
Cap_Phase1_100_L.mp4,771,0,1,1,0,0,0,0
Cap_Phase1_100_L.mp4,772,0,1,1,0,0,0,0
Cap_Phase1_100_L.mp4,773,0,1,1,0,0,0,0
Cap_Phase1_100_L.mp4,774,0,1,1,0,0,0,0
Cap_Phase1_100_L.mp4,775,0,1,1,0,0,0,0
Cap_Phase1_100_L.mp4,776,0,1,1,0,0,0,0
Cap_Phase1_100_L.mp4,777,0,1,1,0,0,0,0
Cap_Phase1_100_L.mp4,778,0,1,1,0,0,0,0
Cap_Phase1_100_L.mp4,779,0,1,1,0,0,0,0
Cap_Phase1_100_L.mp4,780,0,1,1,0,0,0,0
Cap_Phase1_100_L.mp4,781,0,1,1,0,0,0,0
Cap_Phase1_100_L.mp4,782,0,1,1,0,0,0,0
Cap_Phase1_100_L.mp4,783,0,1,1,0,0,0,0
Cap_Phase1_100_L.mp4,784,0,0,0,0,0,0,0
Cap_Phase1_100_L.mp4,785,0,0,0,0,0,0,0
Cap_Phase1_100_L.mp4,786,0,0,0,0,0,0,0
Cap_Phase1_100_L.mp4,787,0,0,0,0,0,0,0
Cap_Phase1_100_L.mp4,788,0,0,0,0,0,0,0
Cap_Phase1_100_L.mp4,789,0,0,0,0,0,0,0
Cap_Phase1_100_L.mp4,790,0,0,0,0,0,0,0
Cap_Phase1_100_L.mp4,791,0,0,0,0,0,0,0
Cap_Phase1_100_L.mp4,792,0,0,0,0,0,0,0
Cap_Phase1_100_L.mp4,793,0,0,0,0,0,0,0
Cap_Phase1_100_L.mp4,794,0,0,0,0,0,0,0
Cap_Phase1_100_L.mp4,795,0,0,0,0,0,0,0
Cap_Phase1_100_L.mp4,796,0,0,0,0,0,0,0
Cap_Phase1_100_L.mp4,797,0,0,0,0,0,0,0
Cap_Phase1_100_L.mp4,798,0,0,0,0,0,0,0
Cap_Phase1_100_L.mp4,799,0,0,0,0,0,0,0
Cap_Phase1_100_L.mp4,800,0,0,0,0,0,0,0
Cap_Phase1_100_L.mp4,801,0,0,0,0,0,0,0
Cap_Phase1_100_L.mp4,802,0,0,0,0,0,0,0
Cap_Phase1_100_L.mp4,803,0,0,0,0,0,0,0
Cap_Phase1_100_L.mp4,804,0,0,0,0,0,0,0
Cap_Phase1_100_L.mp4,805,0,0,0,0,0,0,0
Cap_Phase1_100_L.mp4,806,0,0,0,0,0,0,0
Cap_Phase1_100_L.mp4,807,0,1,0,0,0,0,0
Cap_Phase1_100_L.mp4,808,0,1,0,0,0,0,0
Cap_Phase1_100_L.mp4,809,0,1,1,0,0,0,0
Cap_Phase1_100_L.mp4,810,0,1,1,0,0,0,0
Cap_Phase1_100_L.mp4,811,0,1,1,0,0,0,0
Cap_Phase1_100_L.mp4,812,0,1,1,0,0,0,0
Cap_Phase1_100_L.mp4,813,0,1,1,0,0,0,0
Cap_Phase1_100_L.mp4,814,0,1,1,0,0,0,0
Cap_Phase1_100_L.mp4,815,0,1,1,0,0,0,0
Cap_Phase1_100_L.mp4,816,0,1,1,0,0,0,0
Cap_Phase1_100_L.mp4,817,0,1,0,0,0,0,0
Cap_Phase1_100_L.mp4,818,0,0,0,0,0,0,0
Cap_Phase1_100_L.mp4,819,0,0,0,0,0,0,0
Cap_Phase1_100_L.mp4,820,0,0,0,0,0,0,0
Cap_Phase1_100_L.mp4,821,0,0,0,0,0,0,0
Cap_Phase1_100_L.mp4,822,0,0,0,0,0,0,0
Cap_Phase1_100_L.mp4,823,0,0,0,0,0,0,0
Cap_Phase1_100_L.mp4,824,0,0,0,0,0,0,0
Cap_Phase1_100_L.mp4,825,0,0,0,0,0,0,0
Cap_Phase1_100_L.mp4,826,0,0,0,0,0,0,0
Cap_Phase1_100_L.mp4,827,0,0,0,0,0,0,0
Cap_Phase1_100_L.mp4,828,0,0,0,0,0,0,0
Cap_Phase1_100_L.mp4,829,0,0,0,0,0,0,0
Cap_Phase1_100_L.mp4,830,0,0,0,0,0,0,0
Cap_Phase1_100_L.mp4,831,0,0,0,0,0,0,0
Cap_Phase1_100_L.mp4,832,0,0,0,0,0,0,0
Cap_Phase1_100_L.mp4,833,0,0,0,0,0,0,0
Cap_Phase1_100_L.mp4,834,0,0,0,0,0,0,0
Cap_Phase1_100_L.mp4,835,0,0,0,0,0,0,0
Cap_Phase1_100_L.mp4,836,0,0,0,0,0,0,0
Cap_Phase1_100_L.mp4,837,0,0,0,0,0,0,0
Cap_Phase1_100_L.mp4,838,0,0,0,0,0,0,0
Cap_Phase1_100_L.mp4,839,0,0,0,0,0,0,0
Cap_Phase1_100_L.mp4,840,0,0,0,0,0,0,0
Cap_Phase1_100_L.mp4,841,0,0,0,0,0,0,0
Cap_Phase1_100_L.mp4,842,1,0,0,0,0,0,0
Cap_Phase1_100_L.mp4,843,1,0,0,0,0,0,0
Cap_Phase1_100_L.mp4,844,1,0,0,0,0,0,0
Cap_Phase1_100_L.mp4,845,1,1,0,0,0,0,0
Cap_Phase1_100_L.mp4,846,1,1,0,0,0,0,0
Cap_Phase1_100_L.mp4,847,1,1,0,0,0,0,0
Cap_Phase1_100_L.mp4,848,1,1,0,0,0,0,0
Cap_Phase1_100_L.mp4,849,1,1,0,0,0,0,0
Cap_Phase1_100_L.mp4,850,1,1,0,0,0,0,0
Cap_Phase1_100_L.mp4,851,1,1,0,0,0,0,0
Cap_Phase1_100_L.mp4,852,1,1,0,0,0,0,0
Cap_Phase1_100_L.mp4,853,1,1,0,0,0,0,0
Cap_Phase1_100_L.mp4,854,0,0,0,0,0,0,0
Cap_Phase1_100_L.mp4,855,0,0,0,0,0,0,0
Cap_Phase1_100_L.mp4,856,0,0,0,0,0,0,0
Cap_Phase1_100_L.mp4,857,0,0,0,0,0,0,0
Cap_Phase1_100_L.mp4,858,0,0,0,0,0,0,0
Cap_Phase1_100_L.mp4,859,0,0,0,0,0,0,0
Cap_Phase1_100_L.mp4,860,0,0,0,0,0,0,0
Cap_Phase1_100_L.mp4,861,0,0,0,0,0,0,0
Cap_Phase1_100_L.mp4,862,0,0,0,0,0,0,0
Cap_Phase1_100_L.mp4,863,0,0,0,0,0,0,0
Cap_Phase1_100_L.mp4,864,0,0,0,0,0,0,0
Cap_Phase1_100_L.mp4,865,0,0,0,0,0,0,0
Cap_Phase1_100_L.mp4,866,0,0,0,0,0,0,0
Cap_Phase1_100_L.mp4,867,0,0,0,0,0,0,0
Cap_Phase1_100_L.mp4,868,0,0,0,0,0,0,0
Cap_Phase1_100_L.mp4,869,0,0,0,0,0,0,0
Cap_Phase1_100_L.mp4,870,0,0,0,0,0,0,0
Cap_Phase1_100_L.mp4,871,0,0,0,0,0,0,0
Cap_Phase1_100_L.mp4,872,0,0,0,0,0,0,0
Cap_Phase1_100_L.mp4,873,0,0,0,0,0,0,0
Cap_Phase1_100_L.mp4,874,0,0,0,0,0,0,0
Cap_Phase1_100_L.mp4,875,0,0,0,0,0,0,0
Cap_Phase1_100_L.mp4,876,0,0,0,0,0,0,0
Cap_Phase1_100_L.mp4,877,0,1,1,0,0,0,0
Cap_Phase1_100_L.mp4,878,0,1,1,0,0,0,0
Cap_Phase1_100_L.mp4,879,0,1,1,0,0,0,0
Cap_Phase1_100_L.mp4,880,0,1,1,0,0,0,0
Cap_Phase1_100_L.mp4,881,0,1,1,0,0,0,0
Cap_Phase1_100_L.mp4,882,0,1,1,0,0,0,0
Cap_Phase1_100_L.mp4,883,0,1,1,0,0,0,0
Cap_Phase1_100_L.mp4,884,0,1,1,0,0,0,0
Cap_Phase1_100_L.mp4,885,0,1,1,0,0,0,0
Cap_Phase1_100_L.mp4,886,0,1,1,0,0,0,0
Cap_Phase1_100_L.mp4,887,0,1,1,0,0,0,0
Cap_Phase1_100_L.mp4,888,0,1,1,0,0,0,0
Cap_Phase1_100_L.mp4,889,0,1,1,0,0,0,0
Cap_Phase1_100_L.mp4,890,0,0,0,0,0,0,0
Cap_Phase1_100_L.mp4,891,0,0,0,0,0,0,0
Cap_Phase1_100_L.mp4,892,0,0,0,0,0,0,0
Cap_Phase1_100_L.mp4,893,0,0,0,0,0,0,0
Cap_Phase1_100_L.mp4,894,0,0,0,0,0,0,0
Cap_Phase1_100_L.mp4,895,0,0,0,0,0,0,0
Cap_Phase1_100_L.mp4,896,0,0,0,0,0,0,0
Cap_Phase1_100_L.mp4,897,0,0,0,0,0,0,0
Cap_Phase1_100_L.mp4,898,0,0,0,0,0,0,0
Cap_Phase1_100_L.mp4,899,0,0,0,0,0,0,0
Cap_Phase1_100_L.mp4,900,0,0,0,0,0,0,0
Cap_Phase1_100_L.mp4,901,0,0,0,0,0,0,0
Cap_Phase1_100_L.mp4,902,0,0,0,0,0,0,0
Cap_Phase1_100_L.mp4,903,0,0,0,0,0,0,0
Cap_Phase1_100_L.mp4,904,0,0,0,0,0,0,0
Cap_Phase1_100_L.mp4,905,0,0,0,0,0,0,0
Cap_Phase1_100_L.mp4,906,0,0,0,0,0,0,0
Cap_Phase1_100_L.mp4,907,0,0,0,0,0,0,0
Cap_Phase1_100_L.mp4,908,0,0,0,0,0,0,0
Cap_Phase1_100_L.mp4,909,0,0,0,0,0,0,0
Cap_Phase1_100_L.mp4,910,0,0,0,0,0,0,0
Cap_Phase1_100_L.mp4,911,0,0,0,0,0,0,0
Cap_Phase1_100_L.mp4,912,0,0,0,0,0,0,0
Cap_Phase1_100_L.mp4,913,0,1,1,0,0,0,0
Cap_Phase1_100_L.mp4,914,0,1,1,0,0,0,0
Cap_Phase1_100_L.mp4,915,0,1,1,0,0,0,0
Cap_Phase1_100_L.mp4,916,0,1,1,0,0,0,0
Cap_Phase1_100_L.mp4,917,0,0,1,0,0,0,0
Cap_Phase1_100_L.mp4,918,0,0,1,0,0,0,0
Cap_Phase1_100_L.mp4,919,0,0,1,0,0,0,0
Cap_Phase1_100_L.mp4,920,0,0,1,0,0,0,0
Cap_Phase1_100_L.mp4,921,0,0,1,0,0,0,0
Cap_Phase1_100_L.mp4,922,0,1,1,0,0,0,0
Cap_Phase1_100_L.mp4,923,0,1,1,0,0,0,0
Cap_Phase1_100_L.mp4,924,0,1,1,0,0,0,0
Cap_Phase1_100_L.mp4,925,0,0,1,0,0,0,0
Cap_Phase1_100_L.mp4,926,0,0,1,0,0,0,0
Cap_Phase1_100_L.mp4,927,0,0,0,0,0,0,0
Cap_Phase1_100_L.mp4,928,0,0,0,0,0,0,0
Cap_Phase1_100_L.mp4,929,0,0,0,0,0,0,0
Cap_Phase1_100_L.mp4,930,0,0,0,0,0,0,0
Cap_Phase1_100_L.mp4,931,0,0,0,0,0,0,0
Cap_Phase1_100_L.mp4,932,0,0,0,0,0,0,0
Cap_Phase1_100_L.mp4,933,0,0,0,0,0,0,0
Cap_Phase1_100_L.mp4,934,0,0,0,0,0,0,0
Cap_Phase1_100_L.mp4,935,0,0,0,0,0,0,0
Cap_Phase1_100_L.mp4,936,0,0,0,0,0,0,0
Cap_Phase1_100_L.mp4,937,0,0,0,0,0,0,0
Cap_Phase1_100_L.mp4,938,0,0,0,0,0,0,0
Cap_Phase1_100_L.mp4,939,0,0,0,0,0,0,0
Cap_Phase1_100_L.mp4,940,0,0,0,0,0,0,0
Cap_Phase1_100_L.mp4,941,0,0,0,0,0,0,0
Cap_Phase1_100_L.mp4,942,0,0,0,0,0,0,0
Cap_Phase1_100_L.mp4,943,0,0,0,0,0,0,0
Cap_Phase1_100_L.mp4,944,0,0,0,0,0,0,0
Cap_Phase1_100_L.mp4,945,0,0,0,0,0,0,0
Cap_Phase1_100_L.mp4,946,0,0,0,0,0,0,0
Cap_Phase1_100_L.mp4,947,0,0,0,0,0,0,0
Cap_Phase1_100_L.mp4,948,0,0,0,0,0,0,0
Cap_Phase1_100_L.mp4,949,0,0,0,0,0,0,0
Cap_Phase1_100_L.mp4,950,0,0,0,0,0,0,0
Cap_Phase1_100_L.mp4,951,0,0,1,1,0,0,0
Cap_Phase1_100_L.mp4,952,0,0,0,1,0,0,0
Cap_Phase1_100_L.mp4,953,0,0,0,1,0,0,0
Cap_Phase1_100_L.mp4,954,0,0,0,1,0,0,0
Cap_Phase1_100_L.mp4,955,0,0,0,1,0,0,0
Cap_Phase1_100_L.mp4,956,0,0,0,1,0,0,0
Cap_Phase1_100_L.mp4,957,0,0,0,1,0,0,0
Cap_Phase1_100_L.mp4,958,0,0,0,1,0,0,0
Cap_Phase1_100_L.mp4,959,0,0,0,1,0,0,0
Cap_Phase1_100_L.mp4,960,0,0,0,1,0,0,0
Cap_Phase1_100_L.mp4,961,0,0,0,1,0,0,0
Cap_Phase1_100_L.mp4,962,0,0,0,1,0,0,0
Cap_Phase1_100_L.mp4,963,0,0,1,1,0,0,0
Cap_Phase1_100_L.mp4,964,0,0,0,0,0,0,0
Cap_Phase1_100_L.mp4,965,0,0,0,0,0,0,0
Cap_Phase1_100_L.mp4,966,0,0,0,0,0,0,0
Cap_Phase1_100_L.mp4,967,0,0,0,0,0,0,0
Cap_Phase1_100_L.mp4,968,0,0,0,0,0,0,0
Cap_Phase1_100_L.mp4,969,0,0,0,0,0,0,0
Cap_Phase1_100_L.mp4,970,0,0,0,0,0,0,0
Cap_Phase1_100_L.mp4,971,0,0,0,0,0,0,0
Cap_Phase1_100_L.mp4,972,0,0,0,0,0,0,0
Cap_Phase1_100_L.mp4,973,0,0,0,0,0,0,0
Cap_Phase1_100_L.mp4,974,0,0,0,0,0,0,0
Cap_Phase1_100_L.mp4,975,0,0,0,0,0,0,0
Cap_Phase1_100_L.mp4,976,0,0,0,0,0,0,0
Cap_Phase1_100_L.mp4,977,0,0,0,0,0,0,0
Cap_Phase1_100_L.mp4,978,0,0,0,0,0,0,0
Cap_Phase1_100_L.mp4,979,0,0,0,0,0,0,0
Cap_Phase1_100_L.mp4,980,0,0,0,0,0,0,0
Cap_Phase1_100_L.mp4,981,0,0,0,0,0,0,0
Cap_Phase1_100_L.mp4,982,0,0,0,0,0,0,0
Cap_Phase1_100_L.mp4,983,0,0,0,0,0,0,0
Cap_Phase1_100_L.mp4,984,0,0,0,0,0,0,0
Cap_Phase1_100_L.mp4,985,0,0,0,0,0,0,0
Cap_Phase1_100_L.mp4,986,0,0,0,0,0,0,0
Cap_Phase1_100_L.mp4,987,0,0,0,0,0,0,0
Cap_Phase1_100_L.mp4,988,0,0,0,0,0,0,0
Cap_Phase1_100_L.mp4,989,0,0,1,0,0,0,0
Cap_Phase1_100_L.mp4,990,0,0,1,0,0,0,0
Cap_Phase1_100_L.mp4,991,0,0,1,0,0,0,0
Cap_Phase1_100_L.mp4,992,0,0,1,0,0,0,0
Cap_Phase1_100_L.mp4,993,0,0,1,0,0,0,0
Cap_Phase1_100_L.mp4,994,0,1,1,0,0,0,0
Cap_Phase1_100_L.mp4,995,0,1,1,0,0,0,0
Cap_Phase1_100_L.mp4,996,0,1,1,0,0,0,0
Cap_Phase1_100_L.mp4,997,0,1,1,0,0,0,0
Cap_Phase1_100_L.mp4,998,0,1,1,0,0,0,0
Cap_Phase1_100_L.mp4,999,0,0,1,0,0,0,0
Cap_Phase1_100_L.mp4,1000,0,0,1,0,0,0,0
Cap_Phase1_100_L.mp4,1001,0,0,1,0,0,0,0
Cap_Phase1_100_L.mp4,1002,0,0,0,0,0,0,0
Cap_Phase1_100_L.mp4,1003,0,0,0,0,0,0,0
Cap_Phase1_100_L.mp4,1004,0,0,0,0,0,0,0
Cap_Phase1_100_L.mp4,1005,0,0,0,0,0,0,0
Cap_Phase1_100_L.mp4,1006,0,0,0,0,0,0,0
Cap_Phase1_100_L.mp4,1007,0,0,0,0,0,0,0
Cap_Phase1_100_L.mp4,1008,0,0,0,0,0,0,0
Cap_Phase1_100_L.mp4,1009,0,0,0,0,0,0,0
Cap_Phase1_100_L.mp4,1010,0,0,0,0,0,0,0
Cap_Phase1_100_L.mp4,1011,0,0,0,0,0,0,0
Cap_Phase1_100_L.mp4,1012,0,0,0,0,0,0,0
Cap_Phase1_100_L.mp4,1013,0,0,0,0,0,0,0
Cap_Phase1_100_L.mp4,1014,0,0,0,0,0,0,0
Cap_Phase1_100_L.mp4,1015,0,0,0,0,0,0,0
Cap_Phase1_100_L.mp4,1016,0,0,0,0,0,0,0
Cap_Phase1_100_L.mp4,1017,0,0,0,0,0,0,0
Cap_Phase1_100_L.mp4,1018,0,0,0,0,0,0,0
Cap_Phase1_100_L.mp4,1019,0,0,0,0,0,0,0
Cap_Phase1_100_L.mp4,1020,0,0,0,0,0,0,0
Cap_Phase1_100_L.mp4,1021,0,0,0,0,0,0,0
Cap_Phase1_100_L.mp4,1022,0,0,0,0,0,0,0
Cap_Phase1_100_L.mp4,1023,0,1,1,0,0,0,0
Cap_Phase1_100_L.mp4,1024,0,1,1,0,0,0,0
Cap_Phase1_100_L.mp4,1025,0,0,1,0,0,0,0
Cap_Phase1_100_L.mp4,1026,0,0,1,0,0,0,0
Cap_Phase1_100_L.mp4,1027,0,0,1,0,0,0,0
Cap_Phase1_100_L.mp4,1028,0,0,1,0,0,0,0
Cap_Phase1_100_L.mp4,1029,0,0,1,0,0,0,0
Cap_Phase1_100_L.mp4,1030,0,0,1,0,0,0,0
Cap_Phase1_100_L.mp4,1031,0,1,1,0,0,0,0
Cap_Phase1_100_L.mp4,1032,0,1,1,0,0,0,0
Cap_Phase1_100_L.mp4,1033,0,1,1,0,0,0,0
Cap_Phase1_100_L.mp4,1034,0,0,1,0,0,0,0
Cap_Phase1_100_L.mp4,1035,0,0,1,0,0,0,0
Cap_Phase1_100_L.mp4,1036,0,0,0,0,0,0,0
Cap_Phase1_100_L.mp4,1037,0,0,0,0,0,0,0
Cap_Phase1_100_L.mp4,1038,0,0,0,0,0,0,0
Cap_Phase1_100_L.mp4,1039,0,0,0,0,0,0,0
Cap_Phase1_100_L.mp4,1040,0,0,0,0,0,0,0
Cap_Phase1_100_L.mp4,1041,0,0,0,0,0,0,0
Cap_Phase1_100_L.mp4,1042,0,0,0,0,0,0,0
Cap_Phase1_100_L.mp4,1043,0,0,0,0,0,0,0
Cap_Phase1_100_L.mp4,1044,0,0,0,0,0,0,0
Cap_Phase1_100_L.mp4,1045,0,0,0,0,0,0,0
Cap_Phase1_100_L.mp4,1046,0,0,0,0,0,0,0
Cap_Phase1_100_L.mp4,1047,0,0,0,0,0,0,0
Cap_Phase1_100_L.mp4,1048,0,0,0,0,0,0,0
Cap_Phase1_100_L.mp4,1049,0,0,0,0,0,0,0
Cap_Phase1_100_L.mp4,1050,0,0,0,0,0,0,0
Cap_Phase1_100_L.mp4,1051,0,0,0,0,0,0,0
Cap_Phase1_100_L.mp4,1052,0,0,0,0,0,0,0
Cap_Phase1_100_L.mp4,1053,0,0,0,0,0,0,0
Cap_Phase1_100_L.mp4,1054,0,0,0,0,0,0,0
Cap_Phase1_100_L.mp4,1055,0,0,0,0,0,0,0
Cap_Phase1_100_L.mp4,1056,0,0,0,0,0,0,0
Cap_Phase1_100_L.mp4,1057,0,0,0,0,0,0,0
Cap_Phase1_100_L.mp4,1058,0,0,0,0,0,0,0
Cap_Phase1_100_L.mp4,1059,0,0,1,1,0,0,0
Cap_Phase1_100_L.mp4,1060,0,0,0,1,0,0,0
Cap_Phase1_100_L.mp4,1061,0,0,0,1,0,0,0
Cap_Phase1_100_L.mp4,1062,0,0,0,1,0,0,0
Cap_Phase1_100_L.mp4,1063,0,0,0,1,0,0,0
Cap_Phase1_100_L.mp4,1064,0,0,0,1,0,0,0
Cap_Phase1_100_L.mp4,1065,0,0,1,1,0,0,0
Cap_Phase1_100_L.mp4,1066,0,0,1,1,0,0,0
Cap_Phase1_100_L.mp4,1067,0,0,1,1,0,0,0
Cap_Phase1_100_L.mp4,1068,0,0,1,1,0,0,0
Cap_Phase1_100_L.mp4,1069,0,0,1,1,0,0,0
Cap_Phase1_100_L.mp4,1070,0,0,1,1,0,0,0
Cap_Phase1_100_L.mp4,1071,0,0,1,1,0,0,0
Cap_Phase1_100_L.mp4,1072,0,0,0,0,0,0,0
Cap_Phase1_100_L.mp4,1073,0,0,0,0,0,0,0
Cap_Phase1_100_L.mp4,1074,0,0,0,0,0,0,0
Cap_Phase1_100_L.mp4,1075,0,0,0,0,0,0,0
Cap_Phase1_100_L.mp4,1076,0,0,0,0,0,0,0
Cap_Phase1_100_L.mp4,1077,0,0,0,0,0,0,0
Cap_Phase1_100_L.mp4,1078,0,0,0,0,0,0,0
Cap_Phase1_100_L.mp4,1079,0,0,0,0,0,0,0
Cap_Phase1_100_L.mp4,1080,0,0,0,0,0,0,0
Cap_Phase1_100_L.mp4,1081,0,0,0,0,0,0,0
Cap_Phase1_100_L.mp4,1082,0,0,0,0,0,0,0
Cap_Phase1_100_L.mp4,1083,0,0,0,0,0,0,0
Cap_Phase1_100_L.mp4,1084,0,0,0,0,0,0,0
Cap_Phase1_100_L.mp4,1085,0,0,0,0,0,0,0
Cap_Phase1_100_L.mp4,1086,0,0,0,0,0,0,0
Cap_Phase1_100_L.mp4,1087,0,0,0,0,0,0,0
Cap_Phase1_100_L.mp4,1088,0,0,0,0,0,0,0
Cap_Phase1_100_L.mp4,1089,0,0,0,0,0,0,0
Cap_Phase1_100_L.mp4,1090,0,0,0,0,1,0,0
Cap_Phase1_100_L.mp4,1091,0,0,0,0,1,0,0
Cap_Phase1_100_L.mp4,1092,0,0,0,0,1,0,0
Cap_Phase1_100_L.mp4,1093,0,0,0,0,1,0,0
Cap_Phase1_100_L.mp4,1094,0,0,0,0,1,0,0
Cap_Phase1_100_L.mp4,1095,0,0,0,0,1,0,0
Cap_Phase1_100_L.mp4,1096,0,0,0,0,1,0,0
Cap_Phase1_100_L.mp4,1097,0,0,0,0,1,0,0
Cap_Phase1_100_L.mp4,1098,0,0,0,0,1,0,0
Cap_Phase1_100_L.mp4,1099,0,0,0,0,1,0,0
Cap_Phase1_100_L.mp4,1100,0,0,0,0,1,0,0
Cap_Phase1_100_L.mp4,1101,0,0,0,0,1,0,0
Cap_Phase1_100_L.mp4,1102,0,0,0,0,1,0,0
Cap_Phase1_100_L.mp4,1103,0,0,0,0,1,0,0
Cap_Phase1_100_L.mp4,1104,0,0,0,0,1,0,0
Cap_Phase1_100_L.mp4,1105,0,0,0,0,0,0,0
Cap_Phase1_100_L.mp4,1106,0,0,0,0,0,0,0
Cap_Phase1_100_L.mp4,1107,0,0,0,0,0,0,0
Cap_Phase1_100_L.mp4,1108,0,0,0,0,0,0,0
Cap_Phase1_100_L.mp4,1109,0,0,0,0,0,0,0
Cap_Phase1_100_L.mp4,1110,0,0,0,0,0,0,0
Cap_Phase1_100_L.mp4,1111,0,0,0,0,0,0,0
Cap_Phase1_100_L.mp4,1112,0,0,0,0,0,0,0
Cap_Phase1_100_L.mp4,1113,0,0,0,0,0,0,0
Cap_Phase1_100_L.mp4,1114,0,0,0,0,0,0,0
Cap_Phase1_100_L.mp4,1115,0,0,0,0,0,0,0
Cap_Phase1_100_L.mp4,1116,0,0,0,0,0,0,0
Cap_Phase1_100_L.mp4,1117,0,0,0,0,0,0,0
Cap_Phase1_100_L.mp4,1118,0,0,0,0,0,0,0
Cap_Phase1_100_L.mp4,1119,0,0,0,0,0,0,0
Cap_Phase1_100_L.mp4,1120,0,0,0,0,0,0,0
Cap_Phase1_100_L.mp4,1121,0,0,0,0,0,0,0
Cap_Phase1_100_L.mp4,1122,0,0,0,0,0,0,0
Cap_Phase1_100_L.mp4,1123,0,0,0,0,0,0,0
Cap_Phase1_100_L.mp4,1124,0,0,0,0,0,0,0
Cap_Phase1_100_L.mp4,1125,0,0,0,0,0,0,0
Cap_Phase1_100_L.mp4,1126,0,0,0,0,0,0,0
Cap_Phase1_100_L.mp4,1127,0,0,0,0,0,0,0
Cap_Phase1_100_L.mp4,1128,0,0,0,0,0,0,0
Cap_Phase1_100_L.mp4,1129,0,0,0,0,0,0,0
Cap_Phase1_100_L.mp4,1130,0,0,0,0,1,0,0
Cap_Phase1_100_L.mp4,1131,0,0,1,1,1,0,0
Cap_Phase1_100_L.mp4,1132,0,0,0,1,0,0,0
Cap_Phase1_100_L.mp4,1133,0,0,0,1,0,0,0
Cap_Phase1_100_L.mp4,1134,0,0,0,1,0,0,0
Cap_Phase1_100_L.mp4,1135,0,0,0,1,0,0,0
Cap_Phase1_100_L.mp4,1136,0,0,0,1,0,0,0
Cap_Phase1_100_L.mp4,1137,0,0,1,1,0,0,0
Cap_Phase1_100_L.mp4,1138,0,0,0,1,0,0,0
Cap_Phase1_100_L.mp4,1139,0,0,0,1,0,0,0
Cap_Phase1_100_L.mp4,1140,0,0,0,1,0,0,0
Cap_Phase1_100_L.mp4,1141,0,0,1,1,0,0,0
Cap_Phase1_100_L.mp4,1142,0,0,0,0,0,0,0
Cap_Phase1_100_L.mp4,1143,0,0,0,0,0,0,0
Cap_Phase1_100_L.mp4,1144,0,0,0,0,0,0,0
Cap_Phase1_100_L.mp4,1145,0,0,0,0,0,0,0
Cap_Phase1_100_L.mp4,1146,0,0,0,0,0,0,0
Cap_Phase1_100_L.mp4,1147,0,0,0,0,0,0,0
Cap_Phase1_100_L.mp4,1148,0,0,0,0,0,0,0
Cap_Phase1_100_L.mp4,1149,0,0,0,0,0,0,0
Cap_Phase1_100_L.mp4,1150,0,0,0,0,0,0,0
Cap_Phase1_100_L.mp4,1151,0,0,0,0,0,0,0
Cap_Phase1_100_L.mp4,1152,0,0,0,0,0,0,0
Cap_Phase1_100_L.mp4,1153,0,0,0,0,0,0,0
Cap_Phase1_100_L.mp4,1154,0,0,0,0,0,0,0
Cap_Phase1_100_L.mp4,1155,0,0,0,0,0,0,0
Cap_Phase1_100_L.mp4,1156,0,0,0,0,0,0,0
Cap_Phase1_100_L.mp4,1157,0,0,0,0,0,0,0
Cap_Phase1_100_L.mp4,1158,0,0,0,0,0,0,0
Cap_Phase1_100_L.mp4,1159,0,0,0,0,0,0,0
Cap_Phase1_100_L.mp4,1160,0,0,0,0,0,0,0
Cap_Phase1_100_L.mp4,1161,0,0,0,0,0,0,0
Cap_Phase1_100_L.mp4,1162,0,0,0,0,0,0,0
Cap_Phase1_100_L.mp4,1163,0,0,0,0,0,0,0
Cap_Phase1_100_L.mp4,1164,0,0,0,0,0,0,0
Cap_Phase1_100_L.mp4,1165,0,0,0,0,0,1,0
Cap_Phase1_100_L.mp4,1166,0,0,0,0,0,1,0
Cap_Phase1_100_L.mp4,1167,0,0,0,0,0,1,0
Cap_Phase1_100_L.mp4,1168,0,0,0,0,0,1,0
Cap_Phase1_100_L.mp4,1169,0,0,0,0,0,1,0
Cap_Phase1_100_L.mp4,1170,0,0,0,0,0,1,0
Cap_Phase1_100_L.mp4,1171,0,0,0,0,0,1,0
Cap_Phase1_100_L.mp4,1172,0,0,0,0,0,1,0
Cap_Phase1_100_L.mp4,1173,0,0,0,0,0,1,0
Cap_Phase1_100_L.mp4,1174,0,0,0,0,0,1,0
Cap_Phase1_100_L.mp4,1175,0,0,0,0,0,1,0
Cap_Phase1_100_L.mp4,1176,0,0,0,0,0,1,0
Cap_Phase1_100_L.mp4,1177,0,0,0,0,0,1,0
Cap_Phase1_100_L.mp4,1178,0,0,0,0,0,1,0
Cap_Phase1_100_L.mp4,1179,0,0,0,0,0,1,0
Cap_Phase1_100_L.mp4,1180,0,0,0,0,0,0,0
Cap_Phase1_100_L.mp4,1181,0,0,0,0,0,0,0
Cap_Phase1_100_L.mp4,1182,0,0,0,0,0,0,0
Cap_Phase1_100_L.mp4,1183,0,0,0,0,0,0,0
Cap_Phase1_100_L.mp4,1184,0,0,0,0,0,0,0
Cap_Phase1_100_L.mp4,1185,0,0,0,0,0,0,0
Cap_Phase1_100_L.mp4,1186,0,0,0,0,0,0,0
Cap_Phase1_100_L.mp4,1187,0,0,0,0,0,0,0
Cap_Phase1_100_L.mp4,1188,0,0,0,0,0,0,0
Cap_Phase1_100_L.mp4,1189,0,0,0,0,0,0,0
Cap_Phase1_100_L.mp4,1190,0,0,0,0,0,0,0
Cap_Phase1_100_L.mp4,1191,0,0,0,0,0,0,0
Cap_Phase1_100_L.mp4,1192,0,0,0,0,0,0,0
Cap_Phase1_100_L.mp4,1193,0,0,0,0,0,0,0
Cap_Phase1_100_L.mp4,1194,0,0,0,0,0,0,0
Cap_Phase1_100_L.mp4,1195,0,0,0,0,0,0,0
Cap_Phase1_100_L.mp4,1196,0,0,0,0,0,0,0
Cap_Phase1_100_L.mp4,1197,0,0,0,0,0,0,0
Cap_Phase1_100_L.mp4,1198,0,0,0,0,0,0,0
Cap_Phase1_100_L.mp4,1199,0,0,0,0,0,0,0
Cap_Phase1_100_L.mp4,1200,0,0,0,0,0,0,0
Cap_Phase1_100_L.mp4,1201,0,0,0,0,0,0,0
Cap_Phase1_100_L.mp4,1202,0,0,0,0,1,0,0
Cap_Phase1_100_L.mp4,1203,0,0,0,0,1,0,0
Cap_Phase1_100_L.mp4,1204,0,0,0,0,1,0,0
Cap_Phase1_100_L.mp4,1205,0,0,0,0,1,0,0
Cap_Phase1_100_L.mp4,1206,0,0,0,0,1,0,0
Cap_Phase1_100_L.mp4,1207,0,0,0,0,1,0,0
Cap_Phase1_100_L.mp4,1208,0,0,0,0,1,0,0
Cap_Phase1_100_L.mp4,1209,0,0,0,0,1,0,0
Cap_Phase1_100_L.mp4,1210,0,0,0,0,1,0,0
Cap_Phase1_100_L.mp4,1211,0,0,0,0,1,0,0
Cap_Phase1_100_L.mp4,1212,0,0,0,0,1,0,0
Cap_Phase1_100_L.mp4,1213,0,0,0,0,1,0,0
Cap_Phase1_100_L.mp4,1214,0,0,0,0,1,0,0
Cap_Phase1_100_L.mp4,1215,0,0,0,0,0,0,0
Cap_Phase1_100_L.mp4,1216,0,0,0,0,0,0,0
Cap_Phase1_100_L.mp4,1217,0,0,0,0,0,0,0
Cap_Phase1_100_L.mp4,1218,0,0,0,0,0,0,0
Cap_Phase1_100_L.mp4,1219,0,0,0,0,0,0,0
Cap_Phase1_100_L.mp4,1220,0,0,0,0,0,0,0
Cap_Phase1_100_L.mp4,1221,0,0,0,0,0,0,0
Cap_Phase1_100_L.mp4,1222,0,0,0,0,0,0,0
Cap_Phase1_100_L.mp4,1223,0,0,0,0,0,0,0
Cap_Phase1_100_L.mp4,1224,0,0,0,0,0,0,0
Cap_Phase1_100_L.mp4,1225,0,0,0,0,0,0,0
Cap_Phase1_100_L.mp4,1226,0,0,0,0,0,0,0
Cap_Phase1_100_L.mp4,1227,0,0,0,0,0,0,0
Cap_Phase1_100_L.mp4,1228,0,0,0,0,0,0,0
Cap_Phase1_100_L.mp4,1229,0,0,0,0,0,0,0
Cap_Phase1_100_L.mp4,1230,0,0,0,0,0,0,0
Cap_Phase1_100_L.mp4,1231,0,0,0,0,0,0,0
Cap_Phase1_100_L.mp4,1232,0,0,0,0,0,0,0
Cap_Phase1_100_L.mp4,1233,0,0,0,0,0,0,0
Cap_Phase1_100_L.mp4,1234,0,0,0,0,0,0,0
Cap_Phase1_100_L.mp4,1235,0,0,0,0,0,0,0
Cap_Phase1_100_L.mp4,1236,0,0,0,1,0,0,0
Cap_Phase1_100_L.mp4,1237,0,0,0,1,0,0,0
Cap_Phase1_100_L.mp4,1238,0,0,0,1,0,0,0
Cap_Phase1_100_L.mp4,1239,0,0,1,1,0,0,0
Cap_Phase1_100_L.mp4,1240,0,0,1,1,0,0,0
Cap_Phase1_100_L.mp4,1241,0,0,1,1,0,0,0
Cap_Phase1_100_L.mp4,1242,0,0,1,1,0,0,0
Cap_Phase1_100_L.mp4,1243,0,0,1,1,0,0,0
Cap_Phase1_100_L.mp4,1244,0,0,0,1,0,0,0
Cap_Phase1_100_L.mp4,1245,0,0,0,1,0,0,0
Cap_Phase1_100_L.mp4,1246,0,0,0,1,0,0,0
Cap_Phase1_100_L.mp4,1247,0,0,0,1,0,0,0
Cap_Phase1_100_L.mp4,1248,0,0,0,0,0,0,0
Cap_Phase1_100_L.mp4,1249,0,0,0,0,0,0,0
Cap_Phase1_100_L.mp4,1250,0,0,0,0,0,0,0
Cap_Phase1_100_L.mp4,1251,0,0,0,0,0,0,0
Cap_Phase1_100_L.mp4,1252,0,0,0,0,0,0,0
Cap_Phase1_100_L.mp4,1253,0,0,0,0,0,0,0
Cap_Phase1_100_L.mp4,1254,0,0,0,0,0,0,0
Cap_Phase1_100_L.mp4,1255,0,0,0,0,0,0,0
Cap_Phase1_100_L.mp4,1256,0,0,0,0,0,0,0
Cap_Phase1_100_L.mp4,1257,0,0,0,0,0,0,0
Cap_Phase1_100_L.mp4,1258,0,0,0,0,0,0,0
Cap_Phase1_100_L.mp4,1259,0,0,0,0,0,0,0
Cap_Phase1_100_L.mp4,1260,0,0,0,0,0,0,0
Cap_Phase1_100_L.mp4,1261,0,0,0,0,0,0,0
Cap_Phase1_100_L.mp4,1262,0,0,0,0,0,0,0
Cap_Phase1_100_L.mp4,1263,0,0,0,0,0,0,0
Cap_Phase1_100_L.mp4,1264,0,0,0,0,0,0,0
Cap_Phase1_100_L.mp4,1265,0,0,0,0,0,0,0
Cap_Phase1_100_L.mp4,1266,0,0,0,0,0,0,0
Cap_Phase1_100_L.mp4,1267,0,0,0,0,0,0,0
Cap_Phase1_100_L.mp4,1268,0,0,0,0,0,0,0
Cap_Phase1_100_L.mp4,1269,0,0,0,0,0,0,0
Cap_Phase1_100_L.mp4,1270,0,0,0,0,0,0,0
Cap_Phase1_100_L.mp4,1271,0,0,0,0,0,0,0
Cap_Phase1_100_L.mp4,1272,0,0,0,0,0,0,0
Cap_Phase1_100_L.mp4,1273,0,0,0,0,0,0,0
Cap_Phase1_100_L.mp4,1274,0,0,0,0,0,0,0
Cap_Phase1_100_L.mp4,1275,0,0,0,0,0,0,0
Cap_Phase1_100_L.mp4,1276,0,0,0,0,0,0,0
Cap_Phase1_100_L.mp4,1277,0,0,0,0,0,0,0
Cap_Phase1_100_L.mp4,1278,0,0,0,1,0,0,0
Cap_Phase1_100_L.mp4,1279,0,0,0,1,0,0,0
Cap_Phase1_100_L.mp4,1280,0,0,0,1,0,0,0
Cap_Phase1_100_L.mp4,1281,0,0,0,1,0,0,0
Cap_Phase1_100_L.mp4,1282,0,0,0,1,0,0,0
Cap_Phase1_100_L.mp4,1283,0,0,0,1,0,0,0
Cap_Phase1_100_L.mp4,1284,0,0,0,1,0,0,0
Cap_Phase1_100_L.mp4,1285,0,0,0,1,0,0,0
Cap_Phase1_100_L.mp4,1286,0,0,0,1,0,0,0
Cap_Phase1_100_L.mp4,1287,0,0,0,1,0,0,0
Cap_Phase1_100_L.mp4,1288,0,0,1,1,0,0,0
Cap_Phase1_100_L.mp4,1289,0,0,0,0,0,0,0
Cap_Phase1_100_L.mp4,1290,0,0,0,0,0,0,0
Cap_Phase1_100_L.mp4,1291,0,0,0,0,0,0,0
Cap_Phase1_100_L.mp4,1292,0,0,0,0,0,0,0
Cap_Phase1_100_L.mp4,1293,0,0,0,0,0,0,0
Cap_Phase1_100_L.mp4,1294,0,0,0,0,0,0,0
Cap_Phase1_100_L.mp4,1295,0,0,0,0,0,0,0
Cap_Phase1_100_L.mp4,1296,0,0,0,0,0,0,0
Cap_Phase1_100_L.mp4,1297,0,0,0,0,0,0,0
Cap_Phase1_100_L.mp4,1298,0,0,0,0,0,0,0
Cap_Phase1_100_L.mp4,1299,0,0,0,0,0,0,0
Cap_Phase1_100_L.mp4,1300,0,0,0,0,0,0,0
Cap_Phase1_100_L.mp4,1301,0,0,0,0,0,0,0
Cap_Phase1_100_L.mp4,1302,0,0,0,0,0,0,0
Cap_Phase1_100_L.mp4,1303,0,0,0,0,0,0,0
Cap_Phase1_100_L.mp4,1304,0,0,0,0,0,0,0
Cap_Phase1_100_L.mp4,1305,0,0,0,0,0,0,0
Cap_Phase1_100_L.mp4,1306,0,0,0,0,0,0,0
Cap_Phase1_100_L.mp4,1307,0,0,0,0,0,0,0
Cap_Phase1_100_L.mp4,1308,0,0,0,0,0,0,0
Cap_Phase1_100_L.mp4,1309,0,0,0,0,0,0,0
Cap_Phase1_100_L.mp4,1310,0,0,0,0,0,0,0
Cap_Phase1_100_L.mp4,1311,0,0,0,0,0,0,0
Cap_Phase1_100_L.mp4,1312,0,0,1,1,0,0,0
Cap_Phase1_100_L.mp4,1313,0,0,0,1,0,0,0
Cap_Phase1_100_L.mp4,1314,0,0,0,1,0,0,0
Cap_Phase1_100_L.mp4,1315,0,0,1,1,0,0,0
Cap_Phase1_100_L.mp4,1316,0,0,1,1,0,0,0
Cap_Phase1_100_L.mp4,1317,0,0,1,1,0,0,0
Cap_Phase1_100_L.mp4,1318,0,0,0,1,0,0,0
Cap_Phase1_100_L.mp4,1319,0,0,0,1,0,0,0
Cap_Phase1_100_L.mp4,1320,0,0,0,1,0,0,0
Cap_Phase1_100_L.mp4,1321,0,0,0,1,0,0,0
Cap_Phase1_100_L.mp4,1322,0,0,1,1,0,0,0
Cap_Phase1_100_L.mp4,1323,0,0,0,0,0,0,0
Cap_Phase1_100_L.mp4,1324,0,0,0,0,0,0,0
Cap_Phase1_100_L.mp4,1325,0,0,0,0,0,0,0
Cap_Phase1_100_L.mp4,1326,0,0,0,0,0,0,0
Cap_Phase1_100_L.mp4,1327,0,0,0,0,0,0,0
Cap_Phase1_100_L.mp4,1328,0,0,0,0,0,0,0
Cap_Phase1_100_L.mp4,1329,0,0,0,0,0,0,0
Cap_Phase1_100_L.mp4,1330,0,0,0,0,0,0,0
Cap_Phase1_100_L.mp4,1331,0,0,0,0,0,0,0
Cap_Phase1_100_L.mp4,1332,0,0,0,0,0,0,0
Cap_Phase1_100_L.mp4,1333,0,0,0,0,0,0,0
Cap_Phase1_100_L.mp4,1334,0,0,0,0,0,0,0
Cap_Phase1_100_L.mp4,1335,0,0,0,0,0,0,0
Cap_Phase1_100_L.mp4,1336,0,0,0,0,0,0,0
Cap_Phase1_100_L.mp4,1337,0,0,0,0,0,0,0
Cap_Phase1_100_L.mp4,1338,0,0,0,0,0,0,0
Cap_Phase1_100_L.mp4,1339,0,0,0,0,0,0,0
Cap_Phase1_100_L.mp4,1340,0,0,0,0,0,0,0
Cap_Phase1_100_L.mp4,1341,0,0,0,0,0,0,0
Cap_Phase1_100_L.mp4,1342,0,0,0,0,0,0,0
Cap_Phase1_100_L.mp4,1343,0,0,0,0,0,0,0
Cap_Phase1_100_L.mp4,1344,0,0,0,0,1,0,0
Cap_Phase1_100_L.mp4,1345,0,0,0,0,1,0,0
Cap_Phase1_100_L.mp4,1346,0,0,0,0,1,0,0
Cap_Phase1_100_L.mp4,1347,0,0,0,0,1,0,0
Cap_Phase1_100_L.mp4,1348,0,0,0,0,1,0,0
Cap_Phase1_100_L.mp4,1349,0,0,0,0,1,0,0
Cap_Phase1_100_L.mp4,1350,0,0,0,0,1,0,0
Cap_Phase1_100_L.mp4,1351,0,0,0,0,1,0,0
Cap_Phase1_100_L.mp4,1352,0,0,0,0,1,0,0
Cap_Phase1_100_L.mp4,1353,0,0,0,0,1,0,0
Cap_Phase1_100_L.mp4,1354,0,0,0,0,1,0,0
Cap_Phase1_100_L.mp4,1355,0,0,0,0,1,0,0
Cap_Phase1_100_L.mp4,1356,0,0,0,0,1,0,0
Cap_Phase1_100_L.mp4,1357,0,0,0,0,0,0,0
Cap_Phase1_100_L.mp4,1358,0,0,0,0,0,0,0
Cap_Phase1_100_L.mp4,1359,0,0,0,0,0,0,0
Cap_Phase1_100_L.mp4,1360,0,0,0,0,0,0,0
Cap_Phase1_100_L.mp4,1361,0,0,0,0,0,0,0
Cap_Phase1_100_L.mp4,1362,0,0,0,0,0,0,0
Cap_Phase1_100_L.mp4,1363,0,0,0,0,0,0,0
Cap_Phase1_100_L.mp4,1364,0,0,0,0,0,0,0
Cap_Phase1_100_L.mp4,1365,0,0,0,0,0,0,0
Cap_Phase1_100_L.mp4,1366,0,0,0,0,0,0,0
Cap_Phase1_100_L.mp4,1367,0,0,0,0,0,0,0
Cap_Phase1_100_L.mp4,1368,0,0,0,0,0,0,0
Cap_Phase1_100_L.mp4,1369,0,0,0,0,0,0,0
Cap_Phase1_100_L.mp4,1370,0,0,0,0,0,0,0
Cap_Phase1_100_L.mp4,1371,0,0,0,0,0,0,0
Cap_Phase1_100_L.mp4,1372,0,0,0,0,0,0,0
Cap_Phase1_100_L.mp4,1373,0,0,0,0,0,0,0
Cap_Phase1_100_L.mp4,1374,0,0,0,0,0,0,0
Cap_Phase1_100_L.mp4,1375,0,0,0,0,0,0,0
Cap_Phase1_100_L.mp4,1376,0,0,0,0,0,0,0
Cap_Phase1_100_L.mp4,1377,0,0,0,0,0,0,0
Cap_Phase1_100_L.mp4,1378,0,0,0,0,0,0,0
Cap_Phase1_100_L.mp4,1379,0,0,0,0,0,0,0
Cap_Phase1_100_L.mp4,1380,0,0,0,0,0,0,0
Cap_Phase1_100_L.mp4,1381,0,0,0,0,0,0,0
Cap_Phase1_100_L.mp4,1382,0,0,0,0,1,0,0
Cap_Phase1_100_L.mp4,1383,0,0,0,0,1,0,0
Cap_Phase1_100_L.mp4,1384,0,0,0,0,1,0,0
Cap_Phase1_100_L.mp4,1385,0,0,0,0,1,0,0
Cap_Phase1_100_L.mp4,1386,0,0,0,0,1,0,0
Cap_Phase1_100_L.mp4,1387,0,0,0,0,1,0,0
Cap_Phase1_100_L.mp4,1388,0,0,0,0,1,0,0
Cap_Phase1_100_L.mp4,1389,0,0,0,0,1,0,0
Cap_Phase1_100_L.mp4,1390,0,0,0,0,1,0,0
Cap_Phase1_100_L.mp4,1391,0,0,0,0,1,0,0
Cap_Phase1_100_L.mp4,1392,0,0,0,0,1,0,0
Cap_Phase1_100_L.mp4,1393,0,0,0,0,0,0,0
Cap_Phase1_100_L.mp4,1394,0,0,0,0,0,0,0
Cap_Phase1_100_L.mp4,1395,0,0,0,0,0,0,0
Cap_Phase1_100_L.mp4,1396,0,0,0,0,0,0,0
Cap_Phase1_100_L.mp4,1397,0,0,0,0,0,0,0
Cap_Phase1_100_L.mp4,1398,0,0,0,0,0,0,0
Cap_Phase1_100_L.mp4,1399,0,0,0,0,0,0,0
Cap_Phase1_100_L.mp4,1400,0,0,0,0,0,0,0
Cap_Phase1_100_L.mp4,1401,0,0,0,0,0,0,0
Cap_Phase1_100_L.mp4,1402,0,0,0,0,0,0,0
Cap_Phase1_100_L.mp4,1403,0,0,0,0,0,0,0
Cap_Phase1_100_L.mp4,1404,0,0,0,0,0,0,0
Cap_Phase1_100_L.mp4,1405,0,0,0,0,0,0,0
Cap_Phase1_100_L.mp4,1406,0,0,0,0,0,0,0
Cap_Phase1_100_L.mp4,1407,0,0,0,0,0,0,0
Cap_Phase1_100_L.mp4,1408,0,0,0,0,0,0,0
Cap_Phase1_100_L.mp4,1409,0,0,0,0,0,0,0
Cap_Phase1_100_L.mp4,1410,0,0,0,0,0,0,0
Cap_Phase1_100_L.mp4,1411,0,0,0,0,0,0,0
Cap_Phase1_100_L.mp4,1412,0,0,0,0,0,0,0
Cap_Phase1_100_L.mp4,1413,0,0,0,0,0,0,0
Cap_Phase1_100_L.mp4,1414,0,0,0,0,0,0,0
Cap_Phase1_100_L.mp4,1415,0,0,0,0,0,0,0
Cap_Phase1_100_L.mp4,1416,0,0,0,0,0,0,0
Cap_Phase1_100_L.mp4,1417,0,0,0,0,0,0,0
Cap_Phase1_100_L.mp4,1418,0,0,0,0,0,0,0
Cap_Phase1_100_L.mp4,1419,0,0,0,0,0,0,0
Cap_Phase1_100_L.mp4,1420,0,0,0,0,0,0,0
Cap_Phase1_100_L.mp4,1421,0,0,1,1,0,0,0
Cap_Phase1_100_L.mp4,1422,0,0,1,1,0,0,0
Cap_Phase1_100_L.mp4,1423,0,0,1,1,0,0,0
Cap_Phase1_100_L.mp4,1424,0,0,1,1,0,0,0
Cap_Phase1_100_L.mp4,1425,0,0,1,1,0,0,0
Cap_Phase1_100_L.mp4,1426,0,0,1,1,0,0,0
Cap_Phase1_100_L.mp4,1427,0,0,1,1,0,0,0
Cap_Phase1_100_L.mp4,1428,0,0,1,1,0,0,0
Cap_Phase1_100_L.mp4,1429,0,0,1,1,0,0,0
Cap_Phase1_100_L.mp4,1430,0,0,1,1,0,0,0
Cap_Phase1_100_L.mp4,1431,0,0,1,1,0,0,0
Cap_Phase1_100_L.mp4,1432,0,0,0,0,0,0,0
Cap_Phase1_100_L.mp4,1433,0,0,0,0,0,0,0
Cap_Phase1_100_L.mp4,1434,0,0,0,0,0,0,0
Cap_Phase1_100_L.mp4,1435,0,0,0,0,0,0,0
Cap_Phase1_100_L.mp4,1436,0,0,0,0,0,0,0
Cap_Phase1_100_L.mp4,1437,0,0,0,0,0,0,0
Cap_Phase1_100_L.mp4,1438,0,0,0,0,0,0,0
Cap_Phase1_100_L.mp4,1439,0,0,0,0,0,0,0
Cap_Phase1_100_L.mp4,1440,0,0,0,0,0,0,0
Cap_Phase1_100_L.mp4,1441,0,0,0,0,0,0,0
Cap_Phase1_100_L.mp4,1442,0,0,0,0,0,0,0
Cap_Phase1_100_L.mp4,1443,0,0,0,0,0,0,0
Cap_Phase1_100_L.mp4,1444,0,0,0,0,0,0,0
Cap_Phase1_100_L.mp4,1445,0,0,0,0,0,0,0
Cap_Phase1_100_L.mp4,1446,0,0,0,0,0,0,0
Cap_Phase1_100_L.mp4,1447,0,0,0,0,0,0,0
Cap_Phase1_100_L.mp4,1448,0,0,0,0,0,0,0
Cap_Phase1_100_L.mp4,1449,0,0,0,0,0,0,0
Cap_Phase1_100_L.mp4,1450,0,0,0,0,0,0,0
Cap_Phase1_100_L.mp4,1451,0,0,0,0,0,0,0
Cap_Phase1_100_L.mp4,1452,0,0,0,0,0,0,0
Cap_Phase1_100_L.mp4,1453,0,0,0,0,0,0,0
Cap_Phase1_100_L.mp4,1454,0,0,0,0,0,0,0
Cap_Phase1_100_L.mp4,1455,0,0,0,0,1,0,0
Cap_Phase1_100_L.mp4,1456,0,0,0,0,1,0,0
Cap_Phase1_100_L.mp4,1457,0,0,0,0,1,0,0
Cap_Phase1_100_L.mp4,1458,0,0,0,0,1,0,0
Cap_Phase1_100_L.mp4,1459,0,0,0,0,1,0,0
Cap_Phase1_100_L.mp4,1460,0,0,0,0,1,0,0
Cap_Phase1_100_L.mp4,1461,0,0,0,0,1,0,0
Cap_Phase1_100_L.mp4,1462,0,0,0,0,1,0,0
Cap_Phase1_100_L.mp4,1463,0,0,0,0,1,0,0
Cap_Phase1_100_L.mp4,1464,0,0,0,0,1,0,0
Cap_Phase1_100_L.mp4,1465,0,0,0,0,1,0,0
Cap_Phase1_100_L.mp4,1466,0,0,0,0,1,0,0
Cap_Phase1_100_L.mp4,1467,0,0,0,0,1,0,0
Cap_Phase1_100_L.mp4,1468,0,0,0,0,1,0,0
Cap_Phase1_100_L.mp4,1469,0,0,0,0,0,0,0
Cap_Phase1_100_L.mp4,1470,0,0,0,0,0,0,0
Cap_Phase1_100_L.mp4,1471,0,0,0,0,0,0,0
Cap_Phase1_100_L.mp4,1472,0,0,0,0,0,0,0
Cap_Phase1_100_L.mp4,1473,0,0,0,0,0,0,0
Cap_Phase1_100_L.mp4,1474,0,0,0,0,0,0,0
Cap_Phase1_100_L.mp4,1475,0,0,0,0,0,0,0
Cap_Phase1_100_L.mp4,1476,0,0,0,0,0,0,0
Cap_Phase1_100_L.mp4,1477,0,0,0,0,0,0,0
Cap_Phase1_100_L.mp4,1478,0,0,0,0,0,0,0
Cap_Phase1_100_L.mp4,1479,0,0,0,0,0,0,0
Cap_Phase1_100_L.mp4,1480,0,0,0,0,0,0,0
Cap_Phase1_100_L.mp4,1481,0,0,0,0,0,0,0
Cap_Phase1_100_L.mp4,1482,0,0,0,0,0,0,0
Cap_Phase1_100_L.mp4,1483,0,0,0,0,0,0,0
Cap_Phase1_100_L.mp4,1484,0,0,0,0,0,0,0
Cap_Phase1_100_L.mp4,1485,0,0,0,0,0,0,0
Cap_Phase1_100_L.mp4,1486,0,0,0,0,0,0,0
Cap_Phase1_100_L.mp4,1487,0,0,0,0,0,0,0
Cap_Phase1_100_L.mp4,1488,0,0,0,0,0,0,0
Cap_Phase1_100_L.mp4,1489,0,0,0,0,0,0,0
Cap_Phase1_100_L.mp4,1490,0,0,0,0,0,0,0
Cap_Phase1_100_L.mp4,1491,0,0,0,0,0,1,0
Cap_Phase1_100_L.mp4,1492,0,0,0,0,0,1,0
Cap_Phase1_100_L.mp4,1493,0,0,0,0,0,1,1
Cap_Phase1_100_L.mp4,1494,0,0,0,0,0,1,0
Cap_Phase1_100_L.mp4,1495,0,0,0,0,0,1,0
Cap_Phase1_100_L.mp4,1496,0,0,0,0,0,1,0
Cap_Phase1_100_L.mp4,1497,0,0,0,0,0,1,0
Cap_Phase1_100_L.mp4,1498,0,0,0,0,0,1,0
Cap_Phase1_100_L.mp4,1499,0,0,0,0,0,1,0
Cap_Phase1_100_L.mp4,1500,0,0,0,0,0,1,0
Cap_Phase1_100_L.mp4,1501,0,0,0,0,0,1,0
Cap_Phase1_100_L.mp4,1502,0,0,0,0,0,0,0
Cap_Phase1_100_L.mp4,1503,0,0,0,0,0,0,0
Cap_Phase1_100_L.mp4,1504,0,0,0,0,0,0,0
Cap_Phase1_100_L.mp4,1505,0,0,0,0,0,0,0
Cap_Phase1_100_L.mp4,1506,0,0,0,0,0,0,0
Cap_Phase1_100_L.mp4,1507,0,0,0,0,0,0,0
Cap_Phase1_100_L.mp4,1508,0,0,0,0,0,0,0
Cap_Phase1_100_L.mp4,1509,0,0,0,0,0,0,0
Cap_Phase1_100_L.mp4,1510,0,0,0,0,0,0,0
Cap_Phase1_100_L.mp4,1511,0,0,0,0,0,0,0
Cap_Phase1_100_L.mp4,1512,0,0,0,0,0,0,0
Cap_Phase1_100_L.mp4,1513,0,0,0,0,0,0,0
Cap_Phase1_100_L.mp4,1514,0,0,0,0,0,0,0
Cap_Phase1_100_L.mp4,1515,0,0,0,0,0,0,0
Cap_Phase1_100_L.mp4,1516,0,0,0,0,0,0,0
Cap_Phase1_100_L.mp4,1517,0,0,0,0,0,0,0
Cap_Phase1_100_L.mp4,1518,0,0,0,0,0,0,0
Cap_Phase1_100_L.mp4,1519,0,0,0,0,0,0,0
Cap_Phase1_100_L.mp4,1520,0,0,0,0,0,0,0
Cap_Phase1_100_L.mp4,1521,0,0,0,0,0,0,0
Cap_Phase1_100_L.mp4,1522,0,0,0,0,0,0,0
Cap_Phase1_100_L.mp4,1523,0,0,0,0,0,0,0
Cap_Phase1_100_L.mp4,1524,0,0,0,0,1,0,0
Cap_Phase1_100_L.mp4,1525,0,0,0,0,1,0,0
Cap_Phase1_100_L.mp4,1526,0,0,0,0,1,0,0
Cap_Phase1_100_L.mp4,1527,0,0,0,0,1,0,0
Cap_Phase1_100_L.mp4,1528,0,0,0,0,1,0,0
Cap_Phase1_100_L.mp4,1529,0,0,0,0,1,0,0
Cap_Phase1_100_L.mp4,1530,0,0,0,0,1,0,0
Cap_Phase1_100_L.mp4,1531,0,0,0,0,1,0,0
Cap_Phase1_100_L.mp4,1532,0,0,0,0,1,0,0
Cap_Phase1_100_L.mp4,1533,0,0,0,0,0,0,0
Cap_Phase1_100_L.mp4,1534,0,0,0,0,0,0,0
Cap_Phase1_100_L.mp4,1535,0,0,0,0,0,0,0
Cap_Phase1_100_L.mp4,1536,0,0,0,0,0,0,0
Cap_Phase1_100_L.mp4,1537,0,0,0,0,0,0,0
Cap_Phase1_100_L.mp4,1538,0,0,0,0,0,0,0
Cap_Phase1_100_L.mp4,1539,0,0,0,0,0,0,0
Cap_Phase1_100_L.mp4,1540,0,0,0,0,0,0,0
Cap_Phase1_100_L.mp4,1541,0,0,0,0,0,0,0
Cap_Phase1_100_L.mp4,1542,0,0,0,0,0,0,0
Cap_Phase1_100_L.mp4,1543,0,0,0,0,0,0,0
Cap_Phase1_100_L.mp4,1544,0,0,0,0,0,0,0
Cap_Phase1_100_L.mp4,1545,0,0,0,0,0,0,0
Cap_Phase1_100_L.mp4,1546,0,0,0,0,0,0,0
Cap_Phase1_100_L.mp4,1547,0,0,0,0,0,0,0
Cap_Phase1_100_L.mp4,1548,0,0,0,0,0,0,0
Cap_Phase1_100_L.mp4,1549,0,0,0,0,0,0,0
Cap_Phase1_100_L.mp4,1550,0,0,0,0,0,0,0
Cap_Phase1_100_L.mp4,1551,0,0,0,0,0,0,0
Cap_Phase1_100_L.mp4,1552,0,0,0,0,0,0,0
Cap_Phase1_100_L.mp4,1553,0,0,0,0,0,0,0
Cap_Phase1_100_L.mp4,1554,0,0,0,0,0,0,0
Cap_Phase1_100_L.mp4,1555,0,0,0,0,0,0,0
Cap_Phase1_100_L.mp4,1556,0,0,0,0,0,0,0
Cap_Phase1_100_L.mp4,1557,0,0,0,0,0,0,0
Cap_Phase1_100_L.mp4,1558,0,0,0,0,0,0,0
Cap_Phase1_100_L.mp4,1559,0,0,0,0,0,0,0
Cap_Phase1_100_L.mp4,1560,0,0,1,1,1,0,0
Cap_Phase1_100_L.mp4,1561,0,0,0,0,1,0,0
Cap_Phase1_100_L.mp4,1562,0,0,0,0,1,0,0
Cap_Phase1_100_L.mp4,1563,0,0,0,0,1,0,0
Cap_Phase1_100_L.mp4,1564,0,0,0,0,1,0,0
Cap_Phase1_100_L.mp4,1565,0,0,0,0,1,0,0
Cap_Phase1_100_L.mp4,1566,0,0,0,0,1,0,0
Cap_Phase1_100_L.mp4,1567,0,0,0,0,1,0,0
Cap_Phase1_100_L.mp4,1568,0,0,0,0,1,0,0
Cap_Phase1_100_L.mp4,1569,0,0,0,0,1,0,0
Cap_Phase1_100_L.mp4,1570,0,0,0,0,1,0,0
Cap_Phase1_100_L.mp4,1571,0,0,0,0,1,0,0
Cap_Phase1_100_L.mp4,1572,0,0,0,0,1,0,0
Cap_Phase1_100_L.mp4,1573,0,0,0,0,1,0,0
Cap_Phase1_100_L.mp4,1574,0,0,0,0,1,0,0
Cap_Phase1_100_L.mp4,1575,0,0,0,0,1,0,0
Cap_Phase1_100_L.mp4,1576,0,0,0,0,1,0,0
Cap_Phase1_100_L.mp4,1577,0,0,0,0,0,0,0
Cap_Phase1_100_L.mp4,1578,0,0,0,0,0,0,0
Cap_Phase1_100_L.mp4,1579,0,0,0,0,0,0,0
Cap_Phase1_100_L.mp4,1580,0,0,0,0,0,0,0
Cap_Phase1_100_L.mp4,1581,0,0,0,0,0,0,0
Cap_Phase1_100_L.mp4,1582,0,0,0,0,0,0,0
Cap_Phase1_100_L.mp4,1583,0,0,0,0,0,0,0
Cap_Phase1_100_L.mp4,1584,0,0,0,0,0,0,0
Cap_Phase1_100_L.mp4,1585,0,0,0,0,0,0,0
Cap_Phase1_100_L.mp4,1586,0,0,0,0,0,0,0
Cap_Phase1_100_L.mp4,1587,0,0,0,0,0,0,0
Cap_Phase1_100_L.mp4,1588,0,0,0,0,0,0,0
Cap_Phase1_100_L.mp4,1589,0,0,0,0,0,0,0
Cap_Phase1_100_L.mp4,1590,0,0,0,0,0,0,0
Cap_Phase1_100_L.mp4,1591,0,0,0,0,0,0,0
Cap_Phase1_100_L.mp4,1592,0,0,0,0,0,0,0
Cap_Phase1_100_L.mp4,1593,0,0,0,0,0,0,0
Cap_Phase1_100_L.mp4,1594,0,0,0,0,0,0,0
Cap_Phase1_100_L.mp4,1595,0,0,0,0,0,0,0
Cap_Phase1_100_L.mp4,1596,0,0,0,0,1,0,0
Cap_Phase1_100_L.mp4,1597,0,0,0,0,1,0,0
Cap_Phase1_100_L.mp4,1598,0,0,0,0,1,0,0
Cap_Phase1_100_L.mp4,1599,0,0,0,0,1,0,0
Cap_Phase1_100_L.mp4,1600,0,0,0,0,1,0,0
Cap_Phase1_100_L.mp4,1601,0,0,0,0,1,0,0
Cap_Phase1_100_L.mp4,1602,0,0,0,0,1,0,0
Cap_Phase1_100_L.mp4,1603,0,0,0,0,1,0,0
Cap_Phase1_100_L.mp4,1604,0,0,0,0,1,0,0
Cap_Phase1_100_L.mp4,1605,0,0,0,0,1,0,0
Cap_Phase1_100_L.mp4,1606,0,0,0,0,1,0,0
Cap_Phase1_100_L.mp4,1607,0,0,0,0,1,0,0
Cap_Phase1_100_L.mp4,1608,0,0,0,0,1,0,0
Cap_Phase1_100_L.mp4,1609,0,0,0,0,1,0,0
Cap_Phase1_100_L.mp4,1610,0,0,0,0,1,0,0
Cap_Phase1_100_L.mp4,1611,0,0,0,0,1,0,0
Cap_Phase1_100_L.mp4,1612,0,0,0,0,0,0,0
Cap_Phase1_100_L.mp4,1613,0,0,0,0,0,0,0
Cap_Phase1_100_L.mp4,1614,0,0,0,0,0,0,0
Cap_Phase1_100_L.mp4,1615,0,0,0,0,0,0,0
Cap_Phase1_100_L.mp4,1616,0,0,0,0,0,0,0
Cap_Phase1_100_L.mp4,1617,0,0,0,0,0,0,0
Cap_Phase1_100_L.mp4,1618,0,0,0,0,0,0,0
Cap_Phase1_100_L.mp4,1619,0,0,0,0,0,0,0
Cap_Phase1_100_L.mp4,1620,0,0,0,0,0,0,0
Cap_Phase1_100_L.mp4,1621,0,0,0,0,0,0,0
Cap_Phase1_100_L.mp4,1622,0,0,0,0,0,0,0
Cap_Phase1_100_L.mp4,1623,0,0,0,0,0,0,0
Cap_Phase1_100_L.mp4,1624,0,0,0,0,0,0,0
Cap_Phase1_100_L.mp4,1625,0,0,0,0,0,0,0
Cap_Phase1_100_L.mp4,1626,0,0,0,0,0,0,0
Cap_Phase1_100_L.mp4,1627,0,0,0,0,0,0,0
Cap_Phase1_100_L.mp4,1628,0,0,0,0,0,0,0
Cap_Phase1_100_L.mp4,1629,0,0,0,0,0,0,0
Cap_Phase1_100_L.mp4,1630,0,0,0,0,0,0,0
Cap_Phase1_100_L.mp4,1631,0,0,0,0,0,0,0
Cap_Phase1_100_L.mp4,1632,0,0,0,0,0,0,0
Cap_Phase1_100_L.mp4,1633,0,0,0,0,0,0,0
Cap_Phase1_100_L.mp4,1634,0,0,0,1,0,0,0
Cap_Phase1_100_L.mp4,1635,0,0,0,1,0,0,0
Cap_Phase1_100_L.mp4,1636,0,0,0,1,0,0,0
Cap_Phase1_100_L.mp4,1637,0,0,0,1,0,0,0
Cap_Phase1_100_L.mp4,1638,0,0,0,1,0,0,0
Cap_Phase1_100_L.mp4,1639,0,0,1,1,0,0,0
Cap_Phase1_100_L.mp4,1640,0,0,1,1,0,0,0
Cap_Phase1_100_L.mp4,1641,0,0,1,1,0,0,0
Cap_Phase1_100_L.mp4,1642,0,0,1,1,0,0,0
Cap_Phase1_100_L.mp4,1643,0,0,1,1,0,0,0
Cap_Phase1_100_L.mp4,1644,0,0,1,1,0,0,0
Cap_Phase1_100_L.mp4,1645,0,0,0,1,0,0,0
Cap_Phase1_100_L.mp4,1646,0,0,0,1,0,0,0
Cap_Phase1_100_L.mp4,1647,0,0,0,1,0,0,0
Cap_Phase1_100_L.mp4,1648,0,0,0,0,0,0,0
Cap_Phase1_100_L.mp4,1649,0,0,0,0,0,0,0
Cap_Phase1_100_L.mp4,1650,0,0,0,0,0,0,0
Cap_Phase1_100_L.mp4,1651,0,0,0,0,0,0,0
Cap_Phase1_100_L.mp4,1652,0,0,0,0,0,0,0
Cap_Phase1_100_L.mp4,1653,0,0,0,0,0,0,0
Cap_Phase1_100_L.mp4,1654,0,0,0,0,0,0,0
Cap_Phase1_100_L.mp4,1655,0,0,0,0,0,0,0
Cap_Phase1_100_L.mp4,1656,0,0,0,0,0,0,0
Cap_Phase1_100_L.mp4,1657,0,0,0,0,0,0,0
Cap_Phase1_100_L.mp4,1658,0,0,0,0,0,0,0
Cap_Phase1_100_L.mp4,1659,0,0,0,0,0,0,0
Cap_Phase1_100_L.mp4,1660,0,0,0,0,0,0,0
Cap_Phase1_100_L.mp4,1661,0,0,0,0,0,0,0
Cap_Phase1_100_L.mp4,1662,0,0,0,0,0,0,0
Cap_Phase1_100_L.mp4,1663,0,0,0,0,0,0,0
Cap_Phase1_100_L.mp4,1664,0,0,0,0,0,0,0
Cap_Phase1_100_L.mp4,1665,0,0,0,0,0,0,0
Cap_Phase1_100_L.mp4,1666,0,0,0,0,0,0,0
Cap_Phase1_100_L.mp4,1667,0,0,0,0,0,0,0
Cap_Phase1_100_L.mp4,1668,0,0,0,0,0,0,0
Cap_Phase1_100_L.mp4,1669,0,0,0,0,0,0,0
Cap_Phase1_100_L.mp4,1670,0,0,0,1,0,0,0
Cap_Phase1_100_L.mp4,1671,0,0,0,1,0,0,0
Cap_Phase1_100_L.mp4,1672,0,0,0,1,0,0,0
Cap_Phase1_100_L.mp4,1673,0,0,0,1,0,0,0
Cap_Phase1_100_L.mp4,1674,0,0,0,1,0,0,0
Cap_Phase1_100_L.mp4,1675,0,0,0,1,0,0,0
Cap_Phase1_100_L.mp4,1676,0,0,0,1,0,0,0
Cap_Phase1_100_L.mp4,1677,0,0,0,1,0,0,0
Cap_Phase1_100_L.mp4,1678,0,0,0,1,0,0,0
Cap_Phase1_100_L.mp4,1679,0,0,0,1,0,0,0
Cap_Phase1_100_L.mp4,1680,0,0,0,1,0,0,0
Cap_Phase1_100_L.mp4,1681,0,0,0,1,0,0,0
Cap_Phase1_100_L.mp4,1682,0,0,0,0,0,0,0
Cap_Phase1_100_L.mp4,1683,0,0,0,0,0,0,0
Cap_Phase1_100_L.mp4,1684,0,0,0,0,0,0,0
Cap_Phase1_100_L.mp4,1685,0,0,0,0,0,0,0
Cap_Phase1_100_L.mp4,1686,0,0,0,0,0,0,0
Cap_Phase1_100_L.mp4,1687,0,0,0,0,0,0,0
Cap_Phase1_100_L.mp4,1688,0,0,0,0,0,0,0
Cap_Phase1_100_L.mp4,1689,0,0,0,0,0,0,0
Cap_Phase1_100_L.mp4,1690,0,0,0,0,0,0,0
Cap_Phase1_100_L.mp4,1691,0,0,0,0,0,0,0
Cap_Phase1_100_L.mp4,1692,0,0,0,0,0,0,0
Cap_Phase1_100_L.mp4,1693,0,0,0,0,0,0,0
Cap_Phase1_100_L.mp4,1694,0,0,0,0,0,0,0
Cap_Phase1_100_L.mp4,1695,0,0,0,0,0,0,0
Cap_Phase1_100_L.mp4,1696,0,0,0,0,0,0,0
Cap_Phase1_100_L.mp4,1697,0,0,0,0,0,0,0
Cap_Phase1_100_L.mp4,1698,0,0,0,0,0,0,0
Cap_Phase1_100_L.mp4,1699,0,0,0,0,0,0,0
Cap_Phase1_100_L.mp4,1700,0,0,0,0,0,0,0
Cap_Phase1_100_L.mp4,1701,0,0,0,0,0,0,0
Cap_Phase1_100_L.mp4,1702,0,0,0,0,0,0,0
Cap_Phase1_100_L.mp4,1703,0,0,0,0,0,0,0
Cap_Phase1_100_L.mp4,1704,0,0,0,0,0,0,0
Cap_Phase1_100_L.mp4,1705,0,0,0,0,0,0,0
Cap_Phase1_100_L.mp4,1706,0,0,0,0,0,0,0
Cap_Phase1_100_L.mp4,1707,0,0,0,0,0,0,0
Cap_Phase1_100_L.mp4,1708,0,0,1,0,0,0,0
Cap_Phase1_100_L.mp4,1709,0,0,1,0,0,0,0
Cap_Phase1_100_L.mp4,1710,0,0,1,0,0,0,0
Cap_Phase1_100_L.mp4,1711,0,0,1,0,0,0,0
Cap_Phase1_100_L.mp4,1712,0,0,1,0,0,0,0
Cap_Phase1_100_L.mp4,1713,0,0,1,0,0,0,0
Cap_Phase1_100_L.mp4,1714,0,0,1,0,0,0,0
Cap_Phase1_100_L.mp4,1715,0,1,1,0,0,0,0
Cap_Phase1_100_L.mp4,1716,0,1,1,0,0,0,0
Cap_Phase1_100_L.mp4,1717,0,1,1,0,0,0,0
Cap_Phase1_100_L.mp4,1718,0,1,1,0,0,0,0
Cap_Phase1_100_L.mp4,1719,0,0,1,0,0,0,0
Cap_Phase1_100_L.mp4,1720,0,0,0,0,0,0,0
Cap_Phase1_100_L.mp4,1721,0,0,0,0,0,0,0
Cap_Phase1_100_L.mp4,1722,0,0,0,0,0,0,0
Cap_Phase1_100_L.mp4,1723,0,0,0,0,0,0,0
Cap_Phase1_100_L.mp4,1724,0,0,0,0,0,0,0
Cap_Phase1_100_L.mp4,1725,0,0,0,0,0,0,0
Cap_Phase1_100_L.mp4,1726,0,0,0,0,0,0,0
Cap_Phase1_100_L.mp4,1727,0,0,0,0,0,0,0
Cap_Phase1_100_L.mp4,1728,0,0,0,0,0,0,0
Cap_Phase1_100_L.mp4,1729,0,0,0,0,0,0,0
Cap_Phase1_100_L.mp4,1730,0,0,0,0,0,0,0
Cap_Phase1_100_L.mp4,1731,0,0,0,0,0,0,0
Cap_Phase1_100_L.mp4,1732,0,0,0,0,0,0,0
Cap_Phase1_100_L.mp4,1733,0,0,0,0,0,0,0
Cap_Phase1_100_L.mp4,1734,0,0,0,0,0,0,0
Cap_Phase1_100_L.mp4,1735,0,0,0,0,0,0,0
Cap_Phase1_100_L.mp4,1736,0,0,0,0,0,0,0
Cap_Phase1_100_L.mp4,1737,0,0,0,0,0,0,0
Cap_Phase1_100_L.mp4,1738,0,0,0,0,0,0,0
Cap_Phase1_100_L.mp4,1739,0,0,0,0,0,0,0
Cap_Phase1_100_L.mp4,1740,0,0,1,0,0,0,0
Cap_Phase1_100_L.mp4,1741,0,1,1,0,0,0,0
Cap_Phase1_100_L.mp4,1742,0,1,1,0,0,0,0
Cap_Phase1_100_L.mp4,1743,0,1,1,0,0,0,0
Cap_Phase1_100_L.mp4,1744,0,0,1,0,0,0,0
Cap_Phase1_100_L.mp4,1745,0,0,1,0,0,0,0
Cap_Phase1_100_L.mp4,1746,0,0,1,0,0,0,0
Cap_Phase1_100_L.mp4,1747,0,1,1,0,0,0,0
Cap_Phase1_100_L.mp4,1748,0,1,1,0,0,0,0
Cap_Phase1_100_L.mp4,1749,0,1,1,0,0,0,0
Cap_Phase1_100_L.mp4,1750,0,1,1,0,0,0,0
Cap_Phase1_100_L.mp4,1751,0,1,1,0,0,0,0
Cap_Phase1_100_L.mp4,1752,0,0,0,0,0,0,0
Cap_Phase1_100_L.mp4,1753,0,0,0,0,0,0,0
Cap_Phase1_100_L.mp4,1754,0,0,0,0,0,0,0
Cap_Phase1_100_L.mp4,1755,0,0,0,0,0,0,0
Cap_Phase1_100_L.mp4,1756,0,0,0,0,0,0,0
Cap_Phase1_100_L.mp4,1757,0,0,0,0,0,0,0
Cap_Phase1_100_L.mp4,1758,0,0,0,0,0,0,0
Cap_Phase1_100_L.mp4,1759,0,0,0,0,0,0,0
Cap_Phase1_100_L.mp4,1760,0,0,0,0,0,0,0
Cap_Phase1_100_L.mp4,1761,0,0,0,0,0,0,0
Cap_Phase1_100_L.mp4,1762,0,0,0,0,0,0,0
Cap_Phase1_100_L.mp4,1763,0,0,0,0,0,0,0
Cap_Phase1_100_L.mp4,1764,0,0,0,0,0,0,0
Cap_Phase1_100_L.mp4,1765,0,0,0,0,0,0,0
Cap_Phase1_100_L.mp4,1766,0,0,0,0,0,0,0
Cap_Phase1_100_L.mp4,1767,0,0,0,0,0,0,0
Cap_Phase1_100_L.mp4,1768,0,0,0,0,0,0,0
Cap_Phase1_100_L.mp4,1769,0,0,0,0,0,0,0
Cap_Phase1_100_L.mp4,1770,0,0,0,0,0,0,0
Cap_Phase1_100_L.mp4,1771,0,0,0,0,0,0,0
Cap_Phase1_100_L.mp4,1772,0,0,0,0,0,0,0
Cap_Phase1_100_L.mp4,1773,0,0,0,0,0,0,0
Cap_Phase1_100_L.mp4,1774,0,0,0,0,0,0,0
Cap_Phase1_100_L.mp4,1775,0,0,0,0,0,0,0
Cap_Phase1_100_L.mp4,1776,0,0,0,0,0,0,0
Cap_Phase1_100_L.mp4,1777,0,0,0,1,0,0,0
Cap_Phase1_100_L.mp4,1778,0,0,0,1,0,0,0
Cap_Phase1_100_L.mp4,1779,0,0,0,1,0,0,0
Cap_Phase1_100_L.mp4,1780,0,0,0,1,0,0,0
Cap_Phase1_100_L.mp4,1781,0,0,0,1,0,0,0
Cap_Phase1_100_L.mp4,1782,0,0,0,1,0,0,0
Cap_Phase1_100_L.mp4,1783,0,0,0,1,0,0,0
Cap_Phase1_100_L.mp4,1784,0,0,0,1,0,0,0
Cap_Phase1_100_L.mp4,1785,0,0,0,1,0,0,0
Cap_Phase1_100_L.mp4,1786,0,0,0,1,0,0,0
Cap_Phase1_100_L.mp4,1787,0,0,0,1,0,0,0
Cap_Phase1_100_L.mp4,1788,0,0,0,1,0,0,0
Cap_Phase1_100_L.mp4,1789,0,0,0,1,0,0,0
Cap_Phase1_100_L.mp4,1790,0,0,0,1,0,0,0
Cap_Phase1_100_L.mp4,1791,0,0,0,0,0,0,0
Cap_Phase1_100_L.mp4,1792,0,0,0,0,0,0,0
Cap_Phase1_100_L.mp4,1793,0,0,0,0,0,0,0
Cap_Phase1_100_L.mp4,1794,0,0,0,0,0,0,0
Cap_Phase1_100_L.mp4,1795,0,0,0,0,0,0,0
Cap_Phase1_100_L.mp4,1796,0,0,0,0,0,0,0
Cap_Phase1_100_L.mp4,1797,0,0,0,0,0,0,0
Cap_Phase1_100_L.mp4,1798,0,0,0,0,0,0,0
Cap_Phase1_100_L.mp4,1799,0,0,0,0,0,0,0
Cap_Phase1_100_L.mp4,1800,0,0,0,0,0,0,0
Cap_Phase1_100_L.mp4,1801,0,0,0,0,0,0,0
Cap_Phase1_100_L.mp4,1802,0,0,0,0,0,0,0
Cap_Phase1_100_L.mp4,1803,0,0,0,0,0,0,0
Cap_Phase1_100_L.mp4,1804,0,0,0,0,0,0,0
Cap_Phase1_100_L.mp4,1805,0,0,0,0,0,0,0
Cap_Phase1_100_L.mp4,1806,0,0,0,0,0,0,0
Cap_Phase1_100_L.mp4,1807,0,0,0,0,0,0,0
Cap_Phase1_100_L.mp4,1808,0,0,0,0,0,0,0
Cap_Phase1_100_L.mp4,1809,0,0,0,0,0,0,0
Cap_Phase1_100_L.mp4,1810,0,0,0,0,0,0,0
Cap_Phase1_100_L.mp4,1811,0,0,0,0,0,0,0
Cap_Phase1_100_L.mp4,1812,0,0,0,0,1,0,0
Cap_Phase1_100_L.mp4,1813,0,0,0,0,1,0,0
Cap_Phase1_100_L.mp4,1814,0,0,0,0,1,0,0
Cap_Phase1_100_L.mp4,1815,0,0,0,0,1,0,0
Cap_Phase1_100_L.mp4,1816,0,0,0,0,1,0,0
Cap_Phase1_100_L.mp4,1817,0,0,0,0,1,0,0
Cap_Phase1_100_L.mp4,1818,0,0,0,0,1,0,0
Cap_Phase1_100_L.mp4,1819,0,0,0,0,1,0,0
Cap_Phase1_100_L.mp4,1820,0,0,0,0,1,0,0
Cap_Phase1_100_L.mp4,1821,0,0,0,0,1,0,0
Cap_Phase1_100_L.mp4,1822,0,0,0,0,1,0,0
Cap_Phase1_100_L.mp4,1823,0,0,0,0,1,0,0
Cap_Phase1_100_L.mp4,1824,0,0,0,0,1,0,0
Cap_Phase1_100_L.mp4,1825,0,0,0,0,1,0,0
Cap_Phase1_100_L.mp4,1826,0,0,0,0,1,0,0
Cap_Phase1_100_L.mp4,1827,0,0,0,0,0,0,0
Cap_Phase1_100_L.mp4,1828,0,0,0,0,0,0,0
Cap_Phase1_100_L.mp4,1829,0,0,0,0,0,0,0
Cap_Phase1_100_L.mp4,1830,0,0,0,0,0,0,0
Cap_Phase1_100_L.mp4,1831,0,0,0,0,0,0,0
Cap_Phase1_100_L.mp4,1832,0,0,0,0,0,0,0
Cap_Phase1_100_L.mp4,1833,0,0,0,0,0,0,0
Cap_Phase1_100_L.mp4,1834,0,0,0,0,0,0,0
Cap_Phase1_100_L.mp4,1835,0,0,0,0,0,0,0
Cap_Phase1_100_L.mp4,1836,0,0,0,0,0,0,0
Cap_Phase1_100_L.mp4,1837,0,0,0,0,0,0,0
Cap_Phase1_100_L.mp4,1838,0,0,0,0,0,0,0
Cap_Phase1_100_L.mp4,1839,0,0,0,0,0,0,0
Cap_Phase1_100_L.mp4,1840,0,0,0,0,0,0,0
Cap_Phase1_100_L.mp4,1841,0,0,0,0,0,0,0
Cap_Phase1_100_L.mp4,1842,0,0,0,0,0,0,0
Cap_Phase1_100_L.mp4,1843,0,0,0,0,0,0,0
Cap_Phase1_100_L.mp4,1844,0,0,0,0,0,0,0
Cap_Phase1_100_L.mp4,1845,0,0,0,0,0,0,0
Cap_Phase1_100_L.mp4,1846,0,0,0,0,0,0,0
Cap_Phase1_100_L.mp4,1847,0,0,0,0,0,0,0
Cap_Phase1_100_L.mp4,1848,0,0,0,0,0,0,0
Cap_Phase1_100_L.mp4,1849,0,0,0,0,0,0,0
Cap_Phase1_100_L.mp4,1850,0,0,0,0,0,0,0
Cap_Phase1_100_L.mp4,1851,0,0,0,0,0,0,0
Cap_Phase1_100_L.mp4,1852,0,0,0,0,0,0,0
Cap_Phase1_100_L.mp4,1853,0,0,0,0,0,0,0
Cap_Phase1_100_L.mp4,1854,0,0,0,0,0,0,0
Cap_Phase1_100_L.mp4,1855,0,0,0,0,0,0,0
Cap_Phase1_100_L.mp4,1856,0,0,0,0,0,0,0
Cap_Phase1_100_L.mp4,1857,0,0,0,0,0,0,0
Cap_Phase1_100_L.mp4,1858,0,0,0,0,0,0,0
Cap_Phase1_100_L.mp4,1859,0,0,0,0,0,0,0
Cap_Phase1_100_L.mp4,1860,0,0,0,0,0,0,0
Cap_Phase1_100_L.mp4,1861,0,0,0,0,0,0,0
Cap_Phase1_100_L.mp4,1862,0,0,0,0,0,0,0
Cap_Phase1_100_L.mp4,1863,0,0,0,0,0,0,0
Cap_Phase1_100_L.mp4,1864,0,0,0,0,0,0,0
Cap_Phase1_100_L.mp4,1865,0,0,0,0,0,0,0
Cap_Phase1_100_L.mp4,1866,0,0,0,0,0,0,0
Cap_Phase1_100_L.mp4,1867,0,0,0,0,0,0,0
Cap_Phase1_100_L.mp4,1868,0,0,0,0,0,0,0
Cap_Phase1_100_L.mp4,1869,0,0,0,0,0,0,0
Cap_Phase1_100_L.mp4,1870,0,0,0,0,0,0,0
Cap_Phase1_100_L.mp4,1871,0,0,0,0,0,0,0
Cap_Phase1_100_L.mp4,1872,0,0,0,0,0,0,0
Cap_Phase1_100_L.mp4,1873,0,0,0,0,0,0,0
Cap_Phase1_100_L.mp4,1874,0,0,0,0,0,0,0
Cap_Phase1_100_L.mp4,1875,0,0,0,0,0,0,0
Cap_Phase1_100_L.mp4,1876,0,0,0,0,0,0,0
Cap_Phase1_100_L.mp4,1877,0,0,0,0,0,0,0
Cap_Phase1_100_L.mp4,1878,0,0,0,0,0,0,0
Cap_Phase1_100_L.mp4,1879,0,0,0,0,0,0,0
Cap_Phase1_100_L.mp4,1880,0,0,0,0,0,0,0
Cap_Phase1_100_L.mp4,1881,0,0,0,0,0,0,0
Cap_Phase1_100_L.mp4,1882,0,0,0,0,0,0,0
Cap_Phase1_100_L.mp4,1883,0,0,0,0,0,0,0
Cap_Phase1_100_L.mp4,1884,0,0,0,0,0,0,0
Cap_Phase1_100_L.mp4,1885,0,0,0,0,0,0,0
Cap_Phase1_100_L.mp4,1886,0,0,0,0,0,0,0
Cap_Phase1_100_L.mp4,1887,0,0,0,0,0,0,0
Cap_Phase1_100_L.mp4,1888,0,0,0,0,0,0,0
Cap_Phase1_100_L.mp4,1889,0,0,0,0,0,0,0
Cap_Phase1_100_L.mp4,1890,0,0,0,0,0,0,0
Cap_Phase1_100_L.mp4,1891,0,0,0,0,0,0,0
Cap_Phase1_100_L.mp4,1892,0,0,0,0,0,0,0
Cap_Phase1_100_L.mp4,1893,0,0,0,0,0,0,0
Cap_Phase1_100_L.mp4,1894,0,0,0,0,0,0,0
Cap_Phase1_100_L.mp4,1895,0,0,0,0,0,0,0
Cap_Phase1_100_L.mp4,1896,0,0,0,0,0,0,0
Cap_Phase1_100_L.mp4,1897,0,0,0,0,0,0,0
Cap_Phase1_100_L.mp4,1898,0,0,0,0,0,0,0
Cap_Phase1_100_L.mp4,1899,0,0,0,0,0,0,0
Cap_Phase1_100_L.mp4,1900,0,0,0,0,0,0,0
Cap_Phase1_100_L.mp4,1901,0,0,0,0,0,0,0
Cap_Phase1_100_L.mp4,1902,0,0,0,0,0,0,0
Cap_Phase1_100_L.mp4,1903,0,0,0,0,0,0,0
Cap_Phase1_100_L.mp4,1904,0,0,0,0,0,0,0
Cap_Phase1_100_L.mp4,1905,0,0,0,0,0,0,0
Cap_Phase1_100_L.mp4,1906,0,0,0,0,0,0,0
Cap_Phase1_100_L.mp4,1907,0,0,0,0,0,0,0
Cap_Phase1_100_L.mp4,1908,0,0,0,0,0,0,0
Cap_Phase1_100_L.mp4,1909,0,0,0,0,0,0,0
Cap_Phase1_100_L.mp4,1910,0,0,0,0,0,0,0
Cap_Phase1_100_L.mp4,1911,0,0,0,0,0,0,0
Cap_Phase1_100_L.mp4,1912,0,0,0,0,0,0,0
Cap_Phase1_100_L.mp4,1913,0,0,0,0,0,0,0
Cap_Phase1_100_L.mp4,1914,0,0,0,0,0,0,0
Cap_Phase1_100_L.mp4,1915,0,0,0,0,0,0,0
Cap_Phase1_100_L.mp4,1916,0,0,0,0,0,0,0
Cap_Phase1_100_L.mp4,1917,0,0,0,0,0,0,0
Cap_Phase1_100_L.mp4,1918,0,0,0,0,0,0,0
Cap_Phase1_100_L.mp4,1919,0,0,0,0,0,0,0
Cap_Phase1_100_L.mp4,1920,0,0,0,0,0,0,0
Cap_Phase1_100_L.mp4,1921,0,0,0,0,0,0,0
Cap_Phase1_100_L.mp4,1922,0,0,0,0,0,0,0
Cap_Phase1_100_L.mp4,1923,0,0,0,0,0,0,0
Cap_Phase1_100_L.mp4,1924,0,0,0,0,0,0,0
Cap_Phase1_100_L.mp4,1925,0,0,0,0,0,0,0
Cap_Phase1_100_L.mp4,1926,0,0,0,0,0,0,0
Cap_Phase1_100_L.mp4,1927,0,0,0,0,0,0,0
Cap_Phase1_100_L.mp4,1928,0,0,0,0,0,0,0
Cap_Phase1_100_L.mp4,1929,0,0,0,0,0,0,0
Cap_Phase1_100_L.mp4,1930,0,0,0,0,0,0,0
Cap_Phase1_100_L.mp4,1931,0,0,0,0,0,0,0
Cap_Phase1_100_L.mp4,1932,0,0,0,0,0,0,0
Cap_Phase1_100_L.mp4,1933,0,0,0,0,0,0,0
Cap_Phase1_100_L.mp4,1934,0,0,0,0,0,0,0
Cap_Phase1_100_L.mp4,1935,0,0,0,0,0,0,0
Cap_Phase1_100_L.mp4,1936,0,0,0,0,0,0,0
Cap_Phase1_100_L.mp4,1937,0,0,0,0,0,0,0
Cap_Phase1_100_L.mp4,1938,0,0,0,0,0,0,0
Cap_Phase1_100_L.mp4,1939,0,0,0,0,0,0,0
Cap_Phase1_100_L.mp4,1940,0,0,0,0,0,0,0
Cap_Phase1_100_L.mp4,1941,0,0,0,0,0,0,0
Cap_Phase1_100_L.mp4,1942,0,0,0,0,0,0,0
Cap_Phase1_100_L.mp4,1943,0,0,0,0,0,0,0
Cap_Phase1_100_L.mp4,1944,0,0,0,0,0,0,0
Cap_Phase1_100_L.mp4,1945,0,0,0,0,0,0,0
Cap_Phase1_100_L.mp4,1946,0,0,0,0,0,0,0
Cap_Phase1_100_L.mp4,1947,0,0,0,0,0,0,0
Cap_Phase1_100_L.mp4,1948,0,0,0,0,0,0,0
Cap_Phase1_100_L.mp4,1949,0,0,0,0,0,0,0
Cap_Phase1_100_L.mp4,1950,0,0,0,0,0,0,0
Cap_Phase1_100_L.mp4,1951,0,0,0,0,0,0,0
Cap_Phase1_100_L.mp4,1952,0,0,0,0,0,0,0
Cap_Phase1_100_L.mp4,1953,0,0,0,0,0,0,0
Cap_Phase1_100_L.mp4,1954,0,0,0,0,0,0,0
Cap_Phase1_100_L.mp4,1955,0,0,0,0,0,0,0
Cap_Phase1_100_L.mp4,1956,0,0,0,0,0,0,0
Cap_Phase1_100_L.mp4,1957,0,0,0,0,0,0,0
Cap_Phase1_100_L.mp4,1958,0,0,0,0,0,0,0
Cap_Phase1_100_L.mp4,1959,0,0,0,0,0,0,0
Cap_Phase1_100_L.mp4,1960,0,0,0,0,0,0,0
Cap_Phase1_100_L.mp4,1961,0,0,0,0,0,0,0
Cap_Phase1_100_L.mp4,1962,0,0,0,0,0,0,0
Cap_Phase1_100_L.mp4,1963,0,0,0,0,0,0,0
Cap_Phase1_100_L.mp4,1964,0,0,0,0,0,0,0
Cap_Phase1_100_L.mp4,1965,0,0,0,0,0,0,0
Cap_Phase1_100_L.mp4,1966,0,0,0,0,0,0,0
Cap_Phase1_100_L.mp4,1967,0,0,0,0,0,0,0
Cap_Phase1_100_L.mp4,1968,0,0,0,0,0,0,0
Cap_Phase1_100_L.mp4,1969,0,0,0,0,0,0,0
Cap_Phase1_100_L.mp4,1970,0,0,0,0,0,0,0
Cap_Phase1_100_L.mp4,1971,0,0,0,0,0,0,0
Cap_Phase1_100_L.mp4,1972,0,0,0,0,0,0,0
Cap_Phase1_100_L.mp4,1973,0,0,0,0,0,0,0
Cap_Phase1_100_L.mp4,1974,0,0,0,0,0,0,0
Cap_Phase1_100_L.mp4,1975,0,0,0,0,0,0,0
Cap_Phase1_100_L.mp4,1976,0,0,0,0,0,0,0
Cap_Phase1_100_L.mp4,1977,0,0,0,0,0,0,0
Cap_Phase1_100_L.mp4,1978,0,0,0,0,0,0,0
Cap_Phase1_100_L.mp4,1979,0,0,0,0,0,0,0
Cap_Phase1_100_L.mp4,1980,0,0,0,0,0,0,0
Cap_Phase1_100_L.mp4,1981,0,0,0,0,0,0,0
Cap_Phase1_100_L.mp4,1982,0,0,0,0,0,0,0
Cap_Phase1_100_L.mp4,1983,0,0,0,0,0,0,0
Cap_Phase1_100_L.mp4,1984,0,0,0,0,0,0,0
Cap_Phase1_100_L.mp4,1985,0,0,0,0,0,0,0
Cap_Phase1_100_L.mp4,1986,0,0,0,0,0,0,0
Cap_Phase1_100_L.mp4,1987,0,0,0,0,0,0,0
Cap_Phase1_100_L.mp4,1988,0,0,0,0,0,0,0
Cap_Phase1_100_L.mp4,1989,0,0,0,0,0,0,0
Cap_Phase1_100_L.mp4,1990,0,0,0,0,0,0,0
Cap_Phase1_100_L.mp4,1991,0,0,0,0,0,0,0
Cap_Phase1_100_L.mp4,1992,0,0,0,0,0,0,0
Cap_Phase1_100_L.mp4,1993,0,0,0,0,0,0,0
Cap_Phase1_100_L.mp4,1994,0,0,0,0,0,0,0
Cap_Phase1_100_L.mp4,1995,0,0,0,0,0,0,0
Cap_Phase1_100_L.mp4,1996,0,0,0,0,0,0,0
Cap_Phase1_100_L.mp4,1997,0,0,0,0,0,0,0
Cap_Phase1_100_L.mp4,1998,0,0,0,0,0,0,0
Cap_Phase1_100_L.mp4,1999,0,0,0,0,0,0,0
Cap_Phase1_100_L.mp4,2000,0,0,0,0,0,0,0
Cap_Phase1_100_L.mp4,2001,0,0,0,0,0,0,0
Cap_Phase1_100_L.mp4,2002,0,0,0,0,0,0,0
Cap_Phase1_100_L.mp4,2003,0,0,0,0,0,0,0
Cap_Phase1_100_L.mp4,2004,0,0,0,0,0,0,0
Cap_Phase1_100_L.mp4,2005,0,0,0,0,0,0,0
Cap_Phase1_100_L.mp4,2006,0,0,0,0,0,0,0
Cap_Phase1_100_L.mp4,2007,0,0,0,0,0,0,0
Cap_Phase1_100_L.mp4,2008,0,0,0,0,0,0,0
Cap_Phase1_100_L.mp4,2009,0,0,0,0,0,0,0
Cap_Phase1_100_L.mp4,2010,0,0,0,0,0,0,0
Cap_Phase1_100_L.mp4,2011,0,0,0,0,0,0,0
Cap_Phase1_100_L.mp4,2012,0,0,0,0,0,0,0
Cap_Phase1_100_L.mp4,2013,0,0,0,0,0,0,0
Cap_Phase1_100_L.mp4,2014,0,0,0,0,0,0,0
Cap_Phase1_100_L.mp4,2015,0,0,0,0,0,0,0
Cap_Phase1_100_L.mp4,2016,0,0,0,0,0,0,0
Cap_Phase1_100_L.mp4,2017,0,0,0,0,0,0,0
Cap_Phase1_100_L.mp4,2018,0,0,0,0,0,0,0
Cap_Phase1_100_L.mp4,2019,0,0,0,0,0,0,0
Cap_Phase1_100_L.mp4,2020,0,0,0,0,0,0,0
Cap_Phase1_100_L.mp4,2021,0,0,0,0,0,0,0
Cap_Phase1_100_L.mp4,2022,0,0,0,0,0,0,0
Cap_Phase1_100_L.mp4,2023,0,0,0,0,0,0,0
Cap_Phase1_100_L.mp4,2024,0,0,0,0,0,0,0
Cap_Phase1_100_L.mp4,2025,0,0,0,0,0,0,0
Cap_Phase1_100_L.mp4,2026,0,0,0,0,0,0,0
Cap_Phase1_100_L.mp4,2027,0,0,0,0,0,0,0
Cap_Phase1_100_L.mp4,2028,0,0,0,0,0,0,0
Cap_Phase1_100_L.mp4,2029,0,0,0,0,0,0,0
Cap_Phase1_100_L.mp4,2030,0,0,0,0,0,0,0
Cap_Phase1_100_L.mp4,2031,0,0,0,0,0,0,0
Cap_Phase1_100_L.mp4,2032,0,0,0,0,0,0,0
Cap_Phase1_100_L.mp4,2033,0,0,0,0,0,0,0
Cap_Phase1_100_L.mp4,2034,0,0,0,0,0,0,0
Cap_Phase1_100_L.mp4,2035,0,0,0,0,0,0,0
Cap_Phase1_100_L.mp4,2036,0,0,0,0,0,0,0
Cap_Phase1_100_L.mp4,2037,0,0,0,0,0,0,0
Cap_Phase1_100_L.mp4,2038,0,0,0,0,0,0,0
Cap_Phase1_100_L.mp4,2039,0,0,0,0,0,0,0
Cap_Phase1_100_L.mp4,2040,0,0,0,0,0,0,0
Cap_Phase1_100_L.mp4,2041,0,0,0,0,0,0,0
Cap_Phase1_100_L.mp4,2042,0,0,0,0,0,0,0
Cap_Phase1_100_L.mp4,2043,0,0,0,0,0,0,0
Cap_Phase1_100_L.mp4,2044,0,0,0,0,0,0,0
Cap_Phase1_100_L.mp4,2045,0,0,0,0,0,0,0
Cap_Phase1_100_L.mp4,2046,0,0,0,0,0,0,0
Cap_Phase1_100_L.mp4,2047,0,0,0,0,0,0,0
Cap_Phase1_100_L.mp4,2048,0,0,0,0,0,0,0
Cap_Phase1_100_L.mp4,2049,0,0,0,0,0,0,0
Cap_Phase1_100_L.mp4,2050,0,0,0,0,0,0,0
Cap_Phase1_100_L.mp4,2051,0,0,0,0,0,0,0
Cap_Phase1_100_L.mp4,2052,0,0,0,0,0,0,0
Cap_Phase1_100_L.mp4,2053,0,0,0,0,0,0,0
Cap_Phase1_100_L.mp4,2054,0,0,0,0,0,0,0
Cap_Phase1_100_L.mp4,2055,0,0,0,0,0,0,0
Cap_Phase1_100_L.mp4,2056,0,0,0,0,0,0,0
Cap_Phase1_100_L.mp4,2057,0,0,0,0,0,0,0
Cap_Phase1_100_L.mp4,2058,0,0,0,0,0,0,0
Cap_Phase1_100_L.mp4,2059,0,0,0,0,0,0,0
Cap_Phase1_100_L.mp4,2060,0,0,0,0,0,0,0
Cap_Phase1_100_L.mp4,2061,0,0,0,0,0,0,0
Cap_Phase1_100_L.mp4,2062,0,0,0,0,0,0,0
Cap_Phase1_100_L.mp4,2063,0,0,0,0,0,0,0
Cap_Phase1_100_L.mp4,2064,0,0,0,0,0,0,0
Cap_Phase1_100_L.mp4,2065,0,0,0,0,0,0,0
Cap_Phase1_100_L.mp4,2066,0,0,0,0,0,0,0
Cap_Phase1_100_L.mp4,2067,0,0,0,0,0,0,0
Cap_Phase1_100_L.mp4,2068,0,0,0,0,0,0,0
Cap_Phase1_100_L.mp4,2069,0,0,0,0,0,0,0
Cap_Phase1_100_L.mp4,2070,0,0,0,0,0,0,0
Cap_Phase1_100_L.mp4,2071,0,0,0,0,0,0,0
Cap_Phase1_100_L.mp4,2072,0,0,0,0,0,0,0
Cap_Phase1_100_L.mp4,2073,0,0,0,0,0,0,0
Cap_Phase1_100_L.mp4,2074,0,0,0,0,0,0,0
Cap_Phase1_100_L.mp4,2075,0,0,0,0,0,0,0
Cap_Phase1_100_L.mp4,2076,0,0,0,0,0,0,0
Cap_Phase1_100_L.mp4,2077,0,0,0,0,0,0,0
Cap_Phase1_100_L.mp4,2078,0,0,0,0,0,0,0
Cap_Phase1_100_L.mp4,2079,0,0,0,0,0,0,0
Cap_Phase1_100_L.mp4,2080,0,0,0,0,0,0,0
Cap_Phase1_100_L.mp4,2081,0,0,0,0,0,0,0
Cap_Phase1_100_L.mp4,2082,0,0,0,0,0,0,0
Cap_Phase1_100_L.mp4,2083,0,0,0,0,0,0,0
Cap_Phase1_100_L.mp4,2084,0,0,0,0,0,0,0
Cap_Phase1_100_L.mp4,2085,0,0,0,0,0,0,0
Cap_Phase1_100_L.mp4,2086,0,0,0,0,0,0,0
Cap_Phase1_100_L.mp4,2087,0,0,0,0,0,0,0
Cap_Phase1_100_L.mp4,2088,0,0,0,0,0,0,0
Cap_Phase1_100_L.mp4,2089,0,0,0,0,0,0,0
Cap_Phase1_100_L.mp4,2090,0,0,0,0,0,0,0
Cap_Phase1_100_L.mp4,2091,0,0,0,0,0,0,0
Cap_Phase1_100_L.mp4,2092,0,0,0,0,0,0,0
Cap_Phase1_100_L.mp4,2093,0,0,0,0,0,0,0
Cap_Phase1_100_L.mp4,2094,0,0,0,0,0,0,0
Cap_Phase1_100_L.mp4,2095,0,0,0,0,0,0,0
Cap_Phase1_100_L.mp4,2096,0,0,0,0,0,0,0
Cap_Phase1_100_L.mp4,2097,0,0,0,0,0,0,0
Cap_Phase1_100_L.mp4,2098,0,0,0,0,0,0,0
Cap_Phase1_100_L.mp4,2099,0,0,0,0,0,0,0
Cap_Phase1_100_L.mp4,2100,0,0,0,0,0,0,0
Cap_Phase1_100_L.mp4,2101,0,0,0,0,0,0,0
Cap_Phase1_100_L.mp4,2102,0,0,0,0,0,0,0
Cap_Phase1_100_L.mp4,2103,0,0,0,0,0,0,0
Cap_Phase1_100_L.mp4,2104,0,0,0,0,0,0,0
Cap_Phase1_100_L.mp4,2105,0,0,0,0,0,0,0
Cap_Phase1_100_L.mp4,2106,0,0,0,0,0,0,0
Cap_Phase1_100_L.mp4,2107,0,0,0,0,0,0,0
Cap_Phase1_100_L.mp4,2108,0,0,0,0,0,0,0
Cap_Phase1_100_L.mp4,2109,0,0,0,0,0,0,0
Cap_Phase1_100_L.mp4,2110,0,0,0,0,0,0,0
Cap_Phase1_100_L.mp4,2111,0,0,0,0,0,0,0
Cap_Phase1_100_L.mp4,2112,0,0,0,0,0,0,0
Cap_Phase1_100_L.mp4,2113,0,0,0,0,0,0,0
Cap_Phase1_100_L.mp4,2114,0,0,0,0,0,0,0
Cap_Phase1_100_L.mp4,2115,0,0,0,0,0,0,0
Cap_Phase1_100_L.mp4,2116,0,0,0,0,0,0,0
Cap_Phase1_100_L.mp4,2117,0,0,0,0,0,0,0
Cap_Phase1_100_L.mp4,2118,0,0,0,0,0,0,0
Cap_Phase1_100_L.mp4,2119,0,0,0,0,0,0,0
Cap_Phase1_100_L.mp4,2120,0,0,0,0,0,0,0
Cap_Phase1_100_L.mp4,2121,0,0,0,0,0,0,0
Cap_Phase1_100_L.mp4,2122,0,0,0,0,0,0,0
Cap_Phase1_100_L.mp4,2123,0,0,0,0,0,0,0
Cap_Phase1_100_L.mp4,2124,0,0,0,0,0,0,0
Cap_Phase1_100_L.mp4,2125,0,0,0,0,0,0,0
Cap_Phase1_100_L.mp4,2126,0,0,0,0,0,0,0
Cap_Phase1_100_L.mp4,2127,0,0,0,0,0,0,0
Cap_Phase1_100_L.mp4,2128,0,0,0,0,0,0,0
Cap_Phase1_100_L.mp4,2129,0,0,0,0,0,0,0
Cap_Phase1_100_L.mp4,2130,0,0,0,0,0,0,0
Cap_Phase1_100_L.mp4,2131,0,0,0,0,0,0,0
Cap_Phase1_100_L.mp4,2132,0,0,0,0,0,0,0
Cap_Phase1_100_L.mp4,2133,0,0,0,0,0,0,0
Cap_Phase1_100_L.mp4,2134,0,0,0,0,0,0,0
Cap_Phase1_100_L.mp4,2135,0,0,0,0,0,0,0
Cap_Phase1_100_L.mp4,2136,0,0,0,0,0,0,0
Cap_Phase1_100_L.mp4,2137,0,0,0,0,0,0,0
Cap_Phase1_100_L.mp4,2138,0,0,0,0,0,0,0
Cap_Phase1_100_L.mp4,2139,0,0,0,0,0,0,0
Cap_Phase1_100_L.mp4,2140,0,0,0,0,0,0,0
Cap_Phase1_100_L.mp4,2141,0,0,0,0,0,0,0
Cap_Phase1_100_L.mp4,2142,0,0,0,0,0,0,0
Cap_Phase1_100_L.mp4,2143,0,0,0,0,0,0,0
Cap_Phase1_100_L.mp4,2144,0,0,0,0,0,0,0
Cap_Phase1_100_L.mp4,2145,0,0,0,0,0,0,0
Cap_Phase1_100_L.mp4,2146,0,0,0,0,0,0,0
Cap_Phase1_100_L.mp4,2147,0,0,0,0,0,0,0
Cap_Phase1_100_L.mp4,2148,0,0,0,0,0,0,0
Cap_Phase1_100_L.mp4,2149,0,0,0,0,0,0,0
Cap_Phase1_100_L.mp4,2150,0,0,0,0,0,0,0
Cap_Phase1_100_L.mp4,2151,0,0,0,0,0,0,0
Cap_Phase1_100_L.mp4,2152,0,0,0,0,0,0,0
Cap_Phase1_100_L.mp4,2153,0,0,0,0,0,0,0
Cap_Phase1_100_L.mp4,2154,0,0,0,0,0,0,0
Cap_Phase1_100_L.mp4,2155,0,0,0,0,0,0,0
Cap_Phase1_100_L.mp4,2156,0,0,0,0,0,0,0
Cap_Phase1_100_L.mp4,2157,0,0,0,0,0,0,0
Cap_Phase1_100_L.mp4,2158,0,0,0,0,0,0,0
Cap_Phase1_100_L.mp4,2159,0,0,0,0,0,0,0
Cap_Phase1_100_L.mp4,2160,0,0,0,0,0,0,0
Cap_Phase1_100_L.mp4,2161,0,0,0,0,0,0,0
Cap_Phase1_100_L.mp4,2162,0,0,0,0,0,0,0
Cap_Phase1_100_L.mp4,2163,0,0,0,0,0,0,0
Cap_Phase1_100_L.mp4,2164,0,0,0,0,0,0,0
Cap_Phase1_100_L.mp4,2165,0,0,0,0,0,0,0
Cap_Phase1_100_L.mp4,2166,0,0,0,0,0,0,0
Cap_Phase1_100_L.mp4,2167,0,0,0,0,0,0,0
Cap_Phase1_100_L.mp4,2168,0,0,0,0,0,0,0
Cap_Phase1_100_L.mp4,2169,0,0,0,0,0,0,0
Cap_Phase1_100_L.mp4,2170,0,0,0,0,0,0,0
Cap_Phase1_100_L.mp4,2171,0,0,0,0,0,0,0
Cap_Phase1_100_L.mp4,2172,0,0,0,0,0,0,0
Cap_Phase1_100_L.mp4,2173,0,0,0,0,0,0,0
Cap_Phase1_100_L.mp4,2174,0,0,0,0,0,0,0
Cap_Phase1_100_L.mp4,2175,0,0,0,0,0,0,0
Cap_Phase1_100_L.mp4,2176,0,0,0,0,0,0,0
Cap_Phase1_100_L.mp4,2177,0,0,0,0,0,0,0
Cap_Phase1_100_L.mp4,2178,0,0,0,0,0,0,0
Cap_Phase1_100_L.mp4,2179,0,0,0,0,0,0,0
Cap_Phase1_100_L.mp4,2180,0,0,0,0,0,0,0
Cap_Phase1_100_L.mp4,2181,0,0,0,0,0,0,0
Cap_Phase1_100_L.mp4,2182,0,0,0,0,0,0,0
Cap_Phase1_100_L.mp4,2183,0,0,0,0,0,0,0
Cap_Phase1_100_L.mp4,2184,0,0,0,0,0,0,0
Cap_Phase1_100_L.mp4,2185,0,0,0,0,0,0,0
Cap_Phase1_100_L.mp4,2186,0,0,0,0,0,0,0
Cap_Phase1_100_L.mp4,2187,0,0,0,0,0,0,0
Cap_Phase1_100_L.mp4,2188,0,0,0,0,0,0,0
Cap_Phase1_100_L.mp4,2189,0,0,0,0,0,0,0
Cap_Phase1_100_L.mp4,2190,0,0,0,0,0,0,0
Cap_Phase1_100_L.mp4,2191,0,0,0,0,0,0,0
Cap_Phase1_100_L.mp4,2192,0,0,0,0,0,0,0
Cap_Phase1_100_L.mp4,2193,0,0,0,0,0,0,0
Cap_Phase1_100_L.mp4,2194,0,0,0,0,0,0,0
Cap_Phase1_100_L.mp4,2195,0,0,0,0,0,0,0
Cap_Phase1_100_L.mp4,2196,0,0,0,0,0,0,0
Cap_Phase1_100_L.mp4,2197,0,0,0,0,0,0,0
Cap_Phase1_100_L.mp4,2198,0,0,0,0,0,0,0
Cap_Phase1_100_L.mp4,2199,0,0,0,0,0,0,0
Cap_Phase1_100_L.mp4,2200,0,0,0,0,0,0,0
Cap_Phase1_100_L.mp4,2201,0,0,0,0,0,0,0
Cap_Phase1_100_L.mp4,2202,0,0,0,0,0,0,0
Cap_Phase1_100_L.mp4,2203,0,0,0,0,0,0,0
Cap_Phase1_100_L.mp4,2204,0,0,0,0,0,0,0
Cap_Phase1_100_L.mp4,2205,0,0,0,0,0,0,0
Cap_Phase1_100_L.mp4,2206,0,0,0,0,0,0,0
Cap_Phase1_100_L.mp4,2207,0,0,0,0,0,0,0
Cap_Phase1_100_L.mp4,2208,0,0,0,0,0,0,0
Cap_Phase1_100_L.mp4,2209,0,0,0,0,0,0,0
Cap_Phase1_100_L.mp4,2210,0,0,0,0,0,0,0
Cap_Phase1_100_L.mp4,2211,0,0,0,0,0,0,0
Cap_Phase1_100_L.mp4,2212,0,0,0,0,0,0,0
Cap_Phase1_100_L.mp4,2213,0,0,0,0,0,0,0
Cap_Phase1_100_L.mp4,2214,0,0,0,0,0,0,0
Cap_Phase1_100_L.mp4,2215,0,0,0,0,0,0,0
Cap_Phase1_100_L.mp4,2216,0,0,0,0,0,0,0
Cap_Phase1_100_L.mp4,2217,0,0,0,0,0,0,0
Cap_Phase1_100_L.mp4,2218,0,0,0,0,0,0,0
Cap_Phase1_100_L.mp4,2219,0,0,0,0,0,0,0
Cap_Phase1_100_L.mp4,2220,0,0,0,0,0,0,0
Cap_Phase1_100_L.mp4,2221,0,0,0,0,0,0,0
Cap_Phase1_100_L.mp4,2222,0,0,0,0,0,0,0
Cap_Phase1_100_L.mp4,2223,0,0,0,0,0,0,0
Cap_Phase1_100_L.mp4,2224,0,0,0,0,0,0,0
Cap_Phase1_100_L.mp4,2225,0,0,0,0,0,0,0
Cap_Phase1_100_L.mp4,2226,0,0,0,0,0,0,0
Cap_Phase1_100_L.mp4,2227,0,0,0,0,0,0,0
Cap_Phase1_100_L.mp4,2228,0,0,0,0,0,0,0
Cap_Phase1_100_L.mp4,2229,0,0,0,0,0,0,0
Cap_Phase1_100_L.mp4,2230,0,0,0,0,0,0,0
Cap_Phase1_100_L.mp4,2231,0,0,0,0,0,0,0
Cap_Phase1_100_L.mp4,2232,0,0,0,0,0,0,0
Cap_Phase1_100_L.mp4,2233,0,0,0,0,0,0,0
Cap_Phase1_100_R.mp4,122,0,0,0,0,0,0,0
Cap_Phase1_100_R.mp4,123,0,0,0,0,0,0,0
Cap_Phase1_100_R.mp4,124,0,0,0,0,0,0,0
Cap_Phase1_100_R.mp4,125,0,0,0,0,0,0,0
Cap_Phase1_100_R.mp4,126,0,0,0,0,0,0,0
Cap_Phase1_100_R.mp4,127,0,0,0,0,0,0,0
Cap_Phase1_100_R.mp4,128,0,0,0,0,0,0,0
Cap_Phase1_100_R.mp4,129,0,0,0,0,0,0,0
Cap_Phase1_100_R.mp4,130,0,0,0,0,0,0,0
Cap_Phase1_100_R.mp4,131,0,0,0,0,0,0,0
Cap_Phase1_100_R.mp4,132,0,0,0,0,0,0,0
Cap_Phase1_100_R.mp4,133,0,0,0,0,0,0,0
Cap_Phase1_100_R.mp4,134,0,0,0,0,0,0,0
Cap_Phase1_100_R.mp4,135,0,0,0,0,0,0,0
Cap_Phase1_100_R.mp4,136,0,0,0,0,0,0,0
Cap_Phase1_100_R.mp4,137,0,0,0,0,0,0,0
Cap_Phase1_100_R.mp4,138,0,0,0,0,0,0,0
Cap_Phase1_100_R.mp4,139,0,0,0,0,0,0,0
Cap_Phase1_100_R.mp4,140,0,0,0,0,0,0,0
Cap_Phase1_100_R.mp4,141,0,0,0,0,0,0,0
Cap_Phase1_100_R.mp4,142,0,0,0,0,0,0,0
Cap_Phase1_100_R.mp4,143,0,0,0,0,0,0,0
Cap_Phase1_100_R.mp4,144,0,0,0,0,0,0,0
Cap_Phase1_100_R.mp4,145,0,0,0,0,0,0,0
Cap_Phase1_100_R.mp4,146,0,0,0,0,0,0,0
Cap_Phase1_100_R.mp4,147,0,0,0,0,0,0,0
Cap_Phase1_100_R.mp4,148,0,0,0,0,0,0,0
Cap_Phase1_100_R.mp4,149,0,0,0,0,0,0,0
Cap_Phase1_100_R.mp4,150,0,0,0,0,0,0,0
Cap_Phase1_100_R.mp4,151,0,0,0,0,0,0,0
Cap_Phase1_100_R.mp4,152,0,0,0,0,0,0,0
Cap_Phase1_100_R.mp4,153,0,0,0,0,0,0,0
Cap_Phase1_100_R.mp4,154,0,0,0,0,0,0,0
Cap_Phase1_100_R.mp4,155,0,0,0,0,0,0,0
Cap_Phase1_100_R.mp4,156,0,0,0,0,0,0,0
Cap_Phase1_100_R.mp4,157,0,0,0,0,0,0,0
Cap_Phase1_100_R.mp4,158,0,0,0,0,0,0,0
Cap_Phase1_100_R.mp4,159,0,0,0,0,0,0,0
Cap_Phase1_100_R.mp4,160,0,0,0,0,0,0,0
Cap_Phase1_100_R.mp4,161,0,0,0,0,0,0,0
Cap_Phase1_100_R.mp4,162,0,0,0,0,0,0,0
Cap_Phase1_100_R.mp4,163,0,0,0,0,0,0,0
Cap_Phase1_100_R.mp4,164,0,0,0,0,0,0,0
Cap_Phase1_100_R.mp4,165,0,0,0,0,0,0,0
Cap_Phase1_100_R.mp4,166,0,0,0,0,0,0,0
Cap_Phase1_100_R.mp4,167,0,0,0,0,0,0,0
Cap_Phase1_100_R.mp4,168,0,0,0,0,0,0,0
Cap_Phase1_100_R.mp4,169,0,0,0,0,0,0,0
Cap_Phase1_100_R.mp4,170,0,0,0,0,0,0,0
Cap_Phase1_100_R.mp4,171,0,0,0,0,0,0,0
Cap_Phase1_100_R.mp4,172,0,0,0,0,0,0,0
Cap_Phase1_100_R.mp4,173,0,0,0,0,0,0,0
Cap_Phase1_100_R.mp4,174,0,0,0,0,0,0,0
Cap_Phase1_100_R.mp4,175,0,0,0,0,0,0,0
Cap_Phase1_100_R.mp4,176,0,0,0,0,0,0,0
Cap_Phase1_100_R.mp4,177,0,0,0,0,0,0,0
Cap_Phase1_100_R.mp4,178,0,0,0,0,0,0,0
Cap_Phase1_100_R.mp4,179,0,0,0,0,0,0,0
Cap_Phase1_100_R.mp4,180,0,0,0,0,0,0,0
Cap_Phase1_100_R.mp4,181,0,0,0,0,0,0,0
Cap_Phase1_100_R.mp4,182,0,0,0,0,0,0,0
Cap_Phase1_100_R.mp4,183,0,0,0,0,0,0,0
Cap_Phase1_100_R.mp4,184,0,0,0,0,0,0,0
Cap_Phase1_100_R.mp4,185,0,0,0,0,0,0,0
Cap_Phase1_100_R.mp4,186,0,0,0,0,0,0,0
Cap_Phase1_100_R.mp4,187,0,0,0,0,0,0,0
Cap_Phase1_100_R.mp4,188,0,0,0,0,0,0,0
Cap_Phase1_100_R.mp4,189,0,0,0,0,0,0,0
Cap_Phase1_100_R.mp4,190,0,0,0,0,0,0,0
Cap_Phase1_100_R.mp4,191,0,0,0,0,0,0,0
Cap_Phase1_100_R.mp4,192,0,0,0,0,0,0,0
Cap_Phase1_100_R.mp4,193,0,0,0,0,0,0,0
Cap_Phase1_100_R.mp4,194,0,0,0,0,0,0,0
Cap_Phase1_100_R.mp4,195,0,0,0,0,0,0,0
Cap_Phase1_100_R.mp4,196,0,0,0,0,0,0,0
Cap_Phase1_100_R.mp4,197,0,0,0,0,0,0,0
Cap_Phase1_100_R.mp4,198,0,0,0,0,0,0,0
Cap_Phase1_100_R.mp4,199,0,0,0,0,0,0,0
Cap_Phase1_100_R.mp4,200,0,0,0,0,0,0,0
Cap_Phase1_100_R.mp4,201,0,0,0,0,0,0,0
Cap_Phase1_100_R.mp4,202,0,0,0,0,0,0,0
Cap_Phase1_100_R.mp4,203,0,0,0,0,0,0,0
Cap_Phase1_100_R.mp4,204,1,0,0,0,0,0,0
Cap_Phase1_100_R.mp4,205,1,0,0,0,0,0,0
Cap_Phase1_100_R.mp4,206,1,0,0,0,0,0,0
Cap_Phase1_100_R.mp4,207,1,0,0,0,0,0,0
Cap_Phase1_100_R.mp4,208,1,0,0,0,0,0,0
Cap_Phase1_100_R.mp4,209,1,0,0,0,0,0,0
Cap_Phase1_100_R.mp4,210,1,0,0,0,0,0,0
Cap_Phase1_100_R.mp4,211,1,0,0,0,0,0,0
Cap_Phase1_100_R.mp4,212,1,0,0,0,0,0,0
Cap_Phase1_100_R.mp4,213,1,0,0,0,0,0,0
Cap_Phase1_100_R.mp4,214,1,0,0,0,0,0,0
Cap_Phase1_100_R.mp4,215,1,0,0,0,0,0,0
Cap_Phase1_100_R.mp4,216,1,0,0,0,0,0,0
Cap_Phase1_100_R.mp4,217,1,0,0,0,0,0,0
Cap_Phase1_100_R.mp4,218,1,0,0,0,0,0,0
Cap_Phase1_100_R.mp4,219,1,0,0,0,0,0,0
Cap_Phase1_100_R.mp4,220,1,0,0,0,0,0,0
Cap_Phase1_100_R.mp4,221,1,0,0,0,0,0,0
Cap_Phase1_100_R.mp4,222,0,0,0,0,0,0,0
Cap_Phase1_100_R.mp4,223,0,0,0,0,0,0,0
Cap_Phase1_100_R.mp4,224,0,0,0,0,0,0,0
Cap_Phase1_100_R.mp4,225,0,0,0,0,0,0,0
Cap_Phase1_100_R.mp4,226,0,0,0,0,0,0,0
Cap_Phase1_100_R.mp4,227,0,0,0,0,0,0,0
Cap_Phase1_100_R.mp4,228,0,0,0,0,0,0,0
Cap_Phase1_100_R.mp4,229,0,0,0,0,0,0,0
Cap_Phase1_100_R.mp4,230,0,0,0,0,0,0,0
Cap_Phase1_100_R.mp4,231,0,0,0,0,0,0,0
Cap_Phase1_100_R.mp4,232,0,0,0,0,0,0,0
Cap_Phase1_100_R.mp4,233,0,0,0,0,0,0,0
Cap_Phase1_100_R.mp4,234,0,0,0,0,0,0,0
Cap_Phase1_100_R.mp4,235,0,0,0,0,0,0,0
Cap_Phase1_100_R.mp4,236,0,0,0,0,0,0,0
Cap_Phase1_100_R.mp4,237,0,0,0,0,0,0,0
Cap_Phase1_100_R.mp4,238,0,0,0,0,0,0,0
Cap_Phase1_100_R.mp4,239,0,0,0,0,0,0,0
Cap_Phase1_100_R.mp4,240,0,0,0,0,0,0,0
Cap_Phase1_100_R.mp4,241,0,0,0,0,0,0,0
Cap_Phase1_100_R.mp4,242,1,0,0,0,0,0,0
Cap_Phase1_100_R.mp4,243,1,0,0,0,0,0,0
Cap_Phase1_100_R.mp4,244,1,0,0,0,0,0,0
Cap_Phase1_100_R.mp4,245,1,0,0,0,0,0,0
Cap_Phase1_100_R.mp4,246,1,0,0,0,0,0,0
Cap_Phase1_100_R.mp4,247,1,0,0,0,0,0,0
Cap_Phase1_100_R.mp4,248,1,0,0,0,0,0,0
Cap_Phase1_100_R.mp4,249,1,0,0,0,0,0,0
Cap_Phase1_100_R.mp4,250,1,0,0,0,0,0,0
Cap_Phase1_100_R.mp4,251,1,0,0,0,0,0,0
Cap_Phase1_100_R.mp4,252,1,0,0,0,0,0,0
Cap_Phase1_100_R.mp4,253,1,0,0,0,0,0,0
Cap_Phase1_100_R.mp4,254,1,0,0,0,0,0,0
Cap_Phase1_100_R.mp4,255,1,0,0,0,0,0,0
Cap_Phase1_100_R.mp4,256,1,0,0,0,0,0,0
Cap_Phase1_100_R.mp4,257,0,0,0,0,0,0,0
Cap_Phase1_100_R.mp4,258,0,0,0,0,0,0,0
Cap_Phase1_100_R.mp4,259,0,0,0,0,0,0,0
Cap_Phase1_100_R.mp4,260,0,0,0,0,0,0,0
Cap_Phase1_100_R.mp4,261,0,0,0,0,0,0,0
Cap_Phase1_100_R.mp4,262,0,0,0,0,0,0,0
Cap_Phase1_100_R.mp4,263,0,0,0,0,0,0,0
Cap_Phase1_100_R.mp4,264,0,0,0,0,0,0,0
Cap_Phase1_100_R.mp4,265,0,0,0,0,0,0,0
Cap_Phase1_100_R.mp4,266,0,0,0,0,0,0,0
Cap_Phase1_100_R.mp4,267,0,0,0,0,0,0,0
Cap_Phase1_100_R.mp4,268,0,0,0,0,0,0,0
Cap_Phase1_100_R.mp4,269,0,0,0,0,0,0,0
Cap_Phase1_100_R.mp4,270,0,0,0,0,0,0,0
Cap_Phase1_100_R.mp4,271,0,0,0,0,0,0,0
Cap_Phase1_100_R.mp4,272,0,0,0,0,0,0,0
Cap_Phase1_100_R.mp4,273,0,0,0,0,0,0,0
Cap_Phase1_100_R.mp4,274,0,1,0,0,0,0,0
Cap_Phase1_100_R.mp4,275,0,1,0,0,0,0,0
Cap_Phase1_100_R.mp4,276,0,1,0,0,0,0,0
Cap_Phase1_100_R.mp4,277,0,1,0,0,0,0,0
Cap_Phase1_100_R.mp4,278,0,1,0,0,0,0,0
Cap_Phase1_100_R.mp4,279,0,1,0,0,0,0,0
Cap_Phase1_100_R.mp4,280,0,1,0,0,0,0,0
Cap_Phase1_100_R.mp4,281,0,1,0,0,0,0,0
Cap_Phase1_100_R.mp4,282,0,1,0,0,0,0,0
Cap_Phase1_100_R.mp4,283,0,1,0,0,0,0,0
Cap_Phase1_100_R.mp4,284,0,1,0,0,0,0,0
Cap_Phase1_100_R.mp4,285,0,1,0,0,0,0,0
Cap_Phase1_100_R.mp4,286,0,1,0,0,0,0,0
Cap_Phase1_100_R.mp4,287,0,0,0,0,0,0,0
Cap_Phase1_100_R.mp4,288,0,0,0,0,0,0,0
Cap_Phase1_100_R.mp4,289,0,0,0,0,0,0,0
Cap_Phase1_100_R.mp4,290,0,0,0,0,0,0,0
Cap_Phase1_100_R.mp4,291,0,0,0,0,0,0,0
Cap_Phase1_100_R.mp4,292,0,0,0,0,0,0,0
Cap_Phase1_100_R.mp4,293,0,0,0,0,0,0,0
Cap_Phase1_100_R.mp4,294,0,0,0,0,0,0,0
Cap_Phase1_100_R.mp4,295,0,0,0,0,0,0,0
Cap_Phase1_100_R.mp4,296,0,0,0,0,0,0,0
Cap_Phase1_100_R.mp4,297,0,0,0,0,0,0,0
Cap_Phase1_100_R.mp4,298,0,0,0,0,0,0,0
Cap_Phase1_100_R.mp4,299,0,0,0,0,0,0,0
Cap_Phase1_100_R.mp4,300,0,0,0,0,0,0,0
Cap_Phase1_100_R.mp4,301,0,0,0,0,0,0,0
Cap_Phase1_100_R.mp4,302,0,0,0,0,0,0,0
Cap_Phase1_100_R.mp4,303,0,0,0,0,0,0,0
Cap_Phase1_100_R.mp4,304,0,0,0,0,0,0,0
Cap_Phase1_100_R.mp4,305,0,0,0,0,0,0,0
Cap_Phase1_100_R.mp4,306,0,0,0,0,0,0,0
Cap_Phase1_100_R.mp4,307,0,0,0,0,0,0,0
Cap_Phase1_100_R.mp4,308,0,0,0,0,0,0,0
Cap_Phase1_100_R.mp4,309,0,0,0,0,0,0,0
Cap_Phase1_100_R.mp4,310,0,1,0,0,0,0,0
Cap_Phase1_100_R.mp4,311,0,1,0,0,0,0,0
Cap_Phase1_100_R.mp4,312,0,1,0,0,0,0,0
Cap_Phase1_100_R.mp4,313,0,1,0,0,0,0,0
Cap_Phase1_100_R.mp4,314,0,1,0,0,0,0,0
Cap_Phase1_100_R.mp4,315,0,1,0,0,0,0,0
Cap_Phase1_100_R.mp4,316,0,1,0,0,0,0,0
Cap_Phase1_100_R.mp4,317,0,1,0,0,0,0,0
Cap_Phase1_100_R.mp4,318,0,1,0,0,0,0,0
Cap_Phase1_100_R.mp4,319,0,1,0,0,0,0,0
Cap_Phase1_100_R.mp4,320,0,1,0,0,0,0,0
Cap_Phase1_100_R.mp4,321,0,1,0,0,0,0,0
Cap_Phase1_100_R.mp4,322,0,1,0,0,0,0,0
Cap_Phase1_100_R.mp4,323,0,1,0,0,0,0,0
Cap_Phase1_100_R.mp4,324,0,1,0,0,0,0,0
Cap_Phase1_100_R.mp4,325,0,0,0,0,0,0,0
Cap_Phase1_100_R.mp4,326,0,0,0,0,0,0,0
Cap_Phase1_100_R.mp4,327,0,0,0,0,0,0,0
Cap_Phase1_100_R.mp4,328,0,0,0,0,0,0,0
Cap_Phase1_100_R.mp4,329,0,0,0,0,0,0,0
Cap_Phase1_100_R.mp4,330,0,0,0,0,0,0,0
Cap_Phase1_100_R.mp4,331,0,0,0,0,0,0,0
Cap_Phase1_100_R.mp4,332,0,0,0,0,0,0,0
Cap_Phase1_100_R.mp4,333,0,0,0,0,0,0,0
Cap_Phase1_100_R.mp4,334,0,0,0,0,0,0,0
Cap_Phase1_100_R.mp4,335,0,0,0,0,0,0,0
Cap_Phase1_100_R.mp4,336,0,0,0,0,0,0,0
Cap_Phase1_100_R.mp4,337,0,0,0,0,0,0,0
Cap_Phase1_100_R.mp4,338,0,0,0,0,0,0,0
Cap_Phase1_100_R.mp4,339,0,0,0,0,0,0,0
Cap_Phase1_100_R.mp4,340,0,0,0,0,0,0,0
Cap_Phase1_100_R.mp4,341,0,0,0,0,0,0,0
Cap_Phase1_100_R.mp4,342,0,0,0,0,0,0,0
Cap_Phase1_100_R.mp4,343,0,0,0,0,0,0,0
Cap_Phase1_100_R.mp4,344,0,0,0,0,0,0,0
Cap_Phase1_100_R.mp4,345,0,0,0,0,0,0,0
Cap_Phase1_100_R.mp4,346,0,0,0,0,0,0,0
Cap_Phase1_100_R.mp4,347,0,0,0,0,0,0,0
Cap_Phase1_100_R.mp4,348,0,0,1,0,0,0,0
Cap_Phase1_100_R.mp4,349,0,0,1,0,0,0,0
Cap_Phase1_100_R.mp4,350,0,0,1,1,0,0,0
Cap_Phase1_100_R.mp4,351,0,0,1,1,0,0,0
Cap_Phase1_100_R.mp4,352,0,0,1,0,0,0,0
Cap_Phase1_100_R.mp4,353,0,0,1,0,0,0,0
Cap_Phase1_100_R.mp4,354,0,0,1,0,0,0,0
Cap_Phase1_100_R.mp4,355,0,0,1,0,0,0,0
Cap_Phase1_100_R.mp4,356,0,0,1,0,0,0,0
Cap_Phase1_100_R.mp4,357,0,0,1,0,0,0,0
Cap_Phase1_100_R.mp4,358,0,0,1,0,0,0,0
Cap_Phase1_100_R.mp4,359,0,0,1,0,0,0,0
Cap_Phase1_100_R.mp4,360,0,0,1,0,0,0,0
Cap_Phase1_100_R.mp4,361,0,0,1,0,0,0,0
Cap_Phase1_100_R.mp4,362,0,0,1,0,0,0,0
Cap_Phase1_100_R.mp4,363,0,0,1,0,0,0,0
Cap_Phase1_100_R.mp4,364,0,0,1,0,0,0,0
Cap_Phase1_100_R.mp4,365,0,0,1,0,0,0,0
Cap_Phase1_100_R.mp4,366,0,0,0,0,0,0,0
Cap_Phase1_100_R.mp4,367,0,0,0,0,0,0,0
Cap_Phase1_100_R.mp4,368,0,0,0,0,0,0,0
Cap_Phase1_100_R.mp4,369,0,0,0,0,0,0,0
Cap_Phase1_100_R.mp4,370,0,0,0,0,0,0,0
Cap_Phase1_100_R.mp4,371,0,0,0,0,0,0,0
Cap_Phase1_100_R.mp4,372,0,0,0,0,0,0,0
Cap_Phase1_100_R.mp4,373,0,0,0,0,0,0,0
Cap_Phase1_100_R.mp4,374,0,0,0,0,0,0,0
Cap_Phase1_100_R.mp4,375,0,0,0,0,0,0,0
Cap_Phase1_100_R.mp4,376,0,0,0,0,0,0,0
Cap_Phase1_100_R.mp4,377,0,0,0,0,0,0,0
Cap_Phase1_100_R.mp4,378,0,0,0,0,0,0,0
Cap_Phase1_100_R.mp4,379,0,0,0,0,0,0,0
Cap_Phase1_100_R.mp4,380,0,0,0,0,0,0,0
Cap_Phase1_100_R.mp4,381,0,0,0,0,0,0,0
Cap_Phase1_100_R.mp4,382,0,0,0,0,0,0,0
Cap_Phase1_100_R.mp4,383,0,0,0,0,0,0,0
Cap_Phase1_100_R.mp4,384,0,0,0,0,0,0,0
Cap_Phase1_100_R.mp4,385,0,0,0,0,0,0,0
Cap_Phase1_100_R.mp4,386,0,0,1,0,0,0,0
Cap_Phase1_100_R.mp4,387,0,0,1,0,0,0,0
Cap_Phase1_100_R.mp4,388,0,0,1,0,0,0,0
Cap_Phase1_100_R.mp4,389,0,0,1,0,0,0,0
Cap_Phase1_100_R.mp4,390,0,0,1,0,0,0,0
Cap_Phase1_100_R.mp4,391,0,0,1,0,0,0,0
Cap_Phase1_100_R.mp4,392,0,0,1,0,0,0,0
Cap_Phase1_100_R.mp4,393,0,0,1,0,0,0,0
Cap_Phase1_100_R.mp4,394,0,0,1,0,0,0,0
Cap_Phase1_100_R.mp4,395,0,0,1,0,0,0,0
Cap_Phase1_100_R.mp4,396,0,0,1,0,0,0,0
Cap_Phase1_100_R.mp4,397,0,0,1,0,0,0,0
Cap_Phase1_100_R.mp4,398,0,0,1,0,0,0,0
Cap_Phase1_100_R.mp4,399,0,0,1,0,0,0,0
Cap_Phase1_100_R.mp4,400,0,0,1,0,0,0,0
Cap_Phase1_100_R.mp4,401,0,0,1,0,0,0,0
Cap_Phase1_100_R.mp4,402,0,0,0,0,0,0,0
Cap_Phase1_100_R.mp4,403,0,0,0,0,0,0,0
Cap_Phase1_100_R.mp4,404,0,0,0,0,0,0,0
Cap_Phase1_100_R.mp4,405,0,0,0,0,0,0,0
Cap_Phase1_100_R.mp4,406,0,0,0,0,0,0,0
Cap_Phase1_100_R.mp4,407,0,0,0,0,0,0,0
Cap_Phase1_100_R.mp4,408,0,0,0,0,0,0,0
Cap_Phase1_100_R.mp4,409,0,0,0,0,0,0,0
Cap_Phase1_100_R.mp4,410,0,0,0,0,0,0,0
Cap_Phase1_100_R.mp4,411,0,0,0,0,0,0,0
Cap_Phase1_100_R.mp4,412,0,0,0,0,0,0,0
Cap_Phase1_100_R.mp4,413,0,0,0,0,0,0,0
Cap_Phase1_100_R.mp4,414,0,0,0,0,0,0,0
Cap_Phase1_100_R.mp4,415,0,0,0,0,0,0,0
Cap_Phase1_100_R.mp4,416,0,0,0,0,0,0,0
Cap_Phase1_100_R.mp4,417,0,0,0,0,0,0,0
Cap_Phase1_100_R.mp4,418,0,0,0,0,0,0,0
Cap_Phase1_100_R.mp4,419,0,0,0,0,0,0,0
Cap_Phase1_100_R.mp4,420,0,0,0,0,0,0,0
Cap_Phase1_100_R.mp4,421,0,1,0,0,0,0,0
Cap_Phase1_100_R.mp4,422,0,1,0,0,0,0,0
Cap_Phase1_100_R.mp4,423,0,1,0,0,0,0,0
Cap_Phase1_100_R.mp4,424,0,1,0,0,0,0,0
Cap_Phase1_100_R.mp4,425,0,1,0,0,0,0,0
Cap_Phase1_100_R.mp4,426,0,1,0,0,0,0,0
Cap_Phase1_100_R.mp4,427,0,1,0,0,0,0,0
Cap_Phase1_100_R.mp4,428,0,1,0,0,0,0,0
Cap_Phase1_100_R.mp4,429,0,1,0,0,0,0,0
Cap_Phase1_100_R.mp4,430,0,1,0,0,0,0,0
Cap_Phase1_100_R.mp4,431,0,1,0,0,0,0,0
Cap_Phase1_100_R.mp4,432,0,1,0,0,0,0,0
Cap_Phase1_100_R.mp4,433,0,1,0,0,0,0,0
Cap_Phase1_100_R.mp4,434,0,1,0,0,0,0,0
Cap_Phase1_100_R.mp4,435,0,1,0,0,0,0,0
Cap_Phase1_100_R.mp4,436,0,0,0,0,0,0,0
Cap_Phase1_100_R.mp4,437,0,0,0,0,0,0,0
Cap_Phase1_100_R.mp4,438,0,0,0,0,0,0,0
Cap_Phase1_100_R.mp4,439,0,0,0,0,0,0,0
Cap_Phase1_100_R.mp4,440,0,0,0,0,0,0,0
Cap_Phase1_100_R.mp4,441,0,0,0,0,0,0,0
Cap_Phase1_100_R.mp4,442,0,0,0,0,0,0,0
Cap_Phase1_100_R.mp4,443,0,0,0,0,0,0,0
Cap_Phase1_100_R.mp4,444,0,0,0,0,0,0,0
Cap_Phase1_100_R.mp4,445,0,0,0,0,0,0,0
Cap_Phase1_100_R.mp4,446,0,0,0,0,0,0,0
Cap_Phase1_100_R.mp4,447,0,0,0,0,0,0,0
Cap_Phase1_100_R.mp4,448,0,0,0,0,0,0,0
Cap_Phase1_100_R.mp4,449,0,0,0,0,0,0,0
Cap_Phase1_100_R.mp4,450,0,0,0,0,0,0,0
Cap_Phase1_100_R.mp4,451,0,0,0,0,0,0,0
Cap_Phase1_100_R.mp4,452,0,0,0,0,0,0,0
Cap_Phase1_100_R.mp4,453,0,0,0,0,0,0,0
Cap_Phase1_100_R.mp4,454,0,0,0,0,0,0,0
Cap_Phase1_100_R.mp4,455,0,0,0,0,0,0,0
Cap_Phase1_100_R.mp4,456,0,0,0,0,0,0,0
Cap_Phase1_100_R.mp4,457,1,0,0,0,0,0,0
Cap_Phase1_100_R.mp4,458,1,0,0,0,0,0,0
Cap_Phase1_100_R.mp4,459,1,0,0,0,0,0,0
Cap_Phase1_100_R.mp4,460,1,0,0,0,0,0,0
Cap_Phase1_100_R.mp4,461,1,0,0,0,0,0,0
Cap_Phase1_100_R.mp4,462,1,0,0,0,0,0,0
Cap_Phase1_100_R.mp4,463,1,0,0,0,0,0,0
Cap_Phase1_100_R.mp4,464,1,0,0,0,0,0,0
Cap_Phase1_100_R.mp4,465,1,0,0,0,0,0,0
Cap_Phase1_100_R.mp4,466,1,0,0,0,0,0,0
Cap_Phase1_100_R.mp4,467,1,0,0,0,0,0,0
Cap_Phase1_100_R.mp4,468,1,0,0,0,0,0,0
Cap_Phase1_100_R.mp4,469,1,0,0,0,0,0,0
Cap_Phase1_100_R.mp4,470,0,0,0,0,0,0,0
Cap_Phase1_100_R.mp4,471,0,0,0,0,0,0,0
Cap_Phase1_100_R.mp4,472,0,0,0,0,0,0,0
Cap_Phase1_100_R.mp4,473,0,0,0,0,0,0,0
Cap_Phase1_100_R.mp4,474,0,0,0,0,0,0,0
Cap_Phase1_100_R.mp4,475,0,0,0,0,0,0,0
Cap_Phase1_100_R.mp4,476,0,0,0,0,0,0,0
Cap_Phase1_100_R.mp4,477,0,0,0,0,0,0,0
Cap_Phase1_100_R.mp4,478,0,0,0,0,0,0,0
Cap_Phase1_100_R.mp4,479,0,0,0,0,0,0,0
Cap_Phase1_100_R.mp4,480,0,0,0,0,0,0,0
Cap_Phase1_100_R.mp4,481,0,0,0,0,0,0,0
Cap_Phase1_100_R.mp4,482,0,0,0,0,0,0,0
Cap_Phase1_100_R.mp4,483,0,0,0,0,0,0,0
Cap_Phase1_100_R.mp4,484,0,0,0,0,0,0,0
Cap_Phase1_100_R.mp4,485,0,0,0,0,0,0,0
Cap_Phase1_100_R.mp4,486,0,0,0,0,0,0,0
Cap_Phase1_100_R.mp4,487,0,0,0,0,0,0,0
Cap_Phase1_100_R.mp4,488,0,0,0,0,0,0,0
Cap_Phase1_100_R.mp4,489,0,0,0,0,0,0,0
Cap_Phase1_100_R.mp4,490,0,0,0,0,0,0,0
Cap_Phase1_100_R.mp4,491,0,0,0,0,0,0,0
Cap_Phase1_100_R.mp4,492,0,0,0,0,0,0,0
Cap_Phase1_100_R.mp4,493,0,0,0,0,0,0,0
Cap_Phase1_100_R.mp4,494,0,0,0,0,0,0,0
Cap_Phase1_100_R.mp4,495,0,0,0,0,0,1,0
Cap_Phase1_100_R.mp4,496,1,0,0,0,0,0,0
Cap_Phase1_100_R.mp4,497,1,0,0,0,0,0,0
Cap_Phase1_100_R.mp4,498,1,0,0,0,0,0,0
Cap_Phase1_100_R.mp4,499,1,0,0,0,0,0,0
Cap_Phase1_100_R.mp4,500,1,0,0,0,0,0,0
Cap_Phase1_100_R.mp4,501,1,0,1,0,0,0,0
Cap_Phase1_100_R.mp4,502,1,0,1,0,0,0,0
Cap_Phase1_100_R.mp4,503,1,0,1,0,0,0,0
Cap_Phase1_100_R.mp4,504,1,0,0,0,0,0,0
Cap_Phase1_100_R.mp4,505,1,0,0,0,0,0,0
Cap_Phase1_100_R.mp4,506,1,0,0,0,0,0,0
Cap_Phase1_100_R.mp4,507,1,0,0,0,0,0,0
Cap_Phase1_100_R.mp4,508,1,0,0,0,0,0,0
Cap_Phase1_100_R.mp4,509,1,0,0,0,0,0,0
Cap_Phase1_100_R.mp4,510,0,0,0,0,0,0,0
Cap_Phase1_100_R.mp4,511,0,0,0,0,0,0,0
Cap_Phase1_100_R.mp4,512,0,0,0,0,0,0,0
Cap_Phase1_100_R.mp4,513,0,0,0,0,0,0,0
Cap_Phase1_100_R.mp4,514,0,0,0,0,0,0,0
Cap_Phase1_100_R.mp4,515,0,0,0,0,0,0,0
Cap_Phase1_100_R.mp4,516,0,0,0,0,0,0,0
Cap_Phase1_100_R.mp4,517,0,0,0,0,0,0,0
Cap_Phase1_100_R.mp4,518,0,0,0,0,0,0,0
Cap_Phase1_100_R.mp4,519,0,0,0,0,0,0,0
Cap_Phase1_100_R.mp4,520,0,0,0,0,0,0,0
Cap_Phase1_100_R.mp4,521,0,0,0,0,0,0,0
Cap_Phase1_100_R.mp4,522,0,0,0,0,0,0,0
Cap_Phase1_100_R.mp4,523,0,0,0,0,0,0,0
Cap_Phase1_100_R.mp4,524,0,0,0,0,0,0,0
Cap_Phase1_100_R.mp4,525,0,0,0,0,0,0,0
Cap_Phase1_100_R.mp4,526,0,0,0,0,0,0,0
Cap_Phase1_100_R.mp4,527,0,0,0,0,0,0,0
Cap_Phase1_100_R.mp4,528,0,0,0,0,0,0,0
Cap_Phase1_100_R.mp4,529,0,0,0,0,0,0,0
Cap_Phase1_100_R.mp4,530,0,0,0,0,0,0,0
Cap_Phase1_100_R.mp4,531,1,0,0,0,0,0,0
Cap_Phase1_100_R.mp4,532,1,0,0,0,0,0,0
Cap_Phase1_100_R.mp4,533,1,0,0,0,0,0,0
Cap_Phase1_100_R.mp4,534,1,0,0,0,0,0,0
Cap_Phase1_100_R.mp4,535,1,0,0,0,0,0,0
Cap_Phase1_100_R.mp4,536,1,0,0,0,0,0,0
Cap_Phase1_100_R.mp4,537,1,0,0,0,0,0,0
Cap_Phase1_100_R.mp4,538,1,0,0,0,0,0,0
Cap_Phase1_100_R.mp4,539,1,0,0,0,0,0,0
Cap_Phase1_100_R.mp4,540,1,0,0,0,0,0,0
Cap_Phase1_100_R.mp4,541,1,0,0,0,0,0,0
Cap_Phase1_100_R.mp4,542,1,0,0,0,0,0,0
Cap_Phase1_100_R.mp4,543,1,0,0,0,0,0,0
Cap_Phase1_100_R.mp4,544,1,0,0,0,0,0,0
Cap_Phase1_100_R.mp4,545,1,0,0,0,0,0,0
Cap_Phase1_100_R.mp4,546,0,0,0,0,0,0,0
Cap_Phase1_100_R.mp4,547,0,0,0,0,0,0,0
Cap_Phase1_100_R.mp4,548,0,0,0,0,0,0,0
Cap_Phase1_100_R.mp4,549,0,0,0,0,0,0,0
Cap_Phase1_100_R.mp4,550,0,0,0,0,0,0,0
Cap_Phase1_100_R.mp4,551,0,0,0,0,0,0,0
Cap_Phase1_100_R.mp4,552,0,0,0,0,0,0,0
Cap_Phase1_100_R.mp4,553,0,0,0,0,0,0,0
Cap_Phase1_100_R.mp4,554,0,0,0,0,0,0,0
Cap_Phase1_100_R.mp4,555,0,0,0,0,0,0,0
Cap_Phase1_100_R.mp4,556,0,0,0,0,0,0,0
Cap_Phase1_100_R.mp4,557,0,0,0,0,0,0,0
Cap_Phase1_100_R.mp4,558,0,0,0,0,0,0,0
Cap_Phase1_100_R.mp4,559,0,0,0,0,0,0,0
Cap_Phase1_100_R.mp4,560,0,0,0,0,0,0,0
Cap_Phase1_100_R.mp4,561,0,0,0,0,0,0,0
Cap_Phase1_100_R.mp4,562,0,0,0,0,0,0,0
Cap_Phase1_100_R.mp4,563,0,0,0,0,0,0,0
Cap_Phase1_100_R.mp4,564,0,0,0,0,0,0,0
Cap_Phase1_100_R.mp4,565,0,0,0,0,0,0,0
Cap_Phase1_100_R.mp4,566,1,0,0,0,0,0,0
Cap_Phase1_100_R.mp4,567,1,0,0,0,0,0,0
Cap_Phase1_100_R.mp4,568,1,0,0,0,0,0,0
Cap_Phase1_100_R.mp4,569,1,0,0,0,0,0,0
Cap_Phase1_100_R.mp4,570,1,0,0,0,0,0,0
Cap_Phase1_100_R.mp4,571,1,0,0,0,0,0,0
Cap_Phase1_100_R.mp4,572,1,0,0,0,0,0,0
Cap_Phase1_100_R.mp4,573,1,0,0,0,0,0,0
Cap_Phase1_100_R.mp4,574,1,0,0,0,0,0,0
Cap_Phase1_100_R.mp4,575,1,0,0,0,0,0,0
Cap_Phase1_100_R.mp4,576,1,0,0,0,0,0,0
Cap_Phase1_100_R.mp4,577,1,0,0,0,0,0,0
Cap_Phase1_100_R.mp4,578,1,0,0,0,0,0,0
Cap_Phase1_100_R.mp4,579,1,0,0,0,0,0,0
Cap_Phase1_100_R.mp4,580,0,0,0,0,0,0,0
Cap_Phase1_100_R.mp4,581,0,0,0,0,0,0,0
Cap_Phase1_100_R.mp4,582,0,0,0,0,0,0,0
Cap_Phase1_100_R.mp4,583,0,0,0,0,0,0,0
Cap_Phase1_100_R.mp4,584,0,0,0,0,0,0,0
Cap_Phase1_100_R.mp4,585,0,0,0,0,0,0,0
Cap_Phase1_100_R.mp4,586,0,0,0,0,0,0,0
Cap_Phase1_100_R.mp4,587,0,0,0,0,0,0,0
Cap_Phase1_100_R.mp4,588,0,0,0,0,0,0,0
Cap_Phase1_100_R.mp4,589,0,0,0,0,0,0,0
Cap_Phase1_100_R.mp4,590,0,0,0,0,0,0,0
Cap_Phase1_100_R.mp4,591,0,0,0,0,0,0,0
Cap_Phase1_100_R.mp4,592,0,0,0,0,0,0,0
Cap_Phase1_100_R.mp4,593,0,0,0,0,0,0,0
Cap_Phase1_100_R.mp4,594,0,0,0,0,0,0,0
Cap_Phase1_100_R.mp4,595,0,0,0,0,0,0,0
Cap_Phase1_100_R.mp4,596,0,0,0,0,0,0,0
Cap_Phase1_100_R.mp4,597,0,0,0,0,0,0,0
Cap_Phase1_100_R.mp4,598,0,0,0,0,0,0,0
Cap_Phase1_100_R.mp4,599,0,0,0,0,0,0,0
Cap_Phase1_100_R.mp4,600,0,0,0,0,0,0,0
Cap_Phase1_100_R.mp4,601,0,1,0,0,0,0,0
Cap_Phase1_100_R.mp4,602,0,1,0,0,0,0,0
Cap_Phase1_100_R.mp4,603,0,1,0,0,0,0,0
Cap_Phase1_100_R.mp4,604,0,1,0,0,0,0,0
Cap_Phase1_100_R.mp4,605,0,1,0,0,0,0,0
Cap_Phase1_100_R.mp4,606,0,1,0,0,0,0,0
Cap_Phase1_100_R.mp4,607,0,1,0,0,0,0,0
Cap_Phase1_100_R.mp4,608,0,1,0,0,0,0,0
Cap_Phase1_100_R.mp4,609,0,1,0,0,0,0,0
Cap_Phase1_100_R.mp4,610,0,1,0,0,0,0,0
Cap_Phase1_100_R.mp4,611,0,1,0,0,0,0,0
Cap_Phase1_100_R.mp4,612,0,1,0,0,0,0,0
Cap_Phase1_100_R.mp4,613,0,1,0,0,0,0,0
Cap_Phase1_100_R.mp4,614,0,0,0,0,0,0,0
Cap_Phase1_100_R.mp4,615,0,0,0,0,0,0,0
Cap_Phase1_100_R.mp4,616,0,0,0,0,0,0,0
Cap_Phase1_100_R.mp4,617,0,0,0,0,0,0,0
Cap_Phase1_100_R.mp4,618,0,0,0,0,0,0,0
Cap_Phase1_100_R.mp4,619,0,0,0,0,0,0,0
Cap_Phase1_100_R.mp4,620,0,0,0,0,0,0,0
Cap_Phase1_100_R.mp4,621,0,0,0,0,0,0,0
Cap_Phase1_100_R.mp4,622,0,0,0,0,0,0,0
Cap_Phase1_100_R.mp4,623,0,0,0,0,0,0,0
Cap_Phase1_100_R.mp4,624,0,0,0,0,0,0,0
Cap_Phase1_100_R.mp4,625,0,0,0,0,0,0,0
Cap_Phase1_100_R.mp4,626,0,0,0,0,0,0,0
Cap_Phase1_100_R.mp4,627,0,0,0,0,0,0,0
Cap_Phase1_100_R.mp4,628,0,0,0,0,0,0,0
Cap_Phase1_100_R.mp4,629,0,0,0,0,0,0,0
Cap_Phase1_100_R.mp4,630,0,0,0,0,0,0,0
Cap_Phase1_100_R.mp4,631,0,0,0,0,0,0,0
Cap_Phase1_100_R.mp4,632,0,0,0,0,0,0,0
Cap_Phase1_100_R.mp4,633,0,0,0,0,0,0,0
Cap_Phase1_100_R.mp4,634,0,0,0,0,0,0,0
Cap_Phase1_100_R.mp4,635,0,0,1,0,0,0,0
Cap_Phase1_100_R.mp4,636,0,0,1,0,0,0,0
Cap_Phase1_100_R.mp4,637,0,0,1,0,0,0,0
Cap_Phase1_100_R.mp4,638,0,0,1,0,0,0,0
Cap_Phase1_100_R.mp4,639,0,0,1,0,0,0,0
Cap_Phase1_100_R.mp4,640,0,0,1,0,0,0,0
Cap_Phase1_100_R.mp4,641,0,0,1,0,0,0,0
Cap_Phase1_100_R.mp4,642,0,0,1,0,0,0,0
Cap_Phase1_100_R.mp4,643,0,0,1,0,0,0,0
Cap_Phase1_100_R.mp4,644,0,0,1,0,0,0,0
Cap_Phase1_100_R.mp4,645,0,0,1,0,0,0,0
Cap_Phase1_100_R.mp4,646,0,0,1,0,0,0,0
Cap_Phase1_100_R.mp4,647,0,0,1,0,0,0,0
Cap_Phase1_100_R.mp4,648,0,0,1,0,0,0,0
Cap_Phase1_100_R.mp4,649,0,0,1,0,0,0,0
Cap_Phase1_100_R.mp4,650,0,0,1,0,0,0,0
Cap_Phase1_100_R.mp4,651,0,0,0,0,0,0,0
Cap_Phase1_100_R.mp4,652,0,0,0,0,0,0,0
Cap_Phase1_100_R.mp4,653,0,0,0,0,0,0,0
Cap_Phase1_100_R.mp4,654,0,0,0,0,0,0,0
Cap_Phase1_100_R.mp4,655,0,0,0,0,0,0,0
Cap_Phase1_100_R.mp4,656,0,0,0,0,0,0,0
Cap_Phase1_100_R.mp4,657,0,0,0,0,0,0,0
Cap_Phase1_100_R.mp4,658,0,0,0,0,0,0,0
Cap_Phase1_100_R.mp4,659,0,0,0,0,0,0,0
Cap_Phase1_100_R.mp4,660,0,0,0,0,0,0,0
Cap_Phase1_100_R.mp4,661,0,0,0,0,0,0,0
Cap_Phase1_100_R.mp4,662,0,0,0,0,0,0,0
Cap_Phase1_100_R.mp4,663,0,0,0,0,0,0,0
Cap_Phase1_100_R.mp4,664,0,0,0,0,0,0,0
Cap_Phase1_100_R.mp4,665,0,0,0,0,0,0,0
Cap_Phase1_100_R.mp4,666,0,0,0,0,0,0,0
Cap_Phase1_100_R.mp4,667,0,0,0,0,0,0,0
Cap_Phase1_100_R.mp4,668,0,0,0,0,0,0,0
Cap_Phase1_100_R.mp4,669,0,0,0,0,0,0,0
Cap_Phase1_100_R.mp4,670,0,0,0,0,0,0,0
Cap_Phase1_100_R.mp4,671,0,0,0,0,0,0,0
Cap_Phase1_100_R.mp4,672,0,0,0,0,1,0,0
Cap_Phase1_100_R.mp4,673,0,0,0,0,1,0,0
Cap_Phase1_100_R.mp4,674,0,0,0,0,1,0,0
Cap_Phase1_100_R.mp4,675,0,0,0,0,1,0,0
Cap_Phase1_100_R.mp4,676,0,0,0,0,1,0,0
Cap_Phase1_100_R.mp4,677,0,0,0,0,1,0,0
Cap_Phase1_100_R.mp4,678,0,0,0,0,1,0,0
Cap_Phase1_100_R.mp4,679,0,0,0,0,1,0,0
Cap_Phase1_100_R.mp4,680,0,0,0,0,1,0,0
Cap_Phase1_100_R.mp4,681,0,0,0,0,1,0,0
Cap_Phase1_100_R.mp4,682,0,0,0,0,1,1,0
Cap_Phase1_100_R.mp4,683,0,0,0,0,1,1,0
Cap_Phase1_100_R.mp4,684,0,0,0,0,1,1,0
Cap_Phase1_100_R.mp4,685,0,0,0,0,1,0,0
Cap_Phase1_100_R.mp4,686,0,0,0,0,0,0,0
Cap_Phase1_100_R.mp4,687,0,0,0,0,0,0,0
Cap_Phase1_100_R.mp4,688,0,0,0,0,0,0,0
Cap_Phase1_100_R.mp4,689,0,0,0,0,0,0,0
Cap_Phase1_100_R.mp4,690,0,0,0,0,0,0,0
Cap_Phase1_100_R.mp4,691,0,0,0,0,0,0,0
Cap_Phase1_100_R.mp4,692,0,0,0,0,0,0,0
Cap_Phase1_100_R.mp4,693,0,0,0,0,0,0,0
Cap_Phase1_100_R.mp4,694,0,0,0,0,0,0,0
Cap_Phase1_100_R.mp4,695,0,0,0,0,0,0,0
Cap_Phase1_100_R.mp4,696,0,0,0,0,0,0,0
Cap_Phase1_100_R.mp4,697,0,0,0,0,0,0,0
Cap_Phase1_100_R.mp4,698,0,0,0,0,0,0,0
Cap_Phase1_100_R.mp4,699,0,0,0,0,0,0,0
Cap_Phase1_100_R.mp4,700,0,0,0,0,0,0,0
Cap_Phase1_100_R.mp4,701,0,0,0,0,0,0,0
Cap_Phase1_100_R.mp4,702,0,0,0,0,0,0,0
Cap_Phase1_100_R.mp4,703,0,0,0,0,0,0,0
Cap_Phase1_100_R.mp4,704,0,0,0,0,0,0,0
Cap_Phase1_100_R.mp4,705,0,0,0,0,0,0,0
Cap_Phase1_100_R.mp4,706,0,0,0,0,0,0,0
Cap_Phase1_100_R.mp4,707,0,0,0,0,0,0,0
Cap_Phase1_100_R.mp4,708,0,0,0,0,0,0,0
Cap_Phase1_100_R.mp4,709,0,0,0,0,0,1,0
Cap_Phase1_100_R.mp4,710,0,0,0,0,0,1,0
Cap_Phase1_100_R.mp4,711,0,0,0,0,0,1,0
Cap_Phase1_100_R.mp4,712,0,0,0,0,0,1,0
Cap_Phase1_100_R.mp4,713,0,0,0,0,0,1,0
Cap_Phase1_100_R.mp4,714,0,0,0,0,0,1,0
Cap_Phase1_100_R.mp4,715,0,0,0,0,0,1,0
Cap_Phase1_100_R.mp4,716,0,0,0,0,0,1,0
Cap_Phase1_100_R.mp4,717,0,0,0,0,0,1,0
Cap_Phase1_100_R.mp4,718,0,0,0,0,0,1,0
Cap_Phase1_100_R.mp4,719,0,0,0,0,0,1,0
Cap_Phase1_100_R.mp4,720,0,0,0,0,0,1,0
Cap_Phase1_100_R.mp4,721,0,0,0,0,0,1,0
Cap_Phase1_100_R.mp4,722,0,0,0,0,0,1,0
Cap_Phase1_100_R.mp4,723,0,0,0,0,0,0,0
Cap_Phase1_100_R.mp4,724,0,0,0,0,0,0,0
Cap_Phase1_100_R.mp4,725,0,0,0,0,0,0,0
Cap_Phase1_100_R.mp4,726,0,0,0,0,0,0,0
Cap_Phase1_100_R.mp4,727,0,0,0,0,0,0,0
Cap_Phase1_100_R.mp4,728,0,0,0,0,0,0,0
Cap_Phase1_100_R.mp4,729,0,0,0,0,0,0,0
Cap_Phase1_100_R.mp4,730,0,0,0,0,0,0,0
Cap_Phase1_100_R.mp4,731,0,0,0,0,0,0,0
Cap_Phase1_100_R.mp4,732,0,0,0,0,0,0,0
Cap_Phase1_100_R.mp4,733,0,0,0,0,0,0,0
Cap_Phase1_100_R.mp4,734,0,0,0,0,0,0,0
Cap_Phase1_100_R.mp4,735,0,0,0,0,0,0,0
Cap_Phase1_100_R.mp4,736,0,0,0,0,0,0,0
Cap_Phase1_100_R.mp4,737,0,0,0,0,0,0,0
Cap_Phase1_100_R.mp4,738,0,0,0,0,0,0,0
Cap_Phase1_100_R.mp4,739,0,0,0,0,0,0,0
Cap_Phase1_100_R.mp4,740,0,0,0,0,0,0,0
Cap_Phase1_100_R.mp4,741,0,0,0,0,0,0,0
Cap_Phase1_100_R.mp4,742,0,0,0,0,0,0,0
Cap_Phase1_100_R.mp4,743,0,0,0,0,0,0,0
Cap_Phase1_100_R.mp4,744,0,0,0,0,0,0,0
Cap_Phase1_100_R.mp4,745,0,0,0,0,0,0,0
Cap_Phase1_100_R.mp4,746,0,0,0,0,0,0,0
Cap_Phase1_100_R.mp4,747,0,0,0,1,0,0,0
Cap_Phase1_100_R.mp4,748,0,0,0,1,0,0,0
Cap_Phase1_100_R.mp4,749,0,0,0,1,0,0,0
Cap_Phase1_100_R.mp4,750,0,0,0,1,0,0,0
Cap_Phase1_100_R.mp4,751,0,0,0,1,0,0,0
Cap_Phase1_100_R.mp4,752,0,0,0,1,0,0,0
Cap_Phase1_100_R.mp4,753,0,0,0,1,0,0,0
Cap_Phase1_100_R.mp4,754,0,0,0,1,0,0,0
Cap_Phase1_100_R.mp4,755,0,0,0,1,0,0,0
Cap_Phase1_100_R.mp4,756,0,0,0,1,0,0,0
Cap_Phase1_100_R.mp4,757,0,0,0,1,0,0,0
Cap_Phase1_100_R.mp4,758,0,0,0,0,0,0,0
Cap_Phase1_100_R.mp4,759,0,0,0,0,0,0,0
Cap_Phase1_100_R.mp4,760,0,0,0,0,0,0,0
Cap_Phase1_100_R.mp4,761,0,0,0,0,0,0,0
Cap_Phase1_100_R.mp4,762,0,0,0,0,0,0,0
Cap_Phase1_100_R.mp4,763,0,0,0,0,0,0,0
Cap_Phase1_100_R.mp4,764,0,0,0,0,0,0,0
Cap_Phase1_100_R.mp4,765,0,0,0,0,0,0,0
Cap_Phase1_100_R.mp4,766,0,0,0,0,0,0,0
Cap_Phase1_100_R.mp4,767,0,0,0,0,0,0,0
Cap_Phase1_100_R.mp4,768,0,0,0,0,0,0,0
Cap_Phase1_100_R.mp4,769,0,0,0,0,0,0,0
Cap_Phase1_100_R.mp4,770,0,0,0,0,0,0,0
Cap_Phase1_100_R.mp4,771,0,0,0,0,0,0,0
Cap_Phase1_100_R.mp4,772,0,0,0,0,0,0,0
Cap_Phase1_100_R.mp4,773,0,0,0,0,0,0,0
Cap_Phase1_100_R.mp4,774,0,0,0,0,0,0,0
Cap_Phase1_100_R.mp4,775,0,0,0,0,0,0,0
Cap_Phase1_100_R.mp4,776,0,0,0,0,0,0,0
Cap_Phase1_100_R.mp4,777,0,0,0,0,0,0,0
Cap_Phase1_100_R.mp4,778,0,0,0,0,0,0,0
Cap_Phase1_100_R.mp4,779,0,0,0,0,0,0,0
Cap_Phase1_100_R.mp4,780,0,0,0,0,0,0,0
Cap_Phase1_100_R.mp4,781,0,0,0,0,0,0,0
Cap_Phase1_100_R.mp4,782,0,0,0,0,0,0,0
Cap_Phase1_100_R.mp4,783,0,1,0,0,0,0,0
Cap_Phase1_100_R.mp4,784,0,1,0,0,0,0,0
Cap_Phase1_100_R.mp4,785,0,1,0,0,0,0,0
Cap_Phase1_100_R.mp4,786,0,1,0,0,0,0,0
Cap_Phase1_100_R.mp4,787,0,1,0,0,0,0,0
Cap_Phase1_100_R.mp4,788,0,1,0,0,0,0,0
Cap_Phase1_100_R.mp4,789,0,1,0,0,0,0,0
Cap_Phase1_100_R.mp4,790,0,1,0,0,0,0,0
Cap_Phase1_100_R.mp4,791,0,1,0,0,0,0,0
Cap_Phase1_100_R.mp4,792,0,1,0,0,0,0,0
Cap_Phase1_100_R.mp4,793,0,1,0,0,0,0,0
Cap_Phase1_100_R.mp4,794,0,1,0,0,0,0,0
Cap_Phase1_100_R.mp4,795,0,1,0,0,0,0,0
Cap_Phase1_100_R.mp4,796,0,1,0,0,0,0,0
Cap_Phase1_100_R.mp4,797,0,0,0,0,0,0,0
Cap_Phase1_100_R.mp4,798,0,0,0,0,0,0,0
Cap_Phase1_100_R.mp4,799,0,0,0,0,0,0,0
Cap_Phase1_100_R.mp4,800,0,0,0,0,0,0,0
Cap_Phase1_100_R.mp4,801,0,0,0,0,0,0,0
Cap_Phase1_100_R.mp4,802,0,0,0,0,0,0,0
Cap_Phase1_100_R.mp4,803,0,0,0,0,0,0,0
Cap_Phase1_100_R.mp4,804,0,0,0,0,0,0,0
Cap_Phase1_100_R.mp4,805,0,0,0,0,0,0,0
Cap_Phase1_100_R.mp4,806,0,0,0,0,0,0,0
Cap_Phase1_100_R.mp4,807,0,0,0,0,0,0,0
Cap_Phase1_100_R.mp4,808,0,0,0,0,0,0,0
Cap_Phase1_100_R.mp4,809,0,0,0,0,0,0,0
Cap_Phase1_100_R.mp4,810,0,0,0,0,0,0,0
Cap_Phase1_100_R.mp4,811,0,0,0,0,0,0,0
Cap_Phase1_100_R.mp4,812,0,0,0,0,0,0,0
Cap_Phase1_100_R.mp4,813,0,0,0,0,0,0,0
Cap_Phase1_100_R.mp4,814,0,0,0,0,0,0,0
Cap_Phase1_100_R.mp4,815,0,0,0,0,0,0,0
Cap_Phase1_100_R.mp4,816,0,0,0,0,0,0,0
Cap_Phase1_100_R.mp4,817,0,0,0,0,0,0,0
Cap_Phase1_100_R.mp4,818,0,0,0,0,0,0,0
Cap_Phase1_100_R.mp4,819,0,1,0,1,0,0,0
Cap_Phase1_100_R.mp4,820,0,1,0,0,0,0,0
Cap_Phase1_100_R.mp4,821,0,1,0,0,0,0,0
Cap_Phase1_100_R.mp4,822,0,1,0,0,0,0,0
Cap_Phase1_100_R.mp4,823,0,1,0,0,0,0,0
Cap_Phase1_100_R.mp4,824,0,1,0,0,0,0,0
Cap_Phase1_100_R.mp4,825,0,1,0,0,0,0,0
Cap_Phase1_100_R.mp4,826,0,1,0,0,0,0,0
Cap_Phase1_100_R.mp4,827,0,1,0,0,0,0,0
Cap_Phase1_100_R.mp4,828,0,1,0,0,0,0,0
Cap_Phase1_100_R.mp4,829,0,1,0,0,0,0,0
Cap_Phase1_100_R.mp4,830,0,1,0,0,0,0,0
Cap_Phase1_100_R.mp4,831,0,1,0,0,0,0,0
Cap_Phase1_100_R.mp4,832,0,1,0,0,0,0,0
Cap_Phase1_100_R.mp4,833,0,0,0,0,0,0,0
Cap_Phase1_100_R.mp4,834,0,0,0,0,0,0,0
Cap_Phase1_100_R.mp4,835,0,0,0,0,0,0,0
Cap_Phase1_100_R.mp4,836,0,0,0,0,0,0,0
Cap_Phase1_100_R.mp4,837,0,0,0,0,0,0,0
Cap_Phase1_100_R.mp4,838,0,0,0,0,0,0,0
Cap_Phase1_100_R.mp4,839,0,0,0,0,0,0,0
Cap_Phase1_100_R.mp4,840,0,0,0,0,0,0,0
Cap_Phase1_100_R.mp4,841,0,0,0,0,0,0,0
Cap_Phase1_100_R.mp4,842,0,0,0,0,0,0,0
Cap_Phase1_100_R.mp4,843,0,0,0,0,0,0,0
Cap_Phase1_100_R.mp4,844,0,0,0,0,0,0,0
Cap_Phase1_100_R.mp4,845,0,0,0,0,0,0,0
Cap_Phase1_100_R.mp4,846,0,0,0,0,0,0,0
Cap_Phase1_100_R.mp4,847,0,0,0,0,0,0,0
Cap_Phase1_100_R.mp4,848,0,0,0,0,0,0,0
Cap_Phase1_100_R.mp4,849,0,0,0,0,0,0,0
Cap_Phase1_100_R.mp4,850,0,0,0,0,0,0,0
Cap_Phase1_100_R.mp4,851,0,0,1,0,0,0,0
Cap_Phase1_100_R.mp4,852,0,0,1,0,0,0,0
Cap_Phase1_100_R.mp4,853,0,0,1,0,0,0,0
Cap_Phase1_100_R.mp4,854,0,0,1,0,0,0,0
Cap_Phase1_100_R.mp4,855,0,0,1,0,0,0,0
Cap_Phase1_100_R.mp4,856,0,0,1,0,0,0,0
Cap_Phase1_100_R.mp4,857,0,0,1,0,0,0,0
Cap_Phase1_100_R.mp4,858,0,0,1,0,0,0,0
Cap_Phase1_100_R.mp4,859,0,0,1,1,0,0,0
Cap_Phase1_100_R.mp4,860,0,0,1,1,0,0,0
Cap_Phase1_100_R.mp4,861,0,0,1,0,0,0,0
Cap_Phase1_100_R.mp4,862,0,0,1,0,0,0,0
Cap_Phase1_100_R.mp4,863,0,0,1,0,0,0,0
Cap_Phase1_100_R.mp4,864,0,0,1,0,0,0,0
Cap_Phase1_100_R.mp4,865,0,0,1,0,0,0,0
Cap_Phase1_100_R.mp4,866,0,0,1,0,0,0,0
Cap_Phase1_100_R.mp4,867,0,0,0,0,0,0,0
Cap_Phase1_100_R.mp4,868,0,0,0,0,0,0,0
Cap_Phase1_100_R.mp4,869,0,0,0,0,0,0,0
Cap_Phase1_100_R.mp4,870,0,0,0,0,0,0,0
Cap_Phase1_100_R.mp4,871,0,0,0,0,0,0,0
Cap_Phase1_100_R.mp4,872,0,0,0,0,0,0,0
Cap_Phase1_100_R.mp4,873,0,0,0,0,0,0,0
Cap_Phase1_100_R.mp4,874,0,0,0,0,0,0,0
Cap_Phase1_100_R.mp4,875,0,0,0,0,0,0,0
Cap_Phase1_100_R.mp4,876,0,0,0,0,0,0,0
Cap_Phase1_100_R.mp4,877,0,0,0,0,0,0,0
Cap_Phase1_100_R.mp4,878,0,0,0,0,0,0,0
Cap_Phase1_100_R.mp4,879,0,0,0,0,0,0,0
Cap_Phase1_100_R.mp4,880,0,0,0,0,0,0,0
Cap_Phase1_100_R.mp4,881,0,0,0,0,0,0,0
Cap_Phase1_100_R.mp4,882,0,0,0,0,0,0,0
Cap_Phase1_100_R.mp4,883,0,0,0,0,0,0,0
Cap_Phase1_100_R.mp4,884,0,0,0,0,0,0,0
Cap_Phase1_100_R.mp4,885,0,0,0,0,0,0,0
Cap_Phase1_100_R.mp4,886,0,0,0,0,0,0,0
Cap_Phase1_100_R.mp4,887,0,0,0,1,0,0,0
Cap_Phase1_100_R.mp4,888,0,0,0,1,0,0,0
Cap_Phase1_100_R.mp4,889,0,0,0,1,0,0,0
Cap_Phase1_100_R.mp4,890,0,0,0,1,0,0,0
Cap_Phase1_100_R.mp4,891,0,0,0,1,0,0,0
Cap_Phase1_100_R.mp4,892,0,0,0,1,0,0,0
Cap_Phase1_100_R.mp4,893,0,0,0,1,0,0,0
Cap_Phase1_100_R.mp4,894,0,0,0,1,0,0,0
Cap_Phase1_100_R.mp4,895,0,0,0,1,0,0,0
Cap_Phase1_100_R.mp4,896,0,0,0,1,0,0,0
Cap_Phase1_100_R.mp4,897,0,0,0,1,0,0,0
Cap_Phase1_100_R.mp4,898,0,0,0,1,0,0,0
Cap_Phase1_100_R.mp4,899,0,0,0,1,0,0,0
Cap_Phase1_100_R.mp4,900,0,0,0,1,0,1,0
Cap_Phase1_100_R.mp4,901,0,0,0,0,0,0,0
Cap_Phase1_100_R.mp4,902,0,0,0,0,0,0,0
Cap_Phase1_100_R.mp4,903,0,0,0,0,0,0,0
Cap_Phase1_100_R.mp4,904,0,0,0,0,0,0,0
Cap_Phase1_100_R.mp4,905,0,0,0,0,0,0,0
Cap_Phase1_100_R.mp4,906,0,0,0,0,0,0,0
Cap_Phase1_100_R.mp4,907,0,0,0,0,0,0,0
Cap_Phase1_100_R.mp4,908,0,0,0,0,0,0,0
Cap_Phase1_100_R.mp4,909,0,0,0,0,0,0,0
Cap_Phase1_100_R.mp4,910,0,0,0,0,0,0,0
Cap_Phase1_100_R.mp4,911,0,0,0,0,0,0,0
Cap_Phase1_100_R.mp4,912,0,0,0,0,0,0,0
Cap_Phase1_100_R.mp4,913,0,0,0,0,0,0,0
Cap_Phase1_100_R.mp4,914,0,0,0,0,0,0,0
Cap_Phase1_100_R.mp4,915,0,0,0,0,0,0,0
Cap_Phase1_100_R.mp4,916,0,0,0,0,0,0,0
Cap_Phase1_100_R.mp4,917,0,0,0,0,0,0,0
Cap_Phase1_100_R.mp4,918,0,0,0,0,0,0,0
Cap_Phase1_100_R.mp4,919,0,0,0,0,0,0,0
Cap_Phase1_100_R.mp4,920,0,0,0,0,0,0,0
Cap_Phase1_100_R.mp4,921,0,0,0,0,0,0,0
Cap_Phase1_100_R.mp4,922,0,0,0,0,0,0,0
Cap_Phase1_100_R.mp4,923,0,0,0,0,0,0,0
Cap_Phase1_100_R.mp4,924,0,0,0,0,0,1,0
Cap_Phase1_100_R.mp4,925,0,0,0,0,0,1,0
Cap_Phase1_100_R.mp4,926,0,0,0,0,0,1,0
Cap_Phase1_100_R.mp4,927,0,0,0,0,0,1,0
Cap_Phase1_100_R.mp4,928,0,0,0,0,0,1,0
Cap_Phase1_100_R.mp4,929,0,0,0,0,0,1,0
Cap_Phase1_100_R.mp4,930,0,0,0,0,0,1,0
Cap_Phase1_100_R.mp4,931,0,0,0,0,0,1,0
Cap_Phase1_100_R.mp4,932,0,0,0,0,0,1,0
Cap_Phase1_100_R.mp4,933,0,0,0,0,0,1,0
Cap_Phase1_100_R.mp4,934,0,0,0,0,0,1,0
Cap_Phase1_100_R.mp4,935,0,0,0,0,0,1,0
Cap_Phase1_100_R.mp4,936,0,0,0,0,0,1,0
Cap_Phase1_100_R.mp4,937,0,0,0,0,0,1,0
Cap_Phase1_100_R.mp4,938,0,0,0,0,0,1,0
Cap_Phase1_100_R.mp4,939,0,0,0,0,0,0,0
Cap_Phase1_100_R.mp4,940,0,0,0,0,0,0,0
Cap_Phase1_100_R.mp4,941,0,0,0,0,0,0,0
Cap_Phase1_100_R.mp4,942,0,0,0,0,0,0,0
Cap_Phase1_100_R.mp4,943,0,0,0,0,0,0,0
Cap_Phase1_100_R.mp4,944,0,0,0,0,0,0,0
Cap_Phase1_100_R.mp4,945,0,0,0,0,0,0,0
Cap_Phase1_100_R.mp4,946,0,0,0,0,0,0,0
Cap_Phase1_100_R.mp4,947,0,0,0,0,0,0,0
Cap_Phase1_100_R.mp4,948,0,0,0,0,0,0,0
Cap_Phase1_100_R.mp4,949,0,0,0,0,0,0,0
Cap_Phase1_100_R.mp4,950,0,0,0,0,0,0,0
Cap_Phase1_100_R.mp4,951,0,0,0,0,0,0,0
Cap_Phase1_100_R.mp4,952,0,0,0,0,0,0,0
Cap_Phase1_100_R.mp4,953,0,0,0,0,0,0,0
Cap_Phase1_100_R.mp4,954,0,0,0,0,0,0,0
Cap_Phase1_100_R.mp4,955,0,0,0,0,0,0,0
Cap_Phase1_100_R.mp4,956,0,0,0,0,0,0,0
Cap_Phase1_100_R.mp4,957,0,0,0,0,0,0,0
Cap_Phase1_100_R.mp4,958,0,0,0,1,1,0,0
Cap_Phase1_100_R.mp4,959,0,0,0,0,1,0,0
Cap_Phase1_100_R.mp4,960,0,0,0,0,1,1,0
Cap_Phase1_100_R.mp4,961,0,0,0,0,1,0,0
Cap_Phase1_100_R.mp4,962,0,0,0,0,1,0,0
Cap_Phase1_100_R.mp4,963,0,0,0,0,1,0,0
Cap_Phase1_100_R.mp4,964,0,0,0,0,1,1,0
Cap_Phase1_100_R.mp4,965,0,0,0,0,1,0,0
Cap_Phase1_100_R.mp4,966,0,0,0,0,1,0,0
Cap_Phase1_100_R.mp4,967,0,0,0,0,1,0,0
Cap_Phase1_100_R.mp4,968,0,0,0,0,1,0,0
Cap_Phase1_100_R.mp4,969,0,0,0,0,1,0,0
Cap_Phase1_100_R.mp4,970,0,0,0,0,1,1,0
Cap_Phase1_100_R.mp4,971,0,0,0,0,1,1,0
Cap_Phase1_100_R.mp4,972,0,0,0,0,0,0,0
Cap_Phase1_100_R.mp4,973,0,0,0,0,0,0,0
Cap_Phase1_100_R.mp4,974,0,0,0,0,0,0,0
Cap_Phase1_100_R.mp4,975,0,0,0,0,0,0,0
Cap_Phase1_100_R.mp4,976,0,0,0,0,0,0,0
Cap_Phase1_100_R.mp4,977,0,0,0,0,0,0,0
Cap_Phase1_100_R.mp4,978,0,0,0,0,0,0,0
Cap_Phase1_100_R.mp4,979,0,0,0,0,0,0,0
Cap_Phase1_100_R.mp4,980,0,0,0,0,0,0,0
Cap_Phase1_100_R.mp4,981,0,0,0,0,0,0,0
Cap_Phase1_100_R.mp4,982,0,0,0,0,0,0,0
Cap_Phase1_100_R.mp4,983,0,0,0,0,0,0,0
Cap_Phase1_100_R.mp4,984,0,0,0,0,0,0,0
Cap_Phase1_100_R.mp4,985,0,0,0,0,0,0,0
Cap_Phase1_100_R.mp4,986,0,0,0,0,0,0,0
Cap_Phase1_100_R.mp4,987,0,0,0,0,0,0,0
Cap_Phase1_100_R.mp4,988,0,0,0,0,0,0,0
Cap_Phase1_100_R.mp4,989,0,0,0,0,0,0,0
Cap_Phase1_100_R.mp4,990,0,0,0,0,0,0,0
Cap_Phase1_100_R.mp4,991,0,0,0,0,0,0,0
Cap_Phase1_100_R.mp4,992,0,0,0,0,0,0,0
Cap_Phase1_100_R.mp4,993,0,0,0,0,0,0,0
Cap_Phase1_100_R.mp4,994,0,0,0,0,0,0,0
Cap_Phase1_100_R.mp4,995,0,0,1,0,0,0,0
Cap_Phase1_100_R.mp4,996,0,0,1,0,0,0,0
Cap_Phase1_100_R.mp4,997,0,0,1,0,0,0,0
Cap_Phase1_100_R.mp4,998,0,0,1,0,0,0,0
Cap_Phase1_100_R.mp4,999,0,0,1,1,0,0,0
Cap_Phase1_100_R.mp4,1000,0,0,1,1,0,0,0
Cap_Phase1_100_R.mp4,1001,0,0,1,1,0,0,0
Cap_Phase1_100_R.mp4,1002,0,0,1,0,0,0,0
Cap_Phase1_100_R.mp4,1003,0,0,1,0,0,0,0
Cap_Phase1_100_R.mp4,1004,0,0,1,0,0,0,0
Cap_Phase1_100_R.mp4,1005,0,0,1,0,0,0,0
Cap_Phase1_100_R.mp4,1006,0,0,1,0,0,0,0
Cap_Phase1_100_R.mp4,1007,0,0,1,0,0,0,0
Cap_Phase1_100_R.mp4,1008,0,0,1,0,0,0,0
Cap_Phase1_100_R.mp4,1009,0,0,1,0,0,0,0
Cap_Phase1_100_R.mp4,1010,0,0,1,1,0,0,0
Cap_Phase1_100_R.mp4,1011,0,0,1,1,0,0,0
Cap_Phase1_100_R.mp4,1012,0,0,0,0,0,0,0
Cap_Phase1_100_R.mp4,1013,0,0,0,0,0,0,0
Cap_Phase1_100_R.mp4,1014,0,0,0,0,0,0,0
Cap_Phase1_100_R.mp4,1015,0,0,0,0,0,0,0
Cap_Phase1_100_R.mp4,1016,0,0,0,0,0,0,0
Cap_Phase1_100_R.mp4,1017,0,0,0,0,0,0,0
Cap_Phase1_100_R.mp4,1018,0,0,0,0,0,0,0
Cap_Phase1_100_R.mp4,1019,0,0,0,0,0,0,0
Cap_Phase1_100_R.mp4,1020,0,0,0,0,0,0,0
Cap_Phase1_100_R.mp4,1021,0,0,0,0,0,0,0
Cap_Phase1_100_R.mp4,1022,0,0,0,0,0,0,0
Cap_Phase1_100_R.mp4,1023,0,0,0,0,0,0,0
Cap_Phase1_100_R.mp4,1024,0,0,0,0,0,0,0
Cap_Phase1_100_R.mp4,1025,0,0,0,0,0,0,0
Cap_Phase1_100_R.mp4,1026,0,0,0,0,0,0,0
Cap_Phase1_100_R.mp4,1027,0,0,0,0,0,0,0
Cap_Phase1_100_R.mp4,1028,0,0,0,0,0,0,0
Cap_Phase1_100_R.mp4,1029,0,0,0,0,0,0,0
Cap_Phase1_100_R.mp4,1030,0,0,0,0,0,0,0
Cap_Phase1_100_R.mp4,1031,0,0,0,0,0,0,0
Cap_Phase1_100_R.mp4,1032,0,0,0,1,0,0,0
Cap_Phase1_100_R.mp4,1033,0,0,0,1,0,0,0
Cap_Phase1_100_R.mp4,1034,0,0,0,1,0,0,0
Cap_Phase1_100_R.mp4,1035,0,0,0,1,0,0,0
Cap_Phase1_100_R.mp4,1036,0,0,0,1,0,0,0
Cap_Phase1_100_R.mp4,1037,0,0,0,1,0,0,0
Cap_Phase1_100_R.mp4,1038,0,0,0,1,0,0,0
Cap_Phase1_100_R.mp4,1039,0,0,0,1,0,0,0
Cap_Phase1_100_R.mp4,1040,0,0,0,1,0,0,0
Cap_Phase1_100_R.mp4,1041,0,0,0,1,0,0,0
Cap_Phase1_100_R.mp4,1042,0,0,0,1,0,0,0
Cap_Phase1_100_R.mp4,1043,0,0,0,1,0,0,0
Cap_Phase1_100_R.mp4,1044,0,0,0,1,0,0,0
Cap_Phase1_100_R.mp4,1045,0,0,0,1,0,0,0
Cap_Phase1_100_R.mp4,1046,0,0,0,0,0,0,0
Cap_Phase1_100_R.mp4,1047,0,0,0,0,0,0,0
Cap_Phase1_100_R.mp4,1048,0,0,0,0,0,0,0
Cap_Phase1_100_R.mp4,1049,0,0,0,0,0,0,0
Cap_Phase1_100_R.mp4,1050,0,0,0,0,0,0,0
Cap_Phase1_100_R.mp4,1051,0,0,0,0,0,0,0
Cap_Phase1_100_R.mp4,1052,0,0,0,0,0,0,0
Cap_Phase1_100_R.mp4,1053,0,0,0,0,0,0,0
Cap_Phase1_100_R.mp4,1054,0,0,0,0,0,0,0
Cap_Phase1_100_R.mp4,1055,0,0,0,0,0,0,0
Cap_Phase1_100_R.mp4,1056,0,0,0,0,0,0,0
Cap_Phase1_100_R.mp4,1057,0,0,0,0,0,0,0
Cap_Phase1_100_R.mp4,1058,0,0,0,0,0,0,0
Cap_Phase1_100_R.mp4,1059,0,0,0,0,0,0,0
Cap_Phase1_100_R.mp4,1060,0,0,0,0,0,0,0
Cap_Phase1_100_R.mp4,1061,0,0,0,0,0,0,0
Cap_Phase1_100_R.mp4,1062,0,0,0,0,0,0,0
Cap_Phase1_100_R.mp4,1063,0,0,0,0,0,0,0
Cap_Phase1_100_R.mp4,1064,0,0,0,0,0,0,0
Cap_Phase1_100_R.mp4,1065,0,0,0,0,0,0,0
Cap_Phase1_100_R.mp4,1066,0,0,0,0,0,0,0
Cap_Phase1_100_R.mp4,1067,0,0,0,0,0,0,0
Cap_Phase1_100_R.mp4,1068,0,0,0,0,0,0,0
Cap_Phase1_100_R.mp4,1069,0,0,0,0,0,0,0
Cap_Phase1_100_R.mp4,1070,0,0,0,1,0,0,0
Cap_Phase1_100_R.mp4,1071,0,0,0,1,0,0,0
Cap_Phase1_100_R.mp4,1072,0,0,0,1,0,0,0
Cap_Phase1_100_R.mp4,1073,0,0,0,1,0,0,0
Cap_Phase1_100_R.mp4,1074,0,0,0,1,0,0,0
Cap_Phase1_100_R.mp4,1075,0,0,0,1,0,0,0
Cap_Phase1_100_R.mp4,1076,0,0,0,1,0,0,0
Cap_Phase1_100_R.mp4,1077,0,0,0,1,0,0,0
Cap_Phase1_100_R.mp4,1078,0,0,0,1,0,0,0
Cap_Phase1_100_R.mp4,1079,0,0,0,1,0,0,0
Cap_Phase1_100_R.mp4,1080,0,0,0,1,0,0,0
Cap_Phase1_100_R.mp4,1081,0,0,0,1,0,0,0
Cap_Phase1_100_R.mp4,1082,0,0,0,1,0,0,0
Cap_Phase1_100_R.mp4,1083,0,0,0,1,0,1,0
Cap_Phase1_100_R.mp4,1084,0,0,0,1,0,0,0
Cap_Phase1_100_R.mp4,1085,0,0,0,0,0,0,0
Cap_Phase1_100_R.mp4,1086,0,0,0,0,0,0,0
Cap_Phase1_100_R.mp4,1087,0,0,0,0,0,0,0
Cap_Phase1_100_R.mp4,1088,0,0,0,0,0,0,0
Cap_Phase1_100_R.mp4,1089,0,0,0,0,0,0,0
Cap_Phase1_100_R.mp4,1090,0,0,0,0,0,0,0
Cap_Phase1_100_R.mp4,1091,0,0,0,0,0,0,0
Cap_Phase1_100_R.mp4,1092,0,0,0,0,0,0,0
Cap_Phase1_100_R.mp4,1093,0,0,0,0,0,0,0
Cap_Phase1_100_R.mp4,1094,0,0,0,0,0,0,0
Cap_Phase1_100_R.mp4,1095,0,0,0,0,0,0,0
Cap_Phase1_100_R.mp4,1096,0,0,0,0,0,0,0
Cap_Phase1_100_R.mp4,1097,0,0,0,0,0,0,0
Cap_Phase1_100_R.mp4,1098,0,0,0,0,0,0,0
Cap_Phase1_100_R.mp4,1099,0,0,0,0,0,0,0
Cap_Phase1_100_R.mp4,1100,0,0,0,0,0,0,0
Cap_Phase1_100_R.mp4,1101,0,0,0,0,0,0,0
Cap_Phase1_100_R.mp4,1102,0,0,0,0,0,0,0
Cap_Phase1_100_R.mp4,1103,0,0,0,0,0,0,0
Cap_Phase1_100_R.mp4,1104,0,0,0,0,1,0,0
Cap_Phase1_100_R.mp4,1105,0,0,0,0,1,0,0
Cap_Phase1_100_R.mp4,1106,0,0,0,0,1,1,0
Cap_Phase1_100_R.mp4,1107,0,0,0,0,1,1,0
Cap_Phase1_100_R.mp4,1108,0,0,0,0,1,1,0
Cap_Phase1_100_R.mp4,1109,0,0,0,0,1,1,0
Cap_Phase1_100_R.mp4,1110,0,0,0,0,1,1,0
Cap_Phase1_100_R.mp4,1111,0,0,0,0,1,0,0
Cap_Phase1_100_R.mp4,1112,0,0,0,1,1,0,0
Cap_Phase1_100_R.mp4,1113,0,0,0,0,1,0,0
Cap_Phase1_100_R.mp4,1114,0,0,0,0,1,0,0
Cap_Phase1_100_R.mp4,1115,0,0,0,0,1,0,0
Cap_Phase1_100_R.mp4,1116,0,0,0,0,0,0,0
Cap_Phase1_100_R.mp4,1117,0,0,0,0,0,0,0
Cap_Phase1_100_R.mp4,1118,0,0,0,0,0,0,0
Cap_Phase1_100_R.mp4,1119,0,0,0,0,0,0,0
Cap_Phase1_100_R.mp4,1120,0,0,0,0,0,0,0
Cap_Phase1_100_R.mp4,1121,0,0,0,0,0,0,0
Cap_Phase1_100_R.mp4,1122,0,0,0,0,0,0,0
Cap_Phase1_100_R.mp4,1123,0,0,0,0,0,0,0
Cap_Phase1_100_R.mp4,1124,0,0,0,0,0,0,0
Cap_Phase1_100_R.mp4,1125,0,0,0,0,0,0,0
Cap_Phase1_100_R.mp4,1126,0,0,0,0,0,0,0
Cap_Phase1_100_R.mp4,1127,0,0,0,0,0,0,0
Cap_Phase1_100_R.mp4,1128,0,0,0,0,0,0,0
Cap_Phase1_100_R.mp4,1129,0,0,0,0,0,0,0
Cap_Phase1_100_R.mp4,1130,0,0,0,0,0,0,0
Cap_Phase1_100_R.mp4,1131,0,0,0,0,0,0,0
Cap_Phase1_100_R.mp4,1132,0,0,0,0,0,0,0
Cap_Phase1_100_R.mp4,1133,0,0,0,0,0,0,0
Cap_Phase1_100_R.mp4,1134,0,0,0,0,0,0,0
Cap_Phase1_100_R.mp4,1135,0,0,0,0,0,0,0
Cap_Phase1_100_R.mp4,1136,0,0,0,0,0,0,0
Cap_Phase1_100_R.mp4,1137,0,0,0,0,0,0,0
Cap_Phase1_100_R.mp4,1138,0,0,0,0,0,0,0
Cap_Phase1_100_R.mp4,1139,0,0,0,0,0,0,0
Cap_Phase1_100_R.mp4,1140,0,0,1,0,0,0,0
Cap_Phase1_100_R.mp4,1141,0,0,1,0,0,0,0
Cap_Phase1_100_R.mp4,1142,0,0,1,0,0,0,0
Cap_Phase1_100_R.mp4,1143,0,0,1,0,0,0,0
Cap_Phase1_100_R.mp4,1144,0,0,1,0,0,0,0
Cap_Phase1_100_R.mp4,1145,0,0,1,0,0,0,0
Cap_Phase1_100_R.mp4,1146,0,0,1,0,0,0,0
Cap_Phase1_100_R.mp4,1147,0,0,1,1,0,0,0
Cap_Phase1_100_R.mp4,1148,0,0,1,1,0,0,0
Cap_Phase1_100_R.mp4,1149,0,0,1,1,0,0,0
Cap_Phase1_100_R.mp4,1150,0,0,1,1,0,0,0
Cap_Phase1_100_R.mp4,1151,0,0,1,1,0,0,0
Cap_Phase1_100_R.mp4,1152,0,0,1,0,0,0,0
Cap_Phase1_100_R.mp4,1153,0,0,1,0,0,0,0
Cap_Phase1_100_R.mp4,1154,0,0,1,0,0,0,0
Cap_Phase1_100_R.mp4,1155,0,0,0,0,0,0,0
Cap_Phase1_100_R.mp4,1156,0,0,0,0,0,0,0
Cap_Phase1_100_R.mp4,1157,0,0,0,0,0,0,0
Cap_Phase1_100_R.mp4,1158,0,0,0,0,0,0,0
Cap_Phase1_100_R.mp4,1159,0,0,0,0,0,0,0
Cap_Phase1_100_R.mp4,1160,0,0,0,0,0,0,0
Cap_Phase1_100_R.mp4,1161,0,0,0,0,0,0,0
Cap_Phase1_100_R.mp4,1162,0,0,0,0,0,0,0
Cap_Phase1_100_R.mp4,1163,0,0,0,0,0,0,0
Cap_Phase1_100_R.mp4,1164,0,0,0,0,0,0,0
Cap_Phase1_100_R.mp4,1165,0,0,0,0,0,0,0
Cap_Phase1_100_R.mp4,1166,0,0,0,0,0,0,0
Cap_Phase1_100_R.mp4,1167,0,0,0,0,0,0,0
Cap_Phase1_100_R.mp4,1168,0,0,0,0,0,0,0
Cap_Phase1_100_R.mp4,1169,0,0,0,0,0,0,0
Cap_Phase1_100_R.mp4,1170,0,0,0,0,0,0,0
Cap_Phase1_100_R.mp4,1171,0,0,0,0,0,0,0
Cap_Phase1_100_R.mp4,1172,0,0,0,0,0,0,0
Cap_Phase1_100_R.mp4,1173,0,0,0,0,0,0,0
Cap_Phase1_100_R.mp4,1174,0,0,0,0,1,0,0
Cap_Phase1_100_R.mp4,1175,0,0,0,0,1,0,0
Cap_Phase1_100_R.mp4,1176,0,0,0,0,1,0,0
Cap_Phase1_100_R.mp4,1177,0,0,0,0,1,0,0
Cap_Phase1_100_R.mp4,1178,0,0,0,0,1,0,0
Cap_Phase1_100_R.mp4,1179,0,0,0,0,1,0,0
Cap_Phase1_100_R.mp4,1180,0,0,0,0,1,0,0
Cap_Phase1_100_R.mp4,1181,0,0,0,0,1,0,0
Cap_Phase1_100_R.mp4,1182,0,0,0,0,1,0,0
Cap_Phase1_100_R.mp4,1183,0,0,0,0,1,0,0
Cap_Phase1_100_R.mp4,1184,0,0,0,0,1,0,0
Cap_Phase1_100_R.mp4,1185,0,0,0,0,1,0,0
Cap_Phase1_100_R.mp4,1186,0,0,0,0,1,0,0
Cap_Phase1_100_R.mp4,1187,0,0,0,0,0,0,0
Cap_Phase1_100_R.mp4,1188,0,0,0,0,0,0,0
Cap_Phase1_100_R.mp4,1189,0,0,0,0,0,0,0
Cap_Phase1_100_R.mp4,1190,0,0,0,0,0,0,0
Cap_Phase1_100_R.mp4,1191,0,0,0,0,0,0,0
Cap_Phase1_100_R.mp4,1192,0,0,0,0,0,0,0
Cap_Phase1_100_R.mp4,1193,0,0,0,0,0,0,0
Cap_Phase1_100_R.mp4,1194,0,0,0,0,0,0,0
Cap_Phase1_100_R.mp4,1195,0,0,0,0,0,0,0
Cap_Phase1_100_R.mp4,1196,0,0,0,0,0,0,0
Cap_Phase1_100_R.mp4,1197,0,0,0,0,0,0,0
Cap_Phase1_100_R.mp4,1198,0,0,0,0,0,0,0
Cap_Phase1_100_R.mp4,1199,0,0,0,0,0,0,0
Cap_Phase1_100_R.mp4,1200,0,0,0,0,0,0,0
Cap_Phase1_100_R.mp4,1201,0,0,0,0,0,0,0
Cap_Phase1_100_R.mp4,1202,0,0,0,0,0,0,0
Cap_Phase1_100_R.mp4,1203,0,0,0,0,0,0,0
Cap_Phase1_100_R.mp4,1204,0,0,0,0,0,0,0
Cap_Phase1_100_R.mp4,1205,0,0,0,0,0,0,0
Cap_Phase1_100_R.mp4,1206,0,0,0,0,0,0,0
Cap_Phase1_100_R.mp4,1207,0,0,0,0,0,0,0
Cap_Phase1_100_R.mp4,1208,0,0,0,0,0,0,0
Cap_Phase1_100_R.mp4,1209,0,0,0,0,0,0,0
Cap_Phase1_100_R.mp4,1210,0,0,0,0,0,0,0
Cap_Phase1_100_R.mp4,1211,0,0,0,0,0,0,0
Cap_Phase1_100_R.mp4,1212,0,1,0,0,0,0,0
Cap_Phase1_100_R.mp4,1213,0,1,0,0,0,0,0
Cap_Phase1_100_R.mp4,1214,0,1,0,0,0,0,0
Cap_Phase1_100_R.mp4,1215,0,1,0,0,0,0,0
Cap_Phase1_100_R.mp4,1216,0,1,0,0,0,0,0
Cap_Phase1_100_R.mp4,1217,0,1,0,0,0,0,0
Cap_Phase1_100_R.mp4,1218,0,1,0,0,0,0,0
Cap_Phase1_100_R.mp4,1219,0,1,0,0,0,0,0
Cap_Phase1_100_R.mp4,1220,0,1,0,0,0,0,0
Cap_Phase1_100_R.mp4,1221,0,1,0,0,0,0,0
Cap_Phase1_100_R.mp4,1222,0,1,0,0,0,0,0
Cap_Phase1_100_R.mp4,1223,0,1,0,0,0,0,0
Cap_Phase1_100_R.mp4,1224,0,1,0,0,0,0,0
Cap_Phase1_100_R.mp4,1225,0,1,0,0,0,0,0
Cap_Phase1_100_R.mp4,1226,0,1,0,0,0,0,0
Cap_Phase1_100_R.mp4,1227,0,1,0,0,0,0,0
Cap_Phase1_100_R.mp4,1228,0,0,0,0,0,0,0
Cap_Phase1_100_R.mp4,1229,0,0,0,0,0,0,0
Cap_Phase1_100_R.mp4,1230,0,0,0,0,0,0,0
Cap_Phase1_100_R.mp4,1231,0,0,0,0,0,0,0
Cap_Phase1_100_R.mp4,1232,0,0,0,0,0,0,0
Cap_Phase1_100_R.mp4,1233,0,0,0,0,0,0,0
Cap_Phase1_100_R.mp4,1234,0,0,0,0,0,0,0
Cap_Phase1_100_R.mp4,1235,0,0,0,0,0,0,0
Cap_Phase1_100_R.mp4,1236,0,0,0,0,0,0,0
Cap_Phase1_100_R.mp4,1237,0,0,0,0,0,0,0
Cap_Phase1_100_R.mp4,1238,0,0,0,0,0,0,0
Cap_Phase1_100_R.mp4,1239,0,0,0,0,0,0,0
Cap_Phase1_100_R.mp4,1240,0,0,0,0,0,0,0
Cap_Phase1_100_R.mp4,1241,0,0,0,0,0,0,0
Cap_Phase1_100_R.mp4,1242,0,0,0,0,0,0,0
Cap_Phase1_100_R.mp4,1243,0,0,0,0,0,0,0
Cap_Phase1_100_R.mp4,1244,0,0,0,0,0,0,0
Cap_Phase1_100_R.mp4,1245,0,0,0,0,0,0,0
Cap_Phase1_100_R.mp4,1246,0,0,0,0,0,0,0
Cap_Phase1_100_R.mp4,1247,0,0,0,0,0,0,0
Cap_Phase1_100_R.mp4,1248,0,0,0,0,0,0,0
Cap_Phase1_100_R.mp4,1249,0,0,0,0,0,0,0
Cap_Phase1_100_R.mp4,1250,0,0,1,0,0,0,0
Cap_Phase1_100_R.mp4,1251,0,0,1,0,0,0,0
Cap_Phase1_100_R.mp4,1252,0,0,1,0,0,0,0
Cap_Phase1_100_R.mp4,1253,0,0,1,0,0,0,0
Cap_Phase1_100_R.mp4,1254,0,0,1,0,0,0,0
Cap_Phase1_100_R.mp4,1255,0,0,1,0,0,0,0
Cap_Phase1_100_R.mp4,1256,0,0,1,0,0,0,0
Cap_Phase1_100_R.mp4,1257,0,0,1,0,0,0,0
Cap_Phase1_100_R.mp4,1258,0,0,1,0,0,0,0
Cap_Phase1_100_R.mp4,1259,0,0,1,0,0,0,0
Cap_Phase1_100_R.mp4,1260,0,0,1,0,0,0,0
Cap_Phase1_100_R.mp4,1261,0,0,1,0,0,0,0
Cap_Phase1_100_R.mp4,1262,0,0,1,0,0,0,0
Cap_Phase1_100_R.mp4,1263,0,0,1,0,0,0,0
Cap_Phase1_100_R.mp4,1264,0,0,1,0,0,0,0
Cap_Phase1_100_R.mp4,1265,0,0,1,0,0,0,0
Cap_Phase1_100_R.mp4,1266,0,0,1,0,0,0,0
Cap_Phase1_100_R.mp4,1267,0,0,1,0,0,0,0
Cap_Phase1_100_R.mp4,1268,0,0,0,0,0,0,0
Cap_Phase1_100_R.mp4,1269,0,0,0,0,0,0,0
Cap_Phase1_100_R.mp4,1270,0,0,0,0,0,0,0
Cap_Phase1_100_R.mp4,1271,0,0,0,0,0,0,0
Cap_Phase1_100_R.mp4,1272,0,0,0,0,0,0,0
Cap_Phase1_100_R.mp4,1273,0,0,0,0,0,0,0
Cap_Phase1_100_R.mp4,1274,0,0,0,0,0,0,0
Cap_Phase1_100_R.mp4,1275,0,0,0,0,0,0,0
Cap_Phase1_100_R.mp4,1276,0,0,0,0,0,0,0
Cap_Phase1_100_R.mp4,1277,0,0,0,0,0,0,0
Cap_Phase1_100_R.mp4,1278,0,0,0,0,0,0,0
Cap_Phase1_100_R.mp4,1279,0,0,0,0,0,0,0
Cap_Phase1_100_R.mp4,1280,0,0,0,0,0,0,0
Cap_Phase1_100_R.mp4,1281,0,0,0,0,0,0,0
Cap_Phase1_100_R.mp4,1282,0,0,0,0,0,0,0
Cap_Phase1_100_R.mp4,1283,0,0,0,0,0,0,0
Cap_Phase1_100_R.mp4,1284,0,0,0,0,0,0,0
Cap_Phase1_100_R.mp4,1285,0,0,0,0,0,0,0
Cap_Phase1_100_R.mp4,1286,0,0,0,0,0,0,0
Cap_Phase1_100_R.mp4,1287,0,0,0,1,0,0,0
Cap_Phase1_100_R.mp4,1288,0,0,0,1,0,0,0
Cap_Phase1_100_R.mp4,1289,0,0,0,1,0,0,0
Cap_Phase1_100_R.mp4,1290,0,0,0,1,0,0,0
Cap_Phase1_100_R.mp4,1291,0,0,0,1,0,0,0
Cap_Phase1_100_R.mp4,1292,0,0,0,1,0,0,0
Cap_Phase1_100_R.mp4,1293,0,0,0,1,0,0,0
Cap_Phase1_100_R.mp4,1294,0,0,0,1,0,0,0
Cap_Phase1_100_R.mp4,1295,0,0,0,1,0,0,0
Cap_Phase1_100_R.mp4,1296,0,0,0,1,0,0,0
Cap_Phase1_100_R.mp4,1297,0,0,0,1,0,0,0
Cap_Phase1_100_R.mp4,1298,0,0,0,1,0,0,0
Cap_Phase1_100_R.mp4,1299,0,0,0,1,0,0,0
Cap_Phase1_100_R.mp4,1300,0,0,0,1,0,0,0
Cap_Phase1_100_R.mp4,1301,0,0,0,1,0,0,0
Cap_Phase1_100_R.mp4,1302,0,0,0,0,0,0,0
Cap_Phase1_100_R.mp4,1303,0,0,0,0,0,0,0
Cap_Phase1_100_R.mp4,1304,0,0,0,0,0,0,0
Cap_Phase1_100_R.mp4,1305,0,0,0,0,0,0,0
Cap_Phase1_100_R.mp4,1306,0,0,0,0,0,0,0
Cap_Phase1_100_R.mp4,1307,0,0,0,0,0,0,0
Cap_Phase1_100_R.mp4,1308,0,0,0,0,0,0,0
Cap_Phase1_100_R.mp4,1309,0,0,0,0,0,0,0
Cap_Phase1_100_R.mp4,1310,0,0,0,0,0,0,0
Cap_Phase1_100_R.mp4,1311,0,0,0,0,0,0,0
Cap_Phase1_100_R.mp4,1312,0,0,0,0,0,0,0
Cap_Phase1_100_R.mp4,1313,0,0,0,0,0,0,0
Cap_Phase1_100_R.mp4,1314,0,0,0,0,0,0,0
Cap_Phase1_100_R.mp4,1315,0,0,0,0,0,0,0
Cap_Phase1_100_R.mp4,1316,0,0,0,0,0,0,0
Cap_Phase1_100_R.mp4,1317,0,0,0,0,0,0,0
Cap_Phase1_100_R.mp4,1318,0,0,0,0,0,0,0
Cap_Phase1_100_R.mp4,1319,0,0,0,0,0,0,0
Cap_Phase1_100_R.mp4,1320,0,0,0,0,0,0,0
Cap_Phase1_100_R.mp4,1321,0,0,0,0,0,0,0
Cap_Phase1_100_R.mp4,1322,0,0,0,0,0,0,0
Cap_Phase1_100_R.mp4,1323,0,0,0,0,0,0,0
Cap_Phase1_100_R.mp4,1324,0,0,1,0,0,0,0
Cap_Phase1_100_R.mp4,1325,0,0,1,0,0,0,0
Cap_Phase1_100_R.mp4,1326,0,0,1,0,0,0,0
Cap_Phase1_100_R.mp4,1327,0,0,1,0,0,0,0
Cap_Phase1_100_R.mp4,1328,0,0,1,0,0,0,0
Cap_Phase1_100_R.mp4,1329,0,0,1,0,0,0,0
Cap_Phase1_100_R.mp4,1330,0,0,1,0,0,0,0
Cap_Phase1_100_R.mp4,1331,0,0,1,0,0,0,0
Cap_Phase1_100_R.mp4,1332,0,0,1,0,0,0,0
Cap_Phase1_100_R.mp4,1333,0,0,1,0,0,0,0
Cap_Phase1_100_R.mp4,1334,0,0,1,0,0,0,0
Cap_Phase1_100_R.mp4,1335,0,0,1,0,0,0,0
Cap_Phase1_100_R.mp4,1336,0,0,1,0,0,0,0
Cap_Phase1_100_R.mp4,1337,0,0,1,0,0,0,0
Cap_Phase1_100_R.mp4,1338,0,0,0,0,0,0,0
Cap_Phase1_100_R.mp4,1339,0,0,0,0,0,0,0
Cap_Phase1_100_R.mp4,1340,0,0,0,0,0,0,0
Cap_Phase1_100_R.mp4,1341,0,0,0,0,0,0,0
Cap_Phase1_100_R.mp4,1342,0,0,0,0,0,0,0
Cap_Phase1_100_R.mp4,1343,0,0,0,0,0,0,0
Cap_Phase1_100_R.mp4,1344,0,0,0,0,0,0,0
Cap_Phase1_100_R.mp4,1345,0,0,0,0,0,0,0
Cap_Phase1_100_R.mp4,1346,0,0,0,0,0,0,0
Cap_Phase1_100_R.mp4,1347,0,0,0,0,0,0,0
Cap_Phase1_100_R.mp4,1348,0,0,0,0,0,0,0
Cap_Phase1_100_R.mp4,1349,0,0,0,0,0,0,0
Cap_Phase1_100_R.mp4,1350,0,0,0,0,0,0,0
Cap_Phase1_100_R.mp4,1351,0,0,0,0,0,0,0
Cap_Phase1_100_R.mp4,1352,0,0,0,0,0,0,0
Cap_Phase1_100_R.mp4,1353,0,0,0,0,0,0,0
Cap_Phase1_100_R.mp4,1354,0,0,0,0,0,0,0
Cap_Phase1_100_R.mp4,1355,0,0,0,0,0,0,0
Cap_Phase1_100_R.mp4,1356,0,0,0,0,0,0,0
Cap_Phase1_100_R.mp4,1357,0,0,0,1,0,0,0
Cap_Phase1_100_R.mp4,1358,0,0,0,1,0,0,0
Cap_Phase1_100_R.mp4,1359,0,0,0,1,0,0,0
Cap_Phase1_100_R.mp4,1360,0,0,0,1,0,0,0
Cap_Phase1_100_R.mp4,1361,0,0,0,1,0,0,0
Cap_Phase1_100_R.mp4,1362,0,0,0,1,0,0,0
Cap_Phase1_100_R.mp4,1363,0,0,0,1,0,0,0
Cap_Phase1_100_R.mp4,1364,0,0,0,1,0,0,0
Cap_Phase1_100_R.mp4,1365,0,0,0,1,0,0,0
Cap_Phase1_100_R.mp4,1366,0,0,0,1,0,0,0
Cap_Phase1_100_R.mp4,1367,0,0,0,1,0,0,0
Cap_Phase1_100_R.mp4,1368,0,0,0,1,0,0,0
Cap_Phase1_100_R.mp4,1369,0,0,0,1,0,0,0
Cap_Phase1_100_R.mp4,1370,0,0,0,1,0,0,0
Cap_Phase1_100_R.mp4,1371,0,0,0,0,0,0,0
Cap_Phase1_100_R.mp4,1372,0,0,0,0,0,0,0
Cap_Phase1_100_R.mp4,1373,0,0,0,0,0,0,0
Cap_Phase1_100_R.mp4,1374,0,0,0,0,0,0,0
Cap_Phase1_100_R.mp4,1375,0,0,0,0,0,0,0
Cap_Phase1_100_R.mp4,1376,0,0,0,0,0,0,0
Cap_Phase1_100_R.mp4,1377,0,0,0,0,0,0,0
Cap_Phase1_100_R.mp4,1378,0,0,0,0,0,0,0
Cap_Phase1_100_R.mp4,1379,0,0,0,0,0,0,0
Cap_Phase1_100_R.mp4,1380,0,0,0,0,0,0,0
Cap_Phase1_100_R.mp4,1381,0,0,0,0,0,0,0
Cap_Phase1_100_R.mp4,1382,0,0,0,0,0,0,0
Cap_Phase1_100_R.mp4,1383,0,0,0,0,0,0,0
Cap_Phase1_100_R.mp4,1384,0,0,0,0,0,0,0
Cap_Phase1_100_R.mp4,1385,0,0,0,0,0,0,0
Cap_Phase1_100_R.mp4,1386,0,0,0,0,0,0,0
Cap_Phase1_100_R.mp4,1387,0,0,0,0,0,0,0
Cap_Phase1_100_R.mp4,1388,0,0,0,0,0,0,0
Cap_Phase1_100_R.mp4,1389,0,0,0,0,0,0,0
Cap_Phase1_100_R.mp4,1390,0,0,0,0,0,0,0
Cap_Phase1_100_R.mp4,1391,0,0,0,0,0,0,0
Cap_Phase1_100_R.mp4,1392,0,0,0,0,0,0,0
Cap_Phase1_100_R.mp4,1393,0,0,0,0,0,0,0
Cap_Phase1_100_R.mp4,1394,0,0,1,0,0,0,0
Cap_Phase1_100_R.mp4,1395,0,0,1,0,0,0,0
Cap_Phase1_100_R.mp4,1396,0,0,1,0,0,0,0
Cap_Phase1_100_R.mp4,1397,0,0,1,0,0,0,0
Cap_Phase1_100_R.mp4,1398,0,0,1,0,0,0,0
Cap_Phase1_100_R.mp4,1399,0,0,1,0,0,0,0
Cap_Phase1_100_R.mp4,1400,0,0,1,0,0,0,0
Cap_Phase1_100_R.mp4,1401,0,0,1,0,0,0,0
Cap_Phase1_100_R.mp4,1402,0,0,1,0,0,0,0
Cap_Phase1_100_R.mp4,1403,0,0,1,0,0,0,0
Cap_Phase1_100_R.mp4,1404,0,0,1,0,0,0,0
Cap_Phase1_100_R.mp4,1405,0,0,1,0,0,0,0
Cap_Phase1_100_R.mp4,1406,0,0,0,0,0,0,0
Cap_Phase1_100_R.mp4,1407,0,0,0,0,0,0,0
Cap_Phase1_100_R.mp4,1408,0,0,0,0,0,0,0
Cap_Phase1_100_R.mp4,1409,0,0,0,0,0,0,0
Cap_Phase1_100_R.mp4,1410,0,0,0,0,0,0,0
Cap_Phase1_100_R.mp4,1411,0,0,0,0,0,0,0
Cap_Phase1_100_R.mp4,1412,0,0,0,0,0,0,0
Cap_Phase1_100_R.mp4,1413,0,0,0,0,0,0,0
Cap_Phase1_100_R.mp4,1414,0,0,0,0,0,0,0
Cap_Phase1_100_R.mp4,1415,0,0,0,0,0,0,0
Cap_Phase1_100_R.mp4,1416,0,0,0,0,0,0,0
Cap_Phase1_100_R.mp4,1417,0,0,0,0,0,0,0
Cap_Phase1_100_R.mp4,1418,0,0,0,0,0,0,0
Cap_Phase1_100_R.mp4,1419,0,0,0,0,0,0,0
Cap_Phase1_100_R.mp4,1420,0,0,0,0,0,0,0
Cap_Phase1_100_R.mp4,1421,0,0,0,0,0,0,0
Cap_Phase1_100_R.mp4,1422,0,0,0,0,0,0,0
Cap_Phase1_100_R.mp4,1423,0,0,0,0,0,0,0
Cap_Phase1_100_R.mp4,1424,0,0,0,0,0,0,0
Cap_Phase1_100_R.mp4,1425,0,0,0,0,0,0,0
Cap_Phase1_100_R.mp4,1426,0,0,0,0,0,0,0
Cap_Phase1_100_R.mp4,1427,0,0,0,0,1,0,0
Cap_Phase1_100_R.mp4,1428,0,0,0,0,1,0,0
Cap_Phase1_100_R.mp4,1429,0,0,0,0,1,0,0
Cap_Phase1_100_R.mp4,1430,0,0,0,0,1,0,0
Cap_Phase1_100_R.mp4,1431,0,0,0,0,1,0,0
Cap_Phase1_100_R.mp4,1432,0,0,0,0,1,0,0
Cap_Phase1_100_R.mp4,1433,0,0,0,0,1,0,0
Cap_Phase1_100_R.mp4,1434,0,0,0,0,1,0,0
Cap_Phase1_100_R.mp4,1435,0,0,0,0,1,0,0
Cap_Phase1_100_R.mp4,1436,0,0,0,0,1,0,0
Cap_Phase1_100_R.mp4,1437,0,0,0,0,1,0,0
Cap_Phase1_100_R.mp4,1438,0,0,0,0,1,0,0
Cap_Phase1_100_R.mp4,1439,0,0,0,0,1,0,0
Cap_Phase1_100_R.mp4,1440,0,0,0,0,1,0,0
Cap_Phase1_100_R.mp4,1441,0,0,0,0,0,0,0
Cap_Phase1_100_R.mp4,1442,0,0,0,0,0,0,0
Cap_Phase1_100_R.mp4,1443,0,0,0,0,0,0,0
Cap_Phase1_100_R.mp4,1444,0,0,0,0,0,0,0
Cap_Phase1_100_R.mp4,1445,0,0,0,0,0,0,0
Cap_Phase1_100_R.mp4,1446,0,0,0,0,0,0,0
Cap_Phase1_100_R.mp4,1447,0,0,0,0,0,0,0
Cap_Phase1_100_R.mp4,1448,0,0,0,0,0,0,0
Cap_Phase1_100_R.mp4,1449,0,0,0,0,0,0,0
Cap_Phase1_100_R.mp4,1450,0,0,0,0,0,0,0
Cap_Phase1_100_R.mp4,1451,0,0,0,0,0,0,0
Cap_Phase1_100_R.mp4,1452,0,0,0,0,0,0,0
Cap_Phase1_100_R.mp4,1453,0,0,0,0,0,0,0
Cap_Phase1_100_R.mp4,1454,0,0,0,0,0,0,0
Cap_Phase1_100_R.mp4,1455,0,0,0,0,0,0,0
Cap_Phase1_100_R.mp4,1456,0,0,0,0,0,0,0
Cap_Phase1_100_R.mp4,1457,0,0,0,0,0,0,0
Cap_Phase1_100_R.mp4,1458,0,0,0,0,0,0,0
Cap_Phase1_100_R.mp4,1459,0,0,0,0,0,0,0
Cap_Phase1_100_R.mp4,1460,0,0,0,0,0,0,0
Cap_Phase1_100_R.mp4,1461,0,0,0,0,0,0,0
Cap_Phase1_100_R.mp4,1462,0,0,0,0,0,0,0
Cap_Phase1_100_R.mp4,1463,0,0,0,0,0,0,0
Cap_Phase1_100_R.mp4,1464,0,0,0,1,0,0,0
Cap_Phase1_100_R.mp4,1465,0,0,0,1,0,0,0
Cap_Phase1_100_R.mp4,1466,0,0,0,1,0,0,0
Cap_Phase1_100_R.mp4,1467,0,0,0,1,0,0,0
Cap_Phase1_100_R.mp4,1468,0,0,0,1,0,0,0
Cap_Phase1_100_R.mp4,1469,0,0,0,1,0,0,0
Cap_Phase1_100_R.mp4,1470,0,0,0,1,0,0,0
Cap_Phase1_100_R.mp4,1471,0,0,0,1,0,0,0
Cap_Phase1_100_R.mp4,1472,0,0,0,1,0,0,0
Cap_Phase1_100_R.mp4,1473,0,0,0,1,0,0,0
Cap_Phase1_100_R.mp4,1474,0,0,0,1,0,0,0
Cap_Phase1_100_R.mp4,1475,0,0,0,1,0,0,0
Cap_Phase1_100_R.mp4,1476,0,0,0,1,0,0,0
Cap_Phase1_100_R.mp4,1477,0,0,0,1,0,0,0
Cap_Phase1_100_R.mp4,1478,0,0,0,1,0,0,0
Cap_Phase1_100_R.mp4,1479,0,0,0,0,0,0,0
Cap_Phase1_100_R.mp4,1480,0,0,0,0,0,0,0
Cap_Phase1_100_R.mp4,1481,0,0,0,0,0,0,0
Cap_Phase1_100_R.mp4,1482,0,0,0,0,0,0,0
Cap_Phase1_100_R.mp4,1483,0,0,0,0,0,0,0
Cap_Phase1_100_R.mp4,1484,0,0,0,0,0,0,0
Cap_Phase1_100_R.mp4,1485,0,0,0,0,0,0,0
Cap_Phase1_100_R.mp4,1486,0,0,0,0,0,0,0
Cap_Phase1_100_R.mp4,1487,0,0,0,0,0,0,0
Cap_Phase1_100_R.mp4,1488,0,0,0,0,0,0,0
Cap_Phase1_100_R.mp4,1489,0,0,0,0,0,0,0
Cap_Phase1_100_R.mp4,1490,0,0,0,0,0,0,0
Cap_Phase1_100_R.mp4,1491,0,0,0,0,0,0,0
Cap_Phase1_100_R.mp4,1492,0,0,0,0,0,0,0
Cap_Phase1_100_R.mp4,1493,0,0,0,0,0,0,0
Cap_Phase1_100_R.mp4,1494,0,0,0,0,0,0,0
Cap_Phase1_100_R.mp4,1495,0,0,0,0,0,0,0
Cap_Phase1_100_R.mp4,1496,0,0,0,0,0,0,0
Cap_Phase1_100_R.mp4,1497,0,0,0,0,0,0,0
Cap_Phase1_100_R.mp4,1498,0,0,0,0,0,0,0
Cap_Phase1_100_R.mp4,1499,0,0,0,0,0,0,0
Cap_Phase1_100_R.mp4,1500,0,0,0,0,0,0,0
Cap_Phase1_100_R.mp4,1501,0,0,0,1,0,0,0
Cap_Phase1_100_R.mp4,1502,0,0,0,1,0,0,0
Cap_Phase1_100_R.mp4,1503,0,0,0,1,0,0,0
Cap_Phase1_100_R.mp4,1504,0,0,0,1,0,0,0
Cap_Phase1_100_R.mp4,1505,0,0,0,1,0,0,0
Cap_Phase1_100_R.mp4,1506,0,0,0,1,0,0,0
Cap_Phase1_100_R.mp4,1507,0,0,0,1,0,0,0
Cap_Phase1_100_R.mp4,1508,0,0,0,1,0,0,0
Cap_Phase1_100_R.mp4,1509,0,0,0,1,0,0,0
Cap_Phase1_100_R.mp4,1510,0,0,0,1,0,0,0
Cap_Phase1_100_R.mp4,1511,0,0,0,1,0,0,0
Cap_Phase1_100_R.mp4,1512,0,0,0,1,0,0,0
Cap_Phase1_100_R.mp4,1513,0,0,0,1,0,0,0
Cap_Phase1_100_R.mp4,1514,0,0,0,1,0,0,0
Cap_Phase1_100_R.mp4,1515,0,0,0,0,0,0,0
Cap_Phase1_100_R.mp4,1516,0,0,0,0,0,0,0
Cap_Phase1_100_R.mp4,1517,0,0,0,0,0,0,0
Cap_Phase1_100_R.mp4,1518,0,0,0,0,0,0,0
Cap_Phase1_100_R.mp4,1519,0,0,0,0,0,0,0
Cap_Phase1_100_R.mp4,1520,0,0,0,0,0,0,0
Cap_Phase1_100_R.mp4,1521,0,0,0,0,0,0,0
Cap_Phase1_100_R.mp4,1522,0,0,0,0,0,0,0
Cap_Phase1_100_R.mp4,1523,0,0,0,0,0,0,0
Cap_Phase1_100_R.mp4,1524,0,0,0,0,0,0,0
Cap_Phase1_100_R.mp4,1525,0,0,0,0,0,0,0
Cap_Phase1_100_R.mp4,1526,0,0,0,0,0,0,0
Cap_Phase1_100_R.mp4,1527,0,0,0,0,0,0,0
Cap_Phase1_100_R.mp4,1528,0,0,0,0,0,0,0
Cap_Phase1_100_R.mp4,1529,0,0,0,0,0,0,0
Cap_Phase1_100_R.mp4,1530,0,0,0,0,0,0,0
Cap_Phase1_100_R.mp4,1531,0,0,0,0,0,0,0
Cap_Phase1_100_R.mp4,1532,0,0,0,0,0,0,0
Cap_Phase1_100_R.mp4,1533,0,0,0,0,0,0,0
Cap_Phase1_100_R.mp4,1534,0,0,0,0,0,0,0
Cap_Phase1_100_R.mp4,1535,0,0,0,0,0,0,0
Cap_Phase1_100_R.mp4,1536,0,0,0,0,0,0,0
Cap_Phase1_100_R.mp4,1537,0,0,0,0,0,0,0
Cap_Phase1_100_R.mp4,1538,0,0,0,0,0,0,0
Cap_Phase1_100_R.mp4,1539,0,0,0,0,0,0,0
Cap_Phase1_100_R.mp4,1540,0,0,0,0,0,1,0
Cap_Phase1_100_R.mp4,1541,0,0,0,0,0,1,0
Cap_Phase1_100_R.mp4,1542,0,0,0,0,0,1,0
Cap_Phase1_100_R.mp4,1543,0,0,0,0,0,1,0
Cap_Phase1_100_R.mp4,1544,0,0,0,0,0,1,0
Cap_Phase1_100_R.mp4,1545,0,0,0,0,0,1,0
Cap_Phase1_100_R.mp4,1546,0,0,0,0,0,1,0
Cap_Phase1_100_R.mp4,1547,0,0,0,0,0,1,0
Cap_Phase1_100_R.mp4,1548,0,0,0,0,0,1,0
Cap_Phase1_100_R.mp4,1549,0,0,0,0,0,1,0
Cap_Phase1_100_R.mp4,1550,0,0,0,0,0,1,0
Cap_Phase1_100_R.mp4,1551,0,0,0,0,0,1,0
Cap_Phase1_100_R.mp4,1552,0,0,0,0,0,1,0
Cap_Phase1_100_R.mp4,1553,0,0,0,0,0,1,0
Cap_Phase1_100_R.mp4,1554,0,0,0,0,0,0,0
Cap_Phase1_100_R.mp4,1555,0,0,0,0,0,0,0
Cap_Phase1_100_R.mp4,1556,0,0,0,0,0,0,0
Cap_Phase1_100_R.mp4,1557,0,0,0,0,0,0,0
Cap_Phase1_100_R.mp4,1558,0,0,0,0,0,0,0
Cap_Phase1_100_R.mp4,1559,0,0,0,0,0,0,0
Cap_Phase1_100_R.mp4,1560,0,0,0,0,0,0,0
Cap_Phase1_100_R.mp4,1561,0,0,0,0,0,0,0
Cap_Phase1_100_R.mp4,1562,0,0,0,0,0,0,0
Cap_Phase1_100_R.mp4,1563,0,0,0,0,0,0,0
Cap_Phase1_100_R.mp4,1564,0,0,0,0,0,0,0
Cap_Phase1_100_R.mp4,1565,0,0,0,0,0,0,0
Cap_Phase1_100_R.mp4,1566,0,0,0,0,0,0,0
Cap_Phase1_100_R.mp4,1567,0,0,0,0,0,0,0
Cap_Phase1_100_R.mp4,1568,0,0,0,0,0,0,0
Cap_Phase1_100_R.mp4,1569,0,0,0,0,0,0,0
Cap_Phase1_100_R.mp4,1570,0,0,0,0,0,0,0
Cap_Phase1_100_R.mp4,1571,0,0,0,0,0,0,0
Cap_Phase1_100_R.mp4,1572,0,0,0,0,1,0,0
Cap_Phase1_100_R.mp4,1573,0,0,0,0,1,0,0
Cap_Phase1_100_R.mp4,1574,0,0,0,0,1,0,0
Cap_Phase1_100_R.mp4,1575,0,0,0,0,1,0,0
Cap_Phase1_100_R.mp4,1576,0,0,0,0,1,0,0
Cap_Phase1_100_R.mp4,1577,0,0,0,0,1,0,0
Cap_Phase1_100_R.mp4,1578,0,0,0,0,1,0,0
Cap_Phase1_100_R.mp4,1579,0,0,0,0,1,0,0
Cap_Phase1_100_R.mp4,1580,0,0,0,0,1,0,0
Cap_Phase1_100_R.mp4,1581,0,0,0,0,1,0,0
Cap_Phase1_100_R.mp4,1582,0,0,0,0,1,0,0
Cap_Phase1_100_R.mp4,1583,0,0,0,0,1,0,0
Cap_Phase1_100_R.mp4,1584,0,0,0,0,1,0,0
Cap_Phase1_100_R.mp4,1585,0,0,0,0,1,0,0
Cap_Phase1_100_R.mp4,1586,0,0,0,0,1,0,0
Cap_Phase1_100_R.mp4,1587,0,0,0,0,1,0,0
Cap_Phase1_100_R.mp4,1588,0,0,0,0,1,0,0
Cap_Phase1_100_R.mp4,1589,0,0,0,0,0,0,0
Cap_Phase1_100_R.mp4,1590,0,0,0,0,0,0,0
Cap_Phase1_100_R.mp4,1591,0,0,0,0,0,0,0
Cap_Phase1_100_R.mp4,1592,0,0,0,0,0,0,0
Cap_Phase1_100_R.mp4,1593,0,0,0,0,0,0,0
Cap_Phase1_100_R.mp4,1594,0,0,0,0,0,0,0
Cap_Phase1_100_R.mp4,1595,0,0,0,0,0,0,0
Cap_Phase1_100_R.mp4,1596,0,0,0,0,0,0,0
Cap_Phase1_100_R.mp4,1597,0,0,0,0,0,0,0
Cap_Phase1_100_R.mp4,1598,0,0,0,0,0,0,0
Cap_Phase1_100_R.mp4,1599,0,0,0,0,0,0,0
Cap_Phase1_100_R.mp4,1600,0,0,0,0,0,0,0
Cap_Phase1_100_R.mp4,1601,0,0,0,0,0,0,0
Cap_Phase1_100_R.mp4,1602,0,0,0,0,0,0,0
Cap_Phase1_100_R.mp4,1603,0,0,0,0,0,0,0
Cap_Phase1_100_R.mp4,1604,0,0,0,0,0,0,0
Cap_Phase1_100_R.mp4,1605,0,0,0,0,0,0,0
Cap_Phase1_100_R.mp4,1606,0,0,0,0,0,0,0
Cap_Phase1_100_R.mp4,1607,0,0,0,0,0,0,0
Cap_Phase1_100_R.mp4,1608,0,0,0,0,0,0,0
Cap_Phase1_100_R.mp4,1609,0,0,0,1,0,0,0
Cap_Phase1_100_R.mp4,1610,0,0,0,1,0,0,0
Cap_Phase1_100_R.mp4,1611,0,0,0,1,0,0,0
Cap_Phase1_100_R.mp4,1612,0,0,0,1,0,0,0
Cap_Phase1_100_R.mp4,1613,0,0,0,1,0,0,0
Cap_Phase1_100_R.mp4,1614,0,0,0,1,0,0,0
Cap_Phase1_100_R.mp4,1615,0,0,0,1,0,0,0
Cap_Phase1_100_R.mp4,1616,0,0,0,1,0,0,0
Cap_Phase1_100_R.mp4,1617,0,0,0,1,0,0,0
Cap_Phase1_100_R.mp4,1618,0,0,0,1,0,0,0
Cap_Phase1_100_R.mp4,1619,0,0,0,1,0,0,0
Cap_Phase1_100_R.mp4,1620,0,0,0,1,0,0,0
Cap_Phase1_100_R.mp4,1621,0,0,0,1,0,0,0
Cap_Phase1_100_R.mp4,1622,0,0,0,1,0,0,0
Cap_Phase1_100_R.mp4,1623,0,0,0,1,0,0,0
Cap_Phase1_100_R.mp4,1624,0,0,0,1,0,0,0
Cap_Phase1_100_R.mp4,1625,0,0,0,1,0,0,0
Cap_Phase1_100_R.mp4,1626,0,0,0,1,0,0,0
Cap_Phase1_100_R.mp4,1627,0,0,0,1,0,0,0
Cap_Phase1_100_R.mp4,1628,0,0,0,0,0,0,0
Cap_Phase1_100_R.mp4,1629,0,0,0,0,0,0,0
Cap_Phase1_100_R.mp4,1630,0,0,0,0,0,0,0
Cap_Phase1_100_R.mp4,1631,0,0,0,0,0,0,0
Cap_Phase1_100_R.mp4,1632,0,0,0,0,0,0,0
Cap_Phase1_100_R.mp4,1633,0,0,0,0,0,0,0
Cap_Phase1_100_R.mp4,1634,0,0,0,0,0,0,0
Cap_Phase1_100_R.mp4,1635,0,0,0,0,0,0,0
Cap_Phase1_100_R.mp4,1636,0,0,0,0,0,0,0
Cap_Phase1_100_R.mp4,1637,0,0,0,0,0,0,0
Cap_Phase1_100_R.mp4,1638,0,0,0,0,0,0,0
Cap_Phase1_100_R.mp4,1639,0,0,0,0,0,0,0
Cap_Phase1_100_R.mp4,1640,0,0,0,0,0,0,0
Cap_Phase1_100_R.mp4,1641,0,0,0,0,0,0,0
Cap_Phase1_100_R.mp4,1642,0,0,0,0,0,0,0
Cap_Phase1_100_R.mp4,1643,0,0,0,0,0,0,0
Cap_Phase1_100_R.mp4,1644,0,0,0,0,0,0,0
Cap_Phase1_100_R.mp4,1645,0,0,0,0,0,0,0
Cap_Phase1_100_R.mp4,1646,0,0,0,0,0,0,0
Cap_Phase1_100_R.mp4,1647,0,0,0,0,0,0,0
Cap_Phase1_100_R.mp4,1648,0,0,0,0,0,0,0
Cap_Phase1_100_R.mp4,1649,0,0,0,0,0,0,0
Cap_Phase1_100_R.mp4,1650,0,0,0,0,0,0,0
Cap_Phase1_100_R.mp4,1651,0,0,0,0,0,0,0
Cap_Phase1_100_R.mp4,1652,0,0,0,0,0,0,0
Cap_Phase1_100_R.mp4,1653,0,0,0,0,0,0,0
Cap_Phase1_100_R.mp4,1654,0,0,0,0,0,0,0
Cap_Phase1_100_R.mp4,1655,0,0,0,0,0,0,0
Cap_Phase1_100_R.mp4,1656,0,0,0,1,0,0,0
Cap_Phase1_100_R.mp4,1657,0,0,0,1,0,0,0
Cap_Phase1_100_R.mp4,1658,0,0,0,1,0,0,0
Cap_Phase1_100_R.mp4,1659,0,0,0,1,0,0,0
Cap_Phase1_100_R.mp4,1660,0,0,0,1,0,0,0
Cap_Phase1_100_R.mp4,1661,0,0,0,1,0,0,0
Cap_Phase1_100_R.mp4,1662,0,0,0,1,0,0,0
Cap_Phase1_100_R.mp4,1663,0,0,0,1,0,0,0
Cap_Phase1_100_R.mp4,1664,0,0,0,1,0,0,0
Cap_Phase1_100_R.mp4,1665,0,0,0,1,0,0,0
Cap_Phase1_100_R.mp4,1666,0,0,0,0,0,0,0
Cap_Phase1_100_R.mp4,1667,0,0,0,0,0,0,0
Cap_Phase1_100_R.mp4,1668,0,0,0,0,0,0,0
Cap_Phase1_100_R.mp4,1669,0,0,0,0,0,0,0
Cap_Phase1_100_R.mp4,1670,0,0,0,0,0,0,0
Cap_Phase1_100_R.mp4,1671,0,0,0,0,0,0,0
Cap_Phase1_100_R.mp4,1672,0,0,0,0,0,0,0
Cap_Phase1_100_R.mp4,1673,0,0,0,0,0,0,0
Cap_Phase1_100_R.mp4,1674,0,0,0,0,0,0,0
Cap_Phase1_100_R.mp4,1675,0,0,0,0,0,0,0
Cap_Phase1_100_R.mp4,1676,0,0,0,0,0,0,0
Cap_Phase1_100_R.mp4,1677,0,0,0,0,0,0,0
Cap_Phase1_100_R.mp4,1678,0,0,0,0,0,0,0
Cap_Phase1_100_R.mp4,1679,0,0,0,0,0,0,0
Cap_Phase1_100_R.mp4,1680,0,0,0,0,0,0,0
Cap_Phase1_100_R.mp4,1681,0,0,0,0,0,0,0
Cap_Phase1_100_R.mp4,1682,0,0,0,0,0,0,0
Cap_Phase1_100_R.mp4,1683,0,0,0,0,0,0,0
Cap_Phase1_100_R.mp4,1684,0,0,0,0,0,0,0
Cap_Phase1_100_R.mp4,1685,0,0,0,0,0,0,0
Cap_Phase1_100_R.mp4,1686,0,0,0,0,0,0,0
Cap_Phase1_100_R.mp4,1687,0,0,0,0,0,0,0
Cap_Phase1_100_R.mp4,1688,0,0,0,0,0,0,0
Cap_Phase1_100_R.mp4,1689,0,0,0,0,0,0,0
Cap_Phase1_100_R.mp4,1690,0,0,0,0,0,0,0
Cap_Phase1_100_R.mp4,1691,0,0,0,0,0,0,0
Cap_Phase1_100_R.mp4,1692,0,0,0,0,0,0,0
Cap_Phase1_100_R.mp4,1693,0,0,0,0,0,0,0
Cap_Phase1_100_R.mp4,1694,0,0,0,0,0,0,0
Cap_Phase1_100_R.mp4,1695,0,0,0,0,0,0,0
Cap_Phase1_100_R.mp4,1696,0,0,0,0,0,0,0
Cap_Phase1_100_R.mp4,1697,0,0,0,0,0,0,0
Cap_Phase1_100_R.mp4,1698,0,0,0,0,0,0,0
Cap_Phase1_100_R.mp4,1699,0,0,0,0,0,0,0
Cap_Phase1_100_R.mp4,1700,0,0,0,0,0,0,0
Cap_Phase1_100_R.mp4,1701,0,0,0,0,0,0,0
Cap_Phase1_100_R.mp4,1702,0,0,0,0,0,0,0
Cap_Phase1_100_R.mp4,1703,0,0,0,0,0,0,0
Cap_Phase1_100_R.mp4,1704,0,0,0,0,0,0,0
Cap_Phase1_100_R.mp4,1705,0,0,0,0,0,0,0
Cap_Phase1_100_R.mp4,1706,0,0,0,0,0,0,0
Cap_Phase1_100_R.mp4,1707,0,0,0,0,0,0,0
Cap_Phase1_100_R.mp4,1708,0,0,0,0,0,0,0
Cap_Phase1_100_R.mp4,1709,0,0,0,0,0,0,0
Cap_Phase1_100_R.mp4,1710,0,0,0,0,0,0,0
Cap_Phase1_100_R.mp4,1711,0,0,0,0,0,0,0
Cap_Phase1_100_R.mp4,1712,0,0,0,0,0,0,0
Cap_Phase1_100_R.mp4,1713,0,0,0,0,0,0,0
Cap_Phase1_100_R.mp4,1714,0,0,0,0,0,0,0
Cap_Phase1_100_R.mp4,1715,0,0,0,0,0,0,0
Cap_Phase1_100_R.mp4,1716,0,0,0,0,0,0,0
Cap_Phase1_100_R.mp4,1717,0,0,0,0,0,0,0
Cap_Phase1_100_R.mp4,1718,0,0,0,0,0,0,0
Cap_Phase1_100_R.mp4,1719,0,0,0,0,0,0,0
Cap_Phase1_100_R.mp4,1720,0,0,0,0,0,0,0
Cap_Phase1_100_R.mp4,1721,0,0,0,0,0,0,0
Cap_Phase1_100_R.mp4,1722,0,0,0,0,0,0,0
Cap_Phase1_100_R.mp4,1723,0,0,0,0,0,0,0
Cap_Phase1_100_R.mp4,1724,0,0,0,0,0,0,0
Cap_Phase1_100_R.mp4,1725,0,0,0,0,0,0,0
Cap_Phase1_100_R.mp4,1726,0,0,0,0,0,0,0
Cap_Phase1_100_R.mp4,1727,0,0,0,0,0,0,0
Cap_Phase1_100_R.mp4,1728,0,0,0,0,0,0,0
Cap_Phase1_100_R.mp4,1729,0,0,0,0,0,0,0
Cap_Phase1_100_R.mp4,1730,0,0,0,0,0,0,0
Cap_Phase1_100_R.mp4,1731,0,0,0,0,0,0,0
Cap_Phase1_100_R.mp4,1732,0,0,0,0,0,0,0
Cap_Phase1_100_R.mp4,1733,0,0,0,0,0,0,0
Cap_Phase1_100_R.mp4,1734,0,0,0,0,0,0,0
Cap_Phase1_100_R.mp4,1735,0,0,0,0,0,0,0
Cap_Phase1_100_R.mp4,1736,0,0,0,0,0,0,0
Cap_Phase1_100_R.mp4,1737,0,0,0,0,0,0,0
Cap_Phase1_100_R.mp4,1738,0,0,0,0,0,0,0
Cap_Phase1_100_R.mp4,1739,0,0,0,0,0,0,0
Cap_Phase1_100_R.mp4,1740,0,0,0,0,0,0,0
Cap_Phase1_100_R.mp4,1741,0,0,0,0,0,0,0
Cap_Phase1_100_R.mp4,1742,0,0,0,0,0,0,0
Cap_Phase1_100_R.mp4,1743,0,0,0,0,0,0,0
Cap_Phase1_100_R.mp4,1744,0,0,0,0,0,0,0
Cap_Phase1_100_R.mp4,1745,0,0,0,0,0,0,0
Cap_Phase1_100_R.mp4,1746,0,0,0,0,0,0,0
Cap_Phase1_100_R.mp4,1747,0,0,0,0,0,0,0
Cap_Phase1_100_R.mp4,1748,0,0,0,0,0,0,0
Cap_Phase1_100_R.mp4,1749,0,0,0,0,0,0,0
Cap_Phase1_100_R.mp4,1750,0,0,0,0,0,0,0
Cap_Phase1_100_R.mp4,1751,0,0,0,0,0,0,0
Cap_Phase1_100_R.mp4,1752,0,0,0,0,0,0,0
Cap_Phase1_100_R.mp4,1753,0,0,0,0,0,0,0
Cap_Phase1_100_R.mp4,1754,0,0,0,0,0,0,0
Cap_Phase1_100_R.mp4,1755,0,0,0,0,0,0,0
Cap_Phase1_100_R.mp4,1756,0,0,0,0,0,0,0
Cap_Phase1_100_R.mp4,1757,0,0,0,0,0,0,0
Cap_Phase1_100_R.mp4,1758,0,0,0,0,0,0,0
Cap_Phase1_100_R.mp4,1759,0,0,0,0,0,0,0
Cap_Phase1_100_R.mp4,1760,0,0,0,0,0,0,0
Cap_Phase1_100_R.mp4,1761,0,0,0,0,0,0,0
Cap_Phase1_100_R.mp4,1762,0,0,0,0,0,0,0
Cap_Phase1_100_R.mp4,1763,0,0,0,0,0,0,0
Cap_Phase1_100_R.mp4,1764,0,0,0,0,0,0,0
Cap_Phase1_100_R.mp4,1765,0,0,0,0,0,0,0
Cap_Phase1_100_R.mp4,1766,0,0,0,0,0,0,0
Cap_Phase1_100_R.mp4,1767,0,0,0,0,0,0,0
Cap_Phase1_100_R.mp4,1768,0,0,0,0,0,0,0
Cap_Phase1_100_R.mp4,1769,0,0,0,0,0,0,0
Cap_Phase1_100_R.mp4,1770,0,0,0,0,0,0,0
Cap_Phase1_100_R.mp4,1771,0,0,0,0,0,0,0
Cap_Phase1_100_R.mp4,1772,0,0,0,0,0,0,0
Cap_Phase1_100_R.mp4,1773,0,0,0,0,0,0,0
Cap_Phase1_100_R.mp4,1774,0,0,0,0,0,0,0
Cap_Phase1_100_R.mp4,1775,0,0,0,0,0,0,0
Cap_Phase1_100_R.mp4,1776,0,0,0,0,0,0,0
Cap_Phase1_100_R.mp4,1777,0,0,0,0,0,0,0
Cap_Phase1_100_R.mp4,1778,0,0,0,0,0,0,0
Cap_Phase1_100_R.mp4,1779,0,0,0,0,0,0,0
Cap_Phase1_100_R.mp4,1780,0,0,0,0,0,0,0
Cap_Phase1_100_R.mp4,1781,0,0,0,0,0,0,0
Cap_Phase1_100_R.mp4,1782,0,0,0,0,0,0,0
Cap_Phase1_100_R.mp4,1783,0,0,0,0,0,0,0
Cap_Phase1_100_R.mp4,1784,0,0,0,0,0,0,0
Cap_Phase1_100_R.mp4,1785,0,0,0,0,0,0,0
Cap_Phase1_100_R.mp4,1786,0,0,0,0,0,0,0
Cap_Phase1_100_R.mp4,1787,0,0,0,0,0,0,0
Cap_Phase1_100_R.mp4,1788,0,0,0,0,0,0,0
Cap_Phase1_100_R.mp4,1789,0,0,0,0,0,0,0
Cap_Phase1_100_R.mp4,1790,0,0,0,0,0,0,0
Cap_Phase1_100_R.mp4,1791,0,0,0,0,0,0,0
Cap_Phase1_100_R.mp4,1792,0,0,0,0,0,0,0
Cap_Phase1_100_R.mp4,1793,0,0,0,0,0,0,0
Cap_Phase1_100_R.mp4,1794,0,0,0,0,0,0,0
Cap_Phase1_100_R.mp4,1795,0,0,0,0,0,0,0
Cap_Phase1_100_R.mp4,1796,0,0,0,0,0,0,0
Cap_Phase1_100_R.mp4,1797,0,0,0,0,0,0,0
Cap_Phase1_100_R.mp4,1798,0,0,0,0,0,0,0
Cap_Phase1_100_R.mp4,1799,0,0,0,0,0,0,0
Cap_Phase1_100_R.mp4,1800,0,0,0,0,0,0,0
Cap_Phase1_100_R.mp4,1801,0,0,0,0,0,0,0
Cap_Phase1_100_R.mp4,1802,0,0,0,0,0,0,0
Cap_Phase1_100_R.mp4,1803,0,0,0,0,0,0,0
Cap_Phase1_100_R.mp4,1804,0,0,0,0,0,0,0
Cap_Phase1_100_R.mp4,1805,0,0,0,0,0,0,0
Cap_Phase1_100_R.mp4,1806,0,0,0,0,0,0,0
Cap_Phase1_100_R.mp4,1807,0,0,0,0,0,0,0
Cap_Phase1_100_R.mp4,1808,0,0,0,0,0,0,0
Cap_Phase1_100_R.mp4,1809,0,0,0,0,0,0,0
Cap_Phase1_100_R.mp4,1810,0,0,0,0,0,0,0
Cap_Phase1_100_R.mp4,1811,0,0,0,0,0,0,0
Cap_Phase1_100_R.mp4,1812,0,0,0,0,0,0,0
Cap_Phase1_100_R.mp4,1813,0,0,0,0,0,0,0
Cap_Phase1_100_R.mp4,1814,0,0,0,0,0,0,0
Cap_Phase1_100_R.mp4,1815,0,0,0,0,0,0,0
Cap_Phase1_100_R.mp4,1816,0,0,0,0,0,0,0
Cap_Phase1_100_R.mp4,1817,0,0,0,0,0,0,0
Cap_Phase1_100_R.mp4,1818,0,0,0,0,0,0,0
Cap_Phase1_100_R.mp4,1819,0,0,0,0,0,0,0
Cap_Phase1_100_R.mp4,1820,0,0,0,0,0,0,0
Cap_Phase1_100_R.mp4,1821,0,0,0,0,0,0,0
Cap_Phase1_100_R.mp4,1822,0,0,0,0,0,0,0
Cap_Phase1_100_R.mp4,1823,0,0,0,0,0,0,0
Cap_Phase1_100_R.mp4,1824,0,0,0,0,0,0,0
Cap_Phase1_100_R.mp4,1825,0,0,0,0,0,0,0
Cap_Phase1_100_R.mp4,1826,0,0,0,0,0,0,0
Cap_Phase1_100_R.mp4,1827,0,0,0,0,0,0,0
Cap_Phase1_100_R.mp4,1828,0,0,0,0,0,0,0
Cap_Phase1_100_R.mp4,1829,0,0,0,0,0,0,0
Cap_Phase1_100_R.mp4,1830,0,0,0,0,0,0,0
Cap_Phase1_100_R.mp4,1831,0,0,0,0,0,0,0
Cap_Phase1_100_R.mp4,1832,0,0,0,0,0,0,0
Cap_Phase1_100_R.mp4,1833,0,0,0,0,0,0,0
Cap_Phase1_100_R.mp4,1834,0,0,0,0,0,0,0
Cap_Phase1_100_R.mp4,1835,0,0,0,0,0,0,0
Cap_Phase1_100_R.mp4,1836,0,0,0,0,0,0,0
Cap_Phase1_100_R.mp4,1837,0,0,0,0,0,0,0
Cap_Phase1_100_R.mp4,1838,0,0,0,0,0,0,0
Cap_Phase1_100_R.mp4,1839,0,0,0,0,0,0,0
Cap_Phase1_100_R.mp4,1840,0,0,0,0,0,0,0
Cap_Phase1_100_R.mp4,1841,0,0,0,0,0,0,0
Cap_Phase1_100_R.mp4,1842,0,0,0,0,0,0,0
Cap_Phase1_100_R.mp4,1843,0,0,0,0,0,0,0
Cap_Phase1_100_R.mp4,1844,0,0,0,0,0,0,0
Cap_Phase1_100_R.mp4,1845,0,0,0,0,0,0,0
Cap_Phase1_100_R.mp4,1846,0,0,0,0,0,0,0
Cap_Phase1_100_R.mp4,1847,0,0,0,0,0,0,0
Cap_Phase1_100_R.mp4,1848,0,0,0,0,0,0,0
Cap_Phase1_100_R.mp4,1849,0,0,0,0,0,0,0
Cap_Phase1_100_R.mp4,1850,0,0,0,0,0,0,0
Cap_Phase1_100_R.mp4,1851,0,0,0,0,0,0,0
Cap_Phase1_100_R.mp4,1852,0,0,0,0,0,0,0
Cap_Phase1_100_R.mp4,1853,0,0,0,0,0,0,0
Cap_Phase1_100_R.mp4,1854,0,0,0,0,0,0,0
Cap_Phase1_100_R.mp4,1855,0,0,0,0,0,0,0
Cap_Phase1_100_R.mp4,1856,0,0,0,0,0,0,0
Cap_Phase1_100_R.mp4,1857,0,0,0,0,0,0,0
Cap_Phase1_100_R.mp4,1858,0,0,0,0,0,0,0
Cap_Phase1_100_R.mp4,1859,0,0,0,0,0,0,0
Cap_Phase1_100_R.mp4,1860,0,0,0,0,0,0,0
Cap_Phase1_100_R.mp4,1861,0,0,0,0,0,0,0
Cap_Phase1_100_R.mp4,1862,0,0,0,0,0,0,0
Cap_Phase1_100_R.mp4,1863,0,0,0,0,0,0,0
Cap_Phase1_100_R.mp4,1864,0,0,0,0,0,0,0
Cap_Phase1_100_R.mp4,1865,0,0,0,0,0,0,0
Cap_Phase1_100_R.mp4,1866,0,0,0,0,0,0,0
Cap_Phase1_100_R.mp4,1867,0,0,0,0,0,0,0
Cap_Phase1_100_R.mp4,1868,0,0,0,0,0,0,0
Cap_Phase1_100_R.mp4,1869,0,0,0,0,0,0,0
Cap_Phase1_100_R.mp4,1870,0,0,0,0,0,0,0
Cap_Phase1_100_R.mp4,1871,0,0,0,0,0,0,0
Cap_Phase1_100_R.mp4,1872,0,0,0,0,0,0,0
Cap_Phase1_100_R.mp4,1873,0,0,0,0,0,0,0
Cap_Phase1_100_R.mp4,1874,0,0,0,0,0,0,0
Cap_Phase1_100_R.mp4,1875,0,0,0,0,0,0,0
Cap_Phase1_100_R.mp4,1876,0,0,0,0,0,0,0
Cap_Phase1_100_R.mp4,1877,0,0,0,0,0,0,0
Cap_Phase1_100_R.mp4,1878,0,0,0,0,0,0,0
Cap_Phase1_100_R.mp4,1879,0,0,0,0,0,0,0
Cap_Phase1_100_R.mp4,1880,0,0,0,0,0,0,0
Cap_Phase1_100_R.mp4,1881,0,0,0,0,0,0,0
Cap_Phase1_100_R.mp4,1882,0,0,0,0,0,0,0
Cap_Phase1_100_R.mp4,1883,0,0,0,0,0,0,0
Cap_Phase1_100_R.mp4,1884,0,0,0,0,0,0,0
Cap_Phase1_100_R.mp4,1885,0,0,0,0,0,0,0
Cap_Phase1_100_R.mp4,1886,0,0,0,0,0,0,0
Cap_Phase1_100_R.mp4,1887,0,0,0,0,0,0,0
Cap_Phase1_100_R.mp4,1888,0,0,0,0,0,0,0
Cap_Phase1_100_R.mp4,1889,0,0,0,0,0,0,0
Cap_Phase1_100_R.mp4,1890,0,0,0,0,0,0,0
Cap_Phase1_100_R.mp4,1891,0,0,0,0,0,0,0
Cap_Phase1_100_R.mp4,1892,0,0,0,0,0,0,0
Cap_Phase1_100_R.mp4,1893,0,0,0,0,0,0,0
Cap_Phase1_100_R.mp4,1894,0,0,0,0,0,0,0
Cap_Phase1_100_R.mp4,1895,0,0,0,0,0,0,0
Cap_Phase1_100_R.mp4,1896,0,0,0,0,0,0,0
Cap_Phase1_100_R.mp4,1897,0,0,0,0,0,0,0
Cap_Phase1_100_R.mp4,1898,0,0,0,0,0,0,0
Cap_Phase1_100_R.mp4,1899,0,0,0,0,0,0,0
Cap_Phase1_100_R.mp4,1900,0,0,0,0,0,0,0
Cap_Phase1_100_R.mp4,1901,0,0,0,0,0,0,0
Cap_Phase1_100_R.mp4,1902,0,0,0,0,0,0,0
Cap_Phase1_100_R.mp4,1903,0,0,0,0,0,0,0
Cap_Phase1_100_R.mp4,1904,0,0,0,0,0,0,0
Cap_Phase1_100_R.mp4,1905,0,0,0,0,0,0,0
Cap_Phase1_100_R.mp4,1906,0,0,0,0,0,0,0
Cap_Phase1_100_R.mp4,1907,0,0,0,0,0,0,0
Cap_Phase1_100_R.mp4,1908,0,0,0,0,0,0,0
Cap_Phase1_100_R.mp4,1909,0,0,0,0,0,0,0
Cap_Phase1_100_R.mp4,1910,0,0,0,0,0,0,0
Cap_Phase1_100_R.mp4,1911,0,0,0,0,0,0,0
Cap_Phase1_100_R.mp4,1912,0,0,0,0,0,0,0
Cap_Phase1_100_R.mp4,1913,0,0,0,0,0,0,0
Cap_Phase1_100_R.mp4,1914,0,0,0,0,0,0,0
Cap_Phase1_100_R.mp4,1915,0,0,0,0,0,0,0
Cap_Phase1_100_R.mp4,1916,0,0,0,0,0,0,0
Cap_Phase1_100_R.mp4,1917,0,0,0,0,0,0,0
Cap_Phase1_100_R.mp4,1918,0,0,0,0,0,0,0
Cap_Phase1_100_R.mp4,1919,0,0,0,0,0,0,0
Cap_Phase1_100_R.mp4,1920,0,0,0,0,0,0,0
Cap_Phase1_100_R.mp4,1921,0,0,0,0,0,0,0
Cap_Phase1_100_R.mp4,1922,0,0,0,0,0,0,0
Cap_Phase1_100_R.mp4,1923,0,0,0,0,0,0,0
Cap_Phase1_100_R.mp4,1924,0,0,0,0,0,0,0
Cap_Phase1_100_R.mp4,1925,0,0,0,0,0,0,0
Cap_Phase1_100_R.mp4,1926,0,0,0,0,0,0,0
Cap_Phase1_100_R.mp4,1927,0,0,0,0,0,0,0
Cap_Phase1_100_R.mp4,1928,0,0,0,0,0,0,0
Cap_Phase1_100_R.mp4,1929,0,0,0,0,0,0,0
Cap_Phase1_100_R.mp4,1930,0,0,0,0,0,0,0
Cap_Phase1_100_R.mp4,1931,0,0,0,0,0,0,0
Cap_Phase1_100_R.mp4,1932,0,0,0,0,0,0,0
Cap_Phase1_100_R.mp4,1933,0,0,0,0,0,0,0
Cap_Phase1_100_R.mp4,1934,0,0,0,0,0,0,0
Cap_Phase1_100_R.mp4,1935,0,0,0,0,0,0,0
Cap_Phase1_100_R.mp4,1936,0,0,0,0,0,0,0
Cap_Phase1_100_R.mp4,1937,0,0,0,0,0,0,0
Cap_Phase1_100_R.mp4,1938,0,0,0,0,0,0,0
Cap_Phase1_100_R.mp4,1939,0,0,0,0,0,0,0
Cap_Phase1_100_R.mp4,1940,0,0,0,0,0,0,0
Cap_Phase1_100_R.mp4,1941,0,0,0,0,0,0,0
Cap_Phase1_100_R.mp4,1942,0,0,0,0,0,0,0
Cap_Phase1_100_R.mp4,1943,0,0,0,0,0,0,0
Cap_Phase1_100_R.mp4,1944,0,0,0,0,0,0,0
Cap_Phase1_100_R.mp4,1945,0,0,0,0,0,0,0
Cap_Phase1_100_R.mp4,1946,0,0,0,0,0,0,0
Cap_Phase1_100_R.mp4,1947,0,0,0,0,0,0,0
Cap_Phase1_100_R.mp4,1948,0,0,0,0,0,0,0
Cap_Phase1_100_R.mp4,1949,0,0,0,0,0,0,0
Cap_Phase1_100_R.mp4,1950,0,0,0,0,0,0,0
Cap_Phase1_100_R.mp4,1951,0,0,0,0,0,0,0
Cap_Phase1_100_R.mp4,1952,0,0,0,0,0,0,0
Cap_Phase1_100_R.mp4,1953,0,0,0,0,0,0,0
Cap_Phase1_100_R.mp4,1954,0,0,0,0,0,0,0
Cap_Phase1_100_R.mp4,1955,0,0,0,0,0,0,0
Cap_Phase1_100_R.mp4,1956,0,0,0,0,0,0,0
Cap_Phase1_100_R.mp4,1957,0,0,0,0,0,0,0
Cap_Phase1_100_R.mp4,1958,0,0,0,0,0,0,0
Cap_Phase1_100_R.mp4,1959,0,0,0,0,0,0,0
Cap_Phase1_100_R.mp4,1960,0,0,0,0,0,0,0
Cap_Phase1_100_R.mp4,1961,0,0,0,0,0,0,0
Cap_Phase1_100_R.mp4,1962,0,0,0,0,0,0,0
Cap_Phase1_100_R.mp4,1963,0,0,0,0,0,0,0
Cap_Phase1_100_R.mp4,1964,0,0,0,0,0,0,0
Cap_Phase1_100_R.mp4,1965,0,0,0,0,0,0,0
Cap_Phase1_100_R.mp4,1966,0,0,0,0,0,0,0
Cap_Phase1_100_R.mp4,1967,0,0,0,0,0,0,0
Cap_Phase1_100_R.mp4,1968,0,0,0,0,0,0,0
Cap_Phase1_100_R.mp4,1969,0,0,0,0,0,0,0
Cap_Phase1_100_R.mp4,1970,0,0,0,0,0,0,0
Cap_Phase1_100_R.mp4,1971,0,0,0,0,0,0,0
Cap_Phase1_100_R.mp4,1972,0,0,0,0,0,0,0
Cap_Phase1_100_R.mp4,1973,0,0,0,0,0,0,0
Cap_Phase1_100_R.mp4,1974,0,0,0,0,0,0,0
Cap_Phase1_100_R.mp4,1975,0,0,0,0,0,0,0
Cap_Phase1_100_R.mp4,1976,0,0,0,0,0,0,0
Cap_Phase1_100_R.mp4,1977,0,0,0,0,0,0,0
Cap_Phase1_100_R.mp4,1978,0,0,0,0,0,0,0
Cap_Phase1_100_R.mp4,1979,0,0,0,0,0,0,0
Cap_Phase1_100_R.mp4,1980,0,0,0,0,0,0,0
Cap_Phase1_100_R.mp4,1981,0,0,0,0,0,0,0
Cap_Phase1_100_R.mp4,1982,0,0,0,0,0,0,0
Cap_Phase1_100_R.mp4,1983,0,0,0,0,0,0,0
Cap_Phase1_100_R.mp4,1984,0,0,0,0,0,0,0
Cap_Phase1_100_R.mp4,1985,0,0,0,0,0,0,0
Cap_Phase1_100_R.mp4,1986,0,0,0,0,0,0,0
Cap_Phase1_100_R.mp4,1987,0,0,0,0,0,0,0
Cap_Phase1_100_R.mp4,1988,0,0,0,0,0,0,0
Cap_Phase1_100_R.mp4,1989,0,0,0,0,0,0,0
Cap_Phase1_100_R.mp4,1990,0,0,0,0,0,0,0
Cap_Phase1_100_R.mp4,1991,0,0,0,0,0,0,0
Cap_Phase1_100_R.mp4,1992,0,0,0,0,0,0,0
Cap_Phase1_100_R.mp4,1993,0,0,0,0,0,0,0
Cap_Phase1_100_R.mp4,1994,0,0,0,0,0,0,0
Cap_Phase1_100_R.mp4,1995,0,0,0,0,0,0,0
Cap_Phase1_100_R.mp4,1996,0,0,0,0,0,0,0
Cap_Phase1_100_R.mp4,1997,0,0,0,0,0,0,0
Cap_Phase1_100_R.mp4,1998,0,0,0,0,0,0,0
Cap_Phase1_100_R.mp4,1999,0,0,0,0,0,0,0
Cap_Phase1_100_R.mp4,2000,0,0,0,0,0,0,0
Cap_Phase1_100_R.mp4,2001,0,0,0,0,0,0,0
Cap_Phase1_100_R.mp4,2002,0,0,0,0,0,0,0
Cap_Phase1_100_R.mp4,2003,0,0,0,0,0,0,0
Cap_Phase1_100_R.mp4,2004,0,0,0,0,0,0,0
Cap_Phase1_100_R.mp4,2005,0,0,0,0,0,0,0
Cap_Phase1_100_R.mp4,2006,0,0,0,0,0,0,0
Cap_Phase1_100_R.mp4,2007,0,0,0,0,0,0,0
Cap_Phase1_100_R.mp4,2008,0,0,0,0,0,0,0
Cap_Phase1_100_R.mp4,2009,0,0,0,0,0,0,0
Cap_Phase1_100_R.mp4,2010,0,0,0,0,0,0,0
Cap_Phase1_100_R.mp4,2011,0,0,0,0,0,0,0
Cap_Phase1_100_R.mp4,2012,0,0,0,0,0,0,0
Cap_Phase1_100_R.mp4,2013,0,0,0,0,0,0,0
Cap_Phase1_100_R.mp4,2014,0,0,0,0,0,0,0
Cap_Phase1_100_R.mp4,2015,0,0,0,0,0,0,0
Cap_Phase1_100_R.mp4,2016,0,0,0,0,0,0,0
Cap_Phase1_100_R.mp4,2017,0,0,0,0,0,0,0
Cap_Phase1_100_R.mp4,2018,0,0,0,0,0,0,0
Cap_Phase1_100_R.mp4,2019,0,0,0,0,0,0,0
Cap_Phase1_100_R.mp4,2020,0,0,0,0,0,0,0
Cap_Phase1_100_R.mp4,2021,0,0,0,0,0,0,0
Cap_Phase1_100_R.mp4,2022,0,0,0,0,0,0,0
Cap_Phase1_100_R.mp4,2023,0,0,0,0,0,0,0
Cap_Phase1_100_R.mp4,2024,0,0,0,0,0,0,0
Cap_Phase1_100_R.mp4,2025,0,0,0,0,0,0,0
Cap_Phase1_100_R.mp4,2026,0,0,0,0,0,0,0
Cap_Phase1_100_R.mp4,2027,0,0,0,0,0,0,0
Cap_Phase1_100_R.mp4,2028,0,0,0,0,0,0,0
Cap_Phase1_100_R.mp4,2029,0,0,0,0,0,0,0
Cap_Phase1_100_R.mp4,2030,0,0,0,0,0,0,0
Cap_Phase1_100_R.mp4,2031,0,0,0,0,0,0,0
Cap_Phase1_100_R.mp4,2032,0,0,0,0,0,0,0
Cap_Phase1_100_R.mp4,2033,0,0,0,0,0,0,0
Cap_Phase1_100_R.mp4,2034,0,0,0,0,0,0,0
Cap_Phase1_100_R.mp4,2035,0,0,0,0,0,0,0
Cap_Phase1_100_R.mp4,2036,0,0,0,0,0,0,0
Cap_Phase1_100_R.mp4,2037,0,0,0,0,0,0,0
Cap_Phase1_100_R.mp4,2038,0,0,0,0,0,0,0
Cap_Phase1_100_R.mp4,2039,0,0,0,0,0,0,0
Cap_Phase1_100_R.mp4,2040,0,0,0,0,0,0,0
Cap_Phase1_100_R.mp4,2041,0,0,0,0,0,0,0
Cap_Phase1_100_R.mp4,2042,0,0,0,0,0,0,0
Cap_Phase1_100_R.mp4,2043,0,0,0,0,0,0,0
Cap_Phase1_100_R.mp4,2044,0,0,0,0,0,0,0
Cap_Phase1_100_R.mp4,2045,0,0,0,0,0,0,0
Cap_Phase1_100_R.mp4,2046,0,0,0,0,0,0,0
Cap_Phase1_100_R.mp4,2047,0,0,0,0,0,0,0
Cap_Phase1_100_R.mp4,2048,0,0,0,0,0,0,0
Cap_Phase1_100_R.mp4,2049,0,0,0,0,0,0,0
Cap_Phase1_100_R.mp4,2050,0,0,0,0,0,0,0
Cap_Phase1_100_R.mp4,2051,0,0,0,0,0,0,0
Cap_Phase1_100_R.mp4,2052,0,0,0,0,0,0,0
Cap_Phase1_100_R.mp4,2053,0,0,0,0,0,0,0
Cap_Phase1_100_R.mp4,2054,0,0,0,0,0,0,0
Cap_Phase1_100_R.mp4,2055,0,0,0,0,0,0,0
Cap_Phase1_100_R.mp4,2056,0,0,0,0,0,0,0
Cap_Phase1_100_R.mp4,2057,0,0,0,0,0,0,0
Cap_Phase1_100_R.mp4,2058,0,0,0,0,0,0,0
Cap_Phase1_100_R.mp4,2059,0,0,0,0,0,0,0
Cap_Phase1_100_R.mp4,2060,0,0,0,0,0,0,0
Cap_Phase1_100_R.mp4,2061,0,0,0,0,0,0,0
Cap_Phase1_100_R.mp4,2062,0,0,0,0,0,0,0
Cap_Phase1_100_R.mp4,2063,0,0,0,0,0,0,0
Cap_Phase1_100_R.mp4,2064,0,0,0,0,0,0,0
Cap_Phase1_100_R.mp4,2065,0,0,0,0,0,0,0
Cap_Phase1_100_R.mp4,2066,0,0,0,0,0,0,0
Cap_Phase1_100_R.mp4,2067,0,0,0,0,0,0,0
Cap_Phase1_100_R.mp4,2068,0,0,0,0,0,0,0
Cap_Phase1_100_R.mp4,2069,0,0,0,0,0,0,0
Cap_Phase1_100_R.mp4,2070,0,0,0,0,0,0,0
Cap_Phase1_100_R.mp4,2071,0,0,0,0,0,0,0
Cap_Phase1_100_R.mp4,2072,0,0,0,0,0,0,0
Cap_Phase1_100_R.mp4,2073,0,0,0,0,0,0,0
Cap_Phase1_100_R.mp4,2074,0,0,0,0,0,0,0
Cap_Phase1_100_R.mp4,2075,0,0,0,0,0,0,0
Cap_Phase1_100_R.mp4,2076,0,0,0,0,0,0,0
Cap_Phase1_100_R.mp4,2077,0,0,0,0,0,0,0
Cap_Phase1_100_R.mp4,2078,0,0,0,0,0,0,0
Cap_Phase1_100_R.mp4,2079,0,0,0,0,0,0,0
Cap_Phase1_100_R.mp4,2080,0,0,0,0,0,0,0
Cap_Phase1_100_R.mp4,2081,0,0,0,0,0,0,0
Cap_Phase1_100_R.mp4,2082,0,0,0,0,0,0,0
Cap_Phase1_100_R.mp4,2083,0,0,0,0,0,0,0
Cap_Phase1_100_R.mp4,2084,0,0,0,0,0,0,0
Cap_Phase1_100_R.mp4,2085,0,0,0,0,0,0,0
Cap_Phase1_100_R.mp4,2086,0,0,0,0,0,0,0
Cap_Phase1_100_R.mp4,2087,0,0,0,0,0,0,0
Cap_Phase1_100_R.mp4,2088,0,0,0,0,0,0,0
Cap_Phase1_100_R.mp4,2089,0,0,0,0,0,0,0
Cap_Phase1_100_R.mp4,2090,0,0,0,0,0,0,0
Cap_Phase1_100_R.mp4,2091,0,0,0,0,0,0,0
Cap_Phase1_100_R.mp4,2092,0,0,0,0,0,0,0
Cap_Phase1_100_R.mp4,2093,0,0,0,0,0,0,0
Cap_Phase1_100_R.mp4,2094,0,0,0,0,0,0,0
Cap_Phase1_100_R.mp4,2095,0,0,0,0,0,0,0
Cap_Phase1_100_R.mp4,2096,0,0,0,0,0,0,0
Cap_Phase1_100_R.mp4,2097,0,0,0,0,0,0,0
Cap_Phase1_100_R.mp4,2098,0,0,0,0,0,0,0
Cap_Phase1_100_R.mp4,2099,0,0,0,0,0,0,0
Cap_Phase1_100_R.mp4,2100,0,0,0,0,0,0,0
Cap_Phase1_100_R.mp4,2101,0,0,0,0,0,0,0
Cap_Phase1_100_R.mp4,2102,0,0,0,0,0,0,0
Cap_Phase1_100_R.mp4,2103,0,0,0,0,0,0,0
Cap_Phase1_100_R.mp4,2104,0,0,0,0,0,0,0
Cap_Phase1_100_R.mp4,2105,0,0,0,0,0,0,0
Cap_Phase1_100_R.mp4,2106,0,0,0,0,0,0,0
Cap_Phase1_100_R.mp4,2107,0,0,0,0,0,0,0
Cap_Phase1_100_R.mp4,2108,0,0,0,0,0,0,0
Cap_Phase1_100_R.mp4,2109,0,0,0,0,0,0,0
Cap_Phase1_100_R.mp4,2110,0,0,0,0,0,0,0
Cap_Phase1_100_R.mp4,2111,0,0,0,0,0,0,0
Cap_Phase1_100_R.mp4,2112,0,0,0,0,0,0,0
Cap_Phase1_100_R.mp4,2113,0,0,0,0,0,0,0
Cap_Phase1_100_R.mp4,2114,0,0,0,0,0,0,0
Cap_Phase1_100_R.mp4,2115,0,0,0,0,0,0,0
Cap_Phase1_100_R.mp4,2116,0,0,0,0,0,0,0
Cap_Phase1_100_R.mp4,2117,0,0,0,0,0,0,0
Cap_Phase1_100_R.mp4,2118,0,0,0,0,0,0,0
Cap_Phase1_100_R.mp4,2119,0,0,0,0,0,0,0
Cap_Phase1_100_R.mp4,2120,0,0,0,0,0,0,0
Cap_Phase1_100_R.mp4,2121,0,0,0,0,0,0,0
Cap_Phase1_100_R.mp4,2122,0,0,0,0,0,0,0
Cap_Phase1_100_R.mp4,2123,0,0,0,0,0,0,0
Cap_Phase1_100_R.mp4,2124,0,0,0,0,0,0,0
Cap_Phase1_100_R.mp4,2125,0,0,0,0,0,0,0
Cap_Phase1_100_R.mp4,2126,0,0,0,0,0,0,0
Cap_Phase1_100_R.mp4,2127,0,0,0,0,0,0,0
Cap_Phase1_100_R.mp4,2128,0,0,0,0,0,0,0
Cap_Phase1_100_R.mp4,2129,0,0,0,0,0,0,0
Cap_Phase1_100_R.mp4,2130,0,0,0,0,0,0,0
Cap_Phase1_100_R.mp4,2131,0,0,0,0,0,0,0
Cap_Phase1_100_R.mp4,2132,0,0,0,0,0,0,0
Cap_Phase1_100_R.mp4,2133,0,0,0,0,0,0,0
Cap_Phase1_100_R.mp4,2134,0,0,0,0,0,0,0
Cap_Phase1_100_R.mp4,2135,0,0,0,0,0,0,0
Cap_Phase1_100_R.mp4,2136,0,0,0,0,0,0,0
Cap_Phase1_100_R.mp4,2137,0,0,0,0,0,0,0
Cap_Phase1_100_R.mp4,2138,0,0,0,0,0,0,0
Cap_Phase1_100_R.mp4,2139,0,0,0,0,0,0,0
Cap_Phase1_100_R.mp4,2140,0,0,0,0,0,0,0
Cap_Phase1_100_R.mp4,2141,0,0,0,0,0,0,0
Cap_Phase1_100_R.mp4,2142,0,0,0,0,0,0,0
Cap_Phase1_100_R.mp4,2143,0,0,0,0,0,0,0
Cap_Phase1_100_R.mp4,2144,0,0,0,0,0,0,0
Cap_Phase1_100_R.mp4,2145,0,0,0,0,0,0,0
Cap_Phase1_100_R.mp4,2146,0,0,0,0,0,0,0
Cap_Phase1_100_R.mp4,2147,0,0,0,0,0,0,0
Cap_Phase1_100_R.mp4,2148,0,0,0,0,0,0,0
Cap_Phase1_100_R.mp4,2149,0,0,0,0,0,0,0
Cap_Phase1_100_R.mp4,2150,0,0,0,0,0,0,0
Cap_Phase1_100_R.mp4,2151,0,0,0,0,0,0,0
Cap_Phase1_100_R.mp4,2152,0,0,0,0,0,0,0
Cap_Phase1_100_R.mp4,2153,0,0,0,0,0,0,0
Cap_Phase1_100_R.mp4,2154,0,0,0,0,0,0,0
Cap_Phase1_100_R.mp4,2155,0,0,0,0,0,0,0
Cap_Phase1_100_R.mp4,2156,0,0,0,0,0,0,0
Cap_Phase1_100_R.mp4,2157,0,0,0,0,0,0,0
Cap_Phase1_100_R.mp4,2158,0,0,0,0,0,0,0
Cap_Phase1_100_R.mp4,2159,0,0,0,0,0,0,0
Cap_Phase1_100_R.mp4,2160,0,0,0,0,0,0,0
Cap_Phase1_100_R.mp4,2161,0,0,0,0,0,0,0
Cap_Phase1_100_R.mp4,2162,0,0,0,0,0,0,0
Cap_Phase1_100_R.mp4,2163,0,0,0,0,0,0,0
Cap_Phase1_100_R.mp4,2164,0,0,0,0,0,0,0
Cap_Phase1_100_R.mp4,2165,0,0,0,0,0,0,0
Cap_Phase1_100_R.mp4,2166,0,0,0,0,0,0,0
Cap_Phase1_100_R.mp4,2167,0,0,0,0,0,0,0
Cap_Phase1_100_R.mp4,2168,0,0,0,0,0,0,0
Cap_Phase1_100_R.mp4,2169,0,0,0,0,0,0,0
Cap_Phase1_100_R.mp4,2170,0,0,0,0,0,0,0
Cap_Phase1_100_R.mp4,2171,0,0,0,0,0,0,0
Cap_Phase1_100_R.mp4,2172,0,0,0,0,0,0,0
Cap_Phase1_100_R.mp4,2173,0,0,0,0,0,0,0
Cap_Phase1_100_R.mp4,2174,0,0,0,0,0,0,0
Cap_Phase1_100_R.mp4,2175,0,0,0,0,0,0,0
Cap_Phase1_100_R.mp4,2176,0,0,0,0,0,0,0
Cap_Phase1_100_R.mp4,2177,0,0,0,0,0,0,0
Cap_Phase1_100_R.mp4,2178,0,0,0,0,0,0,0
Cap_Phase1_100_R.mp4,2179,0,0,0,0,0,0,0
Cap_Phase1_100_R.mp4,2180,0,0,0,0,0,0,0
Cap_Phase1_100_R.mp4,2181,0,0,0,0,0,0,0
Cap_Phase1_100_R.mp4,2182,0,0,0,0,0,0,0
Cap_Phase1_100_R.mp4,2183,0,0,0,0,0,0,0
Cap_Phase1_100_R.mp4,2184,0,0,0,0,0,0,0
Cap_Phase1_100_R.mp4,2185,0,0,0,0,0,0,0
Cap_Phase1_100_R.mp4,2186,0,0,0,0,0,0,0
Cap_Phase1_100_R.mp4,2187,0,0,0,0,0,0,0
Cap_Phase1_100_R.mp4,2188,0,0,0,0,0,0,0
Cap_Phase1_100_R.mp4,2189,0,0,0,0,0,0,0
Cap_Phase1_100_R.mp4,2190,0,0,0,0,0,0,0
Cap_Phase1_100_R.mp4,2191,0,0,0,0,0,0,0
Cap_Phase1_100_R.mp4,2192,0,0,0,0,0,0,0
Cap_Phase1_100_R.mp4,2193,0,0,0,0,0,0,0
Cap_Phase1_100_R.mp4,2194,0,0,0,0,0,0,0
Cap_Phase1_100_R.mp4,2195,0,0,0,0,0,0,0
Cap_Phase1_100_R.mp4,2196,0,0,0,0,0,0,0
Cap_Phase1_100_R.mp4,2197,0,0,0,0,0,0,0
Cap_Phase1_100_R.mp4,2198,0,0,0,0,0,0,0
Cap_Phase1_100_R.mp4,2199,0,0,0,0,0,0,0
Cap_Phase1_100_R.mp4,2200,0,0,0,0,0,0,0
Cap_Phase1_100_R.mp4,2201,0,0,0,0,0,0,0
Cap_Phase1_100_R.mp4,2202,0,0,0,0,0,0,0
Cap_Phase1_100_R.mp4,2203,0,0,0,0,0,0,0
Cap_Phase1_100_R.mp4,2204,0,0,0,0,0,0,0
Cap_Phase1_100_R.mp4,2205,0,0,0,0,0,0,0
Cap_Phase1_100_R.mp4,2206,0,0,0,0,0,0,0
Cap_Phase1_100_R.mp4,2207,0,0,0,0,0,0,0
Cap_Phase1_100_R.mp4,2208,0,0,0,0,0,0,0
Cap_Phase1_100_R.mp4,2209,0,0,0,0,0,0,0
Cap_Phase1_100_R.mp4,2210,0,0,0,0,0,0,0
Cap_Phase1_100_R.mp4,2211,0,0,0,0,0,0,0
Cap_Phase1_100_R.mp4,2212,0,0,0,0,0,0,0
Cap_Phase1_100_R.mp4,2213,0,0,0,0,0,0,0
Cap_Phase1_100_R.mp4,2214,0,0,0,0,0,0,0
Cap_Phase1_100_R.mp4,2215,0,0,0,0,0,0,0
Cap_Phase1_100_R.mp4,2216,0,0,0,0,0,0,0
Cap_Phase1_100_R.mp4,2217,0,0,0,0,0,0,0
Cap_Phase1_100_R.mp4,2218,0,0,0,0,0,0,0
Cap_Phase1_100_R.mp4,2219,0,0,0,0,0,0,0
Cap_Phase1_100_R.mp4,2220,0,0,0,0,0,0,0
Cap_Phase1_100_R.mp4,2221,0,0,0,0,0,0,0
Cap_Phase1_100_R.mp4,2222,0,0,0,0,0,0,0
Cap_Phase1_100_R.mp4,2223,0,0,0,0,0,0,0
Cap_Phase1_100_R.mp4,2224,0,0,0,0,0,0,0
Cap_Phase1_100_R.mp4,2225,0,0,0,0,0,0,0
Cap_Phase1_100_R.mp4,2226,0,0,0,0,0,0,0
Cap_Phase1_100_R.mp4,2227,0,0,0,0,0,0,0
Cap_Phase1_100_R.mp4,2228,0,0,0,0,0,0,0
Cap_Phase1_100_R.mp4,2229,0,0,0,0,0,0,0
Cap_Phase1_100_R.mp4,2230,0,0,0,0,0,0,0
Cap_Phase1_100_R.mp4,2231,0,0,0,0,0,0,0
Cap_Phase1_100_R.mp4,2232,0,0,0,0,0,0,0
Cap_Phase1_100_R.mp4,2233,0,0,0,0,0,0,0
Cap_Phase1_100_R.mp4,2234,0,0,0,0,0,0,0
Cap_Phase1_100_R.mp4,2235,0,0,0,0,0,0,0
Cap_Phase1_100_R.mp4,2236,0,0,0,0,0,0,0
Cap_Phase1_100_R.mp4,2237,0,0,0,0,0,0,0
Cap_Phase1_100_R.mp4,2238,0,0,0,0,0,0,0
Cap_Phase1_100_R.mp4,2239,0,0,0,0,0,0,0
Cap_Phase1_100_R.mp4,2240,0,0,0,0,0,0,0
Cap_Phase1_100_R.mp4,2241,0,0,0,0,0,0,0
Cap_Phase1_100_R.mp4,2242,0,0,0,0,0,0,0
Cap_Phase1_100_R.mp4,2243,0,0,0,0,0,0,0
Cap_Phase1_100_R.mp4,2244,0,0,0,0,0,0,0
Cap_Phase1_100_R.mp4,2245,0,0,0,0,0,0,0
Cap_Phase1_100_R.mp4,2246,0,0,0,0,0,0,0
Cap_Phase1_100_R.mp4,2247,0,0,0,0,0,0,0
Cap_Phase1_100_R.mp4,2248,0,0,0,0,0,0,0
Cap_Phase1_100_R.mp4,2249,0,0,0,0,0,0,0
Cap_Phase1_100_R.mp4,2250,0,0,0,0,0,0,0
Cap_Phase1_100_R.mp4,2251,0,0,0,0,0,0,0
Cap_Phase1_100_R.mp4,2252,0,0,0,0,0,0,0
Cap_Phase1_100_R.mp4,2253,0,0,0,0,0,0,0
Cap_Phase1_100_R.mp4,2254,0,0,0,0,0,0,0
Cap_Phase1_100_R.mp4,2255,0,0,0,0,0,0,0
Cap_Phase1_100_R.mp4,2256,0,0,0,0,0,0,0
Cap_Phase1_100_R.mp4,2257,0,0,0,0,0,0,0
Cap_Phase1_100_R.mp4,2258,0,0,0,0,0,0,0
Cap_Phase1_100_R.mp4,2259,0,0,0,0,0,0,0
Cap_Phase1_100_R.mp4,2260,0,0,0,0,0,0,0
Cap_Phase1_100_R.mp4,2261,0,0,0,0,0,0,0
Cap_Phase1_100_R.mp4,2262,0,0,0,0,0,0,0
Cap_Phase1_100_R.mp4,2263,0,0,0,0,0,0,0
Cap_Phase1_100_R.mp4,2264,0,0,0,0,0,0,0
Cap_Phase1_100_R.mp4,2265,0,0,0,0,0,0,0
Cap_Phase1_100_R.mp4,2266,0,0,0,0,0,0,0
Cap_Phase1_100_R.mp4,2267,0,0,0,0,0,0,0
Cap_Phase1_100_R.mp4,2268,0,0,0,0,0,0,0
Cap_Phase1_100_R.mp4,2269,0,0,0,0,0,0,0
Cap_Phase1_100_R.mp4,2270,0,0,0,0,0,0,0
Cap_Phase1_100_R.mp4,2271,0,0,0,0,0,0,0
Cap_Phase1_100_R.mp4,2272,0,0,0,0,0,0,0
Cap_Phase1_100_R.mp4,2273,0,0,0,0,0,0,0
Cap_Phase1_100_R.mp4,2274,0,0,0,0,0,0,0
Cap_Phase1_100_R.mp4,2275,0,0,0,0,0,0,0
Cap_Phase1_100_R.mp4,2276,0,0,0,0,0,0,0
Cap_Phase1_100_R.mp4,2277,0,0,0,0,0,0,0
Cap_Phase1_100_R.mp4,2278,0,0,0,0,0,0,0
Cap_Phase1_100_R.mp4,2279,0,0,0,0,0,0,0
Cap_Phase1_100_R.mp4,2280,0,0,0,0,0,0,0
Cap_Phase1_100_R.mp4,2281,0,0,0,0,0,0,0
Cap_Phase1_100_R.mp4,2282,0,0,0,0,0,0,0
Cap_Phase1_100_R.mp4,2283,0,0,0,0,0,0,0
Cap_Phase1_100_R.mp4,2284,0,0,0,0,0,0,0
Cap_Phase1_100_R.mp4,2285,0,0,0,0,0,0,0
Cap_Phase1_100_R.mp4,2286,0,0,0,0,0,0,0
Cap_Phase1_100_R.mp4,2287,0,0,0,0,0,0,0
Cap_Phase1_100_R.mp4,2288,0,0,0,0,0,0,0
Cap_Phase1_100_R.mp4,2289,0,0,0,0,0,0,0
Cap_Phase1_100_R.mp4,2290,0,0,0,0,0,0,0
Cap_Phase1_100_R.mp4,2291,0,0,0,0,0,0,0
Cap_Phase1_100_R.mp4,2292,0,0,0,0,0,0,0
Cap_Phase1_100_R.mp4,2293,0,0,0,0,0,0,0
Cap_Phase1_100_R.mp4,2294,0,0,0,0,0,0,0
Cap_Phase1_100_R.mp4,2295,0,0,0,0,0,0,0
Cap_Phase1_100_R.mp4,2296,0,0,0,0,0,0,0
Cap_Phase1_100_R.mp4,2297,0,0,0,0,0,0,0
Cap_Phase1_100_R.mp4,2298,0,0,0,0,0,0,0
Cap_Phase1_100_R.mp4,2299,0,0,0,0,0,0,0
Cap_Phase1_100_R.mp4,2300,0,0,0,0,0,0,0
Cap_Phase1_100_R.mp4,2301,0,0,0,0,0,0,0
Cap_Phase1_100_R.mp4,2302,0,0,0,0,0,0,0
Cap_Phase1_100_R.mp4,2303,0,0,0,0,0,0,0
Cap_Phase1_100_R.mp4,2304,0,0,0,0,0,0,0
Cap_Phase1_100_R.mp4,2305,0,0,0,0,0,0,0
Cap_Phase1_100_R.mp4,2306,0,0,0,0,0,0,0
Cap_Phase1_100_R.mp4,2307,0,0,0,0,0,0,0
Cap_Phase1_100_R.mp4,2308,0,0,0,0,0,0,0
Cap_Phase1_100_R.mp4,2309,0,0,0,0,0,0,0
Cap_Phase1_100_R.mp4,2310,0,0,0,0,0,0,0
Cap_Phase1_100_R.mp4,2311,0,0,0,0,0,0,0
Cap_Phase1_100_R.mp4,2312,0,0,0,0,0,0,0
Cap_Phase1_100_R.mp4,2313,0,0,0,0,0,0,0
Cap_Phase1_100_R.mp4,2314,0,0,0,0,0,0,0
Cap_Phase1_100_R.mp4,2315,0,0,0,0,0,0,0
Cap_Phase1_100_R.mp4,2316,0,0,0,0,0,0,0
Cap_Phase1_100_R.mp4,2317,0,0,0,0,0,0,0
Cap_Phase1_100_R.mp4,2318,0,0,0,0,0,0,0
Cap_Phase1_100_R.mp4,2319,0,0,0,0,0,0,0
Cap_Phase1_100_R.mp4,2320,0,0,0,0,0,0,0
Cap_Phase1_100_R.mp4,2321,0,0,0,0,0,0,0
Cap_Phase1_100_R.mp4,2322,0,0,0,0,0,0,0
Cap_Phase1_100_R.mp4,2323,0,0,0,0,0,0,0
Cap_Phase1_100_R.mp4,2324,0,0,0,0,0,0,0
Cap_Phase1_100_R.mp4,2325,0,0,0,0,0,0,0
Cap_Phase1_100_R.mp4,2326,0,0,0,0,0,0,0
Cap_Phase1_100_R.mp4,2327,0,0,0,0,0,0,0
Cap_Phase1_100_R.mp4,2328,0,0,0,0,0,0,0
Cap_Phase1_100_R.mp4,2329,0,0,0,0,0,0,0
Cap_Phase1_100_R.mp4,2330,0,0,0,0,0,0,0
Cap_Phase1_100_R.mp4,2331,0,0,0,0,0,0,0
Cap_Phase1_100_R.mp4,2332,0,0,0,0,0,0,0
Cap_Phase1_100_R.mp4,2333,0,0,0,0,0,0,0
Cap_Phase1_100_R.mp4,2334,0,0,0,0,0,0,0
Cap_Phase1_100_R.mp4,2335,0,0,0,0,0,0,0
Cap_Phase1_100_R.mp4,2336,0,0,0,0,0,0,0
Cap_Phase1_100_R.mp4,2337,0,0,0,0,0,0,0
Cap_Phase1_100_R.mp4,2338,0,0,0,0,0,0,0
Cap_Phase1_100_R.mp4,2339,0,0,0,0,0,0,0
Cap_Phase1_100_R.mp4,2340,0,0,0,0,0,0,0
Cap_Phase1_100_R.mp4,2341,0,0,0,0,0,0,0
Cap_Phase1_100_R.mp4,2342,0,0,0,0,0,0,0
Cap_Phase1_100_R.mp4,2343,0,0,0,0,0,0,0
Cap_Phase1_100_R.mp4,2344,0,0,0,0,0,0,0
Cap_Phase1_100_R.mp4,2345,0,0,0,0,0,0,0
Cap_Phase1_100_R.mp4,2346,0,0,0,0,0,0,0
Cap_Phase1_100_R.mp4,2347,0,0,0,0,0,0,0
Cap_Phase1_100_R.mp4,2348,0,0,0,0,0,0,0
Cap_Phase1_100_R.mp4,2349,0,0,0,0,0,0,0
Cap_Phase1_100_R.mp4,2350,0,0,0,0,0,0,0
Cap_Phase1_100_R.mp4,2351,0,0,0,0,0,0,0
Cap_Phase1_100_R.mp4,2352,0,0,0,0,0,0,0
Cap_Phase1_100_R.mp4,2353,0,0,0,0,0,0,0
Cap_Phase1_100_R.mp4,2354,0,0,0,0,0,0,0
Cap_Phase1_100_R.mp4,2355,0,0,0,0,0,0,0
Cap_Phase1_100_R.mp4,2356,0,0,0,0,0,0,0
Cap_Phase1_100_R.mp4,2357,0,0,0,0,0,0,0
Cap_Phase1_100_R.mp4,2358,0,0,0,0,0,0,0
Cap_Phase1_100_R.mp4,2359,0,0,0,0,0,0,0
Cap_Phase1_100_R.mp4,2360,0,0,0,0,0,0,0
Cap_Phase1_100_R.mp4,2361,0,0,0,0,0,0,0
Cap_Phase1_100_R.mp4,2362,0,0,0,0,0,0,0
Cap_Phase1_100_R.mp4,2363,0,0,0,0,0,0,0
Cap_Phase1_100_R.mp4,2364,0,0,0,0,0,0,0
Cap_Phase1_100_R.mp4,2365,0,0,0,0,0,0,0
Cap_Phase1_100_R.mp4,2366,0,0,0,0,0,0,0
Cap_Phase1_100_R.mp4,2367,0,0,0,0,0,0,0
Cap_Phase1_100_R.mp4,2368,0,0,0,0,0,0,0
Cap_Phase1_100_R.mp4,2369,0,0,0,0,0,0,0
Cap_Phase1_100_R.mp4,2370,0,0,0,0,0,0,0
Cap_Phase1_100_R.mp4,2371,0,0,0,0,0,0,0
Cap_Phase1_100_R.mp4,2372,0,0,0,0,0,0,0
Cap_Phase1_100_R.mp4,2373,0,0,0,0,0,0,0
Cap_Phase1_100_R.mp4,2374,0,0,0,0,0,0,0
Cap_Phase1_100_R.mp4,2375,0,0,0,0,0,0,0
Cap_Phase1_100_R.mp4,2376,0,0,0,0,0,0,0
Cap_Phase1_100_R.mp4,2377,0,0,0,0,0,0,0
Cap_Phase1_100_R.mp4,2378,0,0,0,0,0,0,0
Cap_Phase1_100_R.mp4,2379,0,0,0,0,0,0,0
Cap_Phase1_100_R.mp4,2380,0,0,0,0,0,0,0
Cap_Phase1_100_R.mp4,2381,0,0,0,0,0,0,0
Cap_Phase1_100_R.mp4,2382,0,0,0,0,0,0,0
Cap_Phase1_100_R.mp4,2383,0,0,0,0,0,0,0
Cap_Phase1_100_R.mp4,2384,0,0,0,0,0,0,0
Cap_Phase1_100_R.mp4,2385,0,0,0,0,0,0,0
Cap_Phase1_100_R.mp4,2386,0,0,0,0,0,0,0
Cap_Phase1_100_R.mp4,2387,0,0,0,0,0,0,0
Cap_Phase1_100_R.mp4,2388,0,0,0,0,0,0,0
Cap_Phase1_100_R.mp4,2389,0,0,0,0,0,0,0
Cap_Phase1_100_R.mp4,2390,0,0,0,0,0,0,0
Cap_Phase1_100_R.mp4,2391,0,0,0,0,0,0,0
Cap_Phase1_100_R.mp4,2392,0,0,0,0,0,0,0
Cap_Phase1_100_R.mp4,2393,0,0,0,0,0,0,0
Cap_Phase1_100_R.mp4,2394,0,0,0,0,0,0,0
Cap_Phase1_100_R.mp4,2395,0,0,0,0,0,0,0
Cap_Phase1_100_R.mp4,2396,0,0,0,0,0,0,0
Cap_Phase1_100_R.mp4,2397,0,0,0,0,0,0,0
Cap_Phase1_100_R.mp4,2398,0,0,0,0,0,0,0
Cap_Phase1_100_R.mp4,2399,0,0,0,0,0,0,0
Cap_Phase1_100_R.mp4,2400,0,0,0,0,0,0,0
Cap_Phase1_100_R.mp4,2401,0,0,0,0,0,0,0
Cap_Phase1_100_R.mp4,2402,0,0,0,0,0,0,0
Cap_Phase1_100_R.mp4,2403,0,0,0,0,0,0,0
Cap_Phase1_100_R.mp4,2404,0,0,0,0,0,0,0
Cap_Phase1_100_R.mp4,2405,0,0,0,0,0,0,0
Cap_Phase1_100_R.mp4,2406,0,0,0,0,0,0,0
Cap_Phase1_100_R.mp4,2407,0,0,0,0,0,0,0
Cap_Phase1_100_R.mp4,2408,0,0,0,0,0,0,0
Cap_Phase1_100_R.mp4,2409,0,0,0,0,0,0,0
Cap_Phase1_100_R.mp4,2410,0,0,0,0,0,0,0
Cap_Phase1_100_R.mp4,2411,0,0,0,0,0,0,0
Cap_Phase1_100_R.mp4,2412,0,0,0,0,0,0,0
Cap_Phase1_100_R.mp4,2413,0,0,0,0,0,0,0
Cap_Phase1_100_R.mp4,2414,0,0,0,0,0,0,0
Cap_Phase1_100_R.mp4,2415,0,0,0,0,0,0,0
Cap_Phase1_100_R.mp4,2416,0,0,0,0,0,0,0
Cap_Phase1_100_R.mp4,2417,0,0,0,0,0,0,0
Cap_Phase1_100_R.mp4,2418,0,0,0,0,0,0,0
Cap_Phase1_100_R.mp4,2419,0,0,0,0,0,0,0
Cap_Phase1_100_R.mp4,2420,0,0,0,0,0,0,0
Cap_Phase1_100_R.mp4,2421,0,0,0,0,0,0,0
Cap_Phase1_100_R.mp4,2422,0,0,0,0,0,0,0
Cap_Phase1_100_R.mp4,2423,0,0,0,0,0,0,0
Cap_Phase1_100_R.mp4,2424,0,0,0,0,0,0,0
Cap_Phase1_100_R.mp4,2425,0,0,0,0,0,0,0
Cap_Phase1_100_R.mp4,2426,0,0,0,0,0,0,0
Cap_Phase1_100_R.mp4,2427,0,0,0,0,0,0,0
Cap_Phase1_100_R.mp4,2428,0,0,0,0,0,0,0
Cap_Phase1_100_R.mp4,2429,0,0,0,0,0,0,0
Cap_Phase1_140_L.mp4,110,0,0,0,0,0,0,0
Cap_Phase1_140_L.mp4,111,0,0,0,0,0,0,0
Cap_Phase1_140_L.mp4,112,0,0,0,0,0,0,0
Cap_Phase1_140_L.mp4,113,0,0,0,0,0,0,0
Cap_Phase1_140_L.mp4,114,0,0,0,0,0,0,0
Cap_Phase1_140_L.mp4,115,0,0,0,0,0,0,0
Cap_Phase1_140_L.mp4,116,0,0,0,0,0,0,0
Cap_Phase1_140_L.mp4,117,0,0,0,0,0,0,0
Cap_Phase1_140_L.mp4,118,0,0,0,0,0,0,0
Cap_Phase1_140_L.mp4,119,0,0,0,0,0,0,0
Cap_Phase1_140_L.mp4,120,0,0,0,0,0,0,0
Cap_Phase1_140_L.mp4,121,0,0,0,0,0,0,0
Cap_Phase1_140_L.mp4,122,0,0,0,0,0,0,0
Cap_Phase1_140_L.mp4,123,0,0,0,0,0,0,0
Cap_Phase1_140_L.mp4,124,0,0,0,0,0,0,0
Cap_Phase1_140_L.mp4,125,0,0,0,0,0,0,0
Cap_Phase1_140_L.mp4,126,0,0,0,0,0,0,0
Cap_Phase1_140_L.mp4,127,0,0,0,0,0,0,0
Cap_Phase1_140_L.mp4,128,0,0,0,0,0,0,0
Cap_Phase1_140_L.mp4,129,0,0,0,0,0,0,0
Cap_Phase1_140_L.mp4,130,0,0,0,0,0,0,0
Cap_Phase1_140_L.mp4,131,0,0,0,0,0,0,0
Cap_Phase1_140_L.mp4,132,0,0,0,0,0,0,0
Cap_Phase1_140_L.mp4,133,0,0,0,0,0,0,0
Cap_Phase1_140_L.mp4,134,0,0,0,0,0,0,0
Cap_Phase1_140_L.mp4,135,0,0,0,0,0,0,0
Cap_Phase1_140_L.mp4,136,0,0,0,0,0,0,0
Cap_Phase1_140_L.mp4,137,0,0,0,0,0,0,0
Cap_Phase1_140_L.mp4,138,0,0,0,0,0,0,0
Cap_Phase1_140_L.mp4,139,0,0,0,0,0,0,0
Cap_Phase1_140_L.mp4,140,0,0,0,0,0,0,0
Cap_Phase1_140_L.mp4,141,0,0,0,0,0,0,0
Cap_Phase1_140_L.mp4,142,0,0,0,0,0,0,0
Cap_Phase1_140_L.mp4,143,0,0,0,0,0,0,0
Cap_Phase1_140_L.mp4,144,0,0,0,0,0,0,0
Cap_Phase1_140_L.mp4,145,0,0,0,0,0,0,0
Cap_Phase1_140_L.mp4,146,0,0,0,0,0,0,0
Cap_Phase1_140_L.mp4,147,0,0,0,0,0,0,0
Cap_Phase1_140_L.mp4,148,0,0,0,0,0,0,0
Cap_Phase1_140_L.mp4,149,0,0,0,0,0,0,0
Cap_Phase1_140_L.mp4,150,0,0,0,0,0,0,0
Cap_Phase1_140_L.mp4,151,0,0,0,0,0,0,0
Cap_Phase1_140_L.mp4,152,0,0,0,0,0,0,0
Cap_Phase1_140_L.mp4,153,0,0,0,0,0,0,0
Cap_Phase1_140_L.mp4,154,0,0,0,0,0,0,0
Cap_Phase1_140_L.mp4,155,0,0,0,0,0,0,0
Cap_Phase1_140_L.mp4,156,0,0,0,0,0,0,0
Cap_Phase1_140_L.mp4,157,0,0,0,0,0,0,0
Cap_Phase1_140_L.mp4,158,0,0,0,0,0,0,0
Cap_Phase1_140_L.mp4,159,0,0,0,0,0,0,0
Cap_Phase1_140_L.mp4,160,0,0,0,0,0,0,0
Cap_Phase1_140_L.mp4,161,0,0,0,0,0,0,0
Cap_Phase1_140_L.mp4,162,0,0,0,0,0,0,0
Cap_Phase1_140_L.mp4,163,0,0,0,0,0,0,0
Cap_Phase1_140_L.mp4,164,0,0,0,0,0,0,0
Cap_Phase1_140_L.mp4,165,0,0,0,0,0,0,0
Cap_Phase1_140_L.mp4,166,0,0,0,0,0,0,0
Cap_Phase1_140_L.mp4,167,0,0,0,0,0,0,0
Cap_Phase1_140_L.mp4,168,0,0,0,0,0,0,0
Cap_Phase1_140_L.mp4,169,0,0,0,0,0,0,0
Cap_Phase1_140_L.mp4,170,0,0,0,0,0,0,0
Cap_Phase1_140_L.mp4,171,0,0,0,0,0,0,0
Cap_Phase1_140_L.mp4,172,0,0,0,0,0,0,0
Cap_Phase1_140_L.mp4,173,0,0,0,0,0,0,0
Cap_Phase1_140_L.mp4,174,0,0,0,0,0,0,0
Cap_Phase1_140_L.mp4,175,0,0,0,0,0,0,0
Cap_Phase1_140_L.mp4,176,0,0,0,0,0,0,0
Cap_Phase1_140_L.mp4,177,0,0,0,0,0,0,0
Cap_Phase1_140_L.mp4,178,0,0,0,0,0,0,0
Cap_Phase1_140_L.mp4,179,0,0,0,0,0,0,0
Cap_Phase1_140_L.mp4,180,0,0,0,0,0,0,0
Cap_Phase1_140_L.mp4,181,0,0,0,0,0,0,0
Cap_Phase1_140_L.mp4,182,0,0,0,0,0,0,0
Cap_Phase1_140_L.mp4,183,0,0,0,0,0,0,0
Cap_Phase1_140_L.mp4,184,0,0,0,0,0,0,0
Cap_Phase1_140_L.mp4,185,0,0,0,0,0,0,0
Cap_Phase1_140_L.mp4,186,0,0,0,0,0,0,0
Cap_Phase1_140_L.mp4,187,0,0,0,0,0,0,0
Cap_Phase1_140_L.mp4,188,0,0,0,0,0,0,0
Cap_Phase1_140_L.mp4,189,0,0,0,0,0,0,0
Cap_Phase1_140_L.mp4,190,0,0,0,0,0,0,0
Cap_Phase1_140_L.mp4,191,0,0,0,0,0,0,0
Cap_Phase1_140_L.mp4,192,0,0,0,0,0,0,0
Cap_Phase1_140_L.mp4,193,0,0,0,0,0,0,0
Cap_Phase1_140_L.mp4,194,0,0,0,0,0,0,0
Cap_Phase1_140_L.mp4,195,0,0,0,0,0,0,0
Cap_Phase1_140_L.mp4,196,0,0,0,0,0,0,0
Cap_Phase1_140_L.mp4,197,0,0,0,0,0,0,0
Cap_Phase1_140_L.mp4,198,0,0,0,0,0,0,0
Cap_Phase1_140_L.mp4,199,0,0,0,0,0,0,0
Cap_Phase1_140_L.mp4,200,0,0,0,0,0,0,0
Cap_Phase1_140_L.mp4,201,0,0,0,0,0,0,0
Cap_Phase1_140_L.mp4,202,0,0,0,0,0,0,0
Cap_Phase1_140_L.mp4,203,0,0,0,0,0,0,0
Cap_Phase1_140_L.mp4,204,0,0,0,0,0,0,0
Cap_Phase1_140_L.mp4,205,0,0,0,0,0,0,0
Cap_Phase1_140_L.mp4,206,0,0,0,0,0,0,0
Cap_Phase1_140_L.mp4,207,0,0,0,0,0,0,0
Cap_Phase1_140_L.mp4,208,0,0,0,0,0,0,0
Cap_Phase1_140_L.mp4,209,0,0,0,0,0,0,0
Cap_Phase1_140_L.mp4,210,0,0,0,0,0,0,0
Cap_Phase1_140_L.mp4,211,0,0,1,0,0,0,0
Cap_Phase1_140_L.mp4,212,1,0,1,0,0,0,0
Cap_Phase1_140_L.mp4,213,1,0,1,0,0,0,0
Cap_Phase1_140_L.mp4,214,1,0,1,0,0,0,0
Cap_Phase1_140_L.mp4,215,1,0,1,0,0,0,0
Cap_Phase1_140_L.mp4,216,1,0,1,0,0,0,0
Cap_Phase1_140_L.mp4,217,1,0,1,0,0,0,0
Cap_Phase1_140_L.mp4,218,1,0,1,0,0,0,0
Cap_Phase1_140_L.mp4,219,1,0,0,0,0,0,0
Cap_Phase1_140_L.mp4,220,1,0,0,0,0,0,0
Cap_Phase1_140_L.mp4,221,1,0,0,0,0,0,0
Cap_Phase1_140_L.mp4,222,1,0,0,0,0,0,0
Cap_Phase1_140_L.mp4,223,1,0,0,0,0,0,0
Cap_Phase1_140_L.mp4,224,1,0,0,0,0,0,0
Cap_Phase1_140_L.mp4,225,1,0,0,0,0,0,0
Cap_Phase1_140_L.mp4,226,1,0,0,0,0,0,0
Cap_Phase1_140_L.mp4,227,0,0,0,0,0,0,0
Cap_Phase1_140_L.mp4,228,0,0,0,0,0,0,0
Cap_Phase1_140_L.mp4,229,0,0,0,0,0,0,0
Cap_Phase1_140_L.mp4,230,0,0,0,0,0,0,0
Cap_Phase1_140_L.mp4,231,0,0,0,0,0,0,0
Cap_Phase1_140_L.mp4,232,0,0,0,0,0,0,0
Cap_Phase1_140_L.mp4,233,0,0,0,0,0,0,0
Cap_Phase1_140_L.mp4,234,0,0,0,0,0,0,0
Cap_Phase1_140_L.mp4,235,0,0,0,0,0,0,0
Cap_Phase1_140_L.mp4,236,0,0,0,0,0,0,0
Cap_Phase1_140_L.mp4,237,1,0,0,0,0,0,0
Cap_Phase1_140_L.mp4,238,1,0,0,0,0,0,0
Cap_Phase1_140_L.mp4,239,1,0,0,0,0,0,0
Cap_Phase1_140_L.mp4,240,1,0,0,0,0,0,0
Cap_Phase1_140_L.mp4,241,1,0,0,0,0,0,0
Cap_Phase1_140_L.mp4,242,1,0,0,0,0,0,0
Cap_Phase1_140_L.mp4,243,1,0,0,0,0,0,0
Cap_Phase1_140_L.mp4,244,1,0,0,0,0,0,0
Cap_Phase1_140_L.mp4,245,1,0,0,0,0,0,0
Cap_Phase1_140_L.mp4,246,1,0,0,0,0,0,0
Cap_Phase1_140_L.mp4,247,1,0,0,0,0,0,0
Cap_Phase1_140_L.mp4,248,1,0,0,0,0,0,0
Cap_Phase1_140_L.mp4,249,1,0,0,0,0,0,0
Cap_Phase1_140_L.mp4,250,1,0,0,0,0,0,0
Cap_Phase1_140_L.mp4,251,0,0,0,0,0,0,0
Cap_Phase1_140_L.mp4,252,0,0,0,0,0,0,0
Cap_Phase1_140_L.mp4,253,0,0,0,0,0,0,0
Cap_Phase1_140_L.mp4,254,0,0,0,0,0,0,0
Cap_Phase1_140_L.mp4,255,0,0,0,0,0,0,0
Cap_Phase1_140_L.mp4,256,0,0,0,0,0,0,0
Cap_Phase1_140_L.mp4,257,0,0,0,0,0,0,0
Cap_Phase1_140_L.mp4,258,0,0,0,0,0,0,0
Cap_Phase1_140_L.mp4,259,0,0,0,0,0,0,0
Cap_Phase1_140_L.mp4,260,0,0,0,0,0,0,0
Cap_Phase1_140_L.mp4,261,0,0,0,0,0,0,0
Cap_Phase1_140_L.mp4,262,0,0,0,0,0,0,0
Cap_Phase1_140_L.mp4,263,0,0,0,0,0,0,0
Cap_Phase1_140_L.mp4,264,0,0,0,0,0,0,0
Cap_Phase1_140_L.mp4,265,0,1,0,0,0,0,0
Cap_Phase1_140_L.mp4,266,0,1,0,0,0,0,0
Cap_Phase1_140_L.mp4,267,0,1,0,0,0,0,0
Cap_Phase1_140_L.mp4,268,0,1,0,0,0,0,0
Cap_Phase1_140_L.mp4,269,0,1,0,0,0,0,0
Cap_Phase1_140_L.mp4,270,0,1,0,0,0,0,0
Cap_Phase1_140_L.mp4,271,0,1,0,0,0,0,0
Cap_Phase1_140_L.mp4,272,0,1,0,0,0,0,0
Cap_Phase1_140_L.mp4,273,0,1,0,0,0,0,0
Cap_Phase1_140_L.mp4,274,0,1,0,0,0,0,0
Cap_Phase1_140_L.mp4,275,0,1,0,0,0,0,0
Cap_Phase1_140_L.mp4,276,0,1,0,0,0,0,0
Cap_Phase1_140_L.mp4,277,0,1,1,0,0,0,0
Cap_Phase1_140_L.mp4,278,0,1,1,0,0,0,0
Cap_Phase1_140_L.mp4,279,0,1,1,0,0,0,0
Cap_Phase1_140_L.mp4,280,0,1,1,0,0,0,0
Cap_Phase1_140_L.mp4,281,0,0,0,0,0,0,0
Cap_Phase1_140_L.mp4,282,0,0,0,0,0,0,0
Cap_Phase1_140_L.mp4,283,0,0,0,0,0,0,0
Cap_Phase1_140_L.mp4,284,0,0,0,0,0,0,0
Cap_Phase1_140_L.mp4,285,0,0,0,0,0,0,0
Cap_Phase1_140_L.mp4,286,0,0,0,0,0,0,0
Cap_Phase1_140_L.mp4,287,0,0,0,0,0,0,0
Cap_Phase1_140_L.mp4,288,0,1,0,0,0,0,0
Cap_Phase1_140_L.mp4,289,0,1,0,0,0,0,0
Cap_Phase1_140_L.mp4,290,0,1,0,0,0,0,0
Cap_Phase1_140_L.mp4,291,0,1,0,0,0,0,0
Cap_Phase1_140_L.mp4,292,0,1,0,0,0,0,0
Cap_Phase1_140_L.mp4,293,0,1,0,0,0,0,0
Cap_Phase1_140_L.mp4,294,0,1,0,0,0,0,0
Cap_Phase1_140_L.mp4,295,0,1,0,0,0,0,0
Cap_Phase1_140_L.mp4,296,0,1,0,0,0,0,0
Cap_Phase1_140_L.mp4,297,0,1,0,0,0,0,0
Cap_Phase1_140_L.mp4,298,0,1,0,0,0,0,0
Cap_Phase1_140_L.mp4,299,0,1,0,0,0,0,0
Cap_Phase1_140_L.mp4,300,0,0,0,0,0,0,0
Cap_Phase1_140_L.mp4,301,0,0,0,0,0,0,0
Cap_Phase1_140_L.mp4,302,0,0,0,0,0,0,0
Cap_Phase1_140_L.mp4,303,0,0,0,0,0,0,0
Cap_Phase1_140_L.mp4,304,0,0,0,0,0,0,0
Cap_Phase1_140_L.mp4,305,0,0,0,0,0,0,0
Cap_Phase1_140_L.mp4,306,0,0,0,0,0,0,0
Cap_Phase1_140_L.mp4,307,0,0,0,0,0,0,0
Cap_Phase1_140_L.mp4,308,0,0,0,0,0,0,0
Cap_Phase1_140_L.mp4,309,0,0,0,0,0,0,0
Cap_Phase1_140_L.mp4,310,0,0,0,0,0,0,0
Cap_Phase1_140_L.mp4,311,0,0,0,0,0,0,0
Cap_Phase1_140_L.mp4,312,0,0,0,0,0,0,0
Cap_Phase1_140_L.mp4,313,0,0,0,0,0,0,0
Cap_Phase1_140_L.mp4,314,0,0,0,0,0,0,0
Cap_Phase1_140_L.mp4,315,0,0,0,0,0,0,0
Cap_Phase1_140_L.mp4,316,0,0,0,0,0,0,0
Cap_Phase1_140_L.mp4,317,0,0,0,0,0,0,0
Cap_Phase1_140_L.mp4,318,0,0,1,0,0,0,0
Cap_Phase1_140_L.mp4,319,0,0,1,0,0,0,0
Cap_Phase1_140_L.mp4,320,0,0,1,0,0,0,0
Cap_Phase1_140_L.mp4,321,0,0,1,0,0,0,0
Cap_Phase1_140_L.mp4,322,0,0,1,0,0,0,0
Cap_Phase1_140_L.mp4,323,0,0,1,0,0,0,0
Cap_Phase1_140_L.mp4,324,0,0,1,0,0,0,0
Cap_Phase1_140_L.mp4,325,0,0,1,0,0,0,0
Cap_Phase1_140_L.mp4,326,0,0,1,0,0,0,0
Cap_Phase1_140_L.mp4,327,0,0,1,0,0,0,0
Cap_Phase1_140_L.mp4,328,0,0,1,0,0,0,0
Cap_Phase1_140_L.mp4,329,0,0,1,0,0,0,0
Cap_Phase1_140_L.mp4,330,0,0,0,0,0,0,0
Cap_Phase1_140_L.mp4,331,0,0,0,0,0,0,0
Cap_Phase1_140_L.mp4,332,0,0,0,0,0,0,0
Cap_Phase1_140_L.mp4,333,0,0,0,0,0,0,0
Cap_Phase1_140_L.mp4,334,0,0,0,0,0,0,0
Cap_Phase1_140_L.mp4,335,0,0,0,0,0,0,0
Cap_Phase1_140_L.mp4,336,0,0,0,0,0,0,0
Cap_Phase1_140_L.mp4,337,0,0,0,0,0,0,0
Cap_Phase1_140_L.mp4,338,0,0,0,0,0,0,0
Cap_Phase1_140_L.mp4,339,0,0,0,0,0,0,0
Cap_Phase1_140_L.mp4,340,0,0,0,0,0,0,0
Cap_Phase1_140_L.mp4,341,0,0,1,0,0,0,0
Cap_Phase1_140_L.mp4,342,0,0,1,0,0,0,0
Cap_Phase1_140_L.mp4,343,0,0,1,0,0,0,0
Cap_Phase1_140_L.mp4,344,0,0,1,0,0,0,0
Cap_Phase1_140_L.mp4,345,0,0,1,0,0,0,0
Cap_Phase1_140_L.mp4,346,0,0,1,0,0,0,0
Cap_Phase1_140_L.mp4,347,0,0,1,0,0,0,0
Cap_Phase1_140_L.mp4,348,0,0,1,0,0,0,0
Cap_Phase1_140_L.mp4,349,0,0,1,0,0,0,0
Cap_Phase1_140_L.mp4,350,0,0,1,0,0,0,0
Cap_Phase1_140_L.mp4,351,0,0,1,0,0,0,0
Cap_Phase1_140_L.mp4,352,0,0,0,0,0,0,0
Cap_Phase1_140_L.mp4,353,0,0,0,0,0,0,0
Cap_Phase1_140_L.mp4,354,0,0,0,0,0,0,0
Cap_Phase1_140_L.mp4,355,0,0,0,0,0,0,0
Cap_Phase1_140_L.mp4,356,0,0,0,0,0,0,0
Cap_Phase1_140_L.mp4,357,0,0,0,0,0,0,0
Cap_Phase1_140_L.mp4,358,0,0,0,0,0,0,0
Cap_Phase1_140_L.mp4,359,0,0,0,0,0,0,0
Cap_Phase1_140_L.mp4,360,0,0,0,0,0,0,0
Cap_Phase1_140_L.mp4,361,0,0,0,0,0,0,0
Cap_Phase1_140_L.mp4,362,0,0,0,0,0,0,0
Cap_Phase1_140_L.mp4,363,0,0,0,0,0,0,0
Cap_Phase1_140_L.mp4,364,0,0,0,0,0,0,0
Cap_Phase1_140_L.mp4,365,0,0,0,0,0,0,0
Cap_Phase1_140_L.mp4,366,0,0,0,0,0,0,0
Cap_Phase1_140_L.mp4,367,0,1,0,0,0,0,0
Cap_Phase1_140_L.mp4,368,0,1,0,0,0,0,0
Cap_Phase1_140_L.mp4,369,0,1,0,0,0,0,0
Cap_Phase1_140_L.mp4,370,0,1,0,0,0,0,0
Cap_Phase1_140_L.mp4,371,0,1,0,0,0,0,0
Cap_Phase1_140_L.mp4,372,0,1,0,0,0,0,0
Cap_Phase1_140_L.mp4,373,0,1,0,0,0,0,0
Cap_Phase1_140_L.mp4,374,0,1,0,0,0,0,0
Cap_Phase1_140_L.mp4,375,0,1,0,0,0,0,0
Cap_Phase1_140_L.mp4,376,0,1,0,0,0,0,0
Cap_Phase1_140_L.mp4,377,0,1,0,0,0,0,0
Cap_Phase1_140_L.mp4,378,0,0,0,0,0,0,0
Cap_Phase1_140_L.mp4,379,0,0,0,0,0,0,0
Cap_Phase1_140_L.mp4,380,0,0,0,0,0,0,0
Cap_Phase1_140_L.mp4,381,0,0,0,0,0,0,0
Cap_Phase1_140_L.mp4,382,0,0,0,0,0,0,0
Cap_Phase1_140_L.mp4,383,0,0,0,0,0,0,0
Cap_Phase1_140_L.mp4,384,0,0,0,0,0,0,0
Cap_Phase1_140_L.mp4,385,0,0,0,0,0,0,0
Cap_Phase1_140_L.mp4,386,0,0,0,0,0,0,0
Cap_Phase1_140_L.mp4,387,0,0,0,0,0,0,0
Cap_Phase1_140_L.mp4,388,0,0,0,0,0,0,0
Cap_Phase1_140_L.mp4,389,0,0,0,0,0,0,0
Cap_Phase1_140_L.mp4,390,0,0,1,0,0,0,0
Cap_Phase1_140_L.mp4,391,0,0,1,0,0,0,0
Cap_Phase1_140_L.mp4,392,0,0,1,0,0,0,0
Cap_Phase1_140_L.mp4,393,0,0,1,0,0,0,0
Cap_Phase1_140_L.mp4,394,0,0,1,0,0,0,0
Cap_Phase1_140_L.mp4,395,0,0,1,0,0,0,0
Cap_Phase1_140_L.mp4,396,0,0,1,0,0,0,0
Cap_Phase1_140_L.mp4,397,0,0,1,0,0,0,0
Cap_Phase1_140_L.mp4,398,0,0,1,0,0,0,0
Cap_Phase1_140_L.mp4,399,0,0,1,0,0,0,0
Cap_Phase1_140_L.mp4,400,0,0,1,0,0,0,0
Cap_Phase1_140_L.mp4,401,0,0,0,0,0,0,0
Cap_Phase1_140_L.mp4,402,0,0,0,0,0,0,0
Cap_Phase1_140_L.mp4,403,0,0,0,0,0,0,0
Cap_Phase1_140_L.mp4,404,0,0,0,0,0,0,0
Cap_Phase1_140_L.mp4,405,0,0,0,0,0,0,0
Cap_Phase1_140_L.mp4,406,0,0,0,0,0,0,0
Cap_Phase1_140_L.mp4,407,0,0,0,0,0,0,0
Cap_Phase1_140_L.mp4,408,0,0,0,0,0,0,0
Cap_Phase1_140_L.mp4,409,0,0,0,0,0,0,0
Cap_Phase1_140_L.mp4,410,0,0,0,0,0,0,0
Cap_Phase1_140_L.mp4,411,0,0,0,0,0,0,0
Cap_Phase1_140_L.mp4,412,0,0,0,0,0,0,0
Cap_Phase1_140_L.mp4,413,0,0,0,0,0,0,0
Cap_Phase1_140_L.mp4,414,0,0,0,0,0,0,0
Cap_Phase1_140_L.mp4,415,0,0,0,0,0,0,0
Cap_Phase1_140_L.mp4,416,0,0,0,0,0,0,0
Cap_Phase1_140_L.mp4,417,0,0,0,0,0,0,0
Cap_Phase1_140_L.mp4,418,0,0,0,0,0,0,0
Cap_Phase1_140_L.mp4,419,0,0,0,0,0,0,0
Cap_Phase1_140_L.mp4,420,0,0,1,0,0,0,0
Cap_Phase1_140_L.mp4,421,0,0,1,0,0,0,0
Cap_Phase1_140_L.mp4,422,0,0,1,0,0,0,0
Cap_Phase1_140_L.mp4,423,0,0,1,0,0,0,0
Cap_Phase1_140_L.mp4,424,0,0,1,0,0,0,0
Cap_Phase1_140_L.mp4,425,0,0,1,0,0,0,0
Cap_Phase1_140_L.mp4,426,0,0,1,0,0,0,0
Cap_Phase1_140_L.mp4,427,0,0,1,0,0,0,0
Cap_Phase1_140_L.mp4,428,0,0,1,0,0,0,0
Cap_Phase1_140_L.mp4,429,0,0,1,0,0,0,0
Cap_Phase1_140_L.mp4,430,0,0,1,0,0,0,0
Cap_Phase1_140_L.mp4,431,0,0,0,0,0,0,0
Cap_Phase1_140_L.mp4,432,0,0,0,0,0,0,0
Cap_Phase1_140_L.mp4,433,0,0,0,0,0,0,0
Cap_Phase1_140_L.mp4,434,0,0,0,0,0,0,0
Cap_Phase1_140_L.mp4,435,0,0,0,0,0,0,0
Cap_Phase1_140_L.mp4,436,0,0,0,0,0,0,0
Cap_Phase1_140_L.mp4,437,0,0,0,0,0,0,0
Cap_Phase1_140_L.mp4,438,0,0,0,0,0,0,0
Cap_Phase1_140_L.mp4,439,0,0,0,0,0,0,0
Cap_Phase1_140_L.mp4,440,0,0,0,0,0,0,0
Cap_Phase1_140_L.mp4,441,0,0,0,0,0,0,0
Cap_Phase1_140_L.mp4,442,0,0,1,1,0,0,0
Cap_Phase1_140_L.mp4,443,0,0,1,0,0,0,0
Cap_Phase1_140_L.mp4,444,0,0,1,0,0,0,0
Cap_Phase1_140_L.mp4,445,0,0,1,0,0,0,0
Cap_Phase1_140_L.mp4,446,0,0,1,0,0,0,0
Cap_Phase1_140_L.mp4,447,0,0,1,0,0,0,0
Cap_Phase1_140_L.mp4,448,0,0,1,0,0,0,0
Cap_Phase1_140_L.mp4,449,0,0,1,0,0,0,0
Cap_Phase1_140_L.mp4,450,0,0,1,0,0,0,0
Cap_Phase1_140_L.mp4,451,0,0,1,0,0,0,0
Cap_Phase1_140_L.mp4,452,0,0,1,0,0,0,0
Cap_Phase1_140_L.mp4,453,0,0,0,0,0,0,0
Cap_Phase1_140_L.mp4,454,0,0,0,0,0,0,0
Cap_Phase1_140_L.mp4,455,0,0,0,0,0,0,0
Cap_Phase1_140_L.mp4,456,0,0,0,0,0,0,0
Cap_Phase1_140_L.mp4,457,0,0,0,0,0,0,0
Cap_Phase1_140_L.mp4,458,0,0,0,0,0,0,0
Cap_Phase1_140_L.mp4,459,0,0,0,0,0,0,0
Cap_Phase1_140_L.mp4,460,0,0,0,0,0,0,0
Cap_Phase1_140_L.mp4,461,0,0,0,0,0,0,0
Cap_Phase1_140_L.mp4,462,0,0,0,0,0,0,0
Cap_Phase1_140_L.mp4,463,0,0,0,0,0,0,0
Cap_Phase1_140_L.mp4,464,0,0,0,0,0,0,0
Cap_Phase1_140_L.mp4,465,0,0,0,0,0,0,0
Cap_Phase1_140_L.mp4,466,0,0,0,0,0,0,0
Cap_Phase1_140_L.mp4,467,0,0,0,0,0,0,0
Cap_Phase1_140_L.mp4,468,0,0,0,0,0,0,0
Cap_Phase1_140_L.mp4,469,0,1,0,0,0,0,0
Cap_Phase1_140_L.mp4,470,0,1,0,0,0,0,0
Cap_Phase1_140_L.mp4,471,0,1,0,0,0,0,0
Cap_Phase1_140_L.mp4,472,0,1,0,0,0,0,0
Cap_Phase1_140_L.mp4,473,0,1,0,0,0,0,0
Cap_Phase1_140_L.mp4,474,0,1,0,0,0,0,0
Cap_Phase1_140_L.mp4,475,0,1,0,0,0,0,0
Cap_Phase1_140_L.mp4,476,0,1,0,0,0,0,0
Cap_Phase1_140_L.mp4,477,0,1,0,0,0,0,0
Cap_Phase1_140_L.mp4,478,0,1,0,0,0,0,0
Cap_Phase1_140_L.mp4,479,0,1,0,0,0,0,0
Cap_Phase1_140_L.mp4,480,0,1,0,0,0,0,0
Cap_Phase1_140_L.mp4,481,0,0,0,0,0,0,0
Cap_Phase1_140_L.mp4,482,0,0,0,0,0,0,0
Cap_Phase1_140_L.mp4,483,0,0,0,0,0,0,0
Cap_Phase1_140_L.mp4,484,0,0,0,0,0,0,0
Cap_Phase1_140_L.mp4,485,0,0,0,0,0,0,0
Cap_Phase1_140_L.mp4,486,0,0,0,0,0,0,0
Cap_Phase1_140_L.mp4,487,0,0,0,0,0,0,0
Cap_Phase1_140_L.mp4,488,0,0,0,0,0,0,0
Cap_Phase1_140_L.mp4,489,0,0,0,0,0,0,0
Cap_Phase1_140_L.mp4,490,0,0,0,0,0,0,0
Cap_Phase1_140_L.mp4,491,0,0,0,0,0,0,0
Cap_Phase1_140_L.mp4,492,0,0,0,0,0,0,0
Cap_Phase1_140_L.mp4,493,0,0,0,0,1,0,0
Cap_Phase1_140_L.mp4,494,0,1,0,0,0,0,0
Cap_Phase1_140_L.mp4,495,0,1,0,0,0,0,0
Cap_Phase1_140_L.mp4,496,0,1,0,0,0,0,0
Cap_Phase1_140_L.mp4,497,0,1,0,0,0,0,0
Cap_Phase1_140_L.mp4,498,0,1,0,0,0,0,0
Cap_Phase1_140_L.mp4,499,0,1,0,0,0,0,0
Cap_Phase1_140_L.mp4,500,0,1,0,0,0,0,0
Cap_Phase1_140_L.mp4,501,0,1,0,0,0,0,0
Cap_Phase1_140_L.mp4,502,0,1,0,0,0,0,0
Cap_Phase1_140_L.mp4,503,0,1,0,0,0,0,0
Cap_Phase1_140_L.mp4,504,0,1,0,0,0,0,0
Cap_Phase1_140_L.mp4,505,0,0,0,0,0,0,0
Cap_Phase1_140_L.mp4,506,0,0,0,0,0,0,0
Cap_Phase1_140_L.mp4,507,0,0,0,0,0,0,0
Cap_Phase1_140_L.mp4,508,0,0,0,0,0,0,0
Cap_Phase1_140_L.mp4,509,0,0,0,0,0,0,0
Cap_Phase1_140_L.mp4,510,0,0,0,0,0,0,0
Cap_Phase1_140_L.mp4,511,0,0,0,0,0,0,0
Cap_Phase1_140_L.mp4,512,0,0,0,0,0,0,0
Cap_Phase1_140_L.mp4,513,0,0,0,0,0,0,0
Cap_Phase1_140_L.mp4,514,0,0,0,0,0,0,0
Cap_Phase1_140_L.mp4,515,0,0,0,0,0,0,0
Cap_Phase1_140_L.mp4,516,0,0,0,0,0,0,0
Cap_Phase1_140_L.mp4,517,0,0,0,0,0,0,0
Cap_Phase1_140_L.mp4,518,0,0,0,0,0,0,0
Cap_Phase1_140_L.mp4,519,0,0,0,0,0,0,0
Cap_Phase1_140_L.mp4,520,0,0,0,0,1,0,0
Cap_Phase1_140_L.mp4,521,1,0,0,0,0,0,0
Cap_Phase1_140_L.mp4,522,1,0,0,0,0,0,0
Cap_Phase1_140_L.mp4,523,1,0,0,0,0,0,0
Cap_Phase1_140_L.mp4,524,1,0,0,0,0,0,0
Cap_Phase1_140_L.mp4,525,1,0,0,0,0,0,0
Cap_Phase1_140_L.mp4,526,1,0,0,0,0,0,0
Cap_Phase1_140_L.mp4,527,1,0,0,0,0,0,0
Cap_Phase1_140_L.mp4,528,1,0,0,0,0,0,0
Cap_Phase1_140_L.mp4,529,1,0,0,0,0,0,0
Cap_Phase1_140_L.mp4,530,1,0,0,0,0,0,0
Cap_Phase1_140_L.mp4,531,0,0,0,0,0,0,0
Cap_Phase1_140_L.mp4,532,0,0,0,0,0,0,0
Cap_Phase1_140_L.mp4,533,0,0,0,0,0,0,0
Cap_Phase1_140_L.mp4,534,0,0,0,0,0,0,0
Cap_Phase1_140_L.mp4,535,0,0,0,0,0,0,0
Cap_Phase1_140_L.mp4,536,0,0,0,0,0,0,0
Cap_Phase1_140_L.mp4,537,0,0,0,0,0,0,0
Cap_Phase1_140_L.mp4,538,0,0,0,0,0,0,0
Cap_Phase1_140_L.mp4,539,0,0,0,0,0,0,0
Cap_Phase1_140_L.mp4,540,0,0,0,0,0,0,0
Cap_Phase1_140_L.mp4,541,0,0,0,0,0,0,0
Cap_Phase1_140_L.mp4,542,0,0,0,0,0,0,0
Cap_Phase1_140_L.mp4,543,0,0,0,0,0,0,0
Cap_Phase1_140_L.mp4,544,0,0,0,0,0,0,0
Cap_Phase1_140_L.mp4,545,0,0,0,0,0,0,0
Cap_Phase1_140_L.mp4,546,0,0,0,0,0,0,0
Cap_Phase1_140_L.mp4,547,0,1,0,0,1,0,0
Cap_Phase1_140_L.mp4,548,0,1,0,0,0,0,0
Cap_Phase1_140_L.mp4,549,0,1,0,0,0,0,0
Cap_Phase1_140_L.mp4,550,0,1,0,0,0,0,0
Cap_Phase1_140_L.mp4,551,0,1,0,0,0,0,0
Cap_Phase1_140_L.mp4,552,0,1,0,0,0,0,0
Cap_Phase1_140_L.mp4,553,0,1,0,0,0,0,0
Cap_Phase1_140_L.mp4,554,0,1,0,0,0,0,0
Cap_Phase1_140_L.mp4,555,0,1,0,0,0,0,0
Cap_Phase1_140_L.mp4,556,0,1,0,0,0,0,0
Cap_Phase1_140_L.mp4,557,0,0,0,0,0,0,0
Cap_Phase1_140_L.mp4,558,0,0,0,0,0,0,0
Cap_Phase1_140_L.mp4,559,0,0,0,0,0,0,0
Cap_Phase1_140_L.mp4,560,0,0,0,0,0,0,0
Cap_Phase1_140_L.mp4,561,0,0,0,0,0,0,0
Cap_Phase1_140_L.mp4,562,0,0,0,0,0,0,0
Cap_Phase1_140_L.mp4,563,0,0,0,0,0,0,0
Cap_Phase1_140_L.mp4,564,0,0,0,0,0,0,0
Cap_Phase1_140_L.mp4,565,0,0,0,0,0,0,0
Cap_Phase1_140_L.mp4,566,0,0,0,0,0,0,0
Cap_Phase1_140_L.mp4,567,0,0,0,0,0,0,0
Cap_Phase1_140_L.mp4,568,0,0,0,0,0,0,0
Cap_Phase1_140_L.mp4,569,0,0,0,0,0,0,0
Cap_Phase1_140_L.mp4,570,0,0,1,0,0,0,0
Cap_Phase1_140_L.mp4,571,0,0,1,0,0,0,0
Cap_Phase1_140_L.mp4,572,0,0,1,0,0,0,0
Cap_Phase1_140_L.mp4,573,0,0,1,0,0,0,0
Cap_Phase1_140_L.mp4,574,0,0,1,0,0,0,0
Cap_Phase1_140_L.mp4,575,0,0,1,0,0,0,0
Cap_Phase1_140_L.mp4,576,0,0,1,0,0,0,0
Cap_Phase1_140_L.mp4,577,0,0,1,0,0,0,0
Cap_Phase1_140_L.mp4,578,0,0,1,0,0,0,0
Cap_Phase1_140_L.mp4,579,0,0,1,0,0,0,0
Cap_Phase1_140_L.mp4,580,0,0,1,0,0,0,0
Cap_Phase1_140_L.mp4,581,0,0,1,0,0,0,0
Cap_Phase1_140_L.mp4,582,0,0,1,0,0,0,0
Cap_Phase1_140_L.mp4,583,0,0,0,0,0,0,0
Cap_Phase1_140_L.mp4,584,0,0,0,0,0,0,0
Cap_Phase1_140_L.mp4,585,0,0,0,0,0,0,0
Cap_Phase1_140_L.mp4,586,0,0,0,0,0,0,0
Cap_Phase1_140_L.mp4,587,0,0,0,0,0,0,0
Cap_Phase1_140_L.mp4,588,0,0,0,0,0,0,0
Cap_Phase1_140_L.mp4,589,0,0,0,0,0,0,0
Cap_Phase1_140_L.mp4,590,0,0,0,0,0,0,0
Cap_Phase1_140_L.mp4,591,0,0,0,0,0,0,0
Cap_Phase1_140_L.mp4,592,0,0,0,0,0,0,0
Cap_Phase1_140_L.mp4,593,0,0,0,0,0,0,0
Cap_Phase1_140_L.mp4,594,0,0,0,0,0,0,0
Cap_Phase1_140_L.mp4,595,0,0,0,0,0,0,0
Cap_Phase1_140_L.mp4,596,0,0,0,0,0,0,0
Cap_Phase1_140_L.mp4,597,0,0,0,0,0,0,0
Cap_Phase1_140_L.mp4,598,0,0,0,1,0,0,0
Cap_Phase1_140_L.mp4,599,0,0,0,1,0,0,0
Cap_Phase1_140_L.mp4,600,0,0,0,1,0,0,0
Cap_Phase1_140_L.mp4,601,0,0,0,1,0,0,0
Cap_Phase1_140_L.mp4,602,0,0,0,1,0,0,0
Cap_Phase1_140_L.mp4,603,0,0,0,1,0,0,0
Cap_Phase1_140_L.mp4,604,0,0,0,1,0,0,0
Cap_Phase1_140_L.mp4,605,0,0,0,1,0,0,0
Cap_Phase1_140_L.mp4,606,0,0,0,1,0,0,0
Cap_Phase1_140_L.mp4,607,0,0,0,1,0,0,0
Cap_Phase1_140_L.mp4,608,0,0,0,0,0,0,0
Cap_Phase1_140_L.mp4,609,0,0,0,0,0,0,0
Cap_Phase1_140_L.mp4,610,0,0,0,0,0,0,0
Cap_Phase1_140_L.mp4,611,0,0,0,0,0,0,0
Cap_Phase1_140_L.mp4,612,0,0,0,0,0,0,0
Cap_Phase1_140_L.mp4,613,0,0,0,0,0,0,0
Cap_Phase1_140_L.mp4,614,0,0,0,0,0,0,0
Cap_Phase1_140_L.mp4,615,0,0,0,0,0,0,0
Cap_Phase1_140_L.mp4,616,0,0,0,0,0,0,0
Cap_Phase1_140_L.mp4,617,0,0,0,0,0,0,0
Cap_Phase1_140_L.mp4,618,0,0,0,0,0,0,0
Cap_Phase1_140_L.mp4,619,0,0,0,0,0,0,0
Cap_Phase1_140_L.mp4,620,0,0,0,0,0,0,0
Cap_Phase1_140_L.mp4,621,0,0,0,0,0,0,0
Cap_Phase1_140_L.mp4,622,0,0,0,0,0,0,0
Cap_Phase1_140_L.mp4,623,0,0,0,0,0,0,0
Cap_Phase1_140_L.mp4,624,0,0,0,1,0,0,0
Cap_Phase1_140_L.mp4,625,0,0,1,1,0,0,0
Cap_Phase1_140_L.mp4,626,0,0,1,1,0,0,0
Cap_Phase1_140_L.mp4,627,0,0,1,1,0,0,0
Cap_Phase1_140_L.mp4,628,0,0,1,1,0,0,0
Cap_Phase1_140_L.mp4,629,0,0,1,1,0,0,0
Cap_Phase1_140_L.mp4,630,0,0,1,1,0,0,0
Cap_Phase1_140_L.mp4,631,0,0,1,1,0,0,0
Cap_Phase1_140_L.mp4,632,0,0,1,1,0,0,0
Cap_Phase1_140_L.mp4,633,0,0,1,1,0,0,0
Cap_Phase1_140_L.mp4,634,0,0,0,0,0,0,0
Cap_Phase1_140_L.mp4,635,0,0,0,0,0,0,0
Cap_Phase1_140_L.mp4,636,0,0,0,0,0,0,0
Cap_Phase1_140_L.mp4,637,0,0,0,0,0,0,0
Cap_Phase1_140_L.mp4,638,0,0,0,0,0,0,0
Cap_Phase1_140_L.mp4,639,0,0,0,0,0,0,0
Cap_Phase1_140_L.mp4,640,0,0,0,0,0,0,0
Cap_Phase1_140_L.mp4,641,0,0,0,0,0,0,0
Cap_Phase1_140_L.mp4,642,0,0,0,0,0,0,0
Cap_Phase1_140_L.mp4,643,0,0,0,0,0,0,0
Cap_Phase1_140_L.mp4,644,0,0,0,0,0,0,0
Cap_Phase1_140_L.mp4,645,0,0,0,0,0,0,0
Cap_Phase1_140_L.mp4,646,0,0,0,0,0,0,0
Cap_Phase1_140_L.mp4,647,0,0,0,0,0,0,0
Cap_Phase1_140_L.mp4,648,0,0,0,1,0,0,0
Cap_Phase1_140_L.mp4,649,0,0,1,1,0,0,0
Cap_Phase1_140_L.mp4,650,0,0,1,1,0,0,0
Cap_Phase1_140_L.mp4,651,0,0,0,1,0,0,0
Cap_Phase1_140_L.mp4,652,0,0,1,1,0,0,0
Cap_Phase1_140_L.mp4,653,0,0,1,1,0,0,0
Cap_Phase1_140_L.mp4,654,0,0,1,1,0,0,0
Cap_Phase1_140_L.mp4,655,0,0,1,1,0,0,0
Cap_Phase1_140_L.mp4,656,0,0,1,1,0,0,0
Cap_Phase1_140_L.mp4,657,0,0,0,0,0,0,0
Cap_Phase1_140_L.mp4,658,0,0,0,0,0,0,0
Cap_Phase1_140_L.mp4,659,0,0,0,0,0,0,0
Cap_Phase1_140_L.mp4,660,0,0,0,0,0,0,0
Cap_Phase1_140_L.mp4,661,0,0,0,0,0,0,0
Cap_Phase1_140_L.mp4,662,0,0,0,0,0,0,0
Cap_Phase1_140_L.mp4,663,0,0,0,0,0,0,0
Cap_Phase1_140_L.mp4,664,0,0,0,0,0,0,0
Cap_Phase1_140_L.mp4,665,0,0,0,0,0,0,0
Cap_Phase1_140_L.mp4,666,0,0,0,0,0,0,0
Cap_Phase1_140_L.mp4,667,0,0,0,0,0,0,0
Cap_Phase1_140_L.mp4,668,0,0,0,0,0,0,0
Cap_Phase1_140_L.mp4,669,0,0,0,0,0,0,0
Cap_Phase1_140_L.mp4,670,0,0,0,0,0,0,0
Cap_Phase1_140_L.mp4,671,0,0,0,0,0,0,0
Cap_Phase1_140_L.mp4,672,0,0,0,0,0,0,0
Cap_Phase1_140_L.mp4,673,0,0,0,0,0,0,0
Cap_Phase1_140_L.mp4,674,0,0,0,0,0,0,0
Cap_Phase1_140_L.mp4,675,0,0,1,0,0,0,0
Cap_Phase1_140_L.mp4,676,0,0,1,0,0,0,0
Cap_Phase1_140_L.mp4,677,0,0,1,0,0,0,0
Cap_Phase1_140_L.mp4,678,0,0,1,0,0,0,0
Cap_Phase1_140_L.mp4,679,0,0,1,0,0,0,0
Cap_Phase1_140_L.mp4,680,0,0,1,0,0,0,0
Cap_Phase1_140_L.mp4,681,0,0,1,0,0,0,0
Cap_Phase1_140_L.mp4,682,0,0,1,0,0,0,0
Cap_Phase1_140_L.mp4,683,0,0,1,0,0,0,0
Cap_Phase1_140_L.mp4,684,0,0,1,0,0,0,0
Cap_Phase1_140_L.mp4,685,0,0,0,0,0,0,0
Cap_Phase1_140_L.mp4,686,0,0,0,0,0,0,0
Cap_Phase1_140_L.mp4,687,0,0,0,0,0,0,0
Cap_Phase1_140_L.mp4,688,0,0,0,0,0,0,0
Cap_Phase1_140_L.mp4,689,0,0,0,0,0,0,0
Cap_Phase1_140_L.mp4,690,0,0,0,0,0,0,0
Cap_Phase1_140_L.mp4,691,0,0,0,0,0,0,0
Cap_Phase1_140_L.mp4,692,0,0,0,0,0,0,0
Cap_Phase1_140_L.mp4,693,0,0,0,0,0,0,0
Cap_Phase1_140_L.mp4,694,0,0,0,0,0,0,0
Cap_Phase1_140_L.mp4,695,0,0,0,0,0,0,0
Cap_Phase1_140_L.mp4,696,0,0,0,0,0,0,0
Cap_Phase1_140_L.mp4,697,0,0,0,0,0,0,0
Cap_Phase1_140_L.mp4,698,0,0,0,0,0,0,0
Cap_Phase1_140_L.mp4,699,0,0,1,0,0,0,0
Cap_Phase1_140_L.mp4,700,0,0,1,0,0,0,0
Cap_Phase1_140_L.mp4,701,0,0,1,0,0,0,0
Cap_Phase1_140_L.mp4,702,0,0,1,0,0,0,0
Cap_Phase1_140_L.mp4,703,0,0,1,0,0,0,0
Cap_Phase1_140_L.mp4,704,0,0,1,0,0,0,0
Cap_Phase1_140_L.mp4,705,0,0,1,0,0,0,0
Cap_Phase1_140_L.mp4,706,0,0,1,0,0,0,0
Cap_Phase1_140_L.mp4,707,0,0,1,0,0,0,0
Cap_Phase1_140_L.mp4,708,0,0,1,0,0,0,0
Cap_Phase1_140_L.mp4,709,0,0,1,0,0,0,0
Cap_Phase1_140_L.mp4,710,0,0,0,0,0,0,0
Cap_Phase1_140_L.mp4,711,0,0,0,0,0,0,0
Cap_Phase1_140_L.mp4,712,0,0,0,0,0,0,0
Cap_Phase1_140_L.mp4,713,0,0,0,0,0,0,0
Cap_Phase1_140_L.mp4,714,0,0,0,0,0,0,0
Cap_Phase1_140_L.mp4,715,0,0,0,0,0,0,0
Cap_Phase1_140_L.mp4,716,0,0,0,0,0,0,0
Cap_Phase1_140_L.mp4,717,0,0,0,0,0,0,0
Cap_Phase1_140_L.mp4,718,0,0,0,0,0,0,0
Cap_Phase1_140_L.mp4,719,0,0,0,0,0,0,0
Cap_Phase1_140_L.mp4,720,0,0,0,0,0,0,0
Cap_Phase1_140_L.mp4,721,0,0,0,0,0,0,0
Cap_Phase1_140_L.mp4,722,0,0,0,0,0,0,0
Cap_Phase1_140_L.mp4,723,0,0,0,0,0,0,0
Cap_Phase1_140_L.mp4,724,0,0,0,0,0,0,0
Cap_Phase1_140_L.mp4,725,0,0,0,0,0,0,0
Cap_Phase1_140_L.mp4,726,0,0,0,0,0,0,0
Cap_Phase1_140_L.mp4,727,0,1,0,0,0,0,0
Cap_Phase1_140_L.mp4,728,0,1,0,0,0,0,0
Cap_Phase1_140_L.mp4,729,0,1,0,0,0,0,0
Cap_Phase1_140_L.mp4,730,0,1,0,0,0,0,0
Cap_Phase1_140_L.mp4,731,0,1,0,0,0,0,0
Cap_Phase1_140_L.mp4,732,0,1,0,0,0,0,0
Cap_Phase1_140_L.mp4,733,0,1,0,0,0,0,0
Cap_Phase1_140_L.mp4,734,0,1,0,0,0,0,0
Cap_Phase1_140_L.mp4,735,0,1,0,0,0,0,0
Cap_Phase1_140_L.mp4,736,0,1,0,0,0,0,0
Cap_Phase1_140_L.mp4,737,0,1,0,0,0,0,0
Cap_Phase1_140_L.mp4,738,0,0,0,0,0,0,0
Cap_Phase1_140_L.mp4,739,0,0,0,0,0,0,0
Cap_Phase1_140_L.mp4,740,0,0,0,0,0,0,0
Cap_Phase1_140_L.mp4,741,0,0,0,0,0,0,0
Cap_Phase1_140_L.mp4,742,0,0,0,0,0,0,0
Cap_Phase1_140_L.mp4,743,0,0,0,0,0,0,0
Cap_Phase1_140_L.mp4,744,0,0,0,0,0,0,0
Cap_Phase1_140_L.mp4,745,0,0,0,0,0,0,0
Cap_Phase1_140_L.mp4,746,0,0,0,0,0,0,0
Cap_Phase1_140_L.mp4,747,0,0,0,0,0,0,0
Cap_Phase1_140_L.mp4,748,0,0,0,0,0,0,0
Cap_Phase1_140_L.mp4,749,0,0,0,0,0,0,0
Cap_Phase1_140_L.mp4,750,0,0,0,0,0,0,0
Cap_Phase1_140_L.mp4,751,0,0,0,0,0,0,0
Cap_Phase1_140_L.mp4,752,0,0,1,0,0,0,0
Cap_Phase1_140_L.mp4,753,0,0,1,0,0,0,0
Cap_Phase1_140_L.mp4,754,0,0,1,0,0,0,0
Cap_Phase1_140_L.mp4,755,0,0,1,0,0,0,0
Cap_Phase1_140_L.mp4,756,0,0,1,0,0,0,0
Cap_Phase1_140_L.mp4,757,0,0,1,0,0,0,0
Cap_Phase1_140_L.mp4,758,0,0,1,0,0,0,0
Cap_Phase1_140_L.mp4,759,0,0,1,0,0,0,0
Cap_Phase1_140_L.mp4,760,0,0,1,0,0,0,0
Cap_Phase1_140_L.mp4,761,0,0,1,0,0,0,0
Cap_Phase1_140_L.mp4,762,0,0,1,0,0,0,0
Cap_Phase1_140_L.mp4,763,0,0,1,0,0,0,0
Cap_Phase1_140_L.mp4,764,0,0,1,0,0,0,0
Cap_Phase1_140_L.mp4,765,0,0,0,0,0,0,0
Cap_Phase1_140_L.mp4,766,0,0,0,0,0,0,0
Cap_Phase1_140_L.mp4,767,0,0,0,0,0,0,0
Cap_Phase1_140_L.mp4,768,0,0,0,0,0,0,0
Cap_Phase1_140_L.mp4,769,0,0,0,0,0,0,0
Cap_Phase1_140_L.mp4,770,0,0,0,0,0,0,0
Cap_Phase1_140_L.mp4,771,0,0,0,0,0,0,0
Cap_Phase1_140_L.mp4,772,0,0,0,0,0,0,0
Cap_Phase1_140_L.mp4,773,0,0,0,0,0,0,0
Cap_Phase1_140_L.mp4,774,0,0,0,0,0,0,0
Cap_Phase1_140_L.mp4,775,0,0,0,0,0,0,0
Cap_Phase1_140_L.mp4,776,0,0,0,0,0,0,0
Cap_Phase1_140_L.mp4,777,0,0,0,0,0,0,0
Cap_Phase1_140_L.mp4,778,0,0,0,1,0,0,0
Cap_Phase1_140_L.mp4,779,0,0,0,1,0,0,0
Cap_Phase1_140_L.mp4,780,0,0,0,1,0,0,0
Cap_Phase1_140_L.mp4,781,0,0,1,1,0,0,0
Cap_Phase1_140_L.mp4,782,0,0,1,1,0,0,0
Cap_Phase1_140_L.mp4,783,0,0,1,1,0,0,0
Cap_Phase1_140_L.mp4,784,0,0,0,1,0,0,0
Cap_Phase1_140_L.mp4,785,0,0,0,1,0,0,0
Cap_Phase1_140_L.mp4,786,0,0,0,1,0,0,0
Cap_Phase1_140_L.mp4,787,0,0,0,1,0,0,0
Cap_Phase1_140_L.mp4,788,0,0,0,1,0,0,0
Cap_Phase1_140_L.mp4,789,0,0,0,1,0,0,0
Cap_Phase1_140_L.mp4,790,0,0,0,0,0,0,0
Cap_Phase1_140_L.mp4,791,0,0,0,0,0,0,0
Cap_Phase1_140_L.mp4,792,0,0,0,0,0,0,0
Cap_Phase1_140_L.mp4,793,0,0,0,0,0,0,0
Cap_Phase1_140_L.mp4,794,0,0,0,0,0,0,0
Cap_Phase1_140_L.mp4,795,0,0,0,0,0,0,0
Cap_Phase1_140_L.mp4,796,0,0,0,0,0,0,0
Cap_Phase1_140_L.mp4,797,0,0,0,0,0,0,0
Cap_Phase1_140_L.mp4,798,0,0,0,0,0,0,0
Cap_Phase1_140_L.mp4,799,0,0,0,0,0,0,0
Cap_Phase1_140_L.mp4,800,0,0,0,0,0,0,0
Cap_Phase1_140_L.mp4,801,0,0,0,0,0,0,0
Cap_Phase1_140_L.mp4,802,0,0,0,0,0,0,0
Cap_Phase1_140_L.mp4,803,0,0,0,0,0,0,0
Cap_Phase1_140_L.mp4,804,0,0,0,0,0,0,0
Cap_Phase1_140_L.mp4,805,0,0,0,0,1,0,0
Cap_Phase1_140_L.mp4,806,0,0,0,0,1,0,0
Cap_Phase1_140_L.mp4,807,0,0,0,0,1,0,0
Cap_Phase1_140_L.mp4,808,0,0,0,0,1,0,0
Cap_Phase1_140_L.mp4,809,0,0,0,0,1,0,0
Cap_Phase1_140_L.mp4,810,0,0,0,0,1,0,0
Cap_Phase1_140_L.mp4,811,0,0,0,0,1,0,0
Cap_Phase1_140_L.mp4,812,0,0,0,0,1,0,0
Cap_Phase1_140_L.mp4,813,0,0,0,0,1,0,0
Cap_Phase1_140_L.mp4,814,0,0,0,0,0,0,0
Cap_Phase1_140_L.mp4,815,0,0,0,0,0,0,0
Cap_Phase1_140_L.mp4,816,0,0,0,0,0,0,0
Cap_Phase1_140_L.mp4,817,0,0,0,0,0,0,0
Cap_Phase1_140_L.mp4,818,0,0,0,0,0,0,0
Cap_Phase1_140_L.mp4,819,0,0,0,0,0,0,0
Cap_Phase1_140_L.mp4,820,0,0,0,0,0,0,0
Cap_Phase1_140_L.mp4,821,0,0,0,0,0,0,0
Cap_Phase1_140_L.mp4,822,0,0,0,0,0,0,0
Cap_Phase1_140_L.mp4,823,0,0,0,0,0,0,0
Cap_Phase1_140_L.mp4,824,0,0,0,0,0,0,0
Cap_Phase1_140_L.mp4,825,0,0,0,0,0,0,0
Cap_Phase1_140_L.mp4,826,0,0,0,0,0,0,0
Cap_Phase1_140_L.mp4,827,0,0,0,0,0,0,0
Cap_Phase1_140_L.mp4,828,0,0,0,0,0,0,0
Cap_Phase1_140_L.mp4,829,0,0,0,0,0,0,0
Cap_Phase1_140_L.mp4,830,0,0,0,0,0,0,0
Cap_Phase1_140_L.mp4,831,0,0,0,0,0,1,0
Cap_Phase1_140_L.mp4,832,0,0,0,0,1,0,0
Cap_Phase1_140_L.mp4,833,0,0,0,0,1,0,0
Cap_Phase1_140_L.mp4,834,0,0,0,0,1,0,0
Cap_Phase1_140_L.mp4,835,0,0,0,0,1,0,0
Cap_Phase1_140_L.mp4,836,0,0,0,0,1,0,0
Cap_Phase1_140_L.mp4,837,0,0,0,0,1,0,0
Cap_Phase1_140_L.mp4,838,0,0,0,0,1,0,0
Cap_Phase1_140_L.mp4,839,0,0,0,0,1,0,0
Cap_Phase1_140_L.mp4,840,0,0,0,0,1,0,0
Cap_Phase1_140_L.mp4,841,0,0,0,0,1,0,0
Cap_Phase1_140_L.mp4,842,0,0,0,0,0,0,0
Cap_Phase1_140_L.mp4,843,0,0,0,0,0,0,0
Cap_Phase1_140_L.mp4,844,0,0,0,0,0,0,0
Cap_Phase1_140_L.mp4,845,0,0,0,0,0,0,0
Cap_Phase1_140_L.mp4,846,0,0,0,0,0,0,0
Cap_Phase1_140_L.mp4,847,0,0,0,0,0,0,0
Cap_Phase1_140_L.mp4,848,0,0,0,0,0,0,0
Cap_Phase1_140_L.mp4,849,0,0,0,0,0,0,0
Cap_Phase1_140_L.mp4,850,0,0,0,0,0,0,0
Cap_Phase1_140_L.mp4,851,0,0,0,0,0,0,0
Cap_Phase1_140_L.mp4,852,0,0,0,0,0,0,0
Cap_Phase1_140_L.mp4,853,0,0,0,0,0,0,0
Cap_Phase1_140_L.mp4,854,0,0,0,0,0,0,0
Cap_Phase1_140_L.mp4,855,0,0,0,0,0,0,0
Cap_Phase1_140_L.mp4,856,0,0,0,0,0,0,0
Cap_Phase1_140_L.mp4,857,0,0,0,0,0,0,0
Cap_Phase1_140_L.mp4,858,0,0,0,0,1,0,0
Cap_Phase1_140_L.mp4,859,0,0,0,0,1,0,0
Cap_Phase1_140_L.mp4,860,0,0,0,0,1,0,0
Cap_Phase1_140_L.mp4,861,0,0,0,0,1,0,0
Cap_Phase1_140_L.mp4,862,0,0,0,0,1,0,0
Cap_Phase1_140_L.mp4,863,0,0,0,0,1,0,0
Cap_Phase1_140_L.mp4,864,0,0,0,0,1,0,0
Cap_Phase1_140_L.mp4,865,0,0,0,0,1,0,0
Cap_Phase1_140_L.mp4,866,0,0,0,0,0,0,0
Cap_Phase1_140_L.mp4,867,0,0,0,0,0,0,0
Cap_Phase1_140_L.mp4,868,0,0,0,0,0,0,0
Cap_Phase1_140_L.mp4,869,0,0,0,0,0,0,0
Cap_Phase1_140_L.mp4,870,0,0,0,0,0,0,0
Cap_Phase1_140_L.mp4,871,0,0,0,0,0,0,0
Cap_Phase1_140_L.mp4,872,0,0,0,0,0,0,0
Cap_Phase1_140_L.mp4,873,0,0,0,0,0,0,0
Cap_Phase1_140_L.mp4,874,0,0,0,0,0,0,0
Cap_Phase1_140_L.mp4,875,0,0,0,0,0,0,0
Cap_Phase1_140_L.mp4,876,0,0,0,0,0,0,0
Cap_Phase1_140_L.mp4,877,0,0,0,0,0,0,0
Cap_Phase1_140_L.mp4,878,0,0,0,0,0,0,0
Cap_Phase1_140_L.mp4,879,0,0,0,0,0,0,0
Cap_Phase1_140_L.mp4,880,0,0,0,0,0,0,0
Cap_Phase1_140_L.mp4,881,0,0,0,1,0,0,0
Cap_Phase1_140_L.mp4,882,0,0,0,1,0,0,0
Cap_Phase1_140_L.mp4,883,0,0,0,1,0,0,0
Cap_Phase1_140_L.mp4,884,0,0,0,1,0,0,0
Cap_Phase1_140_L.mp4,885,0,0,0,1,0,0,0
Cap_Phase1_140_L.mp4,886,0,0,1,1,0,0,0
Cap_Phase1_140_L.mp4,887,0,0,0,1,0,0,0
Cap_Phase1_140_L.mp4,888,0,0,0,1,0,0,0
Cap_Phase1_140_L.mp4,889,0,0,0,1,0,0,0
Cap_Phase1_140_L.mp4,890,0,0,0,1,0,0,0
Cap_Phase1_140_L.mp4,891,0,0,0,0,0,0,0
Cap_Phase1_140_L.mp4,892,0,0,0,0,0,0,0
Cap_Phase1_140_L.mp4,893,0,0,0,0,0,0,0
Cap_Phase1_140_L.mp4,894,0,0,0,0,0,0,0
Cap_Phase1_140_L.mp4,895,0,0,0,0,0,0,0
Cap_Phase1_140_L.mp4,896,0,0,0,0,0,0,0
Cap_Phase1_140_L.mp4,897,0,0,0,0,0,0,0
Cap_Phase1_140_L.mp4,898,0,0,0,0,0,0,0
Cap_Phase1_140_L.mp4,899,0,0,0,0,0,0,0
Cap_Phase1_140_L.mp4,900,0,0,0,0,0,0,0
Cap_Phase1_140_L.mp4,901,0,0,0,0,0,0,0
Cap_Phase1_140_L.mp4,902,0,0,0,0,0,0,0
Cap_Phase1_140_L.mp4,903,0,0,0,0,0,0,0
Cap_Phase1_140_L.mp4,904,0,0,0,0,0,0,0
Cap_Phase1_140_L.mp4,905,0,0,0,0,0,0,0
Cap_Phase1_140_L.mp4,906,0,0,0,0,0,0,0
Cap_Phase1_140_L.mp4,907,0,0,1,1,0,0,0
Cap_Phase1_140_L.mp4,908,0,0,1,1,0,0,0
Cap_Phase1_140_L.mp4,909,0,0,1,1,0,0,0
Cap_Phase1_140_L.mp4,910,0,0,1,1,0,0,0
Cap_Phase1_140_L.mp4,911,0,0,1,1,0,0,0
Cap_Phase1_140_L.mp4,912,0,0,1,1,0,0,0
Cap_Phase1_140_L.mp4,913,0,0,1,1,0,0,0
Cap_Phase1_140_L.mp4,914,0,0,1,1,0,0,0
Cap_Phase1_140_L.mp4,915,0,0,1,1,0,0,0
Cap_Phase1_140_L.mp4,916,0,0,1,1,0,0,0
Cap_Phase1_140_L.mp4,917,0,0,1,1,0,0,0
Cap_Phase1_140_L.mp4,918,0,0,0,0,0,0,0
Cap_Phase1_140_L.mp4,919,0,0,0,0,0,0,0
Cap_Phase1_140_L.mp4,920,0,0,0,0,0,0,0
Cap_Phase1_140_L.mp4,921,0,0,0,0,0,0,0
Cap_Phase1_140_L.mp4,922,0,0,0,0,0,0,0
Cap_Phase1_140_L.mp4,923,0,0,0,0,0,0,0
Cap_Phase1_140_L.mp4,924,0,0,0,0,0,0,0
Cap_Phase1_140_L.mp4,925,0,0,0,0,0,0,0
Cap_Phase1_140_L.mp4,926,0,0,0,0,0,0,0
Cap_Phase1_140_L.mp4,927,0,0,0,0,0,0,0
Cap_Phase1_140_L.mp4,928,0,0,0,0,0,0,0
Cap_Phase1_140_L.mp4,929,0,0,0,0,0,0,0
Cap_Phase1_140_L.mp4,930,0,0,0,0,0,0,0
Cap_Phase1_140_L.mp4,931,0,0,0,0,0,0,0
Cap_Phase1_140_L.mp4,932,0,0,0,0,0,0,0
Cap_Phase1_140_L.mp4,933,0,0,0,0,1,0,0
Cap_Phase1_140_L.mp4,934,0,0,0,0,1,0,0
Cap_Phase1_140_L.mp4,935,0,0,0,0,1,0,0
Cap_Phase1_140_L.mp4,936,0,0,0,0,1,0,0
Cap_Phase1_140_L.mp4,937,0,0,0,0,1,0,0
Cap_Phase1_140_L.mp4,938,0,0,0,0,1,0,0
Cap_Phase1_140_L.mp4,939,0,0,0,0,1,0,0
Cap_Phase1_140_L.mp4,940,0,0,0,0,1,0,0
Cap_Phase1_140_L.mp4,941,0,0,0,0,1,0,0
Cap_Phase1_140_L.mp4,942,0,0,0,0,1,0,0
Cap_Phase1_140_L.mp4,943,0,0,0,0,0,0,0
Cap_Phase1_140_L.mp4,944,0,0,0,0,0,0,0
Cap_Phase1_140_L.mp4,945,0,0,0,0,0,0,0
Cap_Phase1_140_L.mp4,946,0,0,0,0,0,0,0
Cap_Phase1_140_L.mp4,947,0,0,0,0,0,0,0
Cap_Phase1_140_L.mp4,948,0,0,0,0,0,0,0
Cap_Phase1_140_L.mp4,949,0,0,0,0,0,0,0
Cap_Phase1_140_L.mp4,950,0,0,0,0,0,0,0
Cap_Phase1_140_L.mp4,951,0,0,0,0,0,0,0
Cap_Phase1_140_L.mp4,952,0,0,0,0,0,0,0
Cap_Phase1_140_L.mp4,953,0,0,0,0,0,0,0
Cap_Phase1_140_L.mp4,954,0,0,0,0,0,0,0
Cap_Phase1_140_L.mp4,955,0,0,0,0,0,0,0
Cap_Phase1_140_L.mp4,956,0,0,0,0,0,1,0
Cap_Phase1_140_L.mp4,957,0,0,0,0,0,1,0
Cap_Phase1_140_L.mp4,958,0,0,0,0,0,1,0
Cap_Phase1_140_L.mp4,959,0,0,0,0,0,1,0
Cap_Phase1_140_L.mp4,960,0,0,0,0,0,1,0
Cap_Phase1_140_L.mp4,961,0,0,0,0,0,1,0
Cap_Phase1_140_L.mp4,962,0,0,0,0,0,1,0
Cap_Phase1_140_L.mp4,963,0,0,0,0,0,1,0
Cap_Phase1_140_L.mp4,964,0,0,0,0,0,0,0
Cap_Phase1_140_L.mp4,965,0,0,0,0,0,0,0
Cap_Phase1_140_L.mp4,966,0,0,0,0,0,0,0
Cap_Phase1_140_L.mp4,967,0,0,0,0,0,0,0
Cap_Phase1_140_L.mp4,968,0,0,0,0,0,0,0
Cap_Phase1_140_L.mp4,969,0,0,0,0,0,0,0
Cap_Phase1_140_L.mp4,970,0,0,0,0,0,0,0
Cap_Phase1_140_L.mp4,971,0,0,0,0,0,0,0
Cap_Phase1_140_L.mp4,972,0,0,0,0,0,0,0
Cap_Phase1_140_L.mp4,973,0,0,0,0,0,0,0
Cap_Phase1_140_L.mp4,974,0,0,0,0,0,0,0
Cap_Phase1_140_L.mp4,975,0,0,0,0,0,0,0
Cap_Phase1_140_L.mp4,976,0,0,0,0,0,0,0
Cap_Phase1_140_L.mp4,977,0,0,0,0,0,0,0
Cap_Phase1_140_L.mp4,978,0,0,0,0,0,0,0
Cap_Phase1_140_L.mp4,979,0,0,0,0,0,0,0
Cap_Phase1_140_L.mp4,980,0,0,0,0,0,0,0
Cap_Phase1_140_L.mp4,981,0,0,0,0,0,0,0
Cap_Phase1_140_L.mp4,982,0,0,0,0,1,0,0
Cap_Phase1_140_L.mp4,983,0,0,0,0,1,0,0
Cap_Phase1_140_L.mp4,984,0,0,0,0,1,0,0
Cap_Phase1_140_L.mp4,985,0,0,0,0,1,0,0
Cap_Phase1_140_L.mp4,986,0,0,0,0,1,0,0
Cap_Phase1_140_L.mp4,987,0,0,0,0,1,0,0
Cap_Phase1_140_L.mp4,988,0,0,0,0,1,0,0
Cap_Phase1_140_L.mp4,989,0,0,0,0,1,0,0
Cap_Phase1_140_L.mp4,990,0,0,0,0,1,0,0
Cap_Phase1_140_L.mp4,991,0,0,0,0,1,0,0
Cap_Phase1_140_L.mp4,992,0,0,0,0,1,0,0
Cap_Phase1_140_L.mp4,993,0,0,0,0,0,0,0
Cap_Phase1_140_L.mp4,994,0,0,0,0,0,0,0
Cap_Phase1_140_L.mp4,995,0,0,0,0,0,0,0
Cap_Phase1_140_L.mp4,996,0,0,0,0,0,0,0
Cap_Phase1_140_L.mp4,997,0,0,0,0,0,0,0
Cap_Phase1_140_L.mp4,998,0,0,0,0,0,0,0
Cap_Phase1_140_L.mp4,999,0,0,0,0,0,0,0
Cap_Phase1_140_L.mp4,1000,0,0,0,0,0,0,0
Cap_Phase1_140_L.mp4,1001,0,0,0,0,0,0,0
Cap_Phase1_140_L.mp4,1002,0,0,0,0,0,0,0
Cap_Phase1_140_L.mp4,1003,0,0,0,0,0,0,0
Cap_Phase1_140_L.mp4,1004,0,0,0,0,0,0,0
Cap_Phase1_140_L.mp4,1005,0,0,0,0,0,0,0
Cap_Phase1_140_L.mp4,1006,0,0,0,0,0,0,0
Cap_Phase1_140_L.mp4,1007,0,0,0,0,0,0,0
Cap_Phase1_140_L.mp4,1008,0,0,0,0,0,0,0
Cap_Phase1_140_L.mp4,1009,0,0,0,0,0,0,0
Cap_Phase1_140_L.mp4,1010,0,0,0,0,0,0,0
Cap_Phase1_140_L.mp4,1011,0,0,1,1,0,0,0
Cap_Phase1_140_L.mp4,1012,0,0,0,1,0,0,0
Cap_Phase1_140_L.mp4,1013,0,0,0,1,0,0,0
Cap_Phase1_140_L.mp4,1014,0,0,0,1,0,0,0
Cap_Phase1_140_L.mp4,1015,0,0,0,1,0,0,0
Cap_Phase1_140_L.mp4,1016,0,0,0,1,0,0,0
Cap_Phase1_140_L.mp4,1017,0,0,0,1,0,0,0
Cap_Phase1_140_L.mp4,1018,0,0,0,0,0,0,0
Cap_Phase1_140_L.mp4,1019,0,0,0,0,0,0,0
Cap_Phase1_140_L.mp4,1020,0,0,0,0,0,0,0
Cap_Phase1_140_L.mp4,1021,0,0,0,0,0,0,0
Cap_Phase1_140_L.mp4,1022,0,0,0,0,0,0,0
Cap_Phase1_140_L.mp4,1023,0,0,0,0,0,0,0
Cap_Phase1_140_L.mp4,1024,0,0,0,0,0,0,0
Cap_Phase1_140_L.mp4,1025,0,0,0,0,0,0,0
Cap_Phase1_140_L.mp4,1026,0,0,0,0,0,0,0
Cap_Phase1_140_L.mp4,1027,0,0,0,0,0,0,0
Cap_Phase1_140_L.mp4,1028,0,0,0,0,0,0,0
Cap_Phase1_140_L.mp4,1029,0,0,0,0,0,0,0
Cap_Phase1_140_L.mp4,1030,0,0,0,0,0,0,0
Cap_Phase1_140_L.mp4,1031,0,0,0,0,0,0,0
Cap_Phase1_140_L.mp4,1032,0,0,0,0,0,0,0
Cap_Phase1_140_L.mp4,1033,0,0,0,0,0,0,0
Cap_Phase1_140_L.mp4,1034,0,0,0,0,0,0,0
Cap_Phase1_140_L.mp4,1035,0,0,0,0,0,0,0
Cap_Phase1_140_L.mp4,1036,0,0,0,1,0,0,0
Cap_Phase1_140_L.mp4,1037,0,0,1,1,0,0,0
Cap_Phase1_140_L.mp4,1038,0,0,1,1,0,0,0
Cap_Phase1_140_L.mp4,1039,0,0,1,1,0,0,0
Cap_Phase1_140_L.mp4,1040,0,0,1,1,0,0,0
Cap_Phase1_140_L.mp4,1041,0,0,1,1,0,0,0
Cap_Phase1_140_L.mp4,1042,0,0,1,1,0,0,0
Cap_Phase1_140_L.mp4,1043,0,0,1,1,0,0,0
Cap_Phase1_140_L.mp4,1044,0,0,1,1,0,0,0
Cap_Phase1_140_L.mp4,1045,0,0,1,1,0,0,0
Cap_Phase1_140_L.mp4,1046,0,0,1,1,0,0,0
Cap_Phase1_140_L.mp4,1047,0,0,1,1,0,0,0
Cap_Phase1_140_L.mp4,1048,0,0,0,0,0,0,0
Cap_Phase1_140_L.mp4,1049,0,0,0,0,0,0,0
Cap_Phase1_140_L.mp4,1050,0,0,0,0,0,0,0
Cap_Phase1_140_L.mp4,1051,0,0,0,0,0,0,0
Cap_Phase1_140_L.mp4,1052,0,0,0,0,0,0,0
Cap_Phase1_140_L.mp4,1053,0,0,0,0,0,0,0
Cap_Phase1_140_L.mp4,1054,0,0,0,0,0,0,0
Cap_Phase1_140_L.mp4,1055,0,0,0,0,0,0,0
Cap_Phase1_140_L.mp4,1056,0,0,0,0,0,0,0
Cap_Phase1_140_L.mp4,1057,0,0,0,0,0,0,0
Cap_Phase1_140_L.mp4,1058,0,0,0,0,0,0,0
Cap_Phase1_140_L.mp4,1059,0,0,0,0,0,0,0
Cap_Phase1_140_L.mp4,1060,0,0,0,1,0,0,0
Cap_Phase1_140_L.mp4,1061,0,0,0,1,0,0,0
Cap_Phase1_140_L.mp4,1062,0,0,0,1,0,0,0
Cap_Phase1_140_L.mp4,1063,0,0,0,1,0,0,0
Cap_Phase1_140_L.mp4,1064,0,0,0,1,0,0,0
Cap_Phase1_140_L.mp4,1065,0,0,0,1,0,0,0
Cap_Phase1_140_L.mp4,1066,0,0,0,1,0,0,0
Cap_Phase1_140_L.mp4,1067,0,0,0,1,0,0,0
Cap_Phase1_140_L.mp4,1068,0,0,0,1,0,0,0
Cap_Phase1_140_L.mp4,1069,0,0,0,1,0,0,0
Cap_Phase1_140_L.mp4,1070,0,0,0,1,0,0,0
Cap_Phase1_140_L.mp4,1071,0,0,0,1,0,0,0
Cap_Phase1_140_L.mp4,1072,0,0,0,0,0,0,0
Cap_Phase1_140_L.mp4,1073,0,0,0,0,0,0,0
Cap_Phase1_140_L.mp4,1074,0,0,0,0,0,0,0
Cap_Phase1_140_L.mp4,1075,0,0,0,0,0,0,0
Cap_Phase1_140_L.mp4,1076,0,0,0,0,0,0,0
Cap_Phase1_140_L.mp4,1077,0,0,0,0,0,0,0
Cap_Phase1_140_L.mp4,1078,0,0,0,0,0,0,0
Cap_Phase1_140_L.mp4,1079,0,0,0,0,0,0,0
Cap_Phase1_140_L.mp4,1080,0,0,0,0,0,0,0
Cap_Phase1_140_L.mp4,1081,0,0,0,0,0,0,0
Cap_Phase1_140_L.mp4,1082,0,0,0,0,0,0,0
Cap_Phase1_140_L.mp4,1083,0,0,0,0,0,0,0
Cap_Phase1_140_L.mp4,1084,0,0,0,0,0,0,0
Cap_Phase1_140_L.mp4,1085,0,0,0,0,0,0,0
Cap_Phase1_140_L.mp4,1086,0,0,0,0,0,0,0
Cap_Phase1_140_L.mp4,1087,0,0,0,0,1,0,0
Cap_Phase1_140_L.mp4,1088,0,0,0,0,1,0,0
Cap_Phase1_140_L.mp4,1089,0,0,0,0,1,0,0
Cap_Phase1_140_L.mp4,1090,0,0,0,0,1,0,0
Cap_Phase1_140_L.mp4,1091,0,0,0,0,1,0,0
Cap_Phase1_140_L.mp4,1092,0,0,0,0,1,0,0
Cap_Phase1_140_L.mp4,1093,0,0,0,0,1,0,0
Cap_Phase1_140_L.mp4,1094,0,0,0,0,1,0,0
Cap_Phase1_140_L.mp4,1095,0,0,0,0,1,0,0
Cap_Phase1_140_L.mp4,1096,0,0,0,0,1,0,0
Cap_Phase1_140_L.mp4,1097,0,0,0,0,0,0,0
Cap_Phase1_140_L.mp4,1098,0,0,0,0,0,0,0
Cap_Phase1_140_L.mp4,1099,0,0,0,0,0,0,0
Cap_Phase1_140_L.mp4,1100,0,0,0,0,0,0,0
Cap_Phase1_140_L.mp4,1101,0,0,0,0,0,0,0
Cap_Phase1_140_L.mp4,1102,0,0,0,0,0,0,0
Cap_Phase1_140_L.mp4,1103,0,0,0,0,0,0,0
Cap_Phase1_140_L.mp4,1104,0,0,0,0,0,0,0
Cap_Phase1_140_L.mp4,1105,0,0,0,0,0,0,0
Cap_Phase1_140_L.mp4,1106,0,0,0,0,0,0,0
Cap_Phase1_140_L.mp4,1107,0,0,0,0,0,0,0
Cap_Phase1_140_L.mp4,1108,0,0,0,0,0,0,0
Cap_Phase1_140_L.mp4,1109,0,0,0,0,0,0,0
Cap_Phase1_140_L.mp4,1110,0,0,0,0,1,0,0
Cap_Phase1_140_L.mp4,1111,0,0,0,0,1,0,0
Cap_Phase1_140_L.mp4,1112,0,0,0,0,1,0,0
Cap_Phase1_140_L.mp4,1113,0,0,0,0,1,0,0
Cap_Phase1_140_L.mp4,1114,0,0,0,0,1,0,0
Cap_Phase1_140_L.mp4,1115,0,0,0,0,1,0,0
Cap_Phase1_140_L.mp4,1116,0,0,0,0,1,0,0
Cap_Phase1_140_L.mp4,1117,0,0,0,0,1,0,0
Cap_Phase1_140_L.mp4,1118,0,0,0,0,1,0,0
Cap_Phase1_140_L.mp4,1119,0,0,0,0,1,0,0
Cap_Phase1_140_L.mp4,1120,0,0,0,0,1,0,0
Cap_Phase1_140_L.mp4,1121,0,0,0,0,0,0,0
Cap_Phase1_140_L.mp4,1122,0,0,0,0,0,0,0
Cap_Phase1_140_L.mp4,1123,0,0,0,0,0,0,0
Cap_Phase1_140_L.mp4,1124,0,0,0,0,0,0,0
Cap_Phase1_140_L.mp4,1125,0,0,0,0,0,0,0
Cap_Phase1_140_L.mp4,1126,0,0,0,0,0,0,0
Cap_Phase1_140_L.mp4,1127,0,0,0,0,0,0,0
Cap_Phase1_140_L.mp4,1128,0,0,0,0,0,0,0
Cap_Phase1_140_L.mp4,1129,0,0,0,0,0,0,0
Cap_Phase1_140_L.mp4,1130,0,0,0,0,0,0,0
Cap_Phase1_140_L.mp4,1131,0,0,0,0,0,0,0
Cap_Phase1_140_L.mp4,1132,0,0,0,0,0,0,0
Cap_Phase1_140_L.mp4,1133,0,0,0,0,0,0,0
Cap_Phase1_140_L.mp4,1134,0,0,0,0,0,0,0
Cap_Phase1_140_L.mp4,1135,0,0,0,0,0,1,0
Cap_Phase1_140_L.mp4,1136,0,0,0,0,0,1,0
Cap_Phase1_140_L.mp4,1137,0,0,0,0,0,1,0
Cap_Phase1_140_L.mp4,1138,0,0,0,0,0,1,0
Cap_Phase1_140_L.mp4,1139,0,0,0,0,0,1,0
Cap_Phase1_140_L.mp4,1140,0,0,0,0,0,1,0
Cap_Phase1_140_L.mp4,1141,0,0,0,0,0,1,0
Cap_Phase1_140_L.mp4,1142,0,0,0,0,0,1,0
Cap_Phase1_140_L.mp4,1143,0,0,0,0,0,1,0
Cap_Phase1_140_L.mp4,1144,0,0,0,0,0,1,0
Cap_Phase1_140_L.mp4,1145,0,0,0,0,0,0,0
Cap_Phase1_140_L.mp4,1146,0,0,0,0,0,0,0
Cap_Phase1_140_L.mp4,1147,0,0,0,0,0,0,0
Cap_Phase1_140_L.mp4,1148,0,0,0,0,0,0,0
Cap_Phase1_140_L.mp4,1149,0,0,0,0,0,0,0
Cap_Phase1_140_L.mp4,1150,0,0,0,0,0,0,0
Cap_Phase1_140_L.mp4,1151,0,0,0,0,0,0,0
Cap_Phase1_140_L.mp4,1152,0,0,0,0,0,0,0
Cap_Phase1_140_L.mp4,1153,0,0,0,0,0,0,0
Cap_Phase1_140_L.mp4,1154,0,0,0,0,0,0,0
Cap_Phase1_140_L.mp4,1155,0,0,0,0,0,0,0
Cap_Phase1_140_L.mp4,1156,0,0,0,0,0,0,0
Cap_Phase1_140_L.mp4,1157,0,0,0,0,0,0,0
Cap_Phase1_140_L.mp4,1158,0,0,0,0,0,0,0
Cap_Phase1_140_L.mp4,1159,0,0,0,0,0,0,0
Cap_Phase1_140_L.mp4,1160,0,0,0,0,0,0,0
Cap_Phase1_140_L.mp4,1161,0,0,0,0,1,0,0
Cap_Phase1_140_L.mp4,1162,0,0,0,0,1,0,0
Cap_Phase1_140_L.mp4,1163,0,0,0,0,1,0,0
Cap_Phase1_140_L.mp4,1164,0,0,0,0,1,0,0
Cap_Phase1_140_L.mp4,1165,0,0,0,0,1,0,0
Cap_Phase1_140_L.mp4,1166,0,0,0,0,1,0,0
Cap_Phase1_140_L.mp4,1167,0,0,0,0,1,0,0
Cap_Phase1_140_L.mp4,1168,0,0,0,0,1,0,0
Cap_Phase1_140_L.mp4,1169,0,0,0,0,1,0,0
Cap_Phase1_140_L.mp4,1170,0,0,0,0,0,0,0
Cap_Phase1_140_L.mp4,1171,0,0,0,0,0,0,0
Cap_Phase1_140_L.mp4,1172,0,0,0,0,0,0,0
Cap_Phase1_140_L.mp4,1173,0,0,0,0,0,0,0
Cap_Phase1_140_L.mp4,1174,0,0,0,0,0,0,0
Cap_Phase1_140_L.mp4,1175,0,0,0,0,0,0,0
Cap_Phase1_140_L.mp4,1176,0,0,0,0,0,0,0
Cap_Phase1_140_L.mp4,1177,0,0,0,0,0,0,0
Cap_Phase1_140_L.mp4,1178,0,0,0,0,0,0,0
Cap_Phase1_140_L.mp4,1179,0,0,0,0,0,0,0
Cap_Phase1_140_L.mp4,1180,0,0,0,0,0,0,0
Cap_Phase1_140_L.mp4,1181,0,0,0,0,0,0,0
Cap_Phase1_140_L.mp4,1182,0,0,0,0,0,0,0
Cap_Phase1_140_L.mp4,1183,0,0,0,0,0,0,0
Cap_Phase1_140_L.mp4,1184,0,0,0,0,0,0,0
Cap_Phase1_140_L.mp4,1185,0,0,0,0,0,0,0
Cap_Phase1_140_L.mp4,1186,0,0,0,0,0,0,0
Cap_Phase1_140_L.mp4,1187,0,0,0,1,0,0,0
Cap_Phase1_140_L.mp4,1188,0,0,0,1,0,0,0
Cap_Phase1_140_L.mp4,1189,0,0,0,1,0,0,0
Cap_Phase1_140_L.mp4,1190,0,0,0,1,0,0,0
Cap_Phase1_140_L.mp4,1191,0,0,0,1,0,0,0
Cap_Phase1_140_L.mp4,1192,0,0,0,1,0,0,0
Cap_Phase1_140_L.mp4,1193,0,0,0,1,0,0,0
Cap_Phase1_140_L.mp4,1194,0,0,0,1,0,0,0
Cap_Phase1_140_L.mp4,1195,0,0,0,1,0,0,0
Cap_Phase1_140_L.mp4,1196,0,0,0,1,0,0,0
Cap_Phase1_140_L.mp4,1197,0,0,0,1,0,0,0
Cap_Phase1_140_L.mp4,1198,0,0,0,0,0,0,0
Cap_Phase1_140_L.mp4,1199,0,0,0,0,0,0,0
Cap_Phase1_140_L.mp4,1200,0,0,0,0,0,0,0
Cap_Phase1_140_L.mp4,1201,0,0,0,0,0,0,0
Cap_Phase1_140_L.mp4,1202,0,0,0,0,0,0,0
Cap_Phase1_140_L.mp4,1203,0,0,0,0,0,0,0
Cap_Phase1_140_L.mp4,1204,0,0,0,0,0,0,0
Cap_Phase1_140_L.mp4,1205,0,0,0,0,0,0,0
Cap_Phase1_140_L.mp4,1206,0,0,0,0,0,0,0
Cap_Phase1_140_L.mp4,1207,0,0,0,0,0,0,0
Cap_Phase1_140_L.mp4,1208,0,0,0,0,0,0,0
Cap_Phase1_140_L.mp4,1209,0,0,0,0,0,0,0
Cap_Phase1_140_L.mp4,1210,0,0,0,0,0,0,0
Cap_Phase1_140_L.mp4,1211,0,0,0,0,0,0,0
Cap_Phase1_140_L.mp4,1212,0,0,0,0,0,0,0
Cap_Phase1_140_L.mp4,1213,0,0,0,0,0,0,0
Cap_Phase1_140_L.mp4,1214,0,0,0,0,0,0,0
Cap_Phase1_140_L.mp4,1215,0,0,0,0,0,0,0
Cap_Phase1_140_L.mp4,1216,0,0,0,0,0,0,0
Cap_Phase1_140_L.mp4,1217,0,0,0,0,1,0,0
Cap_Phase1_140_L.mp4,1218,0,0,0,0,1,0,0
Cap_Phase1_140_L.mp4,1219,0,0,0,0,1,0,0
Cap_Phase1_140_L.mp4,1220,0,0,0,0,1,0,0
Cap_Phase1_140_L.mp4,1221,0,0,0,0,1,0,0
Cap_Phase1_140_L.mp4,1222,0,0,0,0,1,0,0
Cap_Phase1_140_L.mp4,1223,0,0,0,0,1,0,0
Cap_Phase1_140_L.mp4,1224,0,0,0,0,1,1,0
Cap_Phase1_140_L.mp4,1225,0,0,0,0,1,1,0
Cap_Phase1_140_L.mp4,1226,0,0,0,0,1,0,0
Cap_Phase1_140_L.mp4,1227,0,0,0,0,1,0,0
Cap_Phase1_140_L.mp4,1228,0,0,0,0,1,0,0
Cap_Phase1_140_L.mp4,1229,0,0,0,0,1,0,0
Cap_Phase1_140_L.mp4,1230,0,0,0,0,1,0,0
Cap_Phase1_140_L.mp4,1231,0,0,0,0,1,0,0
Cap_Phase1_140_L.mp4,1232,0,0,0,0,1,0,0
Cap_Phase1_140_L.mp4,1233,0,0,0,0,1,0,0
Cap_Phase1_140_L.mp4,1234,0,0,0,0,0,0,0
Cap_Phase1_140_L.mp4,1235,0,0,0,0,0,0,0
Cap_Phase1_140_L.mp4,1236,0,0,0,0,0,0,0
Cap_Phase1_140_L.mp4,1237,0,0,0,0,0,0,0
Cap_Phase1_140_L.mp4,1238,0,0,0,0,0,0,0
Cap_Phase1_140_L.mp4,1239,0,0,0,0,0,0,0
Cap_Phase1_140_L.mp4,1240,0,0,0,0,0,0,0
Cap_Phase1_140_L.mp4,1241,0,0,0,0,0,0,0
Cap_Phase1_140_L.mp4,1242,0,0,0,0,0,0,0
Cap_Phase1_140_L.mp4,1243,0,0,0,0,0,0,0
Cap_Phase1_140_L.mp4,1244,0,0,0,0,0,0,0
Cap_Phase1_140_L.mp4,1245,0,0,0,0,0,0,0
Cap_Phase1_140_L.mp4,1246,0,0,0,0,0,0,0
Cap_Phase1_140_L.mp4,1247,0,0,0,0,0,0,0
Cap_Phase1_140_L.mp4,1248,0,0,0,0,0,0,0
Cap_Phase1_140_L.mp4,1249,0,0,0,0,0,0,0
Cap_Phase1_140_L.mp4,1250,0,0,0,0,0,0,0
Cap_Phase1_140_L.mp4,1251,0,0,0,0,0,0,0
Cap_Phase1_140_L.mp4,1252,0,0,0,0,0,0,0
Cap_Phase1_140_L.mp4,1253,0,0,0,0,0,0,0
Cap_Phase1_140_L.mp4,1254,0,0,0,0,0,0,0
Cap_Phase1_140_L.mp4,1255,0,0,0,0,0,0,0
Cap_Phase1_140_L.mp4,1256,0,0,0,0,0,0,0
Cap_Phase1_140_L.mp4,1257,0,0,0,0,0,0,0
Cap_Phase1_140_L.mp4,1258,0,0,0,0,0,0,0
Cap_Phase1_140_L.mp4,1259,0,0,0,0,0,0,0
Cap_Phase1_140_L.mp4,1260,0,0,0,0,0,0,0
Cap_Phase1_140_L.mp4,1261,0,0,0,0,0,0,0
Cap_Phase1_140_L.mp4,1262,0,0,0,0,0,0,0
Cap_Phase1_140_L.mp4,1263,0,0,0,0,0,0,0
Cap_Phase1_140_L.mp4,1264,0,0,0,0,0,0,0
Cap_Phase1_140_L.mp4,1265,0,0,0,0,0,0,0
Cap_Phase1_140_L.mp4,1266,0,0,0,0,0,0,0
Cap_Phase1_140_L.mp4,1267,0,0,0,0,0,0,0
Cap_Phase1_140_L.mp4,1268,0,0,0,0,0,0,0
Cap_Phase1_140_L.mp4,1269,0,0,0,0,0,0,0
Cap_Phase1_140_L.mp4,1270,0,0,0,0,0,0,0
Cap_Phase1_140_L.mp4,1271,0,0,0,0,0,0,0
Cap_Phase1_140_L.mp4,1272,0,0,0,0,0,0,0
Cap_Phase1_140_L.mp4,1273,0,0,0,0,0,0,0
Cap_Phase1_140_L.mp4,1274,0,0,0,0,0,0,0
Cap_Phase1_140_L.mp4,1275,0,0,0,0,0,0,0
Cap_Phase1_140_L.mp4,1276,0,0,0,0,0,0,0
Cap_Phase1_140_L.mp4,1277,0,0,0,0,0,0,0
Cap_Phase1_140_L.mp4,1278,0,0,0,0,0,0,0
Cap_Phase1_140_L.mp4,1279,0,0,0,0,0,0,0
Cap_Phase1_140_L.mp4,1280,0,0,0,0,0,0,0
Cap_Phase1_140_L.mp4,1281,0,0,0,0,0,0,0
Cap_Phase1_140_L.mp4,1282,0,0,0,0,0,0,0
Cap_Phase1_140_L.mp4,1283,0,0,0,0,0,0,0
Cap_Phase1_140_L.mp4,1284,0,0,0,0,0,0,0
Cap_Phase1_140_L.mp4,1285,0,0,0,0,0,0,0
Cap_Phase1_140_L.mp4,1286,0,0,0,0,0,0,0
Cap_Phase1_140_L.mp4,1287,0,0,0,0,0,0,0
Cap_Phase1_140_L.mp4,1288,0,0,0,0,0,0,0
Cap_Phase1_140_L.mp4,1289,0,0,0,0,0,0,0
Cap_Phase1_140_L.mp4,1290,0,0,0,0,0,0,0
Cap_Phase1_140_L.mp4,1291,0,0,0,0,0,0,0
Cap_Phase1_140_L.mp4,1292,0,0,0,0,0,0,0
Cap_Phase1_140_L.mp4,1293,0,0,0,0,0,0,0
Cap_Phase1_140_L.mp4,1294,0,0,0,0,0,0,0
Cap_Phase1_140_L.mp4,1295,0,0,0,0,0,0,0
Cap_Phase1_140_L.mp4,1296,0,0,0,0,0,0,0
Cap_Phase1_140_L.mp4,1297,0,0,0,0,0,0,0
Cap_Phase1_140_L.mp4,1298,0,0,0,0,0,0,0
Cap_Phase1_140_L.mp4,1299,0,0,0,0,0,0,0
Cap_Phase1_140_L.mp4,1300,0,0,0,0,0,0,0
Cap_Phase1_140_L.mp4,1301,0,0,0,0,0,0,0
Cap_Phase1_140_L.mp4,1302,0,0,0,0,0,0,0
Cap_Phase1_140_L.mp4,1303,0,0,0,0,0,0,0
Cap_Phase1_140_L.mp4,1304,0,0,0,0,0,0,0
Cap_Phase1_140_L.mp4,1305,0,0,0,0,0,0,0
Cap_Phase1_140_L.mp4,1306,0,0,0,0,0,0,0
Cap_Phase1_140_L.mp4,1307,0,0,0,0,0,0,0
Cap_Phase1_140_L.mp4,1308,0,0,0,0,0,0,0
Cap_Phase1_140_L.mp4,1309,0,0,0,0,0,0,0
Cap_Phase1_140_L.mp4,1310,0,0,0,0,0,0,0
Cap_Phase1_140_L.mp4,1311,0,0,0,0,0,0,0
Cap_Phase1_140_L.mp4,1312,0,0,0,0,0,0,0
Cap_Phase1_140_L.mp4,1313,0,0,0,0,0,0,0
Cap_Phase1_140_L.mp4,1314,0,0,0,0,0,0,0
Cap_Phase1_140_L.mp4,1315,0,0,0,0,0,0,0
Cap_Phase1_140_L.mp4,1316,0,0,0,0,0,0,0
Cap_Phase1_140_L.mp4,1317,0,0,0,0,0,0,0
Cap_Phase1_140_L.mp4,1318,0,0,0,0,0,0,0
Cap_Phase1_140_L.mp4,1319,0,0,0,0,0,0,0
Cap_Phase1_140_L.mp4,1320,0,0,0,0,0,0,0
Cap_Phase1_140_L.mp4,1321,0,0,0,0,0,0,0
Cap_Phase1_140_L.mp4,1322,0,0,0,0,0,0,0
Cap_Phase1_140_L.mp4,1323,0,0,0,0,0,0,0
Cap_Phase1_140_L.mp4,1324,0,0,0,0,0,0,0
Cap_Phase1_140_L.mp4,1325,0,0,0,0,0,0,0
Cap_Phase1_140_L.mp4,1326,0,0,0,0,0,0,0
Cap_Phase1_140_L.mp4,1327,0,0,0,0,0,0,0
Cap_Phase1_140_L.mp4,1328,0,0,0,0,0,0,0
Cap_Phase1_140_L.mp4,1329,0,0,0,0,0,0,0
Cap_Phase1_140_L.mp4,1330,0,0,0,0,0,0,0
Cap_Phase1_140_L.mp4,1331,0,0,0,0,0,0,0
Cap_Phase1_140_L.mp4,1332,0,0,0,0,0,0,0
Cap_Phase1_140_L.mp4,1333,0,0,0,0,0,0,0
Cap_Phase1_140_L.mp4,1334,0,0,0,0,0,0,0
Cap_Phase1_140_L.mp4,1335,0,0,0,0,0,0,0
Cap_Phase1_140_L.mp4,1336,0,0,0,0,0,0,0
Cap_Phase1_140_L.mp4,1337,0,0,0,0,0,0,0
Cap_Phase1_140_L.mp4,1338,0,0,0,0,0,0,0
Cap_Phase1_140_L.mp4,1339,0,0,0,0,0,0,0
Cap_Phase1_140_L.mp4,1340,0,0,0,0,0,0,0
Cap_Phase1_140_L.mp4,1341,0,0,0,0,0,0,0
Cap_Phase1_140_L.mp4,1342,0,0,0,0,0,0,0
Cap_Phase1_140_L.mp4,1343,0,0,0,0,0,0,0
Cap_Phase1_140_L.mp4,1344,0,0,0,0,0,0,0
Cap_Phase1_140_L.mp4,1345,0,0,0,0,0,0,0
Cap_Phase1_140_L.mp4,1346,0,0,0,0,0,0,0
Cap_Phase1_140_L.mp4,1347,0,0,0,0,0,0,0
Cap_Phase1_140_L.mp4,1348,0,0,0,0,0,0,0
Cap_Phase1_140_L.mp4,1349,0,0,0,0,0,0,0
Cap_Phase1_140_L.mp4,1350,0,0,0,0,0,0,0
Cap_Phase1_140_L.mp4,1351,0,0,0,0,0,0,0
Cap_Phase1_140_L.mp4,1352,0,0,0,0,0,0,0
Cap_Phase1_140_L.mp4,1353,0,0,0,0,0,0,0
Cap_Phase1_140_L.mp4,1354,0,0,0,0,0,0,0
Cap_Phase1_140_L.mp4,1355,0,0,0,0,0,0,0
Cap_Phase1_140_L.mp4,1356,0,0,0,0,0,0,0
Cap_Phase1_140_L.mp4,1357,0,0,0,0,0,0,0
Cap_Phase1_140_L.mp4,1358,0,0,0,0,0,0,0
Cap_Phase1_140_L.mp4,1359,0,0,0,0,0,0,0
Cap_Phase1_140_L.mp4,1360,0,0,0,0,0,0,0
Cap_Phase1_140_L.mp4,1361,0,0,0,0,0,0,0
Cap_Phase1_140_L.mp4,1362,0,0,0,0,0,0,0
Cap_Phase1_140_L.mp4,1363,0,0,0,0,0,0,0
Cap_Phase1_140_L.mp4,1364,0,0,0,0,0,0,0
Cap_Phase1_140_L.mp4,1365,0,0,0,0,0,0,0
Cap_Phase1_140_L.mp4,1366,0,0,0,0,0,0,0
Cap_Phase1_140_L.mp4,1367,0,0,0,0,0,0,0
Cap_Phase1_140_L.mp4,1368,0,0,0,0,0,0,0
Cap_Phase1_140_L.mp4,1369,0,0,0,0,0,0,0
Cap_Phase1_140_L.mp4,1370,0,0,0,0,0,0,0
Cap_Phase1_140_L.mp4,1371,0,0,0,0,0,0,0
Cap_Phase1_140_L.mp4,1372,0,0,0,0,0,0,0
Cap_Phase1_140_L.mp4,1373,0,0,0,0,0,0,0
Cap_Phase1_140_L.mp4,1374,0,0,0,0,0,0,0
Cap_Phase1_140_L.mp4,1375,0,0,0,0,0,0,0
Cap_Phase1_140_L.mp4,1376,0,0,0,0,0,0,0
Cap_Phase1_140_L.mp4,1377,0,0,0,0,0,0,0
Cap_Phase1_140_L.mp4,1378,0,0,0,0,0,0,0
Cap_Phase1_140_L.mp4,1379,0,0,0,0,0,0,0
Cap_Phase1_140_L.mp4,1380,0,0,0,0,0,0,0
Cap_Phase1_140_L.mp4,1381,0,0,0,0,0,0,0
Cap_Phase1_140_L.mp4,1382,0,0,0,0,0,0,0
Cap_Phase1_140_L.mp4,1383,0,0,0,0,0,0,0
Cap_Phase1_140_L.mp4,1384,0,0,0,0,0,0,0
Cap_Phase1_140_L.mp4,1385,0,0,0,0,0,0,0
Cap_Phase1_140_L.mp4,1386,0,0,0,0,0,0,0
Cap_Phase1_140_L.mp4,1387,0,0,0,0,0,0,0
Cap_Phase1_140_L.mp4,1388,0,0,0,0,0,0,0
Cap_Phase1_140_L.mp4,1389,0,0,0,0,0,0,0
Cap_Phase1_140_L.mp4,1390,0,0,0,0,0,0,0
Cap_Phase1_140_L.mp4,1391,0,0,0,0,0,0,0
Cap_Phase1_140_L.mp4,1392,0,0,0,0,0,0,0
Cap_Phase1_140_L.mp4,1393,0,0,0,0,0,0,0
Cap_Phase1_140_L.mp4,1394,0,0,0,0,0,0,0
Cap_Phase1_140_L.mp4,1395,0,0,0,0,0,0,0
Cap_Phase1_140_L.mp4,1396,0,0,0,0,0,0,0
Cap_Phase1_140_L.mp4,1397,0,0,0,0,0,0,0
Cap_Phase1_140_L.mp4,1398,0,0,0,0,0,0,0
Cap_Phase1_140_L.mp4,1399,0,0,0,0,0,0,0
Cap_Phase1_140_L.mp4,1400,0,0,0,0,0,0,0
Cap_Phase1_140_L.mp4,1401,0,0,0,0,0,0,0
Cap_Phase1_140_L.mp4,1402,0,0,0,0,0,0,0
Cap_Phase1_140_L.mp4,1403,0,0,0,0,0,0,0
Cap_Phase1_140_L.mp4,1404,0,0,0,0,0,0,0
Cap_Phase1_140_L.mp4,1405,0,0,0,0,0,0,0
Cap_Phase1_140_L.mp4,1406,0,0,0,0,0,0,0
Cap_Phase1_140_L.mp4,1407,0,0,0,0,0,0,0
Cap_Phase1_140_L.mp4,1408,0,0,0,0,0,0,0
Cap_Phase1_140_L.mp4,1409,0,0,0,0,0,0,0
Cap_Phase1_140_L.mp4,1410,0,0,0,0,0,0,0
Cap_Phase1_140_L.mp4,1411,0,0,0,0,0,0,0
Cap_Phase1_140_L.mp4,1412,0,0,0,0,0,0,0
Cap_Phase1_140_L.mp4,1413,0,0,0,0,0,0,0
Cap_Phase1_140_L.mp4,1414,0,0,0,0,0,0,0
Cap_Phase1_140_L.mp4,1415,0,0,0,0,0,0,0
Cap_Phase1_140_L.mp4,1416,0,0,0,0,0,0,0
Cap_Phase1_140_L.mp4,1417,0,0,0,0,0,0,0
Cap_Phase1_140_L.mp4,1418,0,0,0,0,0,0,0
Cap_Phase1_140_L.mp4,1419,0,0,0,0,0,0,0
Cap_Phase1_140_L.mp4,1420,0,0,0,0,0,0,0
Cap_Phase1_140_L.mp4,1421,0,0,0,0,0,0,0
Cap_Phase1_140_L.mp4,1422,0,0,0,0,0,0,0
Cap_Phase1_140_L.mp4,1423,0,0,0,0,0,0,0
Cap_Phase1_140_L.mp4,1424,0,0,0,0,0,0,0
Cap_Phase1_140_L.mp4,1425,0,0,0,0,0,0,0
Cap_Phase1_140_L.mp4,1426,0,0,0,0,0,0,0
Cap_Phase1_140_L.mp4,1427,0,0,0,0,0,0,0
Cap_Phase1_140_L.mp4,1428,0,0,0,0,0,0,0
Cap_Phase1_140_L.mp4,1429,0,0,0,0,0,0,0
Cap_Phase1_140_L.mp4,1430,0,0,0,0,0,0,0
Cap_Phase1_140_L.mp4,1431,0,0,0,0,0,0,0
Cap_Phase1_140_L.mp4,1432,0,0,0,0,0,0,0
Cap_Phase1_140_L.mp4,1433,0,0,0,0,0,0,0
Cap_Phase1_140_L.mp4,1434,0,0,0,0,0,0,0
Cap_Phase1_140_L.mp4,1435,0,0,0,0,0,0,0
Cap_Phase1_140_L.mp4,1436,0,0,0,0,0,0,0
Cap_Phase1_140_L.mp4,1437,0,0,0,0,0,0,0
Cap_Phase1_140_L.mp4,1438,0,0,0,0,0,0,0
Cap_Phase1_140_L.mp4,1439,0,0,0,0,0,0,0
Cap_Phase1_140_L.mp4,1440,0,0,0,0,0,0,0
Cap_Phase1_140_L.mp4,1441,0,0,0,0,0,0,0
Cap_Phase1_140_L.mp4,1442,0,0,0,0,0,0,0
Cap_Phase1_140_L.mp4,1443,0,0,0,0,0,0,0
Cap_Phase1_140_L.mp4,1444,0,0,0,0,0,0,0
Cap_Phase1_140_L.mp4,1445,0,0,0,0,0,0,0
Cap_Phase1_140_L.mp4,1446,0,0,0,0,0,0,0
Cap_Phase1_140_L.mp4,1447,0,0,0,0,0,0,0
Cap_Phase1_140_L.mp4,1448,0,0,0,0,0,0,0
Cap_Phase1_140_L.mp4,1449,0,0,0,0,0,0,0
Cap_Phase1_140_L.mp4,1450,0,0,0,0,0,0,0
Cap_Phase1_140_L.mp4,1451,0,0,0,0,0,0,0
Cap_Phase1_140_L.mp4,1452,0,0,0,0,0,0,0
Cap_Phase1_140_L.mp4,1453,0,0,0,0,0,0,0
Cap_Phase1_140_L.mp4,1454,0,0,0,0,0,0,0
Cap_Phase1_140_L.mp4,1455,0,0,0,0,0,0,0
Cap_Phase1_140_L.mp4,1456,0,0,0,0,0,0,0
Cap_Phase1_140_L.mp4,1457,0,0,0,0,0,0,0
Cap_Phase1_140_L.mp4,1458,0,0,0,0,0,0,0
Cap_Phase1_140_L.mp4,1459,0,0,0,0,0,0,0
Cap_Phase1_140_L.mp4,1460,0,0,0,0,0,0,0
Cap_Phase1_140_L.mp4,1461,0,0,0,0,0,0,0
Cap_Phase1_140_L.mp4,1462,0,0,0,0,0,0,0
Cap_Phase1_140_L.mp4,1463,0,0,0,0,0,0,0
Cap_Phase1_140_L.mp4,1464,0,0,0,0,0,0,0
Cap_Phase1_140_L.mp4,1465,0,0,0,0,0,0,0
Cap_Phase1_140_L.mp4,1466,0,0,0,0,0,0,0
Cap_Phase1_140_L.mp4,1467,0,0,0,0,0,0,0
Cap_Phase1_140_L.mp4,1468,0,0,0,0,0,0,0
Cap_Phase1_140_L.mp4,1469,0,0,0,0,0,0,0
Cap_Phase1_140_L.mp4,1470,0,0,0,0,0,0,0
Cap_Phase1_140_L.mp4,1471,0,0,0,0,0,0,0
Cap_Phase1_140_L.mp4,1472,0,0,0,0,0,0,0
Cap_Phase1_140_L.mp4,1473,0,0,0,0,0,0,0
Cap_Phase1_140_L.mp4,1474,0,0,0,0,0,0,0
Cap_Phase1_140_L.mp4,1475,0,0,0,0,0,0,0
Cap_Phase1_140_L.mp4,1476,0,0,0,0,0,0,0
Cap_Phase1_140_L.mp4,1477,0,0,0,0,0,0,0
Cap_Phase1_140_L.mp4,1478,0,0,0,0,0,0,0
Cap_Phase1_140_L.mp4,1479,0,0,0,0,0,0,0
Cap_Phase1_140_L.mp4,1480,0,0,0,0,0,0,0
Cap_Phase1_140_L.mp4,1481,0,0,0,0,0,0,0
Cap_Phase1_140_L.mp4,1482,0,0,0,0,0,0,0
Cap_Phase1_140_L.mp4,1483,0,0,0,0,0,0,0
Cap_Phase1_140_L.mp4,1484,0,0,0,0,0,0,0
Cap_Phase1_140_L.mp4,1485,0,0,0,0,0,0,0
Cap_Phase1_140_L.mp4,1486,0,0,0,0,0,0,0
Cap_Phase1_140_L.mp4,1487,0,0,0,0,0,0,0
Cap_Phase1_140_L.mp4,1488,0,0,0,0,0,0,0
Cap_Phase1_140_L.mp4,1489,0,0,0,0,0,0,0
Cap_Phase1_140_L.mp4,1490,0,0,0,0,0,0,0
Cap_Phase1_140_L.mp4,1491,0,0,0,0,0,0,0
Cap_Phase1_140_L.mp4,1492,0,0,0,0,0,0,0
Cap_Phase1_140_L.mp4,1493,0,0,0,0,0,0,0
Cap_Phase1_140_L.mp4,1494,0,0,0,0,0,0,0
Cap_Phase1_140_L.mp4,1495,0,0,0,0,0,0,0
Cap_Phase1_140_L.mp4,1496,0,0,0,0,0,0,0
Cap_Phase1_140_L.mp4,1497,0,0,0,0,0,0,0
Cap_Phase1_140_L.mp4,1498,0,0,0,0,0,0,0
Cap_Phase1_140_L.mp4,1499,0,0,0,0,0,0,0
Cap_Phase1_140_L.mp4,1500,0,0,0,0,0,0,0
Cap_Phase1_140_L.mp4,1501,0,0,0,0,0,0,0
Cap_Phase1_140_L.mp4,1502,0,0,0,0,0,0,0
Cap_Phase1_140_L.mp4,1503,0,0,0,0,0,0,0
Cap_Phase1_140_L.mp4,1504,0,0,0,0,0,0,0
Cap_Phase1_140_L.mp4,1505,0,0,0,0,0,0,0
Cap_Phase1_140_L.mp4,1506,0,0,0,0,0,0,0
Cap_Phase1_140_L.mp4,1507,0,0,0,0,0,0,0
Cap_Phase1_140_L.mp4,1508,0,0,0,0,0,0,0
Cap_Phase1_140_L.mp4,1509,0,0,0,0,0,0,0
Cap_Phase1_140_L.mp4,1510,0,0,0,0,0,0,0
Cap_Phase1_140_L.mp4,1511,0,0,0,0,0,0,0
Cap_Phase1_140_L.mp4,1512,0,0,0,0,0,0,0
Cap_Phase1_140_L.mp4,1513,0,0,0,0,0,0,0
Cap_Phase1_140_L.mp4,1514,0,0,0,0,0,0,0
Cap_Phase1_140_L.mp4,1515,0,0,0,0,0,0,0
Cap_Phase1_140_L.mp4,1516,0,0,0,0,0,0,0
Cap_Phase1_140_L.mp4,1517,0,0,0,0,0,0,0
Cap_Phase1_140_L.mp4,1518,0,0,0,0,0,0,0
Cap_Phase1_140_L.mp4,1519,0,0,0,0,0,0,0
Cap_Phase1_140_L.mp4,1520,0,0,0,0,0,0,0
Cap_Phase1_140_L.mp4,1521,0,0,0,0,0,0,0
Cap_Phase1_140_L.mp4,1522,0,0,0,0,0,0,0
Cap_Phase1_140_L.mp4,1523,0,0,0,0,0,0,0
Cap_Phase1_140_L.mp4,1524,0,0,0,0,0,0,0
Cap_Phase1_140_L.mp4,1525,0,0,0,0,0,0,0
Cap_Phase1_140_L.mp4,1526,0,0,0,0,0,0,0
Cap_Phase1_140_L.mp4,1527,0,0,0,0,0,0,0
Cap_Phase1_140_L.mp4,1528,0,0,0,0,0,0,0
Cap_Phase1_140_L.mp4,1529,0,0,0,0,0,0,0
Cap_Phase1_140_L.mp4,1530,0,0,0,0,0,0,0
Cap_Phase1_140_L.mp4,1531,0,0,0,0,0,0,0
Cap_Phase1_140_L.mp4,1532,0,0,0,0,0,0,0
Cap_Phase1_140_L.mp4,1533,0,0,0,0,0,0,0
Cap_Phase1_140_L.mp4,1534,0,0,0,0,0,0,0
Cap_Phase1_140_L.mp4,1535,0,0,0,0,0,0,0
Cap_Phase1_140_L.mp4,1536,0,0,0,0,0,0,0
Cap_Phase1_140_L.mp4,1537,0,0,0,0,0,0,0
Cap_Phase1_140_L.mp4,1538,0,0,0,0,0,0,0
Cap_Phase1_140_L.mp4,1539,0,0,0,0,0,0,0
Cap_Phase1_140_L.mp4,1540,0,0,0,0,0,0,0
Cap_Phase1_140_L.mp4,1541,0,0,0,0,0,0,0
Cap_Phase1_140_L.mp4,1542,0,0,0,0,0,0,0
Cap_Phase1_140_L.mp4,1543,0,0,0,0,0,0,0
Cap_Phase1_140_L.mp4,1544,0,0,0,0,0,0,0
Cap_Phase1_140_L.mp4,1545,0,0,0,0,0,0,0
Cap_Phase1_140_L.mp4,1546,0,0,0,0,0,0,0
Cap_Phase1_140_L.mp4,1547,0,0,0,0,0,0,0
Cap_Phase1_140_L.mp4,1548,0,0,0,0,0,0,0
Cap_Phase1_140_L.mp4,1549,0,0,0,0,0,0,0
Cap_Phase1_140_L.mp4,1550,0,0,0,0,0,0,0
Cap_Phase1_140_L.mp4,1551,0,0,0,0,0,0,0
Cap_Phase1_140_L.mp4,1552,0,0,0,0,0,0,0
Cap_Phase1_140_L.mp4,1553,0,0,0,0,0,0,0
Cap_Phase1_140_L.mp4,1554,0,0,0,0,0,0,0
Cap_Phase1_140_L.mp4,1555,0,0,0,0,0,0,0
Cap_Phase1_140_L.mp4,1556,0,0,0,0,0,0,0
Cap_Phase1_140_L.mp4,1557,0,0,0,0,0,0,0
Cap_Phase1_140_L.mp4,1558,0,0,0,0,0,0,0
Cap_Phase1_140_L.mp4,1559,0,0,0,0,0,0,0
Cap_Phase1_140_L.mp4,1560,0,0,0,0,0,0,0
Cap_Phase1_140_L.mp4,1561,0,0,0,0,0,0,0
Cap_Phase1_140_L.mp4,1562,0,0,0,0,0,0,0
Cap_Phase1_140_L.mp4,1563,0,0,0,0,0,0,0
Cap_Phase1_140_L.mp4,1564,0,0,0,0,0,0,0
Cap_Phase1_140_L.mp4,1565,0,0,0,0,0,0,0
Cap_Phase1_140_L.mp4,1566,0,0,0,0,0,0,0
Cap_Phase1_140_L.mp4,1567,0,0,0,0,0,0,0
Cap_Phase1_140_L.mp4,1568,0,0,0,0,0,0,0
Cap_Phase1_140_L.mp4,1569,0,0,0,0,0,0,0
Cap_Phase1_140_L.mp4,1570,0,0,0,0,0,0,0
Cap_Phase1_140_L.mp4,1571,0,0,0,0,0,0,0
Cap_Phase1_140_L.mp4,1572,0,0,0,0,0,0,0
Cap_Phase1_140_L.mp4,1573,0,0,0,0,0,0,0
Cap_Phase1_140_L.mp4,1574,0,0,0,0,0,0,0
Cap_Phase1_140_L.mp4,1575,0,0,0,0,0,0,0
Cap_Phase1_140_L.mp4,1576,0,0,0,0,0,0,0
Cap_Phase1_140_L.mp4,1577,0,0,0,0,0,0,0
Cap_Phase1_140_L.mp4,1578,0,0,0,0,0,0,0
Cap_Phase1_140_L.mp4,1579,0,0,0,0,0,0,0
Cap_Phase1_140_L.mp4,1580,0,0,0,0,0,0,0
Cap_Phase1_140_L.mp4,1581,0,0,0,0,0,0,0
Cap_Phase1_140_L.mp4,1582,0,0,0,0,0,0,0
Cap_Phase1_140_L.mp4,1583,0,0,0,0,0,0,0
Cap_Phase1_140_L.mp4,1584,0,0,0,0,0,0,0
Cap_Phase1_140_L.mp4,1585,0,0,0,0,0,0,0
Cap_Phase1_140_L.mp4,1586,0,0,0,0,0,0,0
Cap_Phase1_140_L.mp4,1587,0,0,0,0,0,0,0
Cap_Phase1_140_L.mp4,1588,0,0,0,0,0,0,0
Cap_Phase1_140_L.mp4,1589,0,0,0,0,0,0,0
Cap_Phase1_140_L.mp4,1590,0,0,0,0,0,0,0
Cap_Phase1_140_L.mp4,1591,0,0,0,0,0,0,0
Cap_Phase1_140_L.mp4,1592,0,0,0,0,0,0,0
Cap_Phase1_140_L.mp4,1593,0,0,0,0,0,0,0
Cap_Phase1_140_L.mp4,1594,0,0,0,0,0,0,0
Cap_Phase1_140_L.mp4,1595,0,0,0,0,0,0,0
Cap_Phase1_140_L.mp4,1596,0,0,0,0,0,0,0
Cap_Phase1_140_L.mp4,1597,0,0,0,0,0,0,0
Cap_Phase1_140_L.mp4,1598,0,0,0,0,0,0,0
Cap_Phase1_140_L.mp4,1599,0,0,0,0,0,0,0
Cap_Phase1_140_L.mp4,1600,0,0,0,0,0,0,0
Cap_Phase1_140_L.mp4,1601,0,0,0,0,0,0,0
Cap_Phase1_140_L.mp4,1602,0,0,0,0,0,0,0
Cap_Phase1_140_L.mp4,1603,0,0,0,0,0,0,0
Cap_Phase1_140_L.mp4,1604,0,0,0,0,0,0,0
Cap_Phase1_140_L.mp4,1605,0,0,0,0,0,0,0
Cap_Phase1_140_L.mp4,1606,0,0,0,0,0,0,0
Cap_Phase1_140_L.mp4,1607,0,0,0,0,0,0,0
Cap_Phase1_140_L.mp4,1608,0,0,0,0,0,0,0
Cap_Phase1_140_L.mp4,1609,0,0,0,0,0,0,0
Cap_Phase1_140_L.mp4,1610,0,0,0,0,0,0,0
Cap_Phase1_140_L.mp4,1611,0,0,0,0,0,0,0
Cap_Phase1_140_L.mp4,1612,0,0,0,0,0,0,0
Cap_Phase1_140_L.mp4,1613,0,0,0,0,0,0,0
Cap_Phase1_140_L.mp4,1614,0,0,0,0,0,0,0
Cap_Phase1_140_L.mp4,1615,0,0,0,0,0,0,0
Cap_Phase1_140_L.mp4,1616,0,0,0,0,0,0,0
Cap_Phase1_140_L.mp4,1617,0,0,0,0,0,0,0
Cap_Phase1_140_L.mp4,1618,0,0,0,0,0,0,0
Cap_Phase1_140_L.mp4,1619,0,0,0,0,0,0,0
Cap_Phase1_140_L.mp4,1620,0,0,0,0,0,0,0
Cap_Phase1_140_L.mp4,1621,0,0,0,0,0,0,0
Cap_Phase1_140_L.mp4,1622,0,0,0,0,0,0,0
Cap_Phase1_140_L.mp4,1623,0,0,0,0,0,0,0
Cap_Phase1_140_L.mp4,1624,0,0,0,0,0,0,0
Cap_Phase1_140_L.mp4,1625,0,0,0,0,0,0,0
Cap_Phase1_140_L.mp4,1626,0,0,0,0,0,0,0
Cap_Phase1_140_L.mp4,1627,0,0,0,0,0,0,0
Cap_Phase1_140_L.mp4,1628,0,0,0,0,0,0,0
Cap_Phase1_140_L.mp4,1629,0,0,0,0,0,0,0
Cap_Phase1_140_L.mp4,1630,0,0,0,0,0,0,0
Cap_Phase1_140_L.mp4,1631,0,0,0,0,0,0,0
Cap_Phase1_140_L.mp4,1632,0,0,0,0,0,0,0
Cap_Phase1_140_L.mp4,1633,0,0,0,0,0,0,0
Cap_Phase1_140_L.mp4,1634,0,0,0,0,0,0,0
Cap_Phase1_140_L.mp4,1635,0,0,0,0,0,0,0
Cap_Phase1_140_L.mp4,1636,0,0,0,0,0,0,0
Cap_Phase1_140_L.mp4,1637,0,0,0,0,0,0,0
Cap_Phase1_140_L.mp4,1638,0,0,0,0,0,0,0
Cap_Phase1_140_L.mp4,1639,0,0,0,0,0,0,0
Cap_Phase1_140_L.mp4,1640,0,0,0,0,0,0,0
Cap_Phase1_140_L.mp4,1641,0,0,0,0,0,0,0
Cap_Phase1_140_L.mp4,1642,0,0,0,0,0,0,0
Cap_Phase1_140_L.mp4,1643,0,0,0,0,0,0,0
Cap_Phase1_140_L.mp4,1644,0,0,0,0,0,0,0
Cap_Phase1_140_L.mp4,1645,0,0,0,0,0,0,0
Cap_Phase1_140_L.mp4,1646,0,0,0,0,0,0,0
Cap_Phase1_140_L.mp4,1647,0,0,0,0,0,0,0
Cap_Phase1_140_L.mp4,1648,0,0,0,0,0,0,0
Cap_Phase1_140_L.mp4,1649,0,0,0,0,0,0,0
Cap_Phase1_140_L.mp4,1650,0,0,0,0,0,0,0
Cap_Phase1_140_L.mp4,1651,0,0,0,0,0,0,0
Cap_Phase1_140_L.mp4,1652,0,0,0,0,0,0,0
Cap_Phase1_140_L.mp4,1653,0,0,0,0,0,0,0
Cap_Phase1_140_L.mp4,1654,0,0,0,0,0,0,0
Cap_Phase1_140_L.mp4,1655,0,0,0,0,0,0,0
Cap_Phase1_140_L.mp4,1656,0,0,0,0,0,0,0
Cap_Phase1_140_L.mp4,1657,0,0,0,0,0,0,0
Cap_Phase1_140_L.mp4,1658,0,0,0,0,0,0,0
Cap_Phase1_140_L.mp4,1659,0,0,0,0,0,0,0
Cap_Phase1_140_L.mp4,1660,0,0,0,0,0,0,0
Cap_Phase1_140_L.mp4,1661,0,0,0,0,0,0,0
Cap_Phase1_140_L.mp4,1662,0,0,0,0,0,0,0
Cap_Phase1_140_L.mp4,1663,0,0,0,0,0,0,0
Cap_Phase1_140_L.mp4,1664,0,0,0,0,0,0,0
Cap_Phase1_140_L.mp4,1665,0,0,0,0,0,0,0
Cap_Phase1_140_L.mp4,1666,0,0,0,0,0,0,0
Cap_Phase1_140_L.mp4,1667,0,0,0,0,0,0,0
Cap_Phase1_140_L.mp4,1668,0,0,0,0,0,0,0
Cap_Phase1_140_L.mp4,1669,0,0,0,0,0,0,0
Cap_Phase1_140_L.mp4,1670,0,0,0,0,0,0,0
Cap_Phase1_140_L.mp4,1671,0,0,0,0,0,0,0
Cap_Phase1_140_L.mp4,1672,0,0,0,0,0,0,0
Cap_Phase1_140_L.mp4,1673,0,0,0,0,0,0,0
Cap_Phase1_140_L.mp4,1674,0,0,0,0,0,0,0
Cap_Phase1_140_L.mp4,1675,0,0,0,0,0,0,0
Cap_Phase1_140_L.mp4,1676,0,0,0,0,0,0,0
Cap_Phase1_140_L.mp4,1677,0,0,0,0,0,0,0
Cap_Phase1_140_L.mp4,1678,0,0,0,0,0,0,0
Cap_Phase1_140_L.mp4,1679,0,0,0,0,0,0,0
Cap_Phase1_140_L.mp4,1680,0,0,0,0,0,0,0
Cap_Phase1_140_L.mp4,1681,0,0,0,0,0,0,0
Cap_Phase1_140_L.mp4,1682,0,0,0,0,0,0,0
Cap_Phase1_140_L.mp4,1683,0,0,0,0,0,0,0
Cap_Phase1_140_L.mp4,1684,0,0,0,0,0,0,0
Cap_Phase1_140_L.mp4,1685,0,0,0,0,0,0,0
Cap_Phase1_140_L.mp4,1686,0,0,0,0,0,0,0
Cap_Phase1_140_L.mp4,1687,0,0,0,0,0,0,0
Cap_Phase1_140_L.mp4,1688,0,0,0,0,0,0,0
Cap_Phase1_140_L.mp4,1689,0,0,0,0,0,0,0
Cap_Phase1_140_L.mp4,1690,0,0,0,0,0,0,0
Cap_Phase1_140_L.mp4,1691,0,0,0,0,0,0,0
Cap_Phase1_140_L.mp4,1692,0,0,0,0,0,0,0
Cap_Phase1_140_L.mp4,1693,0,0,0,0,0,0,0
Cap_Phase1_140_L.mp4,1694,0,0,0,0,0,0,0
Cap_Phase1_140_L.mp4,1695,0,0,0,0,0,0,0
Cap_Phase1_140_L.mp4,1696,0,0,0,0,0,0,0
Cap_Phase1_140_L.mp4,1697,0,0,0,0,0,0,0
Cap_Phase1_140_L.mp4,1698,0,0,0,0,0,0,0
Cap_Phase1_140_L.mp4,1699,0,0,0,0,0,0,0
Cap_Phase1_140_L.mp4,1700,0,0,0,0,0,0,0
Cap_Phase1_140_L.mp4,1701,0,0,0,0,0,0,0
Cap_Phase1_140_L.mp4,1702,0,0,0,0,0,0,0
Cap_Phase1_140_L.mp4,1703,0,0,0,0,0,0,0
Cap_Phase1_140_L.mp4,1704,0,0,0,0,0,0,0
Cap_Phase1_140_L.mp4,1705,0,0,0,0,0,0,0
Cap_Phase1_140_L.mp4,1706,0,0,0,0,0,0,0
Cap_Phase1_140_L.mp4,1707,0,0,0,0,0,0,0
Cap_Phase1_140_L.mp4,1708,0,0,0,0,0,0,0
Cap_Phase1_140_L.mp4,1709,0,0,0,0,0,0,0
Cap_Phase1_140_L.mp4,1710,0,0,0,0,0,0,0
Cap_Phase1_140_L.mp4,1711,0,0,0,0,0,0,0
Cap_Phase1_140_L.mp4,1712,0,0,0,0,0,0,0
Cap_Phase1_140_L.mp4,1713,0,0,0,0,0,0,0
Cap_Phase1_140_L.mp4,1714,0,0,0,0,0,0,0
Cap_Phase1_140_L.mp4,1715,0,0,0,0,0,0,0
Cap_Phase1_140_L.mp4,1716,0,0,0,0,0,0,0
Cap_Phase1_140_L.mp4,1717,0,0,0,0,0,0,0
Cap_Phase1_140_L.mp4,1718,0,0,0,0,0,0,0
Cap_Phase1_140_L.mp4,1719,0,0,0,0,0,0,0
Cap_Phase1_140_L.mp4,1720,0,0,0,0,0,0,0
Cap_Phase1_140_L.mp4,1721,0,0,0,0,0,0,0
Cap_Phase1_140_L.mp4,1722,0,0,0,0,0,0,0
Cap_Phase1_140_L.mp4,1723,0,0,0,0,0,0,0
Cap_Phase1_140_L.mp4,1724,0,0,0,0,0,0,0
Cap_Phase1_140_L.mp4,1725,0,0,0,0,0,0,0
Cap_Phase1_140_L.mp4,1726,0,0,0,0,0,0,0
Cap_Phase1_140_L.mp4,1727,0,0,0,0,0,0,0
Cap_Phase1_140_L.mp4,1728,0,0,0,0,0,0,0
Cap_Phase1_140_L.mp4,1729,0,0,0,0,0,0,0
Cap_Phase1_140_L.mp4,1730,0,0,0,0,0,0,0
Cap_Phase1_140_L.mp4,1731,0,0,0,0,0,0,0
Cap_Phase1_140_L.mp4,1732,0,0,0,0,0,0,0
Cap_Phase1_140_L.mp4,1733,0,0,0,0,0,0,0
Cap_Phase1_140_L.mp4,1734,0,0,0,0,0,0,0
Cap_Phase1_140_L.mp4,1735,0,0,0,0,0,0,0
Cap_Phase1_140_L.mp4,1736,0,0,0,0,0,0,0
Cap_Phase1_140_L.mp4,1737,0,0,0,0,0,0,0
Cap_Phase1_140_L.mp4,1738,0,0,0,0,0,0,0
Cap_Phase1_140_L.mp4,1739,0,0,0,0,0,0,0
Cap_Phase1_140_L.mp4,1740,0,0,0,0,0,0,0
Cap_Phase1_140_L.mp4,1741,0,0,0,0,0,0,0
Cap_Phase1_140_L.mp4,1742,0,0,0,0,0,0,0
Cap_Phase1_140_L.mp4,1743,0,0,0,0,0,0,0
Cap_Phase1_140_L.mp4,1744,0,0,0,0,0,0,0
Cap_Phase1_140_L.mp4,1745,0,0,0,0,0,0,0
Cap_Phase1_140_L.mp4,1746,0,0,0,0,0,0,0
Cap_Phase1_140_L.mp4,1747,0,0,0,0,0,0,0
Cap_Phase1_140_L.mp4,1748,0,0,0,0,0,0,0
Cap_Phase1_140_L.mp4,1749,0,0,0,0,0,0,0
Cap_Phase1_140_L.mp4,1750,0,0,0,0,0,0,0
Cap_Phase1_140_L.mp4,1751,0,0,0,0,0,0,0
Cap_Phase1_140_L.mp4,1752,0,0,0,0,0,0,0
Cap_Phase1_140_L.mp4,1753,0,0,0,0,0,0,0
Cap_Phase1_140_L.mp4,1754,0,0,0,0,0,0,0
Cap_Phase1_140_L.mp4,1755,0,0,0,0,0,0,0
Cap_Phase1_140_L.mp4,1756,0,0,0,0,0,0,0
Cap_Phase1_140_L.mp4,1757,0,0,0,0,0,0,0
Cap_Phase1_140_L.mp4,1758,0,0,0,0,0,0,0
Cap_Phase1_140_L.mp4,1759,0,0,0,0,0,0,0
Cap_Phase1_140_L.mp4,1760,0,0,0,0,0,0,0
Cap_Phase1_140_L.mp4,1761,0,0,0,0,0,0,0
Cap_Phase1_140_L.mp4,1762,0,0,0,0,0,0,0
Cap_Phase1_140_L.mp4,1763,0,0,0,0,0,0,0
Cap_Phase1_140_L.mp4,1764,0,0,0,0,0,0,0
Cap_Phase1_140_L.mp4,1765,0,0,0,0,0,0,0
Cap_Phase1_140_L.mp4,1766,0,0,0,0,0,0,0
Cap_Phase1_140_L.mp4,1767,0,0,0,0,0,0,0
Cap_Phase1_140_L.mp4,1768,0,0,0,0,0,0,0
Cap_Phase1_140_L.mp4,1769,0,0,0,0,0,0,0
Cap_Phase1_140_L.mp4,1770,0,0,0,0,0,0,0
Cap_Phase1_140_L.mp4,1771,0,0,0,0,0,0,0
Cap_Phase1_140_L.mp4,1772,0,0,0,0,0,0,0
Cap_Phase1_140_L.mp4,1773,0,0,0,0,0,0,0
Cap_Phase1_140_L.mp4,1774,0,0,0,0,0,0,0
Cap_Phase1_140_L.mp4,1775,0,0,0,0,0,0,0
Cap_Phase1_140_L.mp4,1776,0,0,0,0,0,0,0
Cap_Phase1_140_L.mp4,1777,0,0,0,0,0,0,0
Cap_Phase1_140_L.mp4,1778,0,0,0,0,0,0,0
Cap_Phase1_140_L.mp4,1779,0,0,0,0,0,0,0
Cap_Phase1_140_L.mp4,1780,0,0,0,0,0,0,0
Cap_Phase1_140_L.mp4,1781,0,0,0,0,0,0,0
Cap_Phase1_140_L.mp4,1782,0,0,0,0,0,0,0
Cap_Phase1_140_L.mp4,1783,0,0,0,0,0,0,0
Cap_Phase1_140_L.mp4,1784,0,0,0,0,0,0,0
Cap_Phase1_140_L.mp4,1785,0,0,0,0,0,0,0
Cap_Phase1_140_L.mp4,1786,0,0,0,0,0,0,0
Cap_Phase1_140_L.mp4,1787,0,0,0,0,0,0,0
Cap_Phase1_140_L.mp4,1788,0,0,0,0,0,0,0
Cap_Phase1_140_L.mp4,1789,0,0,0,0,0,0,0
Cap_Phase1_140_L.mp4,1790,0,0,0,0,0,0,0
Cap_Phase1_140_L.mp4,1791,0,0,0,0,0,0,0
Cap_Phase1_140_L.mp4,1792,0,0,0,0,0,0,0
Cap_Phase1_140_L.mp4,1793,0,0,0,0,0,0,0
Cap_Phase1_140_L.mp4,1794,0,0,0,0,0,0,0
Cap_Phase1_140_L.mp4,1795,0,0,0,0,0,0,0
Cap_Phase1_140_L.mp4,1796,0,0,0,0,0,0,0
Cap_Phase1_140_L.mp4,1797,0,0,0,0,0,0,0
Cap_Phase1_140_L.mp4,1798,0,0,0,0,0,0,0
Cap_Phase1_140_L.mp4,1799,0,0,0,0,0,0,0
Cap_Phase1_140_L.mp4,1800,0,0,0,0,0,0,0
Cap_Phase1_140_L.mp4,1801,0,0,0,0,0,0,0
Cap_Phase1_140_L.mp4,1802,0,0,0,0,0,0,0
Cap_Phase1_140_L.mp4,1803,0,0,0,0,0,0,0
Cap_Phase1_140_L.mp4,1804,0,0,0,0,0,0,0
Cap_Phase1_140_L.mp4,1805,0,0,0,0,0,0,0
Cap_Phase1_140_L.mp4,1806,0,0,0,0,0,0,0
Cap_Phase1_140_L.mp4,1807,0,0,0,0,0,0,0
Cap_Phase1_140_L.mp4,1808,0,0,0,0,0,0,0
Cap_Phase1_140_L.mp4,1809,0,0,0,0,0,0,0
Cap_Phase1_140_L.mp4,1810,0,0,0,0,0,0,0
Cap_Phase1_140_L.mp4,1811,0,0,0,0,0,0,0
Cap_Phase1_140_L.mp4,1812,0,0,0,0,0,0,0
Cap_Phase1_140_L.mp4,1813,0,0,0,0,0,0,0
Cap_Phase1_140_L.mp4,1814,0,0,0,0,0,0,0
Cap_Phase1_140_L.mp4,1815,0,0,0,0,0,0,0
Cap_Phase1_140_L.mp4,1816,0,0,0,0,0,0,0
Cap_Phase1_140_L.mp4,1817,0,0,0,0,0,0,0
Cap_Phase1_140_L.mp4,1818,0,0,0,0,0,0,0
Cap_Phase1_140_L.mp4,1819,0,0,0,0,0,0,0
Cap_Phase1_140_L.mp4,1820,0,0,0,0,0,0,0
Cap_Phase1_140_L.mp4,1821,0,0,0,0,0,0,0
Cap_Phase1_140_L.mp4,1822,0,0,0,0,0,0,0
Cap_Phase1_140_L.mp4,1823,0,0,0,0,0,0,0
Cap_Phase1_140_L.mp4,1824,0,0,0,0,0,0,0
Cap_Phase1_140_L.mp4,1825,0,0,0,0,0,0,0
Cap_Phase1_140_L.mp4,1826,0,0,0,0,0,0,0
Cap_Phase1_140_L.mp4,1827,0,0,0,0,0,0,0
Cap_Phase1_140_L.mp4,1828,0,0,0,0,0,0,0
Cap_Phase1_140_L.mp4,1829,0,0,0,0,0,0,0
Cap_Phase1_140_L.mp4,1830,0,0,0,0,0,0,0
Cap_Phase1_140_L.mp4,1831,0,0,0,0,0,0,0
Cap_Phase1_140_L.mp4,1832,0,0,0,0,0,0,0
Cap_Phase1_140_L.mp4,1833,0,0,0,0,0,0,0
Cap_Phase1_140_L.mp4,1834,0,0,0,0,0,0,0
Cap_Phase1_140_L.mp4,1835,0,0,0,0,0,0,0
Cap_Phase1_140_L.mp4,1836,0,0,0,0,0,0,0
Cap_Phase1_140_L.mp4,1837,0,0,0,0,0,0,0
Cap_Phase1_140_L.mp4,1838,0,0,0,0,0,0,0
Cap_Phase1_140_L.mp4,1839,0,0,0,0,0,0,0
Cap_Phase1_140_L.mp4,1840,0,0,0,0,0,0,0
Cap_Phase1_140_L.mp4,1841,0,0,0,0,0,0,0
Cap_Phase1_140_L.mp4,1842,0,0,0,0,0,0,0
Cap_Phase1_140_L.mp4,1843,0,0,0,0,0,0,0
Cap_Phase1_140_L.mp4,1844,0,0,0,0,0,0,0
Cap_Phase1_140_L.mp4,1845,0,0,0,0,0,0,0
Cap_Phase1_140_L.mp4,1846,0,0,0,0,0,0,0
Cap_Phase1_140_L.mp4,1847,0,0,0,0,0,0,0
Cap_Phase1_140_L.mp4,1848,0,0,0,0,0,0,0
Cap_Phase1_140_L.mp4,1849,0,0,0,0,0,0,0
Cap_Phase1_140_L.mp4,1850,0,0,0,0,0,0,0
Cap_Phase1_140_L.mp4,1851,0,0,0,0,0,0,0
Cap_Phase1_140_L.mp4,1852,0,0,0,0,0,0,0
Cap_Phase1_140_L.mp4,1853,0,0,0,0,0,0,0
Cap_Phase1_140_L.mp4,1854,0,0,0,0,0,0,0
Cap_Phase1_140_L.mp4,1855,0,0,0,0,0,0,0
Cap_Phase1_140_L.mp4,1856,0,0,0,0,0,0,0
Cap_Phase1_140_L.mp4,1857,0,0,0,0,0,0,0
Cap_Phase1_140_L.mp4,1858,0,0,0,0,0,0,0
Cap_Phase1_140_L.mp4,1859,0,0,0,0,0,0,0
Cap_Phase1_140_L.mp4,1860,0,0,0,0,0,0,0
Cap_Phase1_140_L.mp4,1861,0,0,0,0,0,0,0
Cap_Phase1_140_L.mp4,1862,0,0,0,0,0,0,0
Cap_Phase1_140_L.mp4,1863,0,0,0,0,0,0,0
Cap_Phase1_140_L.mp4,1864,0,0,0,0,0,0,0
Cap_Phase1_140_L.mp4,1865,0,0,0,0,0,0,0
Cap_Phase1_140_L.mp4,1866,0,0,0,0,0,0,0
Cap_Phase1_140_L.mp4,1867,0,0,0,0,0,0,0
Cap_Phase1_140_L.mp4,1868,0,0,0,0,0,0,0
Cap_Phase1_140_L.mp4,1869,0,0,0,0,0,0,0
Cap_Phase1_140_L.mp4,1870,0,0,0,0,0,0,0
Cap_Phase1_140_L.mp4,1871,0,0,0,0,0,0,0
Cap_Phase1_140_L.mp4,1872,0,0,0,0,0,0,0
Cap_Phase1_140_L.mp4,1873,0,0,0,0,0,0,0
Cap_Phase1_140_L.mp4,1874,0,0,0,0,0,0,0
Cap_Phase1_140_L.mp4,1875,0,0,0,0,0,0,0
Cap_Phase1_140_L.mp4,1876,0,0,0,0,0,0,0
Cap_Phase1_140_L.mp4,1877,0,0,0,0,0,0,0
Cap_Phase1_140_L.mp4,1878,0,0,0,0,0,0,0
Cap_Phase1_140_L.mp4,1879,0,0,0,0,0,0,0
Cap_Phase1_140_L.mp4,1880,0,0,0,0,0,0,0
Cap_Phase1_140_L.mp4,1881,0,0,0,0,0,0,0
Cap_Phase1_140_L.mp4,1882,0,0,0,0,0,0,0
Cap_Phase1_140_L.mp4,1883,0,0,0,0,0,0,0
Cap_Phase1_140_L.mp4,1884,0,0,0,0,0,0,0
Cap_Phase1_140_L.mp4,1885,0,0,0,0,0,0,0
Cap_Phase1_140_L.mp4,1886,0,0,0,0,0,0,0
Cap_Phase1_140_L.mp4,1887,0,0,0,0,0,0,0
Cap_Phase1_140_L.mp4,1888,0,0,0,0,0,0,0
Cap_Phase1_140_L.mp4,1889,0,0,0,0,0,0,0
Cap_Phase1_140_L.mp4,1890,0,0,0,0,0,0,0
Cap_Phase1_140_L.mp4,1891,0,0,0,0,0,0,0
Cap_Phase1_140_L.mp4,1892,0,0,0,0,0,0,0
Cap_Phase1_140_L.mp4,1893,0,0,0,0,0,0,0
Cap_Phase1_140_L.mp4,1894,0,0,0,0,0,0,0
Cap_Phase1_140_L.mp4,1895,0,0,0,0,0,0,0
Cap_Phase1_140_L.mp4,1896,0,0,0,0,0,0,0
Cap_Phase1_140_L.mp4,1897,0,0,0,0,0,0,0
Cap_Phase1_140_L.mp4,1898,0,0,0,0,0,0,0
Cap_Phase1_140_L.mp4,1899,0,0,0,0,0,0,0
Cap_Phase1_140_L.mp4,1900,0,0,0,0,0,0,0
Cap_Phase1_140_L.mp4,1901,0,0,0,0,0,0,0
Cap_Phase1_140_L.mp4,1902,0,0,0,0,0,0,0
Cap_Phase1_140_L.mp4,1903,0,0,0,0,0,0,0
Cap_Phase1_140_L.mp4,1904,0,0,0,0,0,0,0
Cap_Phase1_140_L.mp4,1905,0,0,0,0,0,0,0
Cap_Phase1_140_L.mp4,1906,0,0,0,0,0,0,0
Cap_Phase1_140_L.mp4,1907,0,0,0,0,0,0,0
Cap_Phase1_140_L.mp4,1908,0,0,0,0,0,0,0
Cap_Phase1_140_L.mp4,1909,0,0,0,0,0,0,0
Cap_Phase1_140_L.mp4,1910,0,0,0,0,0,0,0
Cap_Phase1_140_L.mp4,1911,0,0,0,0,0,0,0
Cap_Phase1_140_L.mp4,1912,0,0,0,0,0,0,0
Cap_Phase1_140_L.mp4,1913,0,0,0,0,0,0,0
Cap_Phase1_140_L.mp4,1914,0,0,0,0,0,0,0
Cap_Phase1_140_L.mp4,1915,0,0,0,0,0,0,0
Cap_Phase1_140_L.mp4,1916,0,0,0,0,0,0,0
Cap_Phase1_140_L.mp4,1917,0,0,0,0,0,0,0
Cap_Phase1_140_L.mp4,1918,0,0,0,0,0,0,0
Cap_Phase1_140_L.mp4,1919,0,0,0,0,0,0,0
Cap_Phase1_140_L.mp4,1920,0,0,0,0,0,0,0
Cap_Phase1_140_L.mp4,1921,0,0,0,0,0,0,0
Cap_Phase1_140_L.mp4,1922,0,0,0,0,0,0,0
Cap_Phase1_140_L.mp4,1923,0,0,0,0,0,0,0
Cap_Phase1_140_L.mp4,1924,0,0,0,0,0,0,0
Cap_Phase1_140_L.mp4,1925,0,0,0,0,0,1,0
Cap_Phase1_140_L.mp4,1926,0,0,0,0,0,1,0
Cap_Phase1_140_L.mp4,1927,0,0,0,0,0,1,0
Cap_Phase1_140_L.mp4,1928,0,0,0,0,0,1,0
Cap_Phase1_140_L.mp4,1929,0,0,0,0,0,1,0
Cap_Phase1_140_L.mp4,1930,0,0,0,0,0,1,0
Cap_Phase1_140_L.mp4,1931,0,0,0,0,0,1,0
Cap_Phase1_140_L.mp4,1932,0,0,0,0,0,1,0
Cap_Phase1_140_L.mp4,1933,0,0,0,0,0,1,0
Cap_Phase1_140_L.mp4,1934,0,0,0,0,0,1,0
Cap_Phase1_140_L.mp4,1935,0,0,0,0,0,1,0
Cap_Phase1_140_L.mp4,1936,0,0,0,0,0,1,0
Cap_Phase1_140_L.mp4,1937,0,0,0,0,0,1,0
Cap_Phase1_140_L.mp4,1938,0,0,0,0,0,1,0
Cap_Phase1_140_L.mp4,1939,0,0,0,0,0,1,0
Cap_Phase1_140_L.mp4,1940,0,0,0,0,0,1,0
Cap_Phase1_140_L.mp4,1941,0,0,0,0,0,1,0
Cap_Phase1_140_L.mp4,1942,0,0,0,0,0,1,0
Cap_Phase1_140_L.mp4,1943,0,0,0,0,0,1,0
Cap_Phase1_140_L.mp4,1944,0,0,0,0,0,1,0
Cap_Phase1_140_L.mp4,1945,0,0,0,0,0,1,0
Cap_Phase1_140_L.mp4,1946,0,0,0,0,0,1,0
Cap_Phase1_140_L.mp4,1947,0,0,0,0,0,1,0
Cap_Phase1_140_L.mp4,1948,0,0,0,0,0,1,0
Cap_Phase1_140_L.mp4,1949,0,0,0,0,0,1,0
Cap_Phase1_140_L.mp4,1950,0,0,0,0,0,1,0
Cap_Phase1_140_L.mp4,1951,0,0,0,0,0,1,0
Cap_Phase1_140_L.mp4,1952,0,0,0,0,0,1,0
Cap_Phase1_140_L.mp4,1953,0,0,0,0,0,1,0
Cap_Phase1_140_L.mp4,1954,0,0,0,0,0,1,0
Cap_Phase1_140_L.mp4,1955,0,0,0,0,0,1,0
Cap_Phase1_140_L.mp4,1956,0,0,0,0,0,1,0
Cap_Phase1_140_L.mp4,1957,0,0,0,0,0,1,0
Cap_Phase1_140_L.mp4,1958,0,0,0,0,0,1,0
Cap_Phase1_140_L.mp4,1959,0,0,0,0,0,1,0
Cap_Phase1_140_L.mp4,1960,0,0,0,0,0,1,0
Cap_Phase1_140_L.mp4,1961,0,0,0,0,0,1,0
Cap_Phase1_140_L.mp4,1962,0,0,0,0,0,1,0
Cap_Phase1_140_L.mp4,1963,0,0,0,0,0,1,0
Cap_Phase1_140_L.mp4,1964,0,0,0,0,0,1,0
Cap_Phase1_140_L.mp4,1965,0,0,0,0,0,1,0
Cap_Phase1_140_L.mp4,1966,0,0,0,0,0,1,0
Cap_Phase1_140_L.mp4,1967,0,0,0,0,0,1,0
Cap_Phase1_140_L.mp4,1968,0,0,0,0,0,1,0
Cap_Phase1_140_L.mp4,1969,0,0,0,0,0,1,0
Cap_Phase1_140_L.mp4,1970,0,0,0,0,0,1,0
Cap_Phase1_140_L.mp4,1971,0,0,0,0,0,1,0
Cap_Phase1_140_L.mp4,1972,0,0,0,0,0,1,0
Cap_Phase1_140_L.mp4,1973,0,0,0,0,0,1,0
Cap_Phase1_140_L.mp4,1974,0,0,0,0,0,1,0
Cap_Phase1_140_L.mp4,1975,0,0,0,0,0,1,0
Cap_Phase1_140_L.mp4,1976,0,0,0,0,0,1,0
Cap_Phase1_140_L.mp4,1977,0,0,0,0,0,1,0
Cap_Phase1_140_L.mp4,1978,0,0,0,0,0,1,0
Cap_Phase1_140_L.mp4,1979,0,0,0,0,0,1,0
Cap_Phase1_140_L.mp4,1980,0,0,0,0,0,1,0
Cap_Phase1_140_L.mp4,1981,0,0,0,0,0,1,0
Cap_Phase1_140_L.mp4,1982,0,0,0,0,0,1,0
Cap_Phase1_140_L.mp4,1983,0,0,0,0,0,1,0
Cap_Phase1_140_L.mp4,1984,0,0,0,0,0,1,0
Cap_Phase1_140_L.mp4,1985,0,0,0,0,0,0,0
Cap_Phase1_140_L.mp4,1986,0,0,0,0,0,0,0
Cap_Phase1_140_L.mp4,1987,0,0,0,0,0,0,0
Cap_Phase1_140_L.mp4,1988,0,0,0,0,0,0,0
Cap_Phase1_140_L.mp4,1989,0,0,0,0,0,0,0
Cap_Phase1_140_L.mp4,1990,0,0,0,0,0,0,0
Cap_Phase1_140_L.mp4,1991,0,0,0,0,0,0,0
Cap_Phase1_140_L.mp4,1992,0,0,0,0,0,0,0
Cap_Phase1_140_L.mp4,1993,0,0,0,0,0,0,0
Cap_Phase1_140_L.mp4,1994,0,0,0,0,0,0,0
Cap_Phase1_140_L.mp4,1995,0,0,0,0,0,0,0
Cap_Phase1_140_L.mp4,1996,0,0,0,0,0,0,0
Cap_Phase1_140_L.mp4,1997,0,0,0,0,0,0,0
Cap_Phase1_140_L.mp4,1998,0,0,0,0,0,1,0
Cap_Phase1_140_L.mp4,1999,0,0,0,0,0,1,0
Cap_Phase1_140_L.mp4,2000,0,0,0,0,0,1,0
Cap_Phase1_140_L.mp4,2001,0,0,0,0,0,1,0
Cap_Phase1_140_L.mp4,2002,0,0,0,0,0,1,0
Cap_Phase1_140_L.mp4,2003,0,0,0,0,0,1,0
Cap_Phase1_140_L.mp4,2004,0,0,0,0,0,1,0
Cap_Phase1_140_L.mp4,2005,0,0,0,0,0,1,0
Cap_Phase1_140_L.mp4,2006,0,0,0,0,0,1,0
Cap_Phase1_140_L.mp4,2007,0,0,0,0,0,0,0
Cap_Phase1_140_L.mp4,2008,0,0,0,0,0,0,0
Cap_Phase1_140_L.mp4,2009,0,0,0,0,0,0,0
Cap_Phase1_140_L.mp4,2010,0,0,0,0,0,0,0
Cap_Phase1_140_L.mp4,2011,0,0,0,0,0,0,0
Cap_Phase1_140_L.mp4,2012,0,0,0,0,0,0,0
Cap_Phase1_140_L.mp4,2013,0,0,0,0,0,0,0
Cap_Phase1_140_L.mp4,2014,0,0,0,0,0,0,0
Cap_Phase1_140_L.mp4,2015,0,0,0,0,0,0,0
Cap_Phase1_140_L.mp4,2016,0,0,0,0,0,0,0
Cap_Phase1_140_L.mp4,2017,0,0,0,0,0,0,0
Cap_Phase1_140_L.mp4,2018,0,0,0,0,0,0,0
Cap_Phase1_140_L.mp4,2019,0,0,0,0,0,0,0
Cap_Phase1_140_L.mp4,2020,0,0,0,0,0,0,0
Cap_Phase1_140_L.mp4,2021,0,0,0,0,0,0,0
Cap_Phase1_140_L.mp4,2022,0,0,0,0,0,0,0
Cap_Phase1_140_L.mp4,2023,0,0,0,0,0,0,0
Cap_Phase1_140_L.mp4,2024,0,0,0,0,0,0,0
Cap_Phase1_140_L.mp4,2025,0,0,0,0,0,0,0
Cap_Phase1_140_L.mp4,2026,0,0,0,0,0,0,0
Cap_Phase1_140_L.mp4,2027,0,0,0,0,0,0,0
Cap_Phase1_140_L.mp4,2028,0,0,0,0,0,0,0
Cap_Phase1_140_L.mp4,2029,0,0,0,0,0,0,0
Cap_Phase1_140_L.mp4,2030,0,0,0,0,0,0,0
Cap_Phase1_140_L.mp4,2031,0,0,0,0,0,0,0
Cap_Phase1_140_L.mp4,2032,0,0,0,0,0,0,0
Cap_Phase1_140_L.mp4,2033,0,0,0,0,0,0,0
Cap_Phase1_140_L.mp4,2034,0,0,0,0,0,0,0
Cap_Phase1_140_L.mp4,2035,0,0,0,0,0,0,0
Cap_Phase1_140_L.mp4,2036,0,0,0,0,0,0,0
Cap_Phase1_140_L.mp4,2037,0,0,0,0,0,0,0
Cap_Phase1_140_L.mp4,2038,0,0,0,0,0,0,0
Cap_Phase1_140_L.mp4,2039,0,0,0,0,0,0,0
Cap_Phase1_140_L.mp4,2040,0,0,0,0,0,0,0
Cap_Phase1_140_L.mp4,2041,0,0,0,0,0,0,0
Cap_Phase1_140_L.mp4,2042,0,0,0,0,0,0,0
Cap_Phase1_140_L.mp4,2043,0,0,0,0,0,0,0
Cap_Phase1_140_L.mp4,2044,0,0,0,0,0,0,0
Cap_Phase1_140_L.mp4,2045,0,0,0,0,0,0,0
Cap_Phase1_140_L.mp4,2046,0,0,0,0,0,0,0
Cap_Phase1_140_L.mp4,2047,0,0,0,0,0,0,0
Cap_Phase1_140_L.mp4,2048,0,0,0,0,0,0,0
Cap_Phase1_140_L.mp4,2049,0,0,0,0,0,0,0
Cap_Phase1_140_L.mp4,2050,0,0,0,0,0,0,0
Cap_Phase1_140_L.mp4,2051,0,0,0,0,0,0,0
Cap_Phase1_140_L.mp4,2052,0,0,0,0,0,0,0
Cap_Phase1_140_L.mp4,2053,0,0,0,0,0,0,0
Cap_Phase1_140_L.mp4,2054,0,0,0,0,0,0,0
Cap_Phase1_140_L.mp4,2055,0,0,0,0,0,0,0
Cap_Phase1_140_L.mp4,2056,0,0,0,0,0,0,0
Cap_Phase1_140_L.mp4,2057,0,0,0,0,0,0,0
Cap_Phase1_140_L.mp4,2058,0,0,0,0,0,0,0
Cap_Phase1_140_L.mp4,2059,0,0,0,0,0,0,0
Cap_Phase1_140_L.mp4,2060,0,0,0,0,0,0,0
Cap_Phase1_140_L.mp4,2061,0,0,0,0,0,0,0
Cap_Phase1_140_L.mp4,2062,0,0,0,0,0,0,0
Cap_Phase1_140_L.mp4,2063,0,0,0,0,0,0,0
Cap_Phase1_140_L.mp4,2064,0,0,0,0,0,0,0
Cap_Phase1_140_L.mp4,2065,0,0,0,0,0,0,0
Cap_Phase1_140_L.mp4,2066,0,0,0,0,0,0,0
Cap_Phase1_140_L.mp4,2067,0,0,0,0,0,0,0
Cap_Phase1_140_L.mp4,2068,0,0,0,0,0,0,0
Cap_Phase1_140_L.mp4,2069,0,0,0,0,0,0,0
Cap_Phase1_140_L.mp4,2070,0,0,0,0,0,0,0
Cap_Phase1_140_L.mp4,2071,0,0,0,0,0,0,0
Cap_Phase1_140_L.mp4,2072,0,0,0,0,0,0,0
Cap_Phase1_140_L.mp4,2073,0,0,0,0,0,0,0
Cap_Phase1_140_L.mp4,2074,0,0,0,0,0,0,0
Cap_Phase1_140_L.mp4,2075,0,0,0,0,0,0,0
Cap_Phase1_140_L.mp4,2076,0,0,0,0,0,0,0
Cap_Phase1_140_L.mp4,2077,0,0,0,0,0,0,0
Cap_Phase1_140_L.mp4,2078,0,0,0,0,0,0,0
Cap_Phase1_140_L.mp4,2079,0,0,0,0,0,0,0
Cap_Phase1_140_L.mp4,2080,0,0,0,0,0,0,0
Cap_Phase1_140_L.mp4,2081,0,0,0,0,0,0,0
Cap_Phase1_140_L.mp4,2082,0,0,0,0,0,0,0
Cap_Phase1_140_L.mp4,2083,0,0,0,0,0,0,0
Cap_Phase1_140_L.mp4,2084,0,0,0,0,0,0,0
Cap_Phase1_140_L.mp4,2085,0,0,0,0,0,0,0
Cap_Phase1_140_L.mp4,2086,0,0,0,0,0,0,0
Cap_Phase1_140_L.mp4,2087,0,0,0,0,0,0,0
Cap_Phase1_140_L.mp4,2088,0,0,0,0,0,0,0
Cap_Phase1_140_L.mp4,2089,0,0,0,0,0,0,0
Cap_Phase1_140_L.mp4,2090,0,0,0,0,0,0,0
Cap_Phase1_140_L.mp4,2091,0,0,0,0,0,0,0
Cap_Phase1_140_L.mp4,2092,0,0,0,0,0,0,0
Cap_Phase1_140_L.mp4,2093,0,0,0,0,0,0,0
Cap_Phase1_140_L.mp4,2094,0,0,0,0,0,0,0
Cap_Phase1_140_L.mp4,2095,0,0,0,0,0,0,0
Cap_Phase1_140_L.mp4,2096,0,0,0,0,0,0,0
Cap_Phase1_140_L.mp4,2097,0,0,0,0,0,0,0
Cap_Phase1_140_L.mp4,2098,0,0,0,0,0,0,0
Cap_Phase1_140_L.mp4,2099,0,0,0,0,0,0,0
Cap_Phase1_140_L.mp4,2100,0,0,0,0,0,0,0
Cap_Phase1_140_L.mp4,2101,0,0,0,0,0,0,0
Cap_Phase1_140_L.mp4,2102,0,0,0,0,0,0,0
Cap_Phase1_140_L.mp4,2103,0,0,0,0,0,0,0
Cap_Phase1_140_L.mp4,2104,0,0,0,0,0,0,0
Cap_Phase1_140_L.mp4,2105,0,0,0,0,0,0,0
Cap_Phase1_140_L.mp4,2106,0,0,0,0,0,0,0
Cap_Phase1_140_L.mp4,2107,0,0,0,0,0,0,0
Cap_Phase1_140_L.mp4,2108,0,0,0,0,0,0,0
Cap_Phase1_140_L.mp4,2109,0,0,0,0,0,0,0
Cap_Phase1_140_L.mp4,2110,0,0,0,0,0,0,0
Cap_Phase1_140_L.mp4,2111,0,0,0,0,0,0,0
Cap_Phase1_140_L.mp4,2112,0,0,0,0,0,0,0
Cap_Phase1_140_L.mp4,2113,0,0,0,0,0,0,0
Cap_Phase1_140_L.mp4,2114,0,0,0,0,0,0,0
Cap_Phase1_140_L.mp4,2115,0,0,0,0,0,0,0
Cap_Phase1_140_L.mp4,2116,0,0,0,0,0,0,0
Cap_Phase1_140_L.mp4,2117,0,0,0,0,0,0,0
Cap_Phase1_140_L.mp4,2118,0,0,0,0,0,0,0
Cap_Phase1_140_L.mp4,2119,0,0,0,0,0,0,0
Cap_Phase1_140_L.mp4,2120,0,0,0,0,0,0,0
Cap_Phase1_140_L.mp4,2121,0,0,0,0,0,0,0
Cap_Phase1_140_L.mp4,2122,0,0,0,0,0,0,0
Cap_Phase1_140_L.mp4,2123,0,0,0,0,0,0,0
Cap_Phase1_140_L.mp4,2124,0,0,0,0,0,0,0
Cap_Phase1_140_L.mp4,2125,0,0,0,0,0,0,0
Cap_Phase1_140_L.mp4,2126,0,0,0,0,0,0,0
Cap_Phase1_140_L.mp4,2127,0,0,0,0,0,0,0
Cap_Phase1_140_L.mp4,2128,0,0,0,0,0,0,0
Cap_Phase1_140_L.mp4,2129,0,0,0,0,0,0,0
Cap_Phase1_140_L.mp4,2130,0,0,0,0,0,0,0
Cap_Phase1_140_L.mp4,2131,0,0,0,0,0,0,0
Cap_Phase1_140_L.mp4,2132,0,0,0,0,0,0,0
Cap_Phase1_140_L.mp4,2133,0,0,0,0,0,0,0
Cap_Phase1_140_L.mp4,2134,0,0,0,0,0,0,0
Cap_Phase1_140_L.mp4,2135,0,0,0,0,0,0,0
Cap_Phase1_140_L.mp4,2136,0,0,0,0,0,0,0
Cap_Phase1_140_L.mp4,2137,0,0,0,0,0,0,0
Cap_Phase1_140_L.mp4,2138,0,0,0,0,0,0,0
Cap_Phase1_140_L.mp4,2139,0,0,0,0,0,0,0
Cap_Phase1_140_L.mp4,2140,0,0,0,0,0,0,0
Cap_Phase1_140_L.mp4,2141,0,0,0,0,0,0,0
Cap_Phase1_140_L.mp4,2142,0,0,0,0,0,0,0
Cap_Phase1_140_L.mp4,2143,0,0,0,0,0,0,0
Cap_Phase1_140_L.mp4,2144,0,0,0,0,0,0,0
Cap_Phase1_140_L.mp4,2145,0,0,0,0,0,0,0
Cap_Phase1_140_L.mp4,2146,0,0,0,0,0,0,0
Cap_Phase1_140_L.mp4,2147,0,0,0,0,0,0,0
Cap_Phase1_140_L.mp4,2148,0,0,0,0,0,0,0
Cap_Phase1_140_L.mp4,2149,0,0,0,0,0,0,0
Cap_Phase1_140_L.mp4,2150,0,0,0,0,0,0,0
Cap_Phase1_140_L.mp4,2151,0,0,0,0,0,0,0
Cap_Phase1_140_L.mp4,2152,0,0,0,0,0,0,0
Cap_Phase1_140_L.mp4,2153,0,0,0,0,0,0,0
Cap_Phase1_140_L.mp4,2154,0,0,0,0,0,0,0
Cap_Phase1_140_L.mp4,2155,0,0,0,0,0,0,0
Cap_Phase1_140_L.mp4,2156,0,0,0,0,0,0,0
Cap_Phase1_140_L.mp4,2157,0,0,0,0,0,0,0
Cap_Phase1_140_L.mp4,2158,0,0,0,0,0,0,0
Cap_Phase1_140_L.mp4,2159,0,0,0,0,0,0,0
Cap_Phase1_140_L.mp4,2160,0,0,0,0,0,0,0
Cap_Phase1_140_L.mp4,2161,0,0,0,0,0,0,0
Cap_Phase1_140_L.mp4,2162,0,0,0,0,0,0,0
Cap_Phase1_140_L.mp4,2163,0,0,0,0,0,0,0
Cap_Phase1_140_L.mp4,2164,0,0,0,0,0,0,0
Cap_Phase1_140_L.mp4,2165,0,0,0,0,0,0,0
Cap_Phase1_140_L.mp4,2166,0,0,0,0,0,0,0
Cap_Phase1_140_L.mp4,2167,0,0,0,0,0,0,0
Cap_Phase1_140_L.mp4,2168,0,0,0,0,0,0,0
Cap_Phase1_140_L.mp4,2169,0,0,0,0,0,0,0
Cap_Phase1_140_L.mp4,2170,0,0,0,0,0,0,0
Cap_Phase1_140_L.mp4,2171,0,0,0,0,0,0,0
Cap_Phase1_140_L.mp4,2172,0,0,0,0,0,0,0
Cap_Phase1_140_L.mp4,2173,0,0,0,0,0,0,0
Cap_Phase1_140_L.mp4,2174,0,0,0,0,0,0,0
Cap_Phase1_140_L.mp4,2175,0,0,0,0,0,0,0
Cap_Phase1_140_L.mp4,2176,0,0,0,0,0,0,0
Cap_Phase1_140_L.mp4,2177,1,0,0,0,0,0,0
Cap_Phase1_140_L.mp4,2178,1,0,0,0,0,0,0
Cap_Phase1_140_L.mp4,2179,1,0,0,0,0,0,0
Cap_Phase1_140_L.mp4,2180,1,0,0,0,0,0,0
Cap_Phase1_140_L.mp4,2181,1,0,0,0,0,0,0
Cap_Phase1_140_L.mp4,2182,1,0,0,0,0,0,0
Cap_Phase1_140_L.mp4,2183,0,0,0,0,0,0,0
Cap_Phase1_140_L.mp4,2184,0,0,0,0,0,0,0
Cap_Phase1_140_L.mp4,2185,0,0,0,0,0,0,0
Cap_Phase1_140_L.mp4,2186,0,0,0,0,0,0,0
Cap_Phase1_140_L.mp4,2187,0,0,0,0,0,0,0
Cap_Phase1_140_L.mp4,2188,0,0,0,0,0,0,0
Cap_Phase1_140_L.mp4,2189,0,0,0,0,0,0,0
Cap_Phase1_140_L.mp4,2190,0,0,0,0,0,0,0
Cap_Phase1_140_L.mp4,2191,0,0,0,0,0,0,0
Cap_Phase1_140_L.mp4,2192,0,0,0,0,0,0,0
Cap_Phase1_140_L.mp4,2193,0,0,0,0,0,0,0
Cap_Phase1_140_L.mp4,2194,0,0,0,0,0,0,0
Cap_Phase1_140_L.mp4,2195,0,0,0,0,0,0,0
Cap_Phase1_140_L.mp4,2196,1,0,0,0,0,0,0
Cap_Phase1_140_L.mp4,2197,1,0,0,0,0,0,0
Cap_Phase1_140_L.mp4,2198,1,0,0,0,0,0,0
Cap_Phase1_140_L.mp4,2199,0,0,0,0,0,0,0
Cap_Phase1_140_L.mp4,2200,0,0,0,0,0,0,0
Cap_Phase1_140_L.mp4,2201,0,0,0,0,0,0,0
Cap_Phase1_140_L.mp4,2202,0,0,0,0,0,0,0
Cap_Phase1_140_L.mp4,2203,0,0,0,0,0,0,0
Cap_Phase1_140_L.mp4,2204,0,0,0,0,0,0,0
Cap_Phase1_140_L.mp4,2205,0,0,0,0,0,0,0
Cap_Phase1_140_L.mp4,2206,0,0,0,0,0,0,0
Cap_Phase1_140_L.mp4,2207,0,0,0,0,0,0,0
Cap_Phase1_140_L.mp4,2208,0,0,0,0,0,0,0
Cap_Phase1_140_L.mp4,2209,0,0,0,0,0,0,0
Cap_Phase1_140_L.mp4,2210,0,0,0,0,0,0,0
Cap_Phase1_140_L.mp4,2211,0,0,0,0,0,0,0
Cap_Phase1_140_L.mp4,2212,0,0,0,0,0,0,0
Cap_Phase1_140_L.mp4,2213,0,0,0,0,0,0,0
Cap_Phase1_140_L.mp4,2214,1,0,0,0,0,0,0
Cap_Phase1_140_L.mp4,2215,1,0,0,0,0,0,0
Cap_Phase1_140_L.mp4,2216,1,0,0,0,0,0,0
Cap_Phase1_140_L.mp4,2217,0,0,0,0,0,0,0
Cap_Phase1_140_L.mp4,2218,0,0,0,0,0,0,0
Cap_Phase1_140_L.mp4,2219,0,0,0,0,0,0,0
Cap_Phase1_140_L.mp4,2220,0,0,0,0,0,0,0
Cap_Phase1_140_L.mp4,2221,0,0,0,0,0,0,0
Cap_Phase1_140_L.mp4,2222,0,0,0,0,0,0,0
Cap_Phase1_140_L.mp4,2223,0,0,0,0,0,0,0
Cap_Phase1_140_L.mp4,2224,0,0,0,0,0,0,0
Cap_Phase1_140_L.mp4,2225,0,0,0,0,0,0,0
Cap_Phase1_140_L.mp4,2226,0,0,0,0,0,0,0
Cap_Phase1_140_L.mp4,2227,0,0,0,0,0,0,0
Cap_Phase1_140_L.mp4,2228,0,0,0,0,0,0,0
Cap_Phase1_140_L.mp4,2229,0,0,0,0,0,0,0
Cap_Phase1_140_L.mp4,2230,0,0,0,0,0,0,0
Cap_Phase1_140_L.mp4,2231,0,0,0,0,0,0,0
Cap_Phase1_140_L.mp4,2232,1,0,0,0,0,0,0
Cap_Phase1_140_L.mp4,2233,1,0,0,0,0,0,0
Cap_Phase1_140_L.mp4,2234,0,0,0,0,0,0,0
Cap_Phase1_140_L.mp4,2235,0,0,0,0,0,0,0
Cap_Phase1_140_L.mp4,2236,0,0,0,0,0,0,0
Cap_Phase1_140_L.mp4,2237,0,0,0,0,0,0,0
Cap_Phase1_140_L.mp4,2238,0,0,0,0,0,0,0
Cap_Phase1_140_L.mp4,2239,0,0,0,0,0,0,0
Cap_Phase1_140_L.mp4,2240,0,0,0,0,0,0,0
Cap_Phase1_140_L.mp4,2241,0,0,0,0,0,0,0
Cap_Phase1_140_L.mp4,2242,0,0,0,0,0,0,0
Cap_Phase1_140_L.mp4,2243,0,0,0,0,0,0,0
Cap_Phase1_140_L.mp4,2244,0,0,0,0,0,0,0
Cap_Phase1_140_L.mp4,2245,0,0,0,0,0,0,0
Cap_Phase1_140_L.mp4,2246,0,0,0,0,0,0,0
Cap_Phase1_140_L.mp4,2247,0,0,0,0,0,0,0
Cap_Phase1_140_L.mp4,2248,1,0,0,0,0,0,0
Cap_Phase1_140_L.mp4,2249,1,0,0,0,0,0,0
Cap_Phase1_140_L.mp4,2250,0,0,0,0,0,0,0
Cap_Phase1_140_L.mp4,2251,0,0,0,0,0,0,0
Cap_Phase1_140_L.mp4,2252,0,0,0,0,0,0,0
Cap_Phase1_140_L.mp4,2253,0,0,0,0,0,0,0
Cap_Phase1_140_L.mp4,2254,0,0,0,0,0,0,0
Cap_Phase1_140_L.mp4,2255,0,0,0,0,0,0,0
Cap_Phase1_140_L.mp4,2256,0,0,0,0,0,0,0
Cap_Phase1_140_L.mp4,2257,0,0,0,0,0,0,0
Cap_Phase1_140_L.mp4,2258,0,0,0,0,0,0,0
Cap_Phase1_140_L.mp4,2259,0,0,0,0,0,0,0
Cap_Phase1_140_L.mp4,2260,0,0,0,0,0,0,0
Cap_Phase1_140_L.mp4,2261,0,0,0,0,0,0,0
Cap_Phase1_140_L.mp4,2262,1,0,0,0,0,0,0
Cap_Phase1_140_L.mp4,2263,1,0,0,0,0,0,0
Cap_Phase1_140_L.mp4,2264,1,0,0,0,0,0,0
Cap_Phase1_140_L.mp4,2265,0,0,0,0,0,0,0
Cap_Phase1_140_L.mp4,2266,0,0,0,0,0,0,0
Cap_Phase1_140_L.mp4,2267,0,0,0,0,0,0,0
Cap_Phase1_140_L.mp4,2268,0,0,0,0,0,0,0
Cap_Phase1_140_L.mp4,2269,0,0,0,0,0,0,0
Cap_Phase1_140_L.mp4,2270,0,0,0,0,0,0,0
Cap_Phase1_140_L.mp4,2271,0,0,0,0,0,0,0
Cap_Phase1_140_L.mp4,2272,0,0,0,0,0,0,0
Cap_Phase1_140_L.mp4,2273,0,0,0,0,0,0,0
Cap_Phase1_140_L.mp4,2274,0,0,0,0,0,0,0
Cap_Phase1_140_L.mp4,2275,0,0,0,0,0,0,0
Cap_Phase1_140_L.mp4,2276,1,0,0,0,0,0,0
Cap_Phase1_140_L.mp4,2277,1,0,0,0,0,0,0
Cap_Phase1_140_L.mp4,2278,1,0,0,0,0,0,0
Cap_Phase1_140_L.mp4,2279,0,0,0,0,0,0,0
Cap_Phase1_140_L.mp4,2280,0,0,0,0,0,0,0
Cap_Phase1_140_L.mp4,2281,0,0,0,0,0,0,0
Cap_Phase1_140_L.mp4,2282,0,0,0,0,0,0,0
Cap_Phase1_140_L.mp4,2283,0,0,0,0,0,0,0
Cap_Phase1_140_L.mp4,2284,0,0,0,0,0,0,0
Cap_Phase1_140_L.mp4,2285,0,0,0,0,0,0,0
Cap_Phase1_140_L.mp4,2286,0,0,0,0,0,0,0
Cap_Phase1_140_L.mp4,2287,0,0,0,0,0,0,0
Cap_Phase1_140_L.mp4,2288,0,0,0,0,0,0,0
Cap_Phase1_140_L.mp4,2289,0,0,0,0,0,0,0
Cap_Phase1_140_L.mp4,2290,0,0,0,0,0,0,0
Cap_Phase1_140_L.mp4,2291,0,0,1,0,0,0,0
Cap_Phase1_140_L.mp4,2292,0,0,0,0,0,0,0
Cap_Phase1_140_L.mp4,2293,0,0,0,0,0,0,0
Cap_Phase1_140_L.mp4,2294,0,0,0,0,0,0,0
Cap_Phase1_140_L.mp4,2295,0,0,0,0,0,0,0
Cap_Phase1_140_L.mp4,2296,0,0,0,0,0,0,0
Cap_Phase1_140_L.mp4,2297,0,0,0,0,0,0,0
Cap_Phase1_140_L.mp4,2298,0,0,0,0,0,0,0
Cap_Phase1_140_L.mp4,2299,0,0,0,0,0,0,0
Cap_Phase1_140_L.mp4,2300,0,0,0,0,0,0,0
Cap_Phase1_140_L.mp4,2301,0,0,0,0,0,0,0
Cap_Phase1_140_L.mp4,2302,0,0,0,0,0,0,0
Cap_Phase1_140_L.mp4,2303,0,0,0,0,0,0,0
Cap_Phase1_140_L.mp4,2304,0,0,0,0,0,0,0
Cap_Phase1_140_L.mp4,2305,0,1,0,0,0,0,0
Cap_Phase1_140_L.mp4,2306,0,1,1,0,0,0,0
Cap_Phase1_140_L.mp4,2307,0,1,0,0,0,0,0
Cap_Phase1_140_L.mp4,2308,0,0,0,0,0,0,0
Cap_Phase1_140_L.mp4,2309,0,0,0,0,0,0,0
Cap_Phase1_140_L.mp4,2310,0,0,0,0,0,0,0
Cap_Phase1_140_L.mp4,2311,0,0,0,0,0,0,0
Cap_Phase1_140_L.mp4,2312,0,0,0,0,0,0,0
Cap_Phase1_140_L.mp4,2313,0,0,0,0,0,0,0
Cap_Phase1_140_L.mp4,2314,0,0,0,0,0,0,0
Cap_Phase1_140_L.mp4,2315,0,0,0,0,0,0,0
Cap_Phase1_140_L.mp4,2316,0,0,0,0,0,0,0
Cap_Phase1_140_L.mp4,2317,0,0,0,0,0,0,0
Cap_Phase1_140_L.mp4,2318,0,0,0,0,0,0,0
Cap_Phase1_140_L.mp4,2319,0,1,0,0,0,0,0
Cap_Phase1_140_L.mp4,2320,0,1,0,0,0,0,0
Cap_Phase1_140_L.mp4,2321,0,1,0,0,0,0,0
Cap_Phase1_140_L.mp4,2322,0,0,0,0,0,0,0
Cap_Phase1_140_L.mp4,2323,0,0,0,0,0,0,0
Cap_Phase1_140_L.mp4,2324,0,0,0,0,0,0,0
Cap_Phase1_140_L.mp4,2325,0,0,0,0,0,0,0
Cap_Phase1_140_L.mp4,2326,0,0,0,0,0,0,0
Cap_Phase1_140_L.mp4,2327,0,0,0,0,0,0,0
Cap_Phase1_140_L.mp4,2328,0,0,0,0,0,0,0
Cap_Phase1_140_L.mp4,2329,0,0,0,0,0,0,0
Cap_Phase1_140_L.mp4,2330,0,0,0,0,0,0,0
Cap_Phase1_140_L.mp4,2331,0,0,0,0,0,0,0
Cap_Phase1_140_L.mp4,2332,0,0,0,0,0,0,0
Cap_Phase1_140_L.mp4,2333,0,1,0,0,0,0,0
Cap_Phase1_140_L.mp4,2334,0,1,0,0,0,0,0
Cap_Phase1_140_L.mp4,2335,0,1,0,0,0,0,0
Cap_Phase1_140_L.mp4,2336,0,0,0,0,0,0,0
Cap_Phase1_140_L.mp4,2337,0,0,0,0,0,0,0
Cap_Phase1_140_L.mp4,2338,0,0,0,0,0,0,0
Cap_Phase1_140_L.mp4,2339,0,0,0,0,0,0,0
Cap_Phase1_140_L.mp4,2340,0,0,0,0,0,0,0
Cap_Phase1_140_L.mp4,2341,0,0,0,0,0,0,0
Cap_Phase1_140_L.mp4,2342,0,0,0,0,0,0,0
Cap_Phase1_140_L.mp4,2343,0,0,0,0,0,0,0
Cap_Phase1_140_L.mp4,2344,0,0,0,0,0,0,0
Cap_Phase1_140_L.mp4,2345,0,0,0,0,0,0,0
Cap_Phase1_140_L.mp4,2346,0,0,0,0,0,0,0
Cap_Phase1_140_L.mp4,2347,0,0,0,0,0,0,0
Cap_Phase1_140_L.mp4,2348,0,0,1,0,0,0,0
Cap_Phase1_140_L.mp4,2349,0,0,1,0,0,0,0
Cap_Phase1_140_L.mp4,2350,0,0,1,0,0,0,0
Cap_Phase1_140_L.mp4,2351,0,0,1,0,0,0,0
Cap_Phase1_140_L.mp4,2352,0,0,0,0,0,0,0
Cap_Phase1_140_L.mp4,2353,0,0,0,0,0,0,0
Cap_Phase1_140_L.mp4,2354,0,0,0,0,0,0,0
Cap_Phase1_140_L.mp4,2355,0,0,0,0,0,0,0
Cap_Phase1_140_L.mp4,2356,0,0,0,0,0,0,0
Cap_Phase1_140_L.mp4,2357,0,0,0,0,0,0,0
Cap_Phase1_140_L.mp4,2358,0,0,1,0,0,0,0
Cap_Phase1_140_L.mp4,2359,0,0,1,0,0,0,0
Cap_Phase1_140_L.mp4,2360,0,0,1,0,0,0,0
Cap_Phase1_140_L.mp4,2361,0,0,0,0,0,0,0
Cap_Phase1_140_L.mp4,2362,0,0,0,0,0,0,0
Cap_Phase1_140_L.mp4,2363,0,0,0,0,0,0,0
Cap_Phase1_140_L.mp4,2364,0,0,0,0,0,0,0
Cap_Phase1_140_L.mp4,2365,0,0,0,0,0,0,0
Cap_Phase1_140_L.mp4,2366,0,0,0,0,0,0,0
Cap_Phase1_140_L.mp4,2367,0,0,1,0,0,0,0
Cap_Phase1_140_L.mp4,2368,0,0,1,0,0,0,0
Cap_Phase1_140_L.mp4,2369,0,0,1,0,0,0,0
Cap_Phase1_140_L.mp4,2370,0,0,1,0,0,0,0
Cap_Phase1_140_L.mp4,2371,0,0,0,0,0,0,0
Cap_Phase1_140_L.mp4,2372,0,0,0,0,0,0,0
Cap_Phase1_140_L.mp4,2373,0,0,0,0,0,0,0
Cap_Phase1_140_L.mp4,2374,0,0,0,0,0,0,0
Cap_Phase1_140_L.mp4,2375,0,0,0,0,0,0,0
Cap_Phase1_140_L.mp4,2376,0,0,1,0,0,0,0
Cap_Phase1_140_L.mp4,2377,0,0,1,0,0,0,0
Cap_Phase1_140_L.mp4,2378,0,0,1,0,0,0,0
Cap_Phase1_140_L.mp4,2379,0,0,0,0,0,0,0
Cap_Phase1_140_L.mp4,2380,0,0,0,0,0,0,0
Cap_Phase1_140_L.mp4,2381,0,0,0,0,0,0,0
Cap_Phase1_140_L.mp4,2382,0,0,0,0,0,0,0
Cap_Phase1_140_L.mp4,2383,0,0,0,0,0,0,0
Cap_Phase1_140_L.mp4,2384,0,0,0,0,0,0,0
Cap_Phase1_140_L.mp4,2385,0,0,0,0,0,0,0
Cap_Phase1_140_L.mp4,2386,0,0,0,0,0,0,0
Cap_Phase1_140_L.mp4,2387,0,0,0,0,0,0,0
Cap_Phase1_140_L.mp4,2388,0,0,0,1,0,0,0
Cap_Phase1_140_L.mp4,2389,0,0,0,1,0,0,0
Cap_Phase1_140_L.mp4,2390,0,0,0,0,0,0,0
Cap_Phase1_140_L.mp4,2391,0,0,0,0,0,0,0
Cap_Phase1_140_L.mp4,2392,0,0,0,0,0,0,0
Cap_Phase1_140_L.mp4,2393,0,0,0,0,0,0,0
Cap_Phase1_140_L.mp4,2394,0,0,0,0,0,0,0
Cap_Phase1_140_L.mp4,2395,0,0,0,0,0,0,0
Cap_Phase1_140_L.mp4,2396,0,0,0,0,0,0,0
Cap_Phase1_140_L.mp4,2397,0,0,0,1,0,0,0
Cap_Phase1_140_L.mp4,2398,0,0,0,1,0,0,0
Cap_Phase1_140_L.mp4,2399,0,0,0,1,0,0,0
Cap_Phase1_140_L.mp4,2400,0,0,0,1,0,0,0
Cap_Phase1_140_L.mp4,2401,0,0,0,0,0,0,0
Cap_Phase1_140_L.mp4,2402,0,0,0,0,0,0,0
Cap_Phase1_140_L.mp4,2403,0,0,0,0,0,0,0
Cap_Phase1_140_L.mp4,2404,0,0,0,0,0,0,0
Cap_Phase1_140_L.mp4,2405,0,0,0,1,0,0,0
Cap_Phase1_140_L.mp4,2406,0,0,0,1,0,0,0
Cap_Phase1_140_L.mp4,2407,0,0,0,1,0,0,0
Cap_Phase1_140_L.mp4,2408,0,0,0,1,0,0,0
Cap_Phase1_140_L.mp4,2409,0,0,0,0,0,0,0
Cap_Phase1_140_L.mp4,2410,0,0,0,0,0,0,0
Cap_Phase1_140_L.mp4,2411,0,0,0,0,0,0,0
Cap_Phase1_140_L.mp4,2412,0,0,0,0,0,0,0
Cap_Phase1_140_L.mp4,2413,0,0,0,0,0,0,0
Cap_Phase1_140_L.mp4,2414,0,0,0,0,0,0,0
Cap_Phase1_140_L.mp4,2415,0,0,0,0,0,0,0
Cap_Phase1_140_L.mp4,2416,0,0,0,0,0,0,0
Cap_Phase1_140_L.mp4,2417,0,0,0,0,0,0,0
Cap_Phase1_140_L.mp4,2418,0,0,0,0,0,0,0
Cap_Phase1_140_L.mp4,2419,0,0,0,0,0,0,0
Cap_Phase1_140_L.mp4,2420,0,0,0,0,0,0,0
Cap_Phase1_140_L.mp4,2421,0,0,0,0,0,0,0
Cap_Phase1_140_L.mp4,2422,0,0,0,0,0,0,0
Cap_Phase1_140_L.mp4,2423,0,0,0,0,0,0,0
Cap_Phase1_140_L.mp4,2424,0,0,0,0,0,0,0
Cap_Phase1_140_L.mp4,2425,0,0,0,0,0,0,0
Cap_Phase1_140_L.mp4,2426,0,0,0,0,0,0,0
Cap_Phase1_140_L.mp4,2427,0,0,0,0,0,0,0
Cap_Phase1_140_L.mp4,2428,0,0,0,0,0,0,0
Cap_Phase1_140_L.mp4,2429,0,0,0,0,0,0,0
Cap_Phase1_140_L.mp4,2430,0,0,0,0,0,0,0
Cap_Phase1_140_L.mp4,2431,0,0,0,0,0,0,0
Cap_Phase1_140_L.mp4,2432,0,0,0,0,0,0,0
Cap_Phase1_140_L.mp4,2433,0,0,0,0,0,0,0
Cap_Phase1_140_L.mp4,2434,0,0,0,0,0,0,0
Cap_Phase1_140_L.mp4,2435,0,0,0,0,0,0,0
Cap_Phase1_140_L.mp4,2436,0,0,0,0,0,0,0
Cap_Phase1_140_L.mp4,2437,0,0,0,0,0,0,0
Cap_Phase1_140_L.mp4,2438,0,0,0,0,1,0,0
Cap_Phase1_140_L.mp4,2439,0,0,0,0,1,0,0
Cap_Phase1_140_L.mp4,2440,0,0,0,0,1,0,0
Cap_Phase1_140_L.mp4,2441,0,0,0,0,1,0,0
Cap_Phase1_140_L.mp4,2442,0,0,0,0,1,0,0
Cap_Phase1_140_L.mp4,2443,0,0,0,0,0,0,0
Cap_Phase1_140_L.mp4,2444,0,0,0,0,0,0,0
Cap_Phase1_140_L.mp4,2445,0,0,0,0,0,0,0
Cap_Phase1_140_L.mp4,2446,0,0,0,0,0,0,0
Cap_Phase1_140_L.mp4,2447,0,0,0,0,0,0,0
Cap_Phase1_140_L.mp4,2448,0,0,0,0,0,0,0
Cap_Phase1_140_L.mp4,2449,0,0,0,0,1,1,0
Cap_Phase1_140_L.mp4,2450,0,0,0,0,0,0,0
Cap_Phase1_140_L.mp4,2451,0,0,0,0,0,0,0
Cap_Phase1_140_L.mp4,2452,0,0,0,0,0,0,0
Cap_Phase1_140_L.mp4,2453,0,0,0,0,0,0,0
Cap_Phase1_140_L.mp4,2454,0,0,0,0,0,0,0
Cap_Phase1_140_L.mp4,2455,0,0,0,0,0,0,0
Cap_Phase1_140_L.mp4,2456,0,0,0,0,0,0,0
Cap_Phase1_140_L.mp4,2457,0,0,0,0,0,0,0
Cap_Phase1_140_L.mp4,2458,0,0,0,0,0,0,0
Cap_Phase1_140_L.mp4,2459,0,0,0,0,0,0,0
Cap_Phase1_140_L.mp4,2460,0,0,0,0,0,0,0
Cap_Phase1_140_L.mp4,2461,0,0,0,0,0,0,0
Cap_Phase1_140_L.mp4,2462,0,0,0,0,0,0,0
Cap_Phase1_140_L.mp4,2463,0,0,0,0,0,0,0
Cap_Phase1_140_L.mp4,2464,0,0,0,0,0,0,0
Cap_Phase1_140_L.mp4,2465,0,0,0,0,0,0,0
Cap_Phase1_140_L.mp4,2466,0,0,0,0,0,0,0
Cap_Phase1_140_L.mp4,2467,0,0,0,0,0,0,0
Cap_Phase1_140_L.mp4,2468,0,0,0,0,0,0,0
Cap_Phase1_140_L.mp4,2469,0,0,0,0,0,0,0
Cap_Phase1_140_L.mp4,2470,0,0,0,0,0,0,0
Cap_Phase1_140_L.mp4,2471,0,0,0,0,0,0,0
Cap_Phase1_140_L.mp4,2472,0,0,0,0,0,1,0
Cap_Phase1_140_L.mp4,2473,0,0,0,0,0,1,0
Cap_Phase1_140_L.mp4,2474,0,0,0,0,0,1,0
Cap_Phase1_140_L.mp4,2475,0,0,0,0,0,1,0
Cap_Phase1_140_L.mp4,2476,0,0,0,0,0,1,0
Cap_Phase1_140_L.mp4,2477,0,0,0,0,0,0,0
Cap_Phase1_140_L.mp4,2478,0,0,0,0,0,0,0
Cap_Phase1_140_L.mp4,2479,0,0,0,0,0,0,0
Cap_Phase1_140_L.mp4,2480,0,0,0,0,0,0,0
Cap_Phase1_140_L.mp4,2481,0,0,0,0,0,0,0
Cap_Phase1_140_L.mp4,2482,0,0,0,0,0,0,0
Cap_Phase1_140_L.mp4,2483,0,0,0,0,0,1,0
Cap_Phase1_140_L.mp4,2484,0,0,0,0,0,1,0
Cap_Phase1_140_L.mp4,2485,0,0,0,0,0,1,0
Cap_Phase1_140_L.mp4,2486,0,0,0,0,0,0,0
Cap_Phase1_140_L.mp4,2487,0,0,0,0,0,0,0
Cap_Phase1_140_L.mp4,2488,0,0,0,0,0,0,0
Cap_Phase1_140_L.mp4,2489,0,0,0,0,0,0,0
Cap_Phase1_140_L.mp4,2490,0,0,0,0,0,0,0
Cap_Phase1_140_L.mp4,2491,0,0,0,0,0,0,0
Cap_Phase1_140_L.mp4,2492,0,0,0,0,0,1,0
Cap_Phase1_140_L.mp4,2493,0,0,0,0,0,0,0
Cap_Phase1_140_L.mp4,2494,0,0,0,0,0,0,0
Cap_Phase1_140_L.mp4,2495,0,0,0,0,0,0,0
Cap_Phase1_140_L.mp4,2496,0,0,0,0,0,0,0
Cap_Phase1_140_L.mp4,2497,0,0,0,0,0,0,0
Cap_Phase1_140_L.mp4,2498,0,0,0,0,0,0,0
Cap_Phase1_140_L.mp4,2499,0,0,0,0,0,0,0
Cap_Phase1_140_L.mp4,2500,0,0,0,0,0,0,0
Cap_Phase1_140_L.mp4,2501,0,0,0,0,0,0,0
Cap_Phase1_140_L.mp4,2502,0,0,0,0,0,0,0
Cap_Phase1_140_L.mp4,2503,0,0,0,0,0,0,0
Cap_Phase1_140_L.mp4,2504,0,0,0,0,0,0,0
Cap_Phase1_140_L.mp4,2505,0,0,0,0,0,0,0
Cap_Phase1_140_L.mp4,2506,0,0,0,0,0,0,0
Cap_Phase1_140_L.mp4,2507,0,0,0,0,0,0,0
Cap_Phase1_140_L.mp4,2508,0,0,0,0,0,0,0
Cap_Phase1_140_L.mp4,2509,0,0,0,0,0,0,0
Cap_Phase1_140_L.mp4,2510,0,0,0,0,0,0,0
Cap_Phase1_140_L.mp4,2511,0,0,0,0,0,0,0
Cap_Phase1_140_L.mp4,2512,0,0,0,0,0,0,0
Cap_Phase1_140_L.mp4,2513,0,0,0,0,0,0,0
Cap_Phase1_140_L.mp4,2514,0,0,0,0,0,0,0
Cap_Phase1_140_L.mp4,2515,0,0,0,0,0,0,0
Cap_Phase1_140_L.mp4,2516,0,0,0,0,0,0,0
Cap_Phase1_140_L.mp4,2517,0,0,0,0,0,0,0
Cap_Phase1_140_L.mp4,2518,0,0,0,0,0,0,0
Cap_Phase1_140_L.mp4,2519,0,0,0,0,0,0,0
Cap_Phase1_140_L.mp4,2520,0,0,0,0,0,0,0
Cap_Phase1_140_L.mp4,2521,0,0,0,0,0,0,0
Cap_Phase1_140_L.mp4,2522,0,0,0,0,0,0,0
Cap_Phase1_140_L.mp4,2523,0,0,0,0,0,0,0
Cap_Phase1_140_L.mp4,2524,0,0,0,0,0,0,0
Cap_Phase1_140_L.mp4,2525,0,0,0,0,0,0,0
Cap_Phase1_140_L.mp4,2526,0,0,0,0,0,0,0
Cap_Phase1_140_L.mp4,2527,0,0,0,0,0,0,0
Cap_Phase1_140_L.mp4,2528,0,0,0,0,0,0,0
Cap_Phase1_140_L.mp4,2529,0,0,0,0,0,0,0
Cap_Phase1_140_L.mp4,2530,0,0,0,0,0,0,0
Cap_Phase1_140_L.mp4,2531,0,0,0,0,0,0,0
Cap_Phase1_140_L.mp4,2532,0,0,0,0,0,0,0
Cap_Phase1_140_L.mp4,2533,0,0,0,0,0,0,0
Cap_Phase1_140_L.mp4,2534,0,1,0,0,0,0,0
Cap_Phase1_140_L.mp4,2535,0,1,0,0,0,0,0
Cap_Phase1_140_L.mp4,2536,0,1,0,0,0,0,0
Cap_Phase1_140_L.mp4,2537,0,0,0,0,0,0,0
Cap_Phase1_140_L.mp4,2538,0,0,0,0,0,0,0
Cap_Phase1_140_L.mp4,2539,0,0,0,0,0,0,0
Cap_Phase1_140_L.mp4,2540,0,0,0,0,0,0,0
Cap_Phase1_140_L.mp4,2541,0,0,0,0,0,0,0
Cap_Phase1_140_L.mp4,2542,0,0,0,0,0,0,0
Cap_Phase1_140_L.mp4,2543,0,0,0,0,0,0,0
Cap_Phase1_140_L.mp4,2544,0,0,0,0,0,0,0
Cap_Phase1_140_L.mp4,2545,0,0,0,0,0,0,0
Cap_Phase1_140_L.mp4,2546,0,0,0,0,0,0,0
Cap_Phase1_140_L.mp4,2547,0,0,0,0,0,0,0
Cap_Phase1_140_L.mp4,2548,0,0,0,0,0,0,0
Cap_Phase1_140_L.mp4,2549,0,0,0,0,0,0,0
Cap_Phase1_140_L.mp4,2550,0,0,0,0,0,0,0
Cap_Phase1_140_L.mp4,2551,0,0,0,0,0,0,0
Cap_Phase1_140_L.mp4,2552,0,0,0,0,0,0,0
Cap_Phase1_140_L.mp4,2553,0,0,0,0,0,0,0
Cap_Phase1_140_L.mp4,2554,0,0,0,0,0,0,0
Cap_Phase1_140_L.mp4,2555,0,0,0,0,0,0,0
Cap_Phase1_140_L.mp4,2556,0,0,0,0,0,0,0
Cap_Phase1_140_L.mp4,2557,0,0,0,0,0,0,0
Cap_Phase1_140_L.mp4,2558,0,0,0,0,0,0,0
Cap_Phase1_140_L.mp4,2559,0,0,0,0,0,0,0
Cap_Phase1_140_L.mp4,2560,0,0,0,0,0,0,0
Cap_Phase1_140_L.mp4,2561,1,0,0,0,0,0,0
Cap_Phase1_140_L.mp4,2562,0,0,0,0,0,0,0
Cap_Phase1_140_L.mp4,2563,0,0,0,0,0,0,0
Cap_Phase1_140_L.mp4,2564,0,0,0,0,0,0,0
Cap_Phase1_140_L.mp4,2565,0,0,0,0,0,0,0
Cap_Phase1_140_L.mp4,2566,0,0,0,0,0,0,0
Cap_Phase1_140_L.mp4,2567,0,0,0,0,0,0,0
Cap_Phase1_140_L.mp4,2568,0,0,0,0,0,0,0
Cap_Phase1_140_L.mp4,2569,0,0,0,0,0,0,0
Cap_Phase1_140_L.mp4,2570,0,0,0,0,0,0,0
Cap_Phase1_140_L.mp4,2571,0,0,0,0,0,0,0
Cap_Phase1_140_L.mp4,2572,1,0,0,0,0,0,0
Cap_Phase1_140_L.mp4,2573,1,0,0,0,0,0,0
Cap_Phase1_140_L.mp4,2574,1,0,0,0,0,0,0
Cap_Phase1_140_L.mp4,2575,0,0,0,0,0,0,0
Cap_Phase1_140_L.mp4,2576,0,0,0,0,0,0,0
Cap_Phase1_140_L.mp4,2577,0,0,0,0,0,0,0
Cap_Phase1_140_L.mp4,2578,0,0,0,0,0,0,0
Cap_Phase1_140_L.mp4,2579,0,0,0,0,0,0,0
Cap_Phase1_140_L.mp4,2580,0,0,0,0,0,0,0
Cap_Phase1_140_L.mp4,2581,0,0,0,0,0,0,0
Cap_Phase1_140_L.mp4,2582,0,0,0,0,0,0,0
Cap_Phase1_140_L.mp4,2583,0,0,0,0,0,0,0
Cap_Phase1_140_L.mp4,2584,0,0,0,0,0,0,0
Cap_Phase1_140_L.mp4,2585,0,0,0,0,0,0,0
Cap_Phase1_140_L.mp4,2586,0,0,0,0,0,0,0
Cap_Phase1_140_L.mp4,2587,0,0,0,0,0,0,0
Cap_Phase1_140_L.mp4,2588,0,0,0,0,0,0,0
Cap_Phase1_140_L.mp4,2589,0,0,0,0,0,0,0
Cap_Phase1_140_L.mp4,2590,0,0,0,0,0,0,0
Cap_Phase1_140_L.mp4,2591,0,0,0,0,0,0,0
Cap_Phase1_140_L.mp4,2592,0,0,0,0,0,0,0
Cap_Phase1_140_L.mp4,2593,0,0,0,0,0,0,0
Cap_Phase1_140_L.mp4,2594,0,0,0,0,0,0,0
Cap_Phase1_140_L.mp4,2595,0,0,0,0,0,0,0
Cap_Phase1_140_L.mp4,2596,0,0,0,0,0,0,0
Cap_Phase1_140_L.mp4,2597,0,0,0,0,0,0,0
Cap_Phase1_140_L.mp4,2598,0,0,0,0,0,0,0
Cap_Phase1_140_L.mp4,2599,0,0,0,0,0,0,0
Cap_Phase1_140_L.mp4,2600,0,0,0,0,0,0,0
Cap_Phase1_140_L.mp4,2601,0,0,0,0,0,0,0
Cap_Phase1_140_L.mp4,2602,0,0,0,0,0,0,0
Cap_Phase1_140_L.mp4,2603,0,0,0,0,0,0,0
Cap_Phase1_140_L.mp4,2604,0,0,0,0,0,0,0
Cap_Phase1_140_L.mp4,2605,0,0,0,0,0,0,0
Cap_Phase1_140_L.mp4,2606,0,0,0,0,0,0,0
Cap_Phase1_140_L.mp4,2607,0,0,0,0,0,0,0
Cap_Phase1_140_L.mp4,2608,0,0,0,0,0,0,0
Cap_Phase1_140_L.mp4,2609,0,0,0,0,0,0,0
Cap_Phase1_140_L.mp4,2610,0,0,0,0,0,0,0
Cap_Phase1_140_L.mp4,2611,0,0,0,0,0,0,0
Cap_Phase1_140_L.mp4,2612,0,0,0,0,0,0,0
Cap_Phase1_140_L.mp4,2613,0,0,0,0,0,0,0
Cap_Phase1_140_L.mp4,2614,0,0,0,0,0,0,0
Cap_Phase1_140_L.mp4,2615,0,0,0,0,0,0,0
Cap_Phase1_140_L.mp4,2616,0,0,0,0,0,0,0
Cap_Phase1_140_L.mp4,2617,0,0,0,0,0,0,0
Cap_Phase1_140_L.mp4,2618,0,0,0,0,0,0,0
Cap_Phase1_140_L.mp4,2619,0,0,0,0,0,0,0
Cap_Phase1_140_L.mp4,2620,0,0,0,0,0,0,0
Cap_Phase1_140_L.mp4,2621,0,0,0,0,0,0,0
Cap_Phase1_140_L.mp4,2622,0,0,0,0,0,0,0
Cap_Phase1_140_L.mp4,2623,0,0,0,0,0,0,0
Cap_Phase1_140_L.mp4,2624,0,0,0,0,0,0,0
Cap_Phase1_140_L.mp4,2625,0,0,0,0,0,0,0
Cap_Phase1_140_L.mp4,2626,0,0,0,0,0,0,0
Cap_Phase1_140_L.mp4,2627,0,0,0,0,0,0,0
Cap_Phase1_140_L.mp4,2628,0,0,0,0,0,0,0
Cap_Phase1_140_L.mp4,2629,0,0,0,0,0,0,0
Cap_Phase1_140_L.mp4,2630,0,0,0,0,0,0,0
Cap_Phase1_140_L.mp4,2631,0,0,0,0,0,0,0
Cap_Phase1_140_L.mp4,2632,0,0,0,0,0,0,0
Cap_Phase1_140_L.mp4,2633,0,0,0,0,0,0,0
Cap_Phase1_140_L.mp4,2634,0,0,0,0,0,0,0
Cap_Phase1_140_L.mp4,2635,0,0,0,0,0,0,0
Cap_Phase1_140_L.mp4,2636,0,0,0,0,0,0,0
Cap_Phase1_140_L.mp4,2637,0,0,0,0,0,0,0
Cap_Phase1_140_L.mp4,2638,0,0,0,0,0,0,0
Cap_Phase1_140_L.mp4,2639,0,0,0,0,0,0,0
Cap_Phase1_140_L.mp4,2640,0,0,0,0,0,0,0
Cap_Phase1_140_L.mp4,2641,0,0,0,0,0,0,0
Cap_Phase1_140_L.mp4,2642,0,0,0,0,0,0,0
Cap_Phase1_140_L.mp4,2643,0,0,0,0,0,0,0
Cap_Phase1_140_L.mp4,2644,0,0,0,0,0,0,0
Cap_Phase1_140_L.mp4,2645,0,0,0,0,0,0,0
Cap_Phase1_140_L.mp4,2646,0,0,0,0,0,0,0
Cap_Phase1_140_L.mp4,2647,0,0,0,0,0,0,0
Cap_Phase1_140_L.mp4,2648,0,0,0,0,0,0,0
Cap_Phase1_140_L.mp4,2649,0,0,0,0,0,0,0
Cap_Phase1_140_L.mp4,2650,0,0,0,0,0,0,0
Cap_Phase1_140_L.mp4,2651,0,0,0,0,0,0,0
Cap_Phase1_140_L.mp4,2652,0,0,0,0,0,0,0
Cap_Phase1_140_L.mp4,2653,0,0,0,0,0,0,0
Cap_Phase1_140_L.mp4,2654,0,0,0,0,0,0,0
Cap_Phase1_140_L.mp4,2655,0,0,0,0,0,0,0
Cap_Phase1_140_L.mp4,2656,0,0,0,0,0,0,0
Cap_Phase1_140_L.mp4,2657,0,0,0,0,0,0,0
Cap_Phase1_140_L.mp4,2658,0,0,0,0,0,0,0
Cap_Phase1_140_L.mp4,2659,0,0,0,0,0,0,0
Cap_Phase1_140_L.mp4,2660,0,0,0,0,0,0,0
Cap_Phase1_140_L.mp4,2661,0,0,0,0,0,0,0
Cap_Phase1_140_L.mp4,2662,0,0,0,0,0,0,0
Cap_Phase1_140_L.mp4,2663,0,0,0,0,0,0,0
Cap_Phase1_140_L.mp4,2664,0,0,0,0,0,0,0
Cap_Phase1_140_L.mp4,2665,0,0,0,0,0,0,0
Cap_Phase1_140_L.mp4,2666,0,0,0,0,0,0,0
Cap_Phase1_140_L.mp4,2667,0,0,0,0,0,0,0
Cap_Phase1_140_L.mp4,2668,0,0,0,0,0,0,0
Cap_Phase1_140_L.mp4,2669,0,0,0,0,0,0,0
Cap_Phase1_140_L.mp4,2670,0,0,0,0,0,0,0
Cap_Phase1_140_L.mp4,2671,0,0,0,0,0,0,0
Cap_Phase1_140_L.mp4,2672,0,0,0,0,0,0,0
Cap_Phase1_140_L.mp4,2673,0,0,0,0,0,0,0
Cap_Phase1_140_L.mp4,2674,0,0,0,0,0,0,0
Cap_Phase1_140_L.mp4,2675,0,0,0,0,0,0,0
Cap_Phase1_140_L.mp4,2676,0,0,0,0,0,0,0
Cap_Phase1_140_L.mp4,2677,0,0,0,0,0,0,0
Cap_Phase1_140_L.mp4,2678,0,0,0,0,0,0,0
Cap_Phase1_140_L.mp4,2679,0,0,0,0,0,0,0
Cap_Phase1_140_L.mp4,2680,0,0,0,0,0,0,0
Cap_Phase1_140_L.mp4,2681,0,0,0,0,0,0,0
Cap_Phase1_140_L.mp4,2682,0,0,0,0,0,0,0
Cap_Phase1_140_L.mp4,2683,0,0,0,0,0,0,0
Cap_Phase1_140_L.mp4,2684,0,0,0,0,0,0,0
Cap_Phase1_140_L.mp4,2685,0,0,0,0,0,0,0
Cap_Phase1_140_L.mp4,2686,0,0,0,0,0,0,0
Cap_Phase1_140_L.mp4,2687,0,0,0,0,0,0,0
Cap_Phase1_140_L.mp4,2688,0,0,0,0,0,0,0
Cap_Phase1_140_L.mp4,2689,0,0,0,0,0,0,0
Cap_Phase1_140_L.mp4,2690,0,0,0,0,0,0,0
Cap_Phase1_140_L.mp4,2691,0,0,0,0,0,0,0
Cap_Phase1_140_L.mp4,2692,0,0,0,0,0,0,0
Cap_Phase1_140_L.mp4,2693,0,0,0,0,0,0,0
Cap_Phase1_140_L.mp4,2694,0,0,0,0,0,0,0
Cap_Phase1_140_L.mp4,2695,0,0,0,0,0,0,0
Cap_Phase1_140_L.mp4,2696,0,0,0,0,0,0,0
Cap_Phase1_140_L.mp4,2697,0,0,0,0,0,0,0
Cap_Phase1_140_L.mp4,2698,0,0,0,0,0,0,0
Cap_Phase1_140_L.mp4,2699,0,0,0,0,0,0,0
Cap_Phase1_140_L.mp4,2700,0,0,0,0,0,0,0
Cap_Phase1_140_L.mp4,2701,0,0,0,0,0,0,0
Cap_Phase1_140_L.mp4,2702,0,0,0,0,0,0,0
Cap_Phase1_140_L.mp4,2703,0,0,0,0,0,0,0
Cap_Phase1_140_L.mp4,2704,0,0,0,0,0,0,0
Cap_Phase1_140_L.mp4,2705,0,0,0,0,0,0,0
Cap_Phase1_140_L.mp4,2706,0,0,0,0,0,0,0
Cap_Phase1_140_L.mp4,2707,0,0,0,0,0,0,0
Cap_Phase1_140_L.mp4,2708,0,0,0,0,0,0,0
Cap_Phase1_140_L.mp4,2709,0,0,0,0,0,0,0
Cap_Phase1_140_L.mp4,2710,0,0,0,0,0,0,0
Cap_Phase1_140_L.mp4,2711,0,0,0,0,0,0,0
Cap_Phase1_140_L.mp4,2712,0,0,0,0,0,0,0
Cap_Phase1_140_L.mp4,2713,0,0,0,0,0,0,0
Cap_Phase1_140_L.mp4,2714,0,0,0,0,0,0,0
Cap_Phase1_140_L.mp4,2715,0,0,0,0,0,0,0
Cap_Phase1_140_L.mp4,2716,0,0,0,0,0,0,0
Cap_Phase1_140_L.mp4,2717,0,0,0,0,0,0,0
Cap_Phase1_140_L.mp4,2718,0,0,0,0,0,0,0
Cap_Phase1_140_L.mp4,2719,0,0,0,0,0,0,0
Cap_Phase1_140_L.mp4,2720,0,0,0,0,0,0,0
Cap_Phase1_140_L.mp4,2721,0,0,0,0,0,0,0
Cap_Phase1_140_L.mp4,2722,0,0,0,0,0,0,0
Cap_Phase1_140_L.mp4,2723,0,0,0,0,0,0,0
Cap_Phase1_140_L.mp4,2724,0,0,0,0,0,0,0
Cap_Phase1_140_L.mp4,2725,0,0,0,0,0,0,0
Cap_Phase1_140_L.mp4,2726,0,0,0,0,0,0,0
Cap_Phase1_140_L.mp4,2727,0,0,0,0,0,0,0
Cap_Phase1_140_L.mp4,2728,0,0,0,0,0,0,0
Cap_Phase1_140_L.mp4,2729,0,0,0,0,0,0,0
Cap_Phase1_140_L.mp4,2730,0,0,0,0,0,0,0
Cap_Phase1_140_L.mp4,2731,0,0,0,0,0,0,0
Cap_Phase1_140_L.mp4,2732,0,0,0,0,0,0,0
Cap_Phase1_140_L.mp4,2733,0,0,0,0,0,0,0
Cap_Phase1_140_L.mp4,2734,0,0,0,0,0,0,0
Cap_Phase1_140_L.mp4,2735,0,0,0,0,0,0,0
Cap_Phase1_140_L.mp4,2736,0,0,0,0,0,0,0
Cap_Phase1_140_L.mp4,2737,0,0,0,0,0,0,0
Cap_Phase1_140_L.mp4,2738,0,0,0,0,0,0,0
Cap_Phase1_140_L.mp4,2739,0,0,0,0,0,0,0
Cap_Phase1_140_L.mp4,2740,0,0,0,0,0,0,0
Cap_Phase1_140_L.mp4,2741,0,0,0,0,0,0,0
Cap_Phase1_140_L.mp4,2742,0,0,0,0,0,0,0
Cap_Phase1_140_L.mp4,2743,0,0,0,0,0,0,0
Cap_Phase1_140_L.mp4,2744,0,0,0,0,0,0,0
Cap_Phase1_140_L.mp4,2745,0,0,0,0,0,0,0
Cap_Phase1_140_L.mp4,2746,0,0,0,0,0,0,0
Cap_Phase1_140_L.mp4,2747,0,0,0,0,0,0,0
Cap_Phase1_140_L.mp4,2748,0,0,0,0,0,0,0
Cap_Phase1_140_L.mp4,2749,0,0,0,0,0,0,0
Cap_Phase1_140_L.mp4,2750,0,0,0,0,0,0,0
Cap_Phase1_140_L.mp4,2751,0,0,0,0,0,0,0
Cap_Phase1_140_L.mp4,2752,0,0,0,0,0,0,0
Cap_Phase1_140_L.mp4,2753,0,0,0,0,0,0,0
Cap_Phase1_140_L.mp4,2754,0,0,0,0,0,0,0
Cap_Phase1_140_L.mp4,2755,0,0,0,0,0,0,0
Cap_Phase1_140_L.mp4,2756,0,0,0,0,0,0,0
Cap_Phase1_140_L.mp4,2757,0,0,0,0,0,0,0
Cap_Phase1_140_L.mp4,2758,0,0,0,0,0,0,0
Cap_Phase1_140_L.mp4,2759,0,0,0,0,0,0,0
Cap_Phase1_140_L.mp4,2760,0,0,0,0,0,0,0
Cap_Phase1_140_L.mp4,2761,0,0,0,0,0,0,0
Cap_Phase1_140_L.mp4,2762,0,0,0,0,0,0,0
Cap_Phase1_140_L.mp4,2763,0,0,0,0,0,0,0
Cap_Phase1_140_L.mp4,2764,0,0,0,0,0,0,0
Cap_Phase1_140_L.mp4,2765,0,0,0,0,0,0,0
Cap_Phase1_140_L.mp4,2766,0,0,0,0,0,0,0
Cap_Phase1_140_L.mp4,2767,0,0,0,0,0,0,0
Cap_Phase1_140_L.mp4,2768,0,0,0,0,0,0,0
Cap_Phase1_140_L.mp4,2769,0,0,0,0,0,0,0
Cap_Phase1_140_L.mp4,2770,0,0,0,0,0,0,0
Cap_Phase1_140_L.mp4,2771,0,0,0,0,0,0,0
Cap_Phase1_140_L.mp4,2772,0,0,0,0,0,0,0
Cap_Phase1_140_L.mp4,2773,0,0,0,0,0,0,0
Cap_Phase1_140_L.mp4,2774,0,0,0,0,0,0,0
Cap_Phase1_140_L.mp4,2775,0,0,0,0,0,0,0
Cap_Phase1_140_L.mp4,2776,0,0,0,0,0,0,0
Cap_Phase1_140_L.mp4,2777,0,0,0,0,0,0,0
Cap_Phase1_140_L.mp4,2778,0,0,0,0,0,0,0
Cap_Phase1_140_L.mp4,2779,0,0,0,0,0,0,0
Cap_Phase1_140_L.mp4,2780,0,0,0,0,0,0,0
Cap_Phase1_140_L.mp4,2781,0,0,0,0,0,0,0
Cap_Phase1_140_L.mp4,2782,0,0,0,0,0,0,0
Cap_Phase1_140_L.mp4,2783,0,0,0,0,0,0,0
Cap_Phase1_140_L.mp4,2784,0,0,0,0,0,0,0
Cap_Phase1_140_L.mp4,2785,0,0,0,0,0,0,0
Cap_Phase1_140_L.mp4,2786,0,0,0,0,0,0,0
Cap_Phase1_140_L.mp4,2787,0,0,0,0,0,0,0
Cap_Phase1_140_L.mp4,2788,0,0,0,0,0,0,0
Cap_Phase1_140_L.mp4,2789,0,0,0,0,0,0,0
Cap_Phase1_140_L.mp4,2790,0,0,0,0,0,0,0
Cap_Phase1_140_L.mp4,2791,0,0,0,0,0,0,0
Cap_Phase1_140_L.mp4,2792,0,0,0,0,0,0,0
Cap_Phase1_140_L.mp4,2793,0,0,0,0,0,0,0
Cap_Phase1_140_L.mp4,2794,0,0,0,0,0,0,0
Cap_Phase1_140_L.mp4,2795,0,0,0,0,0,0,0
Cap_Phase1_140_L.mp4,2796,0,0,0,0,0,0,0
Cap_Phase1_140_L.mp4,2797,0,0,0,0,0,0,0
Cap_Phase1_140_L.mp4,2798,0,0,0,0,0,0,0
Cap_Phase1_140_L.mp4,2799,0,0,0,0,0,0,0
Cap_Phase1_140_L.mp4,2800,0,0,0,0,0,0,0
Cap_Phase1_140_L.mp4,2801,0,0,0,0,0,0,0
Cap_Phase1_140_L.mp4,2802,0,0,0,0,0,0,0
Cap_Phase1_140_L.mp4,2803,0,0,0,0,0,0,0
Cap_Phase1_140_L.mp4,2804,0,0,0,0,0,0,0
Cap_Phase1_140_L.mp4,2805,0,0,0,0,0,0,0
Cap_Phase1_140_L.mp4,2806,0,0,0,0,0,0,0
Cap_Phase1_140_L.mp4,2807,0,0,0,0,0,0,0
Cap_Phase1_140_L.mp4,2808,0,0,0,0,0,0,0
Cap_Phase1_140_L.mp4,2809,0,0,0,0,0,0,0
Cap_Phase1_140_L.mp4,2810,0,0,0,0,0,0,0
Cap_Phase1_140_L.mp4,2811,0,0,0,0,0,0,0
Cap_Phase1_140_L.mp4,2812,0,0,0,0,0,0,0
Cap_Phase1_140_L.mp4,2813,0,0,0,0,0,0,0
Cap_Phase1_140_L.mp4,2814,0,0,0,0,0,0,0
Cap_Phase1_140_L.mp4,2815,0,0,0,0,0,0,0
Cap_Phase1_140_L.mp4,2816,0,0,0,0,0,0,0
Cap_Phase1_140_L.mp4,2817,0,0,0,0,0,0,0
Cap_Phase1_140_L.mp4,2818,0,0,0,0,0,0,0
Cap_Phase1_140_L.mp4,2819,0,0,0,0,0,0,0
Cap_Phase1_140_L.mp4,2820,0,0,0,0,0,0,0
Cap_Phase1_140_L.mp4,2821,0,0,0,0,0,0,0
Cap_Phase1_140_L.mp4,2822,0,0,0,0,0,0,0
Cap_Phase1_140_L.mp4,2823,0,0,0,0,0,0,0
Cap_Phase1_140_L.mp4,2824,0,0,0,0,0,0,0
Cap_Phase1_140_L.mp4,2825,0,0,0,0,0,0,0
Cap_Phase1_140_L.mp4,2826,0,0,0,0,0,0,0
Cap_Phase1_140_L.mp4,2827,0,0,0,0,0,0,0
Cap_Phase1_140_L.mp4,2828,0,0,0,0,0,0,0
Cap_Phase1_140_L.mp4,2829,0,0,0,0,0,0,0
Cap_Phase1_140_L.mp4,2830,0,0,0,0,0,0,0
Cap_Phase1_140_L.mp4,2831,0,0,0,0,0,0,0
Cap_Phase1_140_L.mp4,2832,0,0,0,0,0,0,0
Cap_Phase1_140_L.mp4,2833,0,0,0,0,0,0,0
Cap_Phase1_140_L.mp4,2834,0,0,0,0,0,0,0
Cap_Phase1_140_L.mp4,2835,0,0,0,0,0,0,0
Cap_Phase1_140_L.mp4,2836,0,0,0,0,0,0,0
Cap_Phase1_140_L.mp4,2837,0,0,0,0,0,0,0
Cap_Phase1_140_L.mp4,2838,0,0,0,0,0,0,0
Cap_Phase1_140_L.mp4,2839,0,0,0,0,0,0,0
Cap_Phase1_140_L.mp4,2840,0,0,0,0,0,0,0
Cap_Phase1_140_L.mp4,2841,0,0,0,0,0,0,0
Cap_Phase1_140_L.mp4,2842,0,0,0,0,0,0,0
Cap_Phase1_140_L.mp4,2843,0,0,0,0,0,0,0
Cap_Phase1_140_L.mp4,2844,0,0,0,0,0,0,0
Cap_Phase1_140_L.mp4,2845,0,0,0,0,0,0,0
Cap_Phase1_140_L.mp4,2846,0,0,0,0,0,0,0
Cap_Phase1_140_L.mp4,2847,0,0,0,0,0,0,0
Cap_Phase1_140_L.mp4,2848,0,0,0,0,0,0,0
Cap_Phase1_140_L.mp4,2849,0,0,0,0,0,0,0
Cap_Phase1_140_L.mp4,2850,0,0,0,0,0,0,0
Cap_Phase1_140_L.mp4,2851,0,0,0,0,0,0,0
Cap_Phase1_140_L.mp4,2852,0,0,0,0,0,0,0
Cap_Phase1_140_L.mp4,2853,0,0,0,0,0,0,0
Cap_Phase1_140_L.mp4,2854,0,0,0,0,0,0,0
Cap_Phase1_140_L.mp4,2855,0,0,0,0,0,0,0
Cap_Phase1_140_L.mp4,2856,0,0,0,0,0,0,0
Cap_Phase1_140_L.mp4,2857,0,0,0,0,0,0,0
Cap_Phase1_140_L.mp4,2858,0,0,0,0,0,0,0
Cap_Phase1_140_L.mp4,2859,0,0,0,0,0,0,0
Cap_Phase1_140_L.mp4,2860,0,0,0,0,0,0,0
Cap_Phase1_140_L.mp4,2861,0,0,0,0,0,0,0
Cap_Phase1_140_L.mp4,2862,0,0,0,0,0,0,0
Cap_Phase1_140_L.mp4,2863,0,0,0,0,0,0,0
Cap_Phase1_140_L.mp4,2864,0,0,0,0,0,0,0
Cap_Phase1_140_L.mp4,2865,0,0,0,0,0,0,0
Cap_Phase1_140_L.mp4,2866,0,0,0,0,0,0,0
Cap_Phase1_140_L.mp4,2867,0,0,0,0,0,0,0
Cap_Phase1_140_L.mp4,2868,0,0,0,0,0,0,0
Cap_Phase1_140_L.mp4,2869,0,0,0,0,0,0,0
Cap_Phase1_140_L.mp4,2870,0,0,0,0,0,0,0
Cap_Phase1_140_L.mp4,2871,0,0,0,0,0,0,0
Cap_Phase1_140_L.mp4,2872,0,0,0,0,0,0,0
Cap_Phase1_140_L.mp4,2873,0,0,0,0,0,0,0
Cap_Phase1_140_L.mp4,2874,0,0,0,0,0,0,0
Cap_Phase1_140_L.mp4,2875,0,0,0,0,0,0,0
Cap_Phase1_140_L.mp4,2876,0,0,0,0,0,0,0
Cap_Phase1_140_L.mp4,2877,0,0,0,0,0,0,0
Cap_Phase1_140_L.mp4,2878,0,0,0,0,0,0,0
Cap_Phase1_140_L.mp4,2879,0,0,0,0,0,0,0
Cap_Phase1_140_L.mp4,2880,0,0,0,0,0,0,0
Cap_Phase1_140_L.mp4,2881,0,0,0,0,0,0,0
Cap_Phase1_140_L.mp4,2882,0,0,0,0,0,0,0
Cap_Phase1_140_L.mp4,2883,0,0,0,0,0,0,0
Cap_Phase1_140_L.mp4,2884,0,0,0,0,0,0,0
Cap_Phase1_140_L.mp4,2885,0,0,0,0,0,0,0
Cap_Phase1_140_L.mp4,2886,0,0,0,0,0,0,0
Cap_Phase1_140_L.mp4,2887,0,0,0,0,0,0,0
Cap_Phase1_140_L.mp4,2888,0,0,0,0,0,0,0
Cap_Phase1_140_L.mp4,2889,0,0,0,0,0,0,0
Cap_Phase1_140_L.mp4,2890,0,0,0,0,0,0,0
Cap_Phase1_140_L.mp4,2891,0,0,0,0,0,0,0
Cap_Phase1_140_L.mp4,2892,0,0,0,0,0,0,0
Cap_Phase1_140_L.mp4,2893,0,0,0,0,0,0,0
Cap_Phase1_140_L.mp4,2894,0,0,0,0,0,0,0
Cap_Phase1_140_L.mp4,2895,0,0,0,0,0,0,0
Cap_Phase1_140_L.mp4,2896,0,0,0,0,0,0,0
Cap_Phase1_140_L.mp4,2897,0,0,0,0,0,0,0
Cap_Phase1_140_L.mp4,2898,0,0,0,0,0,0,0
Cap_Phase1_140_L.mp4,2899,0,0,0,0,0,0,0
Cap_Phase1_140_L.mp4,2900,0,0,0,0,0,0,0
Cap_Phase1_140_L.mp4,2901,0,0,0,0,0,0,0
Cap_Phase1_140_L.mp4,2902,0,0,0,0,0,0,0
Cap_Phase1_140_L.mp4,2903,0,0,0,0,0,0,0
Cap_Phase1_140_L.mp4,2904,0,0,0,0,0,0,0
Cap_Phase1_140_L.mp4,2905,0,0,0,0,0,0,0
Cap_Phase1_140_L.mp4,2906,0,0,0,0,0,0,0
Cap_Phase1_140_L.mp4,2907,0,0,0,0,0,0,0
Cap_Phase1_140_L.mp4,2908,0,0,0,0,0,0,0
Cap_Phase1_140_L.mp4,2909,0,0,0,0,0,0,0
Cap_Phase1_140_L.mp4,2910,0,0,0,0,0,0,0
Cap_Phase1_140_L.mp4,2911,0,0,0,0,0,0,0
Cap_Phase1_140_L.mp4,2912,0,0,0,0,0,0,0
Cap_Phase1_140_L.mp4,2913,0,0,0,0,0,0,0
Cap_Phase1_140_L.mp4,2914,0,0,0,0,0,0,0
Cap_Phase1_140_L.mp4,2915,0,0,0,0,0,0,0
Cap_Phase1_140_L.mp4,2916,0,0,0,0,0,0,0
Cap_Phase1_140_L.mp4,2917,0,0,0,0,0,0,0
Cap_Phase1_140_L.mp4,2918,0,0,0,0,0,0,0
Cap_Phase1_140_L.mp4,2919,0,0,0,0,0,0,0
Cap_Phase1_140_L.mp4,2920,0,0,0,0,0,0,0
Cap_Phase1_140_L.mp4,2921,0,0,0,0,0,0,0
Cap_Phase1_140_L.mp4,2922,0,0,0,0,0,0,0
Cap_Phase1_140_L.mp4,2923,0,0,0,0,0,0,0
Cap_Phase1_140_L.mp4,2924,0,0,0,0,0,0,0
Cap_Phase1_140_L.mp4,2925,0,0,0,0,0,0,0
Cap_Phase1_140_L.mp4,2926,0,0,0,0,0,0,0
Cap_Phase1_140_L.mp4,2927,0,0,0,0,0,0,0
Cap_Phase1_140_L.mp4,2928,0,0,0,0,0,0,0
Cap_Phase1_140_L.mp4,2929,0,0,0,0,0,0,0
Cap_Phase1_140_L.mp4,2930,0,0,0,0,0,0,0
Cap_Phase1_140_L.mp4,2931,0,0,0,0,0,0,0
Cap_Phase1_140_L.mp4,2932,0,0,0,0,0,0,0
Cap_Phase1_140_L.mp4,2933,0,0,0,0,0,0,0
Cap_Phase1_140_L.mp4,2934,0,0,0,0,0,0,0
Cap_Phase1_140_L.mp4,2935,0,0,0,0,0,0,0
Cap_Phase1_140_L.mp4,2936,0,0,0,0,0,0,0
Cap_Phase1_140_L.mp4,2937,0,0,0,0,0,0,0
Cap_Phase1_140_L.mp4,2938,0,0,0,0,0,0,0
Cap_Phase1_140_L.mp4,2939,0,0,0,0,0,0,0
Cap_Phase1_140_L.mp4,2940,0,0,0,0,0,0,0
Cap_Phase1_140_L.mp4,2941,0,0,0,0,0,0,0
Cap_Phase1_140_L.mp4,2942,0,0,0,0,0,0,0
Cap_Phase1_140_L.mp4,2943,0,0,0,0,0,0,0
Cap_Phase1_140_L.mp4,2944,0,0,0,0,0,0,0
Cap_Phase1_140_L.mp4,2945,0,0,0,0,0,0,0
Cap_Phase1_140_L.mp4,2946,0,0,0,0,0,0,0
Cap_Phase1_140_L.mp4,2947,0,0,0,0,0,0,0
Cap_Phase1_140_L.mp4,2948,0,0,0,0,0,0,0
Cap_Phase1_140_L.mp4,2949,0,0,0,0,0,0,0
Cap_Phase1_140_L.mp4,2950,0,0,0,0,0,0,0
Cap_Phase1_140_L.mp4,2951,0,0,0,0,0,0,0
Cap_Phase1_140_L.mp4,2952,0,0,0,0,0,0,0
Cap_Phase1_140_L.mp4,2953,0,0,0,0,0,0,0
Cap_Phase1_140_L.mp4,2954,0,0,0,0,0,0,0
Cap_Phase1_140_L.mp4,2955,0,0,0,0,0,0,0
Cap_Phase1_140_L.mp4,2956,0,0,0,0,0,0,0
Cap_Phase1_140_L.mp4,2957,0,0,0,0,0,0,0
Cap_Phase1_140_L.mp4,2958,0,0,0,0,0,0,0
Cap_Phase1_140_L.mp4,2959,0,0,0,0,0,0,0
Cap_Phase1_140_L.mp4,2960,0,0,0,0,0,0,0
Cap_Phase1_140_L.mp4,2961,0,0,0,0,0,0,0
Cap_Phase1_140_L.mp4,2962,0,0,0,0,0,0,0
Cap_Phase1_140_L.mp4,2963,0,0,0,0,0,0,0
Cap_Phase1_140_L.mp4,2964,0,0,0,0,0,0,0
Cap_Phase1_140_L.mp4,2965,0,0,0,0,0,0,0
Cap_Phase1_140_L.mp4,2966,0,0,0,0,0,0,0
Cap_Phase1_140_L.mp4,2967,0,0,0,0,0,0,0
Cap_Phase1_140_L.mp4,2968,0,0,0,0,0,0,0
Cap_Phase1_140_L.mp4,2969,0,0,0,0,0,0,0
Cap_Phase1_140_L.mp4,2970,0,0,0,0,0,0,0
Cap_Phase1_140_L.mp4,2971,0,0,0,0,0,0,0
Cap_Phase1_140_L.mp4,2972,0,0,0,0,0,0,0
Cap_Phase1_140_L.mp4,2973,0,0,0,0,0,0,0
Cap_Phase1_140_L.mp4,2974,0,0,0,0,0,0,0
Cap_Phase1_140_L.mp4,2975,0,0,0,0,0,0,0
Cap_Phase1_140_L.mp4,2976,0,0,0,0,0,0,0
Cap_Phase1_140_L.mp4,2977,0,0,0,0,0,0,0
Cap_Phase1_140_L.mp4,2978,0,0,0,0,0,0,0
Cap_Phase1_140_L.mp4,2979,0,0,0,0,0,0,0
Cap_Phase1_140_L.mp4,2980,0,0,0,0,0,0,0
Cap_Phase1_140_L.mp4,2981,0,0,0,0,0,0,0
Cap_Phase1_140_L.mp4,2982,0,0,0,0,0,0,0
Cap_Phase1_140_L.mp4,2983,0,0,0,0,0,0,0
Cap_Phase1_140_L.mp4,2984,0,0,0,0,0,0,0
Cap_Phase1_140_L.mp4,2985,0,0,0,0,0,0,0
Cap_Phase1_140_L.mp4,2986,0,0,0,0,0,0,0
Cap_Phase1_140_L.mp4,2987,0,0,0,0,0,0,0
Cap_Phase1_140_L.mp4,2988,0,0,0,0,0,0,0
Cap_Phase1_140_L.mp4,2989,0,0,0,0,0,0,0
Cap_Phase1_140_L.mp4,2990,0,0,0,0,0,0,0
Cap_Phase1_140_L.mp4,2991,0,0,0,0,0,0,0
Cap_Phase1_140_L.mp4,2992,0,0,0,0,0,0,0
Cap_Phase1_140_L.mp4,2993,0,0,0,0,0,0,0
Cap_Phase1_140_L.mp4,2994,0,0,0,0,0,0,0
Cap_Phase1_140_L.mp4,2995,0,1,0,0,0,0,0
Cap_Phase1_140_L.mp4,2996,0,1,0,0,0,0,0
Cap_Phase1_140_L.mp4,2997,0,1,0,0,0,0,0
Cap_Phase1_140_L.mp4,2998,0,1,0,0,0,0,0
Cap_Phase1_140_L.mp4,2999,0,1,0,0,0,0,0
Cap_Phase1_140_L.mp4,3000,0,0,0,0,0,0,0
Cap_Phase1_140_L.mp4,3001,0,0,0,0,0,0,0
Cap_Phase1_140_L.mp4,3002,0,0,0,0,0,0,0
Cap_Phase1_140_L.mp4,3003,0,0,0,0,0,0,0
Cap_Phase1_140_L.mp4,3004,0,0,0,0,0,0,0
Cap_Phase1_140_L.mp4,3005,0,0,0,0,0,0,0
Cap_Phase1_140_L.mp4,3006,0,0,0,0,0,0,0
Cap_Phase1_140_L.mp4,3007,0,0,0,0,0,0,0
Cap_Phase1_140_L.mp4,3008,0,0,0,0,0,0,0
Cap_Phase1_140_L.mp4,3009,0,0,0,0,0,0,0
Cap_Phase1_140_L.mp4,3010,0,0,0,0,0,0,0
Cap_Phase1_140_L.mp4,3011,0,0,0,0,0,0,0
Cap_Phase1_140_L.mp4,3012,0,0,0,0,0,0,0
Cap_Phase1_140_L.mp4,3013,0,0,0,0,0,0,0
Cap_Phase1_140_L.mp4,3014,0,0,0,0,0,0,0
Cap_Phase1_140_L.mp4,3015,0,0,1,0,0,0,0
Cap_Phase1_140_L.mp4,3016,0,1,1,0,0,0,0
Cap_Phase1_140_L.mp4,3017,0,1,1,0,0,0,0
Cap_Phase1_140_L.mp4,3018,0,1,1,0,0,0,0
Cap_Phase1_140_L.mp4,3019,0,1,1,0,0,0,0
Cap_Phase1_140_L.mp4,3020,0,0,1,0,0,0,0
Cap_Phase1_140_L.mp4,3021,0,0,0,0,0,0,0
Cap_Phase1_140_L.mp4,3022,0,0,0,0,0,0,0
Cap_Phase1_140_L.mp4,3023,0,0,0,0,0,0,0
Cap_Phase1_140_L.mp4,3024,0,0,0,0,0,0,0
Cap_Phase1_140_L.mp4,3025,0,1,0,0,0,0,0
Cap_Phase1_140_L.mp4,3026,0,1,0,0,0,0,0
Cap_Phase1_140_L.mp4,3027,0,1,0,0,0,0,0
Cap_Phase1_140_L.mp4,3028,0,0,0,0,0,0,0
Cap_Phase1_140_L.mp4,3029,0,0,0,0,0,0,0
Cap_Phase1_140_L.mp4,3030,0,0,0,0,0,0,0
Cap_Phase1_140_L.mp4,3031,0,0,0,0,0,0,0
Cap_Phase1_140_L.mp4,3032,0,0,0,0,0,0,0
Cap_Phase1_140_L.mp4,3033,0,0,0,0,0,0,0
Cap_Phase1_140_L.mp4,3034,0,0,0,0,0,0,0
Cap_Phase1_140_L.mp4,3035,0,0,0,0,0,0,0
Cap_Phase1_140_L.mp4,3036,0,0,0,0,0,0,0
Cap_Phase1_140_L.mp4,3037,0,1,0,0,0,0,0
Cap_Phase1_140_L.mp4,3038,0,0,0,0,0,0,0
Cap_Phase1_140_L.mp4,3039,0,0,0,0,0,0,0
Cap_Phase1_140_L.mp4,3040,0,0,0,0,0,0,0
Cap_Phase1_140_L.mp4,3041,0,0,0,0,0,0,0
Cap_Phase1_140_L.mp4,3042,0,0,0,0,0,0,0
Cap_Phase1_140_L.mp4,3043,0,0,0,0,0,0,0
Cap_Phase1_140_L.mp4,3044,0,0,0,0,0,0,0
Cap_Phase1_140_L.mp4,3045,0,0,0,0,0,0,0
Cap_Phase1_140_L.mp4,3046,0,0,0,0,0,0,0
Cap_Phase1_140_L.mp4,3047,0,0,0,0,0,0,0
Cap_Phase1_140_L.mp4,3048,0,0,0,0,0,0,0
Cap_Phase1_140_L.mp4,3049,0,0,0,0,0,0,0
Cap_Phase1_140_L.mp4,3050,0,0,0,0,0,0,0
Cap_Phase1_140_L.mp4,3051,0,0,0,0,0,0,0
Cap_Phase1_140_L.mp4,3052,0,0,0,0,0,0,0
Cap_Phase1_140_L.mp4,3053,0,0,0,0,0,0,0
Cap_Phase1_140_L.mp4,3054,0,0,0,0,0,0,0
Cap_Phase1_140_L.mp4,3055,0,0,0,0,0,0,0
Cap_Phase1_140_L.mp4,3056,0,0,0,0,0,0,0
Cap_Phase1_140_L.mp4,3057,0,0,0,0,0,0,0
Cap_Phase1_140_L.mp4,3058,0,0,0,0,0,0,0
Cap_Phase1_140_L.mp4,3059,0,0,0,0,0,0,0
Cap_Phase1_140_L.mp4,3060,0,0,0,0,0,0,0
Cap_Phase1_140_L.mp4,3061,0,0,0,0,0,0,0
Cap_Phase1_140_L.mp4,3062,0,0,0,0,0,0,0
Cap_Phase1_140_L.mp4,3063,0,0,0,0,0,0,0
Cap_Phase1_140_L.mp4,3064,0,0,0,0,0,0,0
Cap_Phase1_140_L.mp4,3065,0,0,0,0,0,0,0
Cap_Phase1_140_L.mp4,3066,0,0,0,0,0,0,0
Cap_Phase1_140_L.mp4,3067,0,0,0,0,0,0,0
Cap_Phase1_140_L.mp4,3068,0,0,0,0,0,0,0
Cap_Phase1_140_L.mp4,3069,0,0,0,0,0,0,0
Cap_Phase1_140_L.mp4,3070,0,0,0,0,0,0,0
Cap_Phase1_140_L.mp4,3071,0,0,0,0,0,0,0
Cap_Phase1_140_L.mp4,3072,0,0,0,0,0,0,0
Cap_Phase1_140_L.mp4,3073,0,0,0,0,0,0,0
Cap_Phase1_140_L.mp4,3074,0,0,0,0,0,0,0
Cap_Phase1_140_L.mp4,3075,0,0,0,0,0,0,0
Cap_Phase1_140_L.mp4,3076,0,0,0,0,0,0,0
Cap_Phase1_140_L.mp4,3077,0,0,0,0,0,0,0
Cap_Phase1_140_L.mp4,3078,0,0,0,0,0,0,0
Cap_Phase1_140_L.mp4,3079,0,0,0,0,0,0,0
Cap_Phase1_140_L.mp4,3080,0,0,0,0,0,0,0
Cap_Phase1_140_L.mp4,3081,0,0,0,0,0,0,0
Cap_Phase1_140_L.mp4,3082,0,0,0,0,0,0,0
Cap_Phase1_140_L.mp4,3083,0,0,0,0,0,0,0
Cap_Phase1_140_L.mp4,3084,0,0,0,0,0,0,0
Cap_Phase1_140_L.mp4,3085,0,0,0,0,0,0,0
Cap_Phase1_140_L.mp4,3086,0,0,0,0,0,0,0
Cap_Phase1_140_L.mp4,3087,0,0,0,0,0,0,0
Cap_Phase1_140_L.mp4,3088,0,0,0,0,0,0,0
Cap_Phase1_140_L.mp4,3089,0,0,0,0,0,0,0
Cap_Phase1_140_L.mp4,3090,0,0,0,0,0,0,0
Cap_Phase1_140_L.mp4,3091,0,0,0,0,0,0,0
Cap_Phase1_140_L.mp4,3092,0,0,0,0,0,0,0
Cap_Phase1_140_L.mp4,3093,0,0,0,0,0,0,0
Cap_Phase1_140_L.mp4,3094,0,0,0,0,0,0,0
Cap_Phase1_140_L.mp4,3095,0,0,0,0,0,0,0
Cap_Phase1_140_L.mp4,3096,0,0,0,0,0,0,0
Cap_Phase1_140_L.mp4,3097,0,0,0,0,0,0,0
Cap_Phase1_140_L.mp4,3098,0,0,0,0,0,0,0
Cap_Phase1_140_L.mp4,3099,0,0,0,0,0,0,0
Cap_Phase1_140_L.mp4,3100,0,0,0,0,0,0,0
Cap_Phase1_140_L.mp4,3101,0,0,0,0,0,0,0
Cap_Phase1_140_L.mp4,3102,0,0,0,0,0,0,0
Cap_Phase1_140_L.mp4,3103,0,0,0,0,0,0,0
Cap_Phase1_140_L.mp4,3104,0,0,0,0,0,0,0
Cap_Phase1_140_L.mp4,3105,0,0,0,0,0,0,0
Cap_Phase1_140_L.mp4,3106,0,0,0,0,0,0,0
Cap_Phase1_140_L.mp4,3107,0,0,0,0,0,0,0
Cap_Phase1_140_L.mp4,3108,0,0,0,0,0,0,0
Cap_Phase1_140_L.mp4,3109,0,0,0,0,0,0,0
Cap_Phase1_140_L.mp4,3110,0,0,0,0,0,0,0
Cap_Phase1_140_L.mp4,3111,0,0,0,0,0,0,0
Cap_Phase1_140_L.mp4,3112,0,0,0,0,0,0,0
Cap_Phase1_140_L.mp4,3113,0,0,0,0,0,0,0
Cap_Phase1_140_L.mp4,3114,0,0,0,0,0,0,0
Cap_Phase1_140_L.mp4,3115,0,0,0,0,0,0,0
Cap_Phase1_140_L.mp4,3116,0,0,0,0,0,0,0
Cap_Phase1_140_L.mp4,3117,0,0,0,0,0,0,0
Cap_Phase1_140_L.mp4,3118,0,0,0,0,0,0,0
Cap_Phase1_140_L.mp4,3119,0,0,0,0,0,0,0
Cap_Phase1_140_L.mp4,3120,0,0,0,0,0,0,0
Cap_Phase1_140_L.mp4,3121,0,0,0,0,0,0,0
Cap_Phase1_140_L.mp4,3122,0,0,0,0,0,0,0
Cap_Phase1_140_L.mp4,3123,0,0,0,0,0,0,0
Cap_Phase1_140_L.mp4,3124,0,0,0,0,0,0,0
Cap_Phase1_140_L.mp4,3125,0,0,0,0,0,0,0
Cap_Phase1_140_L.mp4,3126,0,0,0,0,0,0,0
Cap_Phase1_140_L.mp4,3127,0,0,0,0,0,0,0
Cap_Phase1_140_L.mp4,3128,0,0,0,0,0,0,0
Cap_Phase1_140_L.mp4,3129,0,0,0,0,0,0,0
Cap_Phase1_140_L.mp4,3130,0,0,0,0,0,0,0
Cap_Phase1_140_L.mp4,3131,0,0,0,0,0,0,0
Cap_Phase1_140_L.mp4,3132,0,0,0,0,0,0,0
Cap_Phase1_140_L.mp4,3133,0,0,0,0,0,0,0
Cap_Phase1_140_L.mp4,3134,0,0,0,0,0,0,0
Cap_Phase1_140_L.mp4,3135,0,0,0,0,0,0,0
Cap_Phase1_140_L.mp4,3136,0,0,0,0,0,0,0
Cap_Phase1_140_L.mp4,3137,0,0,0,0,0,0,0
Cap_Phase1_140_L.mp4,3138,0,0,0,0,0,0,0
Cap_Phase1_140_L.mp4,3139,0,0,0,0,0,0,0
Cap_Phase1_140_L.mp4,3140,0,0,0,0,0,0,0
Cap_Phase1_140_L.mp4,3141,0,0,0,0,0,0,0
Cap_Phase1_140_L.mp4,3142,0,0,0,0,0,0,0
Cap_Phase1_140_L.mp4,3143,0,0,0,0,0,0,0
Cap_Phase1_140_L.mp4,3144,0,0,0,0,0,0,0
Cap_Phase1_140_L.mp4,3145,0,0,0,0,0,0,0
Cap_Phase1_140_L.mp4,3146,0,0,0,0,0,0,0
Cap_Phase1_140_L.mp4,3147,0,0,0,0,0,0,0
Cap_Phase1_140_L.mp4,3148,0,0,0,0,0,0,0
Cap_Phase1_140_L.mp4,3149,0,0,0,0,0,0,0
Cap_Phase1_140_L.mp4,3150,0,0,0,0,0,0,0
Cap_Phase1_140_L.mp4,3151,0,0,0,0,0,0,0
Cap_Phase1_140_L.mp4,3152,0,0,0,0,0,0,0
Cap_Phase1_140_L.mp4,3153,0,0,0,0,0,0,0
Cap_Phase1_140_L.mp4,3154,0,0,0,0,0,0,0
Cap_Phase1_140_L.mp4,3155,0,0,0,0,0,0,0
Cap_Phase1_140_L.mp4,3156,0,0,0,0,0,0,0
Cap_Phase1_140_L.mp4,3157,0,0,0,0,0,0,0
Cap_Phase1_140_L.mp4,3158,0,0,0,0,0,0,0
Cap_Phase1_140_L.mp4,3159,0,0,0,0,0,0,0
Cap_Phase1_140_L.mp4,3160,0,0,0,0,0,0,0
Cap_Phase1_140_L.mp4,3161,0,0,0,0,0,0,0
Cap_Phase1_140_L.mp4,3162,0,0,0,0,0,0,0
Cap_Phase1_140_L.mp4,3163,0,0,0,0,0,0,0
Cap_Phase1_140_L.mp4,3164,0,0,0,0,0,0,0
Cap_Phase1_140_L.mp4,3165,0,0,0,0,0,0,0
Cap_Phase1_140_L.mp4,3166,0,0,0,0,0,0,0
Cap_Phase1_140_L.mp4,3167,0,0,0,0,0,0,0
Cap_Phase1_140_L.mp4,3168,0,0,0,0,0,0,0
Cap_Phase1_140_L.mp4,3169,0,0,0,0,0,0,0
Cap_Phase1_140_L.mp4,3170,0,0,0,0,0,0,0
Cap_Phase1_140_L.mp4,3171,0,0,0,0,0,0,0
Cap_Phase1_140_L.mp4,3172,0,0,0,0,0,0,0
Cap_Phase1_140_L.mp4,3173,0,0,0,0,0,0,0
Cap_Phase1_140_L.mp4,3174,0,0,0,0,0,0,0
Cap_Phase1_140_L.mp4,3175,0,0,0,0,0,0,0
Cap_Phase1_140_L.mp4,3176,0,0,0,0,0,0,0
Cap_Phase1_140_L.mp4,3177,0,0,0,0,0,0,0
Cap_Phase1_140_L.mp4,3178,0,0,0,0,0,0,0
Cap_Phase1_140_L.mp4,3179,0,0,0,0,0,0,0
Cap_Phase1_140_L.mp4,3180,0,0,0,0,0,0,0
Cap_Phase1_140_L.mp4,3181,0,0,0,0,0,0,0
Cap_Phase1_140_L.mp4,3182,0,0,0,0,0,0,0
Cap_Phase1_140_L.mp4,3183,0,0,0,0,0,0,0
Cap_Phase1_140_L.mp4,3184,0,0,0,0,0,0,0
Cap_Phase1_140_L.mp4,3185,0,0,0,0,0,0,0
Cap_Phase1_140_L.mp4,3186,0,0,1,0,0,0,0
Cap_Phase1_140_L.mp4,3187,0,0,1,0,0,0,0
Cap_Phase1_140_L.mp4,3188,0,0,0,0,1,0,0
Cap_Phase1_140_L.mp4,3189,0,0,0,0,1,0,0
Cap_Phase1_140_L.mp4,3190,0,0,1,0,1,0,0
Cap_Phase1_140_L.mp4,3191,0,0,0,0,1,1,0
Cap_Phase1_140_L.mp4,3192,0,0,0,0,1,0,0
Cap_Phase1_140_L.mp4,3193,0,0,0,0,1,0,0
Cap_Phase1_140_L.mp4,3194,0,0,0,1,1,0,0
Cap_Phase1_140_L.mp4,3195,0,0,0,1,1,0,0
Cap_Phase1_140_L.mp4,3196,0,0,0,0,1,1,0
Cap_Phase1_140_L.mp4,3197,0,0,0,0,1,1,0
Cap_Phase1_140_L.mp4,3198,0,0,0,0,1,1,0
Cap_Phase1_140_L.mp4,3199,0,0,0,0,0,0,1
Cap_Phase1_140_L.mp4,3200,0,0,0,0,0,0,1
Cap_Phase1_140_L.mp4,3201,0,0,0,0,0,0,1
Cap_Phase1_140_L.mp4,3202,0,0,0,0,0,0,0
Cap_Phase1_140_L.mp4,3203,0,0,0,0,0,0,0
Cap_Phase1_140_L.mp4,3204,0,0,0,0,0,0,0
Cap_Phase1_140_L.mp4,3205,0,0,0,0,0,0,0
Cap_Phase1_140_L.mp4,3206,0,0,0,0,0,0,1
Cap_Phase1_140_L.mp4,3207,0,0,0,0,0,1,0
Cap_Phase1_140_L.mp4,3208,0,0,0,0,1,1,0
Cap_Phase1_140_L.mp4,3209,0,0,0,1,1,0,0
Cap_Phase1_140_L.mp4,3210,0,0,1,1,1,0,0
Cap_Phase1_140_L.mp4,3211,0,0,1,1,0,0,0
Cap_Phase1_140_L.mp4,3212,0,0,1,1,0,0,0
Cap_Phase1_140_L.mp4,3213,0,0,1,0,0,0,0
Cap_Phase1_140_L.mp4,3214,0,0,1,0,1,0,0
Cap_Phase1_140_L.mp4,3215,0,0,0,0,1,0,0
Cap_Phase1_140_L.mp4,3216,0,0,0,0,0,1,0
Cap_Phase1_140_L.mp4,3217,0,0,0,0,0,1,0
Cap_Phase1_140_L.mp4,3218,0,0,0,0,0,1,0
Cap_Phase1_140_L.mp4,3219,0,0,0,0,0,1,0
Cap_Phase1_140_L.mp4,3220,0,0,0,1,1,0,0
Cap_Phase1_140_L.mp4,3221,0,0,0,1,1,0,0
Cap_Phase1_140_L.mp4,3222,0,0,0,1,0,0,0
Cap_Phase1_140_L.mp4,3223,0,0,0,1,0,0,0
Cap_Phase1_140_L.mp4,3224,0,0,0,1,0,0,0
Cap_Phase1_140_L.mp4,3225,0,0,0,1,0,0,0
Cap_Phase1_140_L.mp4,3226,1,0,0,1,0,0,0
Cap_Phase1_140_L.mp4,3227,0,0,0,0,0,0,0
Cap_Phase1_140_L.mp4,3228,0,1,0,0,0,0,0
Cap_Phase1_140_L.mp4,3229,0,1,0,0,0,0,0
Cap_Phase1_140_L.mp4,3230,0,0,1,0,0,0,0
Cap_Phase1_140_L.mp4,3231,0,0,1,0,0,0,0
Cap_Phase1_140_L.mp4,3232,0,0,0,0,0,0,0
Cap_Phase1_140_L.mp4,3233,0,0,0,0,0,0,0
Cap_Phase1_140_L.mp4,3234,0,0,0,0,0,0,0
Cap_Phase1_140_L.mp4,3235,0,0,0,0,0,0,0
Cap_Phase1_140_L.mp4,3236,0,0,0,0,0,0,0
Cap_Phase1_140_L.mp4,3237,0,0,0,0,0,0,0
Cap_Phase1_140_L.mp4,3238,0,0,0,0,0,0,0
Cap_Phase1_140_L.mp4,3239,0,1,0,0,0,0,0
Cap_Phase1_140_L.mp4,3240,0,1,1,0,0,0,0
Cap_Phase1_140_L.mp4,3241,0,1,1,1,0,0,0
Cap_Phase1_140_L.mp4,3242,0,0,1,1,0,0,0
Cap_Phase1_140_L.mp4,3243,0,0,1,1,0,0,0
Cap_Phase1_140_L.mp4,3244,0,0,0,1,0,0,0
Cap_Phase1_140_L.mp4,3245,0,0,0,1,0,0,0
Cap_Phase1_140_L.mp4,3246,0,0,0,0,0,0,0
Cap_Phase1_140_L.mp4,3247,0,0,0,0,0,0,0
Cap_Phase1_140_L.mp4,3248,0,0,0,0,0,0,0
Cap_Phase1_140_L.mp4,3249,0,0,0,0,0,0,0
Cap_Phase1_140_L.mp4,3250,0,0,0,0,0,0,0
Cap_Phase1_140_L.mp4,3251,0,0,0,0,0,0,0
Cap_Phase1_140_L.mp4,3252,0,0,0,0,0,0,0
Cap_Phase1_140_L.mp4,3253,0,0,0,0,0,0,0
Cap_Phase1_140_L.mp4,3254,0,0,0,0,0,0,0
Cap_Phase1_140_L.mp4,3255,0,0,0,0,0,0,0
Cap_Phase1_140_L.mp4,3256,0,0,0,0,0,1,0
Cap_Phase1_140_L.mp4,3257,0,0,0,0,0,0,1
Cap_Phase1_140_L.mp4,3258,0,0,0,0,0,0,1
Cap_Phase1_140_R.mp4,115,0,0,0,0,0,0,0
Cap_Phase1_140_R.mp4,116,0,0,0,0,0,0,0
Cap_Phase1_140_R.mp4,117,0,0,0,0,0,0,0
Cap_Phase1_140_R.mp4,118,0,0,0,0,0,0,0
Cap_Phase1_140_R.mp4,119,0,0,0,0,0,0,0
Cap_Phase1_140_R.mp4,120,0,0,0,0,0,0,0
Cap_Phase1_140_R.mp4,121,0,0,0,0,0,0,0
Cap_Phase1_140_R.mp4,122,0,0,0,0,0,0,0
Cap_Phase1_140_R.mp4,123,0,0,0,0,0,0,0
Cap_Phase1_140_R.mp4,124,0,0,0,0,0,0,0
Cap_Phase1_140_R.mp4,125,0,0,0,0,0,0,0
Cap_Phase1_140_R.mp4,126,0,0,0,0,0,0,0
Cap_Phase1_140_R.mp4,127,0,0,0,0,0,0,0
Cap_Phase1_140_R.mp4,128,0,0,0,0,0,0,0
Cap_Phase1_140_R.mp4,129,0,0,0,0,0,0,0
Cap_Phase1_140_R.mp4,130,0,0,0,0,0,0,0
Cap_Phase1_140_R.mp4,131,0,0,0,0,0,0,0
Cap_Phase1_140_R.mp4,132,0,0,0,0,0,0,0
Cap_Phase1_140_R.mp4,133,0,0,0,0,0,0,0
Cap_Phase1_140_R.mp4,134,0,0,0,0,0,0,0
Cap_Phase1_140_R.mp4,135,0,0,0,0,0,0,0
Cap_Phase1_140_R.mp4,136,0,0,0,0,0,0,0
Cap_Phase1_140_R.mp4,137,0,0,0,0,0,0,0
Cap_Phase1_140_R.mp4,138,0,0,0,0,0,0,0
Cap_Phase1_140_R.mp4,139,0,0,0,0,0,0,0
Cap_Phase1_140_R.mp4,140,0,0,0,0,0,0,0
Cap_Phase1_140_R.mp4,141,0,0,0,0,0,0,0
Cap_Phase1_140_R.mp4,142,0,0,0,0,0,0,0
Cap_Phase1_140_R.mp4,143,0,0,0,0,0,0,0
Cap_Phase1_140_R.mp4,144,0,0,0,0,0,0,0
Cap_Phase1_140_R.mp4,145,0,0,0,0,0,0,0
Cap_Phase1_140_R.mp4,146,0,0,0,0,0,0,0
Cap_Phase1_140_R.mp4,147,0,0,0,0,0,0,0
Cap_Phase1_140_R.mp4,148,0,0,0,0,0,0,0
Cap_Phase1_140_R.mp4,149,0,0,0,0,0,0,0
Cap_Phase1_140_R.mp4,150,0,0,0,0,0,0,0
Cap_Phase1_140_R.mp4,151,0,0,0,0,0,0,0
Cap_Phase1_140_R.mp4,152,0,0,0,0,0,0,0
Cap_Phase1_140_R.mp4,153,0,0,0,0,0,0,0
Cap_Phase1_140_R.mp4,154,0,0,0,0,0,0,0
Cap_Phase1_140_R.mp4,155,0,0,0,0,0,0,0
Cap_Phase1_140_R.mp4,156,0,0,0,0,0,0,0
Cap_Phase1_140_R.mp4,157,0,0,0,0,0,0,0
Cap_Phase1_140_R.mp4,158,0,0,0,0,0,0,0
Cap_Phase1_140_R.mp4,159,0,0,0,0,0,0,0
Cap_Phase1_140_R.mp4,160,0,0,0,0,0,0,0
Cap_Phase1_140_R.mp4,161,0,0,0,0,0,0,0
Cap_Phase1_140_R.mp4,162,0,0,0,0,0,0,0
Cap_Phase1_140_R.mp4,163,0,0,0,0,0,0,0
Cap_Phase1_140_R.mp4,164,0,0,0,0,0,0,0
Cap_Phase1_140_R.mp4,165,0,0,0,0,0,0,0
Cap_Phase1_140_R.mp4,166,0,0,0,0,0,0,0
Cap_Phase1_140_R.mp4,167,0,0,0,0,0,0,0
Cap_Phase1_140_R.mp4,168,0,0,0,0,0,0,0
Cap_Phase1_140_R.mp4,169,0,0,0,0,0,0,0
Cap_Phase1_140_R.mp4,170,0,0,0,0,0,0,0
Cap_Phase1_140_R.mp4,171,0,0,0,0,0,0,0
Cap_Phase1_140_R.mp4,172,0,0,0,0,0,0,0
Cap_Phase1_140_R.mp4,173,0,0,0,0,0,0,0
Cap_Phase1_140_R.mp4,174,0,0,0,0,0,0,0
Cap_Phase1_140_R.mp4,175,0,0,0,0,0,0,0
Cap_Phase1_140_R.mp4,176,0,0,0,0,0,0,0
Cap_Phase1_140_R.mp4,177,0,0,0,0,0,0,0
Cap_Phase1_140_R.mp4,178,0,0,0,0,0,0,0
Cap_Phase1_140_R.mp4,179,0,0,0,0,0,0,0
Cap_Phase1_140_R.mp4,180,0,0,0,0,0,0,0
Cap_Phase1_140_R.mp4,181,0,0,0,0,0,0,0
Cap_Phase1_140_R.mp4,182,0,0,0,0,0,0,0
Cap_Phase1_140_R.mp4,183,0,0,0,0,0,0,0
Cap_Phase1_140_R.mp4,184,0,0,0,0,0,0,0
Cap_Phase1_140_R.mp4,185,0,0,0,0,0,0,0
Cap_Phase1_140_R.mp4,186,0,0,0,0,0,0,0
Cap_Phase1_140_R.mp4,187,0,0,0,0,0,0,0
Cap_Phase1_140_R.mp4,188,0,0,0,0,0,0,0
Cap_Phase1_140_R.mp4,189,0,0,0,0,0,0,0
Cap_Phase1_140_R.mp4,190,0,0,0,0,0,0,0
Cap_Phase1_140_R.mp4,191,0,0,0,0,0,0,0
Cap_Phase1_140_R.mp4,192,0,0,0,0,0,0,0
Cap_Phase1_140_R.mp4,193,0,0,0,0,0,0,0
Cap_Phase1_140_R.mp4,194,0,0,0,0,0,0,0
Cap_Phase1_140_R.mp4,195,0,0,0,0,0,0,0
Cap_Phase1_140_R.mp4,196,0,0,0,0,0,0,0
Cap_Phase1_140_R.mp4,197,0,0,0,0,0,0,0
Cap_Phase1_140_R.mp4,198,0,0,0,0,0,0,0
Cap_Phase1_140_R.mp4,199,0,0,0,0,0,0,0
Cap_Phase1_140_R.mp4,200,0,0,0,0,0,0,0
Cap_Phase1_140_R.mp4,201,0,0,0,0,0,0,0
Cap_Phase1_140_R.mp4,202,0,0,0,0,0,0,0
Cap_Phase1_140_R.mp4,203,0,0,0,0,0,0,0
Cap_Phase1_140_R.mp4,204,0,0,0,0,0,0,0
Cap_Phase1_140_R.mp4,205,0,0,0,0,0,0,0
Cap_Phase1_140_R.mp4,206,0,0,0,0,0,0,0
Cap_Phase1_140_R.mp4,207,0,0,0,0,0,0,0
Cap_Phase1_140_R.mp4,208,0,0,0,0,0,0,0
Cap_Phase1_140_R.mp4,209,0,0,0,0,0,0,0
Cap_Phase1_140_R.mp4,210,0,0,0,0,0,0,0
Cap_Phase1_140_R.mp4,211,0,0,0,0,0,0,0
Cap_Phase1_140_R.mp4,212,0,0,0,0,0,0,0
Cap_Phase1_140_R.mp4,213,0,0,0,0,0,0,0
Cap_Phase1_140_R.mp4,214,0,0,0,0,0,0,0
Cap_Phase1_140_R.mp4,215,0,0,0,0,0,0,0
Cap_Phase1_140_R.mp4,216,0,0,0,0,0,0,0
Cap_Phase1_140_R.mp4,217,0,0,0,0,0,0,0
Cap_Phase1_140_R.mp4,218,0,0,0,0,0,0,0
Cap_Phase1_140_R.mp4,219,0,0,0,0,0,0,0
Cap_Phase1_140_R.mp4,220,0,0,0,0,0,0,0
Cap_Phase1_140_R.mp4,221,0,0,0,0,0,0,0
Cap_Phase1_140_R.mp4,222,0,0,0,0,0,0,0
Cap_Phase1_140_R.mp4,223,0,0,0,0,0,0,0
Cap_Phase1_140_R.mp4,224,0,0,0,0,0,0,0
Cap_Phase1_140_R.mp4,225,0,0,0,0,0,0,0
Cap_Phase1_140_R.mp4,226,0,0,0,0,0,0,0
Cap_Phase1_140_R.mp4,227,0,0,0,0,0,0,0
Cap_Phase1_140_R.mp4,228,0,0,0,0,0,0,0
Cap_Phase1_140_R.mp4,229,0,0,0,0,0,0,0
Cap_Phase1_140_R.mp4,230,0,0,0,0,0,0,0
Cap_Phase1_140_R.mp4,231,0,0,0,0,0,0,0
Cap_Phase1_140_R.mp4,232,1,0,0,0,0,0,0
Cap_Phase1_140_R.mp4,233,1,0,0,0,0,0,0
Cap_Phase1_140_R.mp4,234,1,0,0,0,0,0,0
Cap_Phase1_140_R.mp4,235,1,0,0,0,0,0,0
Cap_Phase1_140_R.mp4,236,1,0,0,0,0,0,0
Cap_Phase1_140_R.mp4,237,1,0,0,0,0,0,0
Cap_Phase1_140_R.mp4,238,1,0,0,0,0,0,0
Cap_Phase1_140_R.mp4,239,1,0,0,0,0,0,0
Cap_Phase1_140_R.mp4,240,1,0,0,0,0,0,0
Cap_Phase1_140_R.mp4,241,1,0,0,0,0,0,0
Cap_Phase1_140_R.mp4,242,1,0,0,0,0,0,0
Cap_Phase1_140_R.mp4,243,1,0,0,0,0,0,0
Cap_Phase1_140_R.mp4,244,1,0,0,0,0,0,0
Cap_Phase1_140_R.mp4,245,1,0,0,0,0,0,0
Cap_Phase1_140_R.mp4,246,1,0,0,0,0,0,0
Cap_Phase1_140_R.mp4,247,0,0,0,0,0,0,0
Cap_Phase1_140_R.mp4,248,0,0,0,0,0,0,0
Cap_Phase1_140_R.mp4,249,0,0,0,0,0,0,0
Cap_Phase1_140_R.mp4,250,0,0,0,0,0,0,0
Cap_Phase1_140_R.mp4,251,0,0,0,0,0,0,0
Cap_Phase1_140_R.mp4,252,0,0,0,0,0,0,0
Cap_Phase1_140_R.mp4,253,0,0,0,0,0,0,0
Cap_Phase1_140_R.mp4,254,0,0,0,0,0,0,0
Cap_Phase1_140_R.mp4,255,0,0,0,0,0,0,0
Cap_Phase1_140_R.mp4,256,0,0,0,0,0,0,0
Cap_Phase1_140_R.mp4,257,0,0,0,0,0,0,0
Cap_Phase1_140_R.mp4,258,0,0,0,0,0,0,0
Cap_Phase1_140_R.mp4,259,0,0,0,0,0,0,0
Cap_Phase1_140_R.mp4,260,0,0,0,0,0,0,0
Cap_Phase1_140_R.mp4,261,1,0,0,0,0,0,0
Cap_Phase1_140_R.mp4,262,1,0,0,0,0,0,0
Cap_Phase1_140_R.mp4,263,1,0,0,0,0,0,0
Cap_Phase1_140_R.mp4,264,1,0,0,0,0,0,0
Cap_Phase1_140_R.mp4,265,1,0,0,0,0,0,0
Cap_Phase1_140_R.mp4,266,1,0,0,0,0,0,0
Cap_Phase1_140_R.mp4,267,1,0,0,0,0,0,0
Cap_Phase1_140_R.mp4,268,1,0,0,0,0,0,0
Cap_Phase1_140_R.mp4,269,1,0,0,0,0,0,0
Cap_Phase1_140_R.mp4,270,1,0,0,0,0,0,0
Cap_Phase1_140_R.mp4,271,0,0,0,0,0,0,0
Cap_Phase1_140_R.mp4,272,0,0,0,0,0,0,0
Cap_Phase1_140_R.mp4,273,0,0,0,0,0,0,0
Cap_Phase1_140_R.mp4,274,0,0,0,0,0,0,0
Cap_Phase1_140_R.mp4,275,0,0,0,0,0,0,0
Cap_Phase1_140_R.mp4,276,0,0,0,0,0,0,0
Cap_Phase1_140_R.mp4,277,0,0,0,0,0,0,0
Cap_Phase1_140_R.mp4,278,0,0,0,0,0,0,0
Cap_Phase1_140_R.mp4,279,0,0,0,0,0,0,0
Cap_Phase1_140_R.mp4,280,0,0,0,0,0,0,0
Cap_Phase1_140_R.mp4,281,0,0,0,0,0,0,0
Cap_Phase1_140_R.mp4,282,0,0,0,0,0,0,0
Cap_Phase1_140_R.mp4,283,1,0,0,0,0,0,0
Cap_Phase1_140_R.mp4,284,1,0,0,0,0,0,0
Cap_Phase1_140_R.mp4,285,1,0,0,0,0,0,0
Cap_Phase1_140_R.mp4,286,1,0,0,0,0,0,0
Cap_Phase1_140_R.mp4,287,1,0,0,0,0,0,0
Cap_Phase1_140_R.mp4,288,1,0,0,0,0,0,0
Cap_Phase1_140_R.mp4,289,1,0,0,0,0,0,0
Cap_Phase1_140_R.mp4,290,1,0,0,0,0,0,0
Cap_Phase1_140_R.mp4,291,1,0,0,0,0,0,0
Cap_Phase1_140_R.mp4,292,1,0,0,0,0,0,0
Cap_Phase1_140_R.mp4,293,0,0,0,0,0,0,0
Cap_Phase1_140_R.mp4,294,0,0,0,0,0,0,0
Cap_Phase1_140_R.mp4,295,0,0,0,0,0,0,0
Cap_Phase1_140_R.mp4,296,0,0,0,0,0,0,0
Cap_Phase1_140_R.mp4,297,0,0,0,0,0,0,0
Cap_Phase1_140_R.mp4,298,0,0,0,0,0,0,0
Cap_Phase1_140_R.mp4,299,0,0,0,0,0,0,0
Cap_Phase1_140_R.mp4,300,0,0,0,0,0,0,0
Cap_Phase1_140_R.mp4,301,0,0,0,0,0,0,0
Cap_Phase1_140_R.mp4,302,0,0,0,0,0,0,0
Cap_Phase1_140_R.mp4,303,0,0,0,0,0,0,0
Cap_Phase1_140_R.mp4,304,0,0,0,0,0,0,0
Cap_Phase1_140_R.mp4,305,0,0,0,0,0,0,0
Cap_Phase1_140_R.mp4,306,0,0,0,0,0,0,0
Cap_Phase1_140_R.mp4,307,0,0,0,0,0,0,0
Cap_Phase1_140_R.mp4,308,0,0,0,0,0,0,0
Cap_Phase1_140_R.mp4,309,1,0,0,0,0,0,0
Cap_Phase1_140_R.mp4,310,1,0,0,0,0,0,0
Cap_Phase1_140_R.mp4,311,1,0,0,1,0,0,0
Cap_Phase1_140_R.mp4,312,1,0,0,1,0,0,0
Cap_Phase1_140_R.mp4,313,1,0,0,0,0,0,0
Cap_Phase1_140_R.mp4,314,1,0,0,0,0,0,0
Cap_Phase1_140_R.mp4,315,1,0,0,0,0,0,0
Cap_Phase1_140_R.mp4,316,1,0,0,0,0,0,0
Cap_Phase1_140_R.mp4,317,1,0,0,0,0,0,0
Cap_Phase1_140_R.mp4,318,1,0,0,0,0,0,0
Cap_Phase1_140_R.mp4,319,0,0,0,0,0,0,0
Cap_Phase1_140_R.mp4,320,0,0,0,0,0,0,0
Cap_Phase1_140_R.mp4,321,0,0,0,0,0,0,0
Cap_Phase1_140_R.mp4,322,0,0,0,0,0,0,0
Cap_Phase1_140_R.mp4,323,0,0,0,0,0,0,0
Cap_Phase1_140_R.mp4,324,0,0,0,0,0,0,0
Cap_Phase1_140_R.mp4,325,0,0,0,0,0,0,0
Cap_Phase1_140_R.mp4,326,0,0,0,0,0,0,0
Cap_Phase1_140_R.mp4,327,0,0,0,0,0,0,0
Cap_Phase1_140_R.mp4,328,0,0,0,0,0,0,0
Cap_Phase1_140_R.mp4,329,0,0,0,0,0,0,0
Cap_Phase1_140_R.mp4,330,0,0,0,0,0,0,0
Cap_Phase1_140_R.mp4,331,0,0,0,0,0,0,0
Cap_Phase1_140_R.mp4,332,0,0,0,0,0,0,0
Cap_Phase1_140_R.mp4,333,1,0,0,0,0,0,0
Cap_Phase1_140_R.mp4,334,1,0,0,0,0,0,0
Cap_Phase1_140_R.mp4,335,1,0,0,0,0,0,0
Cap_Phase1_140_R.mp4,336,1,0,0,0,0,0,0
Cap_Phase1_140_R.mp4,337,1,0,0,0,0,0,0
Cap_Phase1_140_R.mp4,338,1,0,0,0,0,0,0
Cap_Phase1_140_R.mp4,339,1,0,0,0,0,0,0
Cap_Phase1_140_R.mp4,340,1,0,0,0,0,0,0
Cap_Phase1_140_R.mp4,341,1,0,0,0,0,0,0
Cap_Phase1_140_R.mp4,342,1,0,0,0,0,0,0
Cap_Phase1_140_R.mp4,343,1,0,0,0,0,0,0
Cap_Phase1_140_R.mp4,344,0,0,0,0,0,0,0
Cap_Phase1_140_R.mp4,345,0,0,0,0,0,0,0
Cap_Phase1_140_R.mp4,346,0,0,0,0,0,0,0
Cap_Phase1_140_R.mp4,347,0,0,0,0,0,0,0
Cap_Phase1_140_R.mp4,348,0,0,0,0,0,0,0
Cap_Phase1_140_R.mp4,349,0,0,0,0,0,0,0
Cap_Phase1_140_R.mp4,350,0,0,0,0,0,0,0
Cap_Phase1_140_R.mp4,351,0,0,0,0,0,0,0
Cap_Phase1_140_R.mp4,352,0,0,0,0,0,0,0
Cap_Phase1_140_R.mp4,353,0,0,0,0,0,0,0
Cap_Phase1_140_R.mp4,354,0,0,0,0,0,0,0
Cap_Phase1_140_R.mp4,355,0,0,0,0,0,0,0
Cap_Phase1_140_R.mp4,356,0,0,0,0,0,0,0
Cap_Phase1_140_R.mp4,357,0,0,0,0,0,0,0
Cap_Phase1_140_R.mp4,358,0,0,0,0,0,0,0
Cap_Phase1_140_R.mp4,359,1,0,0,0,0,0,0
Cap_Phase1_140_R.mp4,360,1,0,0,0,0,0,0
Cap_Phase1_140_R.mp4,361,1,0,0,0,0,0,0
Cap_Phase1_140_R.mp4,362,1,0,0,0,0,0,0
Cap_Phase1_140_R.mp4,363,1,0,0,0,0,0,0
Cap_Phase1_140_R.mp4,364,1,0,0,0,0,0,0
Cap_Phase1_140_R.mp4,365,1,0,0,0,0,0,0
Cap_Phase1_140_R.mp4,366,1,0,0,0,0,0,0
Cap_Phase1_140_R.mp4,367,1,0,0,0,0,0,0
Cap_Phase1_140_R.mp4,368,0,0,0,0,0,0,0
Cap_Phase1_140_R.mp4,369,0,0,0,0,0,0,0
Cap_Phase1_140_R.mp4,370,0,0,0,0,0,0,0
Cap_Phase1_140_R.mp4,371,0,0,0,0,0,0,0
Cap_Phase1_140_R.mp4,372,0,0,0,0,0,0,0
Cap_Phase1_140_R.mp4,373,0,0,0,0,0,0,0
Cap_Phase1_140_R.mp4,374,0,0,0,0,0,0,0
Cap_Phase1_140_R.mp4,375,0,0,0,0,0,0,0
Cap_Phase1_140_R.mp4,376,0,0,0,0,0,0,0
Cap_Phase1_140_R.mp4,377,0,0,0,0,0,0,0
Cap_Phase1_140_R.mp4,378,0,0,0,0,0,0,0
Cap_Phase1_140_R.mp4,379,0,0,0,0,0,0,0
Cap_Phase1_140_R.mp4,380,0,0,0,0,0,0,0
Cap_Phase1_140_R.mp4,381,0,0,0,0,0,0,0
Cap_Phase1_140_R.mp4,382,0,1,0,0,0,0,0
Cap_Phase1_140_R.mp4,383,0,1,0,0,0,0,0
Cap_Phase1_140_R.mp4,384,0,1,0,0,0,0,0
Cap_Phase1_140_R.mp4,385,0,1,0,0,0,0,0
Cap_Phase1_140_R.mp4,386,0,1,0,0,0,0,0
Cap_Phase1_140_R.mp4,387,0,1,0,0,0,0,0
Cap_Phase1_140_R.mp4,388,0,1,0,0,0,0,0
Cap_Phase1_140_R.mp4,389,0,1,0,0,0,0,0
Cap_Phase1_140_R.mp4,390,0,1,0,0,0,0,0
Cap_Phase1_140_R.mp4,391,0,1,0,0,0,0,0
Cap_Phase1_140_R.mp4,392,0,1,0,0,0,0,0
Cap_Phase1_140_R.mp4,393,0,0,0,0,0,0,0
Cap_Phase1_140_R.mp4,394,0,0,0,0,0,0,0
Cap_Phase1_140_R.mp4,395,0,0,0,0,0,0,0
Cap_Phase1_140_R.mp4,396,0,0,0,0,0,0,0
Cap_Phase1_140_R.mp4,397,0,0,0,0,0,0,0
Cap_Phase1_140_R.mp4,398,0,0,0,0,0,0,0
Cap_Phase1_140_R.mp4,399,0,0,0,0,0,0,0
Cap_Phase1_140_R.mp4,400,0,0,0,0,0,0,0
Cap_Phase1_140_R.mp4,401,0,0,0,0,0,0,0
Cap_Phase1_140_R.mp4,402,0,0,0,0,0,0,0
Cap_Phase1_140_R.mp4,403,0,0,0,0,0,0,0
Cap_Phase1_140_R.mp4,404,0,0,0,0,0,0,0
Cap_Phase1_140_R.mp4,405,0,0,0,0,0,0,0
Cap_Phase1_140_R.mp4,406,0,0,0,0,0,0,0
Cap_Phase1_140_R.mp4,407,0,0,0,0,0,0,0
Cap_Phase1_140_R.mp4,408,0,0,0,0,0,0,0
Cap_Phase1_140_R.mp4,409,0,0,1,0,0,0,0
Cap_Phase1_140_R.mp4,410,0,0,1,0,0,0,0
Cap_Phase1_140_R.mp4,411,0,0,1,0,0,0,0
Cap_Phase1_140_R.mp4,412,0,0,1,0,0,0,0
Cap_Phase1_140_R.mp4,413,0,0,1,0,0,0,0
Cap_Phase1_140_R.mp4,414,0,0,1,0,0,0,0
Cap_Phase1_140_R.mp4,415,0,0,1,0,0,0,0
Cap_Phase1_140_R.mp4,416,0,0,1,0,0,0,0
Cap_Phase1_140_R.mp4,417,0,0,1,0,0,0,0
Cap_Phase1_140_R.mp4,418,0,0,1,0,0,0,0
Cap_Phase1_140_R.mp4,419,0,0,0,0,0,0,0
Cap_Phase1_140_R.mp4,420,0,0,0,0,0,0,0
Cap_Phase1_140_R.mp4,421,0,0,0,0,0,0,0
Cap_Phase1_140_R.mp4,422,0,0,0,0,0,0,0
Cap_Phase1_140_R.mp4,423,0,0,0,0,0,0,0
Cap_Phase1_140_R.mp4,424,0,0,0,0,0,0,0
Cap_Phase1_140_R.mp4,425,0,0,0,0,0,0,0
Cap_Phase1_140_R.mp4,426,0,0,0,0,0,0,0
Cap_Phase1_140_R.mp4,427,0,0,0,0,0,0,0
Cap_Phase1_140_R.mp4,428,0,0,0,0,0,0,0
Cap_Phase1_140_R.mp4,429,0,0,0,0,0,0,0
Cap_Phase1_140_R.mp4,430,0,0,0,0,0,0,0
Cap_Phase1_140_R.mp4,431,0,0,0,0,0,0,0
Cap_Phase1_140_R.mp4,432,0,0,0,0,0,0,0
Cap_Phase1_140_R.mp4,433,0,0,0,0,0,0,0
Cap_Phase1_140_R.mp4,434,0,0,0,0,0,0,0
Cap_Phase1_140_R.mp4,435,0,0,0,0,0,0,0
Cap_Phase1_140_R.mp4,436,0,0,0,0,0,0,0
Cap_Phase1_140_R.mp4,437,0,0,1,1,0,0,0
Cap_Phase1_140_R.mp4,438,0,0,0,1,0,0,0
Cap_Phase1_140_R.mp4,439,0,0,0,1,0,0,0
Cap_Phase1_140_R.mp4,440,0,0,0,1,0,0,0
Cap_Phase1_140_R.mp4,441,0,0,0,1,0,0,0
Cap_Phase1_140_R.mp4,442,0,0,0,1,0,0,0
Cap_Phase1_140_R.mp4,443,0,0,0,1,0,0,0
Cap_Phase1_140_R.mp4,444,0,0,0,1,0,0,0
Cap_Phase1_140_R.mp4,445,0,0,0,1,0,0,0
Cap_Phase1_140_R.mp4,446,0,0,0,0,0,0,0
Cap_Phase1_140_R.mp4,447,0,0,0,0,0,0,0
Cap_Phase1_140_R.mp4,448,0,0,0,0,0,0,0
Cap_Phase1_140_R.mp4,449,0,0,0,0,0,0,0
Cap_Phase1_140_R.mp4,450,0,0,0,0,0,0,0
Cap_Phase1_140_R.mp4,451,0,0,0,0,0,0,0
Cap_Phase1_140_R.mp4,452,0,0,0,0,0,0,0
Cap_Phase1_140_R.mp4,453,0,0,0,0,0,0,0
Cap_Phase1_140_R.mp4,454,0,0,0,0,0,0,0
Cap_Phase1_140_R.mp4,455,0,0,0,0,0,0,0
Cap_Phase1_140_R.mp4,456,0,0,0,0,0,0,0
Cap_Phase1_140_R.mp4,457,0,0,0,0,0,0,0
Cap_Phase1_140_R.mp4,458,0,0,0,0,0,0,0
Cap_Phase1_140_R.mp4,459,0,0,0,0,0,0,0
Cap_Phase1_140_R.mp4,460,0,0,0,0,0,0,0
Cap_Phase1_140_R.mp4,461,0,0,0,0,0,0,0
Cap_Phase1_140_R.mp4,462,0,0,0,0,0,0,0
Cap_Phase1_140_R.mp4,463,0,0,0,0,1,0,0
Cap_Phase1_140_R.mp4,464,0,0,0,0,1,0,0
Cap_Phase1_140_R.mp4,465,0,0,0,0,1,0,0
Cap_Phase1_140_R.mp4,466,0,0,0,0,1,0,0
Cap_Phase1_140_R.mp4,467,0,0,0,0,1,0,0
Cap_Phase1_140_R.mp4,468,0,0,0,0,1,0,0
Cap_Phase1_140_R.mp4,469,0,0,0,0,1,0,0
Cap_Phase1_140_R.mp4,470,0,0,0,0,1,0,0
Cap_Phase1_140_R.mp4,471,0,0,0,0,1,0,0
Cap_Phase1_140_R.mp4,472,0,0,0,0,1,0,0
Cap_Phase1_140_R.mp4,473,0,0,0,0,1,0,0
Cap_Phase1_140_R.mp4,474,0,0,0,0,0,0,0
Cap_Phase1_140_R.mp4,475,0,0,0,0,0,0,0
Cap_Phase1_140_R.mp4,476,0,0,0,0,0,0,0
Cap_Phase1_140_R.mp4,477,0,0,0,0,0,0,0
Cap_Phase1_140_R.mp4,478,0,0,0,0,0,0,0
Cap_Phase1_140_R.mp4,479,0,0,0,0,0,0,0
Cap_Phase1_140_R.mp4,480,0,0,0,0,0,0,0
Cap_Phase1_140_R.mp4,481,0,0,0,0,0,0,0
Cap_Phase1_140_R.mp4,482,0,0,0,0,0,0,0
Cap_Phase1_140_R.mp4,483,0,0,0,0,0,0,0
Cap_Phase1_140_R.mp4,484,0,0,0,0,0,0,0
Cap_Phase1_140_R.mp4,485,0,0,0,0,0,0,0
Cap_Phase1_140_R.mp4,486,0,0,0,0,0,0,0
Cap_Phase1_140_R.mp4,487,0,0,0,0,0,0,0
Cap_Phase1_140_R.mp4,488,0,0,1,1,0,0,0
Cap_Phase1_140_R.mp4,489,0,0,1,1,0,0,0
Cap_Phase1_140_R.mp4,490,0,0,1,1,0,0,0
Cap_Phase1_140_R.mp4,491,0,0,1,1,0,0,0
Cap_Phase1_140_R.mp4,492,0,0,0,1,0,0,0
Cap_Phase1_140_R.mp4,493,0,0,0,1,0,0,0
Cap_Phase1_140_R.mp4,494,0,0,0,1,0,0,0
Cap_Phase1_140_R.mp4,495,0,0,1,1,0,0,0
Cap_Phase1_140_R.mp4,496,0,0,1,1,0,0,0
Cap_Phase1_140_R.mp4,497,0,0,1,1,0,0,0
Cap_Phase1_140_R.mp4,498,0,0,1,1,0,0,0
Cap_Phase1_140_R.mp4,499,0,0,0,0,0,0,0
Cap_Phase1_140_R.mp4,500,0,0,0,0,0,0,0
Cap_Phase1_140_R.mp4,501,0,0,0,0,0,0,0
Cap_Phase1_140_R.mp4,502,0,0,0,0,0,0,0
Cap_Phase1_140_R.mp4,503,0,0,0,0,0,0,0
Cap_Phase1_140_R.mp4,504,0,0,0,0,0,0,0
Cap_Phase1_140_R.mp4,505,0,0,0,0,0,0,0
Cap_Phase1_140_R.mp4,506,0,0,0,0,0,0,0
Cap_Phase1_140_R.mp4,507,0,0,0,0,0,0,0
Cap_Phase1_140_R.mp4,508,0,0,0,0,0,0,0
Cap_Phase1_140_R.mp4,509,0,0,0,0,0,0,0
Cap_Phase1_140_R.mp4,510,0,0,0,0,0,0,0
Cap_Phase1_140_R.mp4,511,0,0,0,0,0,0,0
Cap_Phase1_140_R.mp4,512,0,0,0,0,0,0,0
Cap_Phase1_140_R.mp4,513,0,0,0,1,0,0,0
Cap_Phase1_140_R.mp4,514,0,0,1,1,0,0,0
Cap_Phase1_140_R.mp4,515,0,0,1,1,0,0,0
Cap_Phase1_140_R.mp4,516,0,0,1,1,0,0,0
Cap_Phase1_140_R.mp4,517,0,0,0,1,0,0,0
Cap_Phase1_140_R.mp4,518,0,0,0,1,0,0,0
Cap_Phase1_140_R.mp4,519,0,0,0,1,0,0,0
Cap_Phase1_140_R.mp4,520,0,0,0,1,0,0,0
Cap_Phase1_140_R.mp4,521,0,0,1,1,0,0,0
Cap_Phase1_140_R.mp4,522,0,0,0,0,0,0,0
Cap_Phase1_140_R.mp4,523,0,0,0,0,0,0,0
Cap_Phase1_140_R.mp4,524,0,0,0,0,0,0,0
Cap_Phase1_140_R.mp4,525,0,0,0,0,0,0,0
Cap_Phase1_140_R.mp4,526,0,0,0,0,0,0,0
Cap_Phase1_140_R.mp4,527,0,0,0,0,0,0,0
Cap_Phase1_140_R.mp4,528,0,0,0,0,0,0,0
Cap_Phase1_140_R.mp4,529,0,0,0,0,0,0,0
Cap_Phase1_140_R.mp4,530,0,0,0,0,0,0,0
Cap_Phase1_140_R.mp4,531,0,0,0,0,0,0,0
Cap_Phase1_140_R.mp4,532,0,0,0,0,0,0,0
Cap_Phase1_140_R.mp4,533,0,0,0,0,0,0,0
Cap_Phase1_140_R.mp4,534,0,0,0,0,0,0,0
Cap_Phase1_140_R.mp4,535,0,0,0,0,0,0,0
Cap_Phase1_140_R.mp4,536,0,0,0,0,0,0,0
Cap_Phase1_140_R.mp4,537,0,0,0,0,0,0,0
Cap_Phase1_140_R.mp4,538,0,0,0,0,0,0,0
Cap_Phase1_140_R.mp4,539,0,0,0,0,0,0,0
Cap_Phase1_140_R.mp4,540,0,1,1,0,0,0,0
Cap_Phase1_140_R.mp4,541,0,1,1,0,0,0,0
Cap_Phase1_140_R.mp4,542,0,1,1,0,0,0,0
Cap_Phase1_140_R.mp4,543,0,1,1,0,0,0,0
Cap_Phase1_140_R.mp4,544,0,1,1,0,0,0,0
Cap_Phase1_140_R.mp4,545,0,1,1,0,0,0,0
Cap_Phase1_140_R.mp4,546,0,1,1,0,0,0,0
Cap_Phase1_140_R.mp4,547,0,1,0,0,0,0,0
Cap_Phase1_140_R.mp4,548,0,1,0,0,0,0,0
Cap_Phase1_140_R.mp4,549,0,0,0,0,0,0,0
Cap_Phase1_140_R.mp4,550,0,0,0,0,0,0,0
Cap_Phase1_140_R.mp4,551,0,0,0,0,0,0,0
Cap_Phase1_140_R.mp4,552,0,0,0,0,0,0,0
Cap_Phase1_140_R.mp4,553,0,0,0,0,0,0,0
Cap_Phase1_140_R.mp4,554,0,0,0,0,0,0,0
Cap_Phase1_140_R.mp4,555,0,0,0,0,0,0,0
Cap_Phase1_140_R.mp4,556,0,0,0,0,0,0,0
Cap_Phase1_140_R.mp4,557,0,0,0,0,0,0,0
Cap_Phase1_140_R.mp4,558,0,0,0,0,0,0,0
Cap_Phase1_140_R.mp4,559,0,0,0,0,0,0,0
Cap_Phase1_140_R.mp4,560,0,0,0,0,0,0,0
Cap_Phase1_140_R.mp4,561,0,0,0,0,0,0,0
Cap_Phase1_140_R.mp4,562,0,1,1,0,0,0,0
Cap_Phase1_140_R.mp4,563,0,0,1,0,0,0,0
Cap_Phase1_140_R.mp4,564,0,0,1,0,0,0,0
Cap_Phase1_140_R.mp4,565,0,0,1,0,0,0,0
Cap_Phase1_140_R.mp4,566,0,0,1,0,0,0,0
Cap_Phase1_140_R.mp4,567,0,0,1,0,0,0,0
Cap_Phase1_140_R.mp4,568,0,0,1,0,0,0,0
Cap_Phase1_140_R.mp4,569,0,0,1,0,0,0,0
Cap_Phase1_140_R.mp4,570,0,0,1,0,0,0,0
Cap_Phase1_140_R.mp4,571,0,0,1,0,0,0,0
Cap_Phase1_140_R.mp4,572,0,0,0,0,0,0,0
Cap_Phase1_140_R.mp4,573,0,0,0,0,0,0,0
Cap_Phase1_140_R.mp4,574,0,0,0,0,0,0,0
Cap_Phase1_140_R.mp4,575,0,0,0,0,0,0,0
Cap_Phase1_140_R.mp4,576,0,0,0,0,0,0,0
Cap_Phase1_140_R.mp4,577,0,0,0,0,0,0,0
Cap_Phase1_140_R.mp4,578,0,0,0,0,0,0,0
Cap_Phase1_140_R.mp4,579,0,0,0,0,0,0,0
Cap_Phase1_140_R.mp4,580,0,0,0,0,0,0,0
Cap_Phase1_140_R.mp4,581,0,0,0,0,0,0,0
Cap_Phase1_140_R.mp4,582,0,0,0,0,0,0,0
Cap_Phase1_140_R.mp4,583,0,0,0,0,0,0,0
Cap_Phase1_140_R.mp4,584,0,0,0,0,0,0,0
Cap_Phase1_140_R.mp4,585,0,0,0,0,0,0,0
Cap_Phase1_140_R.mp4,586,0,0,0,0,0,0,0
Cap_Phase1_140_R.mp4,587,0,0,0,0,0,0,0
Cap_Phase1_140_R.mp4,588,0,0,0,0,0,0,0
Cap_Phase1_140_R.mp4,589,1,0,0,0,0,0,0
Cap_Phase1_140_R.mp4,590,1,0,0,0,0,0,0
Cap_Phase1_140_R.mp4,591,1,0,0,0,0,0,0
Cap_Phase1_140_R.mp4,592,1,0,0,0,0,0,0
Cap_Phase1_140_R.mp4,593,1,0,0,0,0,0,0
Cap_Phase1_140_R.mp4,594,1,0,0,0,0,0,0
Cap_Phase1_140_R.mp4,595,1,0,0,0,0,0,0
Cap_Phase1_140_R.mp4,596,1,0,0,0,0,0,0
Cap_Phase1_140_R.mp4,597,1,0,0,0,0,0,0
Cap_Phase1_140_R.mp4,598,1,0,0,0,0,0,0
Cap_Phase1_140_R.mp4,599,0,0,0,0,0,0,0
Cap_Phase1_140_R.mp4,600,0,0,0,0,0,0,0
Cap_Phase1_140_R.mp4,601,0,0,0,0,0,0,0
Cap_Phase1_140_R.mp4,602,0,0,0,0,0,0,0
Cap_Phase1_140_R.mp4,603,0,0,0,0,0,0,0
Cap_Phase1_140_R.mp4,604,0,0,0,0,0,0,0
Cap_Phase1_140_R.mp4,605,0,0,0,0,0,0,0
Cap_Phase1_140_R.mp4,606,0,0,0,0,0,0,0
Cap_Phase1_140_R.mp4,607,0,0,0,0,0,0,0
Cap_Phase1_140_R.mp4,608,0,0,0,0,0,0,0
Cap_Phase1_140_R.mp4,609,0,0,0,0,0,0,0
Cap_Phase1_140_R.mp4,610,0,0,0,0,0,0,0
Cap_Phase1_140_R.mp4,611,0,0,0,0,0,0,0
Cap_Phase1_140_R.mp4,612,0,0,0,0,0,0,0
Cap_Phase1_140_R.mp4,613,0,0,0,0,0,0,0
Cap_Phase1_140_R.mp4,614,0,0,0,0,0,0,0
Cap_Phase1_140_R.mp4,615,0,0,1,0,0,0,0
Cap_Phase1_140_R.mp4,616,0,0,1,0,0,0,0
Cap_Phase1_140_R.mp4,617,0,0,1,0,0,0,0
Cap_Phase1_140_R.mp4,618,0,0,1,0,0,0,0
Cap_Phase1_140_R.mp4,619,0,0,1,0,0,0,0
Cap_Phase1_140_R.mp4,620,0,0,1,0,0,0,0
Cap_Phase1_140_R.mp4,621,0,0,1,0,0,0,0
Cap_Phase1_140_R.mp4,622,0,0,1,0,0,0,0
Cap_Phase1_140_R.mp4,623,0,0,1,0,0,0,0
Cap_Phase1_140_R.mp4,624,0,0,1,0,0,0,0
Cap_Phase1_140_R.mp4,625,0,0,1,0,0,0,0
Cap_Phase1_140_R.mp4,626,0,0,1,0,0,0,0
Cap_Phase1_140_R.mp4,627,0,0,0,0,0,0,0
Cap_Phase1_140_R.mp4,628,0,0,0,0,0,0,0
Cap_Phase1_140_R.mp4,629,0,0,0,0,0,0,0
Cap_Phase1_140_R.mp4,630,0,0,0,0,0,0,0
Cap_Phase1_140_R.mp4,631,0,0,0,0,0,0,0
Cap_Phase1_140_R.mp4,632,0,0,0,0,0,0,0
Cap_Phase1_140_R.mp4,633,0,0,0,0,0,0,0
Cap_Phase1_140_R.mp4,634,0,0,0,0,0,0,0
Cap_Phase1_140_R.mp4,635,0,0,0,0,0,0,0
Cap_Phase1_140_R.mp4,636,0,0,0,0,0,0,0
Cap_Phase1_140_R.mp4,637,0,0,0,0,0,0,0
Cap_Phase1_140_R.mp4,638,0,0,0,0,0,0,0
Cap_Phase1_140_R.mp4,639,0,0,0,0,0,0,0
Cap_Phase1_140_R.mp4,640,0,0,0,0,0,0,0
Cap_Phase1_140_R.mp4,641,0,0,1,1,0,0,0
Cap_Phase1_140_R.mp4,642,0,0,1,1,0,0,0
Cap_Phase1_140_R.mp4,643,0,0,0,1,0,0,0
Cap_Phase1_140_R.mp4,644,0,0,0,1,0,0,0
Cap_Phase1_140_R.mp4,645,0,0,0,1,0,0,0
Cap_Phase1_140_R.mp4,646,0,0,0,1,0,0,0
Cap_Phase1_140_R.mp4,647,0,0,0,1,0,0,0
Cap_Phase1_140_R.mp4,648,0,0,0,1,0,0,0
Cap_Phase1_140_R.mp4,649,0,0,0,1,0,0,0
Cap_Phase1_140_R.mp4,650,0,0,0,1,0,0,0
Cap_Phase1_140_R.mp4,651,0,0,1,1,0,0,0
Cap_Phase1_140_R.mp4,652,0,0,1,1,0,0,0
Cap_Phase1_140_R.mp4,653,0,0,0,0,0,0,0
Cap_Phase1_140_R.mp4,654,0,0,0,0,0,0,0
Cap_Phase1_140_R.mp4,655,0,0,0,0,0,0,0
Cap_Phase1_140_R.mp4,656,0,0,0,0,0,0,0
Cap_Phase1_140_R.mp4,657,0,0,0,0,0,0,0
Cap_Phase1_140_R.mp4,658,0,0,0,0,0,0,0
Cap_Phase1_140_R.mp4,659,0,0,0,0,0,0,0
Cap_Phase1_140_R.mp4,660,0,0,0,0,0,0,0
Cap_Phase1_140_R.mp4,661,0,0,0,0,0,0,0
Cap_Phase1_140_R.mp4,662,0,0,0,0,0,0,0
Cap_Phase1_140_R.mp4,663,0,0,0,0,0,0,0
Cap_Phase1_140_R.mp4,664,0,0,0,0,0,0,0
Cap_Phase1_140_R.mp4,665,0,0,0,0,0,0,0
Cap_Phase1_140_R.mp4,666,0,0,0,0,0,0,0
Cap_Phase1_140_R.mp4,667,0,0,1,1,0,0,0
Cap_Phase1_140_R.mp4,668,0,0,0,1,0,0,0
Cap_Phase1_140_R.mp4,669,0,0,0,1,0,0,0
Cap_Phase1_140_R.mp4,670,0,0,0,1,0,0,0
Cap_Phase1_140_R.mp4,671,0,0,0,1,0,0,0
Cap_Phase1_140_R.mp4,672,0,0,0,1,0,0,0
Cap_Phase1_140_R.mp4,673,0,0,0,1,0,0,0
Cap_Phase1_140_R.mp4,674,0,0,0,1,0,0,0
Cap_Phase1_140_R.mp4,675,0,0,0,1,0,0,0
Cap_Phase1_140_R.mp4,676,0,0,0,0,0,0,0
Cap_Phase1_140_R.mp4,677,0,0,0,0,0,0,0
Cap_Phase1_140_R.mp4,678,0,0,0,0,0,0,0
Cap_Phase1_140_R.mp4,679,0,0,0,0,0,0,0
Cap_Phase1_140_R.mp4,680,0,0,0,0,0,0,0
Cap_Phase1_140_R.mp4,681,0,0,0,0,0,0,0
Cap_Phase1_140_R.mp4,682,0,0,0,0,0,0,0
Cap_Phase1_140_R.mp4,683,0,0,0,0,0,0,0
Cap_Phase1_140_R.mp4,684,0,0,0,0,0,0,0
Cap_Phase1_140_R.mp4,685,0,0,0,0,0,0,0
Cap_Phase1_140_R.mp4,686,0,0,0,0,0,0,0
Cap_Phase1_140_R.mp4,687,0,0,0,0,0,0,0
Cap_Phase1_140_R.mp4,688,0,0,0,0,0,0,0
Cap_Phase1_140_R.mp4,689,0,0,0,0,0,0,0
Cap_Phase1_140_R.mp4,690,0,0,0,0,0,0,0
Cap_Phase1_140_R.mp4,691,0,0,0,0,0,0,0
Cap_Phase1_140_R.mp4,692,0,0,0,0,0,0,0
Cap_Phase1_140_R.mp4,693,0,0,0,0,0,0,0
Cap_Phase1_140_R.mp4,694,0,0,0,0,0,0,0
Cap_Phase1_140_R.mp4,695,0,0,0,0,1,0,0
Cap_Phase1_140_R.mp4,696,0,0,0,0,1,0,0
Cap_Phase1_140_R.mp4,697,0,0,0,0,1,0,0
Cap_Phase1_140_R.mp4,698,0,0,0,0,1,0,0
Cap_Phase1_140_R.mp4,699,0,0,0,0,1,0,0
Cap_Phase1_140_R.mp4,700,0,0,0,0,1,0,0
Cap_Phase1_140_R.mp4,701,0,0,0,0,1,0,0
Cap_Phase1_140_R.mp4,702,0,0,0,0,1,0,0
Cap_Phase1_140_R.mp4,703,0,0,0,0,1,0,0
Cap_Phase1_140_R.mp4,704,0,0,0,0,1,0,0
Cap_Phase1_140_R.mp4,705,0,0,0,0,1,0,0
Cap_Phase1_140_R.mp4,706,0,0,0,0,0,0,0
Cap_Phase1_140_R.mp4,707,0,0,0,0,0,0,0
Cap_Phase1_140_R.mp4,708,0,0,0,0,0,0,0
Cap_Phase1_140_R.mp4,709,0,0,0,0,0,0,0
Cap_Phase1_140_R.mp4,710,0,0,0,0,0,0,0
Cap_Phase1_140_R.mp4,711,0,0,0,0,0,0,0
Cap_Phase1_140_R.mp4,712,0,0,0,0,0,0,0
Cap_Phase1_140_R.mp4,713,0,0,0,0,0,0,0
Cap_Phase1_140_R.mp4,714,0,0,0,0,0,0,0
Cap_Phase1_140_R.mp4,715,0,0,0,0,0,0,0
Cap_Phase1_140_R.mp4,716,0,0,0,0,0,0,0
Cap_Phase1_140_R.mp4,717,0,0,0,0,0,0,0
Cap_Phase1_140_R.mp4,718,0,0,0,0,0,0,0
Cap_Phase1_140_R.mp4,719,0,0,0,0,0,1,0
Cap_Phase1_140_R.mp4,720,0,0,0,0,0,1,0
Cap_Phase1_140_R.mp4,721,0,0,0,0,0,1,0
Cap_Phase1_140_R.mp4,722,0,0,0,0,0,1,0
Cap_Phase1_140_R.mp4,723,0,0,0,0,0,1,0
Cap_Phase1_140_R.mp4,724,0,0,0,0,0,1,0
Cap_Phase1_140_R.mp4,725,0,0,0,0,0,1,0
Cap_Phase1_140_R.mp4,726,0,0,0,0,0,1,0
Cap_Phase1_140_R.mp4,727,0,0,0,0,0,1,0
Cap_Phase1_140_R.mp4,728,0,0,0,0,0,1,0
Cap_Phase1_140_R.mp4,729,0,0,0,0,0,1,0
Cap_Phase1_140_R.mp4,730,0,0,0,0,0,1,0
Cap_Phase1_140_R.mp4,731,0,0,0,0,0,0,0
Cap_Phase1_140_R.mp4,732,0,0,0,0,0,0,0
Cap_Phase1_140_R.mp4,733,0,0,0,0,0,0,0
Cap_Phase1_140_R.mp4,734,0,0,0,0,0,0,0
Cap_Phase1_140_R.mp4,735,0,0,0,0,0,0,0
Cap_Phase1_140_R.mp4,736,0,0,0,0,0,0,0
Cap_Phase1_140_R.mp4,737,0,0,0,0,0,0,0
Cap_Phase1_140_R.mp4,738,0,0,0,0,0,0,0
Cap_Phase1_140_R.mp4,739,0,0,0,0,0,0,0
Cap_Phase1_140_R.mp4,740,0,0,0,0,0,0,0
Cap_Phase1_140_R.mp4,741,0,0,0,0,0,0,0
Cap_Phase1_140_R.mp4,742,0,0,0,0,0,0,0
Cap_Phase1_140_R.mp4,743,0,0,0,0,0,0,0
Cap_Phase1_140_R.mp4,744,0,0,0,0,0,0,0
Cap_Phase1_140_R.mp4,745,0,0,0,0,1,0,0
Cap_Phase1_140_R.mp4,746,0,0,0,0,1,0,0
Cap_Phase1_140_R.mp4,747,0,0,0,0,1,0,0
Cap_Phase1_140_R.mp4,748,0,0,0,0,1,0,0
Cap_Phase1_140_R.mp4,749,0,0,0,0,1,0,0
Cap_Phase1_140_R.mp4,750,0,0,0,0,1,0,0
Cap_Phase1_140_R.mp4,751,0,0,0,0,1,0,0
Cap_Phase1_140_R.mp4,752,0,0,0,0,1,0,0
Cap_Phase1_140_R.mp4,753,0,0,0,0,1,0,0
Cap_Phase1_140_R.mp4,754,0,0,0,0,1,0,0
Cap_Phase1_140_R.mp4,755,0,0,0,0,1,0,0
Cap_Phase1_140_R.mp4,756,0,0,0,0,0,0,0
Cap_Phase1_140_R.mp4,757,0,0,0,0,0,0,0
Cap_Phase1_140_R.mp4,758,0,0,0,0,0,0,0
Cap_Phase1_140_R.mp4,759,0,0,0,0,0,0,0
Cap_Phase1_140_R.mp4,760,0,0,0,0,0,0,0
Cap_Phase1_140_R.mp4,761,0,0,0,0,0,0,0
Cap_Phase1_140_R.mp4,762,0,0,0,0,0,0,0
Cap_Phase1_140_R.mp4,763,0,0,0,0,0,0,0
Cap_Phase1_140_R.mp4,764,0,0,0,0,0,0,0
Cap_Phase1_140_R.mp4,765,0,0,0,0,0,0,0
Cap_Phase1_140_R.mp4,766,0,0,0,0,0,0,0
Cap_Phase1_140_R.mp4,767,0,0,0,0,0,0,0
Cap_Phase1_140_R.mp4,768,0,0,0,0,0,0,0
Cap_Phase1_140_R.mp4,769,0,0,0,0,0,1,0
Cap_Phase1_140_R.mp4,770,0,0,0,0,0,1,0
Cap_Phase1_140_R.mp4,771,0,0,0,0,0,1,0
Cap_Phase1_140_R.mp4,772,0,0,0,0,0,1,0
Cap_Phase1_140_R.mp4,773,0,0,0,0,0,1,0
Cap_Phase1_140_R.mp4,774,0,0,0,0,0,1,0
Cap_Phase1_140_R.mp4,775,0,0,0,0,0,1,0
Cap_Phase1_140_R.mp4,776,0,0,0,0,0,1,0
Cap_Phase1_140_R.mp4,777,0,0,0,0,0,1,0
Cap_Phase1_140_R.mp4,778,0,0,0,0,0,1,0
Cap_Phase1_140_R.mp4,779,0,0,0,0,0,0,0
Cap_Phase1_140_R.mp4,780,0,0,0,0,0,0,0
Cap_Phase1_140_R.mp4,781,0,0,0,0,0,0,0
Cap_Phase1_140_R.mp4,782,0,0,0,0,0,0,0
Cap_Phase1_140_R.mp4,783,0,0,0,0,0,0,0
Cap_Phase1_140_R.mp4,784,0,0,0,0,0,0,0
Cap_Phase1_140_R.mp4,785,0,0,0,0,0,0,0
Cap_Phase1_140_R.mp4,786,0,0,0,0,0,0,0
Cap_Phase1_140_R.mp4,787,0,0,0,0,0,0,0
Cap_Phase1_140_R.mp4,788,0,0,0,0,0,0,0
Cap_Phase1_140_R.mp4,789,0,0,0,0,0,0,0
Cap_Phase1_140_R.mp4,790,0,0,0,0,0,0,0
Cap_Phase1_140_R.mp4,791,0,0,0,0,0,0,0
Cap_Phase1_140_R.mp4,792,0,0,0,0,0,0,0
Cap_Phase1_140_R.mp4,793,0,0,0,0,0,0,0
Cap_Phase1_140_R.mp4,794,0,0,0,0,0,0,0
Cap_Phase1_140_R.mp4,795,0,0,0,0,0,0,0
Cap_Phase1_140_R.mp4,796,0,0,0,0,0,0,0
Cap_Phase1_140_R.mp4,797,0,0,0,1,0,0,0
Cap_Phase1_140_R.mp4,798,0,0,0,1,0,0,0
Cap_Phase1_140_R.mp4,799,0,0,0,1,0,0,0
Cap_Phase1_140_R.mp4,800,0,0,0,1,0,0,0
Cap_Phase1_140_R.mp4,801,0,0,0,1,0,0,0
Cap_Phase1_140_R.mp4,802,0,0,0,1,0,0,0
Cap_Phase1_140_R.mp4,803,0,0,0,1,0,0,0
Cap_Phase1_140_R.mp4,804,0,0,0,1,0,0,0
Cap_Phase1_140_R.mp4,805,0,0,0,0,0,0,0
Cap_Phase1_140_R.mp4,806,0,0,0,0,0,0,0
Cap_Phase1_140_R.mp4,807,0,0,0,0,0,0,0
Cap_Phase1_140_R.mp4,808,0,0,0,0,0,0,0
Cap_Phase1_140_R.mp4,809,0,0,0,0,0,0,0
Cap_Phase1_140_R.mp4,810,0,0,0,0,0,0,0
Cap_Phase1_140_R.mp4,811,0,0,0,0,0,0,0
Cap_Phase1_140_R.mp4,812,0,0,0,0,0,0,0
Cap_Phase1_140_R.mp4,813,0,0,0,0,0,0,0
Cap_Phase1_140_R.mp4,814,0,0,0,0,0,0,0
Cap_Phase1_140_R.mp4,815,0,0,0,0,0,0,0
Cap_Phase1_140_R.mp4,816,0,0,0,0,0,0,0
Cap_Phase1_140_R.mp4,817,0,0,0,0,0,0,0
Cap_Phase1_140_R.mp4,818,0,0,0,0,0,0,0
Cap_Phase1_140_R.mp4,819,0,0,0,0,0,0,0
Cap_Phase1_140_R.mp4,820,0,0,0,0,0,0,0
Cap_Phase1_140_R.mp4,821,0,0,0,0,0,0,0
Cap_Phase1_140_R.mp4,822,0,0,0,0,1,0,0
Cap_Phase1_140_R.mp4,823,0,0,0,0,1,0,0
Cap_Phase1_140_R.mp4,824,0,0,0,0,1,0,0
Cap_Phase1_140_R.mp4,825,0,0,0,0,1,0,0
Cap_Phase1_140_R.mp4,826,0,0,0,0,1,0,0
Cap_Phase1_140_R.mp4,827,0,0,0,0,1,0,0
Cap_Phase1_140_R.mp4,828,0,0,0,0,1,0,0
Cap_Phase1_140_R.mp4,829,0,0,0,0,1,0,0
Cap_Phase1_140_R.mp4,830,0,0,0,0,0,0,0
Cap_Phase1_140_R.mp4,831,0,0,0,0,0,0,0
Cap_Phase1_140_R.mp4,832,0,0,0,0,0,0,0
Cap_Phase1_140_R.mp4,833,0,0,0,0,0,0,0
Cap_Phase1_140_R.mp4,834,0,0,0,0,0,0,0
Cap_Phase1_140_R.mp4,835,0,0,0,0,0,0,0
Cap_Phase1_140_R.mp4,836,0,0,0,0,0,0,0
Cap_Phase1_140_R.mp4,837,0,0,0,0,0,0,0
Cap_Phase1_140_R.mp4,838,0,0,0,0,0,0,0
Cap_Phase1_140_R.mp4,839,0,0,0,0,0,0,0
Cap_Phase1_140_R.mp4,840,0,0,0,0,0,0,0
Cap_Phase1_140_R.mp4,841,0,0,0,0,0,0,0
Cap_Phase1_140_R.mp4,842,0,0,0,0,0,0,0
Cap_Phase1_140_R.mp4,843,0,0,0,0,0,0,0
Cap_Phase1_140_R.mp4,844,0,0,0,0,0,0,0
Cap_Phase1_140_R.mp4,845,0,0,0,0,0,0,0
Cap_Phase1_140_R.mp4,846,0,0,0,0,0,0,0
Cap_Phase1_140_R.mp4,847,0,0,0,0,0,0,0
Cap_Phase1_140_R.mp4,848,0,0,0,0,0,0,0
Cap_Phase1_140_R.mp4,849,0,0,0,0,0,0,0
Cap_Phase1_140_R.mp4,850,0,0,0,0,1,0,0
Cap_Phase1_140_R.mp4,851,0,0,1,1,0,0,0
Cap_Phase1_140_R.mp4,852,0,0,0,1,0,0,0
Cap_Phase1_140_R.mp4,853,0,0,0,1,0,0,0
Cap_Phase1_140_R.mp4,854,0,0,0,1,0,0,0
Cap_Phase1_140_R.mp4,855,0,0,0,1,0,0,0
Cap_Phase1_140_R.mp4,856,0,0,0,1,0,0,0
Cap_Phase1_140_R.mp4,857,0,0,1,1,0,0,0
Cap_Phase1_140_R.mp4,858,0,0,1,1,0,0,0
Cap_Phase1_140_R.mp4,859,0,0,1,1,0,0,0
Cap_Phase1_140_R.mp4,860,0,0,1,1,0,0,0
Cap_Phase1_140_R.mp4,861,0,0,1,1,0,0,0
Cap_Phase1_140_R.mp4,862,0,0,0,0,0,0,0
Cap_Phase1_140_R.mp4,863,0,0,0,0,0,0,0
Cap_Phase1_140_R.mp4,864,0,0,0,0,0,0,0
Cap_Phase1_140_R.mp4,865,0,0,0,0,0,0,0
Cap_Phase1_140_R.mp4,866,0,0,0,0,0,0,0
Cap_Phase1_140_R.mp4,867,0,0,0,0,0,0,0
Cap_Phase1_140_R.mp4,868,0,0,0,0,0,0,0
Cap_Phase1_140_R.mp4,869,0,0,0,0,0,0,0
Cap_Phase1_140_R.mp4,870,0,0,0,0,0,0,0
Cap_Phase1_140_R.mp4,871,0,0,0,0,1,0,0
Cap_Phase1_140_R.mp4,872,0,0,1,1,1,0,0
Cap_Phase1_140_R.mp4,873,0,0,0,1,0,0,0
Cap_Phase1_140_R.mp4,874,0,0,0,1,0,0,0
Cap_Phase1_140_R.mp4,875,0,0,0,1,0,0,0
Cap_Phase1_140_R.mp4,876,0,0,0,1,0,0,0
Cap_Phase1_140_R.mp4,877,0,0,0,1,0,0,0
Cap_Phase1_140_R.mp4,878,0,0,0,1,0,0,0
Cap_Phase1_140_R.mp4,879,0,0,0,1,0,0,0
Cap_Phase1_140_R.mp4,880,0,0,0,1,0,0,0
Cap_Phase1_140_R.mp4,881,0,0,0,1,0,0,0
Cap_Phase1_140_R.mp4,882,0,0,0,0,0,0,0
Cap_Phase1_140_R.mp4,883,0,0,0,0,0,0,0
Cap_Phase1_140_R.mp4,884,0,0,0,0,0,0,0
Cap_Phase1_140_R.mp4,885,0,0,0,0,0,0,0
Cap_Phase1_140_R.mp4,886,0,0,0,0,0,0,0
Cap_Phase1_140_R.mp4,887,0,0,0,0,0,0,0
Cap_Phase1_140_R.mp4,888,0,0,0,0,0,0,0
Cap_Phase1_140_R.mp4,889,0,0,0,0,0,0,0
Cap_Phase1_140_R.mp4,890,0,0,0,0,0,0,0
Cap_Phase1_140_R.mp4,891,0,0,0,0,0,0,0
Cap_Phase1_140_R.mp4,892,0,0,0,0,0,0,0
Cap_Phase1_140_R.mp4,893,0,0,0,0,0,0,0
Cap_Phase1_140_R.mp4,894,0,0,0,0,0,0,0
Cap_Phase1_140_R.mp4,895,0,0,0,0,0,0,0
Cap_Phase1_140_R.mp4,896,0,0,0,0,0,0,0
Cap_Phase1_140_R.mp4,897,0,0,0,0,0,0,0
Cap_Phase1_140_R.mp4,898,0,0,0,0,0,0,0
Cap_Phase1_140_R.mp4,899,0,0,1,0,0,0,0
Cap_Phase1_140_R.mp4,900,0,0,1,0,0,0,0
Cap_Phase1_140_R.mp4,901,0,0,1,0,0,0,0
Cap_Phase1_140_R.mp4,902,0,0,1,0,0,0,0
Cap_Phase1_140_R.mp4,903,0,0,1,0,0,0,0
Cap_Phase1_140_R.mp4,904,0,0,1,0,0,0,0
Cap_Phase1_140_R.mp4,905,0,0,1,0,0,0,0
Cap_Phase1_140_R.mp4,906,0,0,1,0,0,0,0
Cap_Phase1_140_R.mp4,907,0,0,1,0,0,0,0
Cap_Phase1_140_R.mp4,908,0,0,1,0,0,0,0
Cap_Phase1_140_R.mp4,909,0,0,1,0,0,0,0
Cap_Phase1_140_R.mp4,910,0,0,1,0,0,0,0
Cap_Phase1_140_R.mp4,911,0,0,1,0,0,0,0
Cap_Phase1_140_R.mp4,912,0,0,1,0,0,0,0
Cap_Phase1_140_R.mp4,913,0,0,0,0,0,0,0
Cap_Phase1_140_R.mp4,914,0,0,0,0,0,0,0
Cap_Phase1_140_R.mp4,915,0,0,0,0,0,0,0
Cap_Phase1_140_R.mp4,916,0,0,0,0,0,0,0
Cap_Phase1_140_R.mp4,917,0,0,0,0,0,0,0
Cap_Phase1_140_R.mp4,918,0,0,0,0,0,0,0
Cap_Phase1_140_R.mp4,919,0,0,0,0,0,0,0
Cap_Phase1_140_R.mp4,920,0,0,0,0,0,0,0
Cap_Phase1_140_R.mp4,921,0,0,0,0,0,0,0
Cap_Phase1_140_R.mp4,922,0,0,0,0,0,0,0
Cap_Phase1_140_R.mp4,923,0,0,0,0,0,0,0
Cap_Phase1_140_R.mp4,924,0,0,0,0,0,0,0
Cap_Phase1_140_R.mp4,925,0,0,0,0,0,0,0
Cap_Phase1_140_R.mp4,926,0,1,1,0,0,0,0
Cap_Phase1_140_R.mp4,927,0,1,1,0,0,0,0
Cap_Phase1_140_R.mp4,928,0,1,1,0,0,0,0
Cap_Phase1_140_R.mp4,929,0,1,1,0,0,0,0
Cap_Phase1_140_R.mp4,930,0,1,0,0,0,0,0
Cap_Phase1_140_R.mp4,931,0,1,0,0,0,0,0
Cap_Phase1_140_R.mp4,932,0,1,0,0,0,0,0
Cap_Phase1_140_R.mp4,933,0,1,0,0,0,0,0
Cap_Phase1_140_R.mp4,934,0,1,1,0,0,0,0
Cap_Phase1_140_R.mp4,935,0,1,1,0,0,0,0
Cap_Phase1_140_R.mp4,936,0,0,0,0,0,0,0
Cap_Phase1_140_R.mp4,937,0,0,0,0,0,0,0
Cap_Phase1_140_R.mp4,938,0,0,0,0,0,0,0
Cap_Phase1_140_R.mp4,939,0,0,0,0,0,0,0
Cap_Phase1_140_R.mp4,940,0,0,0,0,0,0,0
Cap_Phase1_140_R.mp4,941,0,0,0,0,0,0,0
Cap_Phase1_140_R.mp4,942,0,0,0,0,0,0,0
Cap_Phase1_140_R.mp4,943,0,0,0,0,0,0,0
Cap_Phase1_140_R.mp4,944,0,0,0,0,0,0,0
Cap_Phase1_140_R.mp4,945,0,0,0,0,0,0,0
Cap_Phase1_140_R.mp4,946,0,0,0,0,0,0,0
Cap_Phase1_140_R.mp4,947,0,0,0,0,0,0,0
Cap_Phase1_140_R.mp4,948,0,0,0,0,0,0,0
Cap_Phase1_140_R.mp4,949,0,0,0,0,0,0,0
Cap_Phase1_140_R.mp4,950,1,0,0,0,0,0,0
Cap_Phase1_140_R.mp4,951,1,0,0,0,0,0,0
Cap_Phase1_140_R.mp4,952,1,0,0,0,0,0,0
Cap_Phase1_140_R.mp4,953,1,0,0,0,0,0,0
Cap_Phase1_140_R.mp4,954,1,0,0,0,0,0,0
Cap_Phase1_140_R.mp4,955,1,0,0,0,0,0,0
Cap_Phase1_140_R.mp4,956,1,0,0,0,0,0,0
Cap_Phase1_140_R.mp4,957,1,0,0,0,0,0,0
Cap_Phase1_140_R.mp4,958,1,0,0,0,0,0,0
Cap_Phase1_140_R.mp4,959,1,0,0,0,0,0,0
Cap_Phase1_140_R.mp4,960,1,0,0,0,0,0,0
Cap_Phase1_140_R.mp4,961,0,0,0,0,0,0,0
Cap_Phase1_140_R.mp4,962,0,0,0,0,0,0,0
Cap_Phase1_140_R.mp4,963,0,0,0,0,0,0,0
Cap_Phase1_140_R.mp4,964,0,0,0,0,0,0,0
Cap_Phase1_140_R.mp4,965,0,0,0,0,0,0,0
Cap_Phase1_140_R.mp4,966,0,0,0,0,0,0,0
Cap_Phase1_140_R.mp4,967,0,0,0,0,0,0,0
Cap_Phase1_140_R.mp4,968,0,0,0,0,0,0,0
Cap_Phase1_140_R.mp4,969,0,0,0,0,0,0,0
Cap_Phase1_140_R.mp4,970,0,0,0,0,0,0,0
Cap_Phase1_140_R.mp4,971,0,0,0,0,0,0,0
Cap_Phase1_140_R.mp4,972,0,0,0,0,0,0,0
Cap_Phase1_140_R.mp4,973,0,1,1,0,0,0,0
Cap_Phase1_140_R.mp4,974,0,1,1,0,0,0,0
Cap_Phase1_140_R.mp4,975,0,1,1,0,0,0,0
Cap_Phase1_140_R.mp4,976,0,1,1,0,0,0,0
Cap_Phase1_140_R.mp4,977,0,1,1,0,0,0,0
Cap_Phase1_140_R.mp4,978,0,1,1,0,0,0,0
Cap_Phase1_140_R.mp4,979,0,1,1,0,0,0,0
Cap_Phase1_140_R.mp4,980,0,1,1,0,0,0,0
Cap_Phase1_140_R.mp4,981,0,1,0,0,0,0,0
Cap_Phase1_140_R.mp4,982,0,1,0,0,0,0,0
Cap_Phase1_140_R.mp4,983,0,1,0,0,0,0,0
Cap_Phase1_140_R.mp4,984,0,1,1,0,0,0,0
Cap_Phase1_140_R.mp4,985,0,0,0,0,0,0,0
Cap_Phase1_140_R.mp4,986,0,0,0,0,0,0,0
Cap_Phase1_140_R.mp4,987,0,0,0,0,0,0,0
Cap_Phase1_140_R.mp4,988,0,0,0,0,0,0,0
Cap_Phase1_140_R.mp4,989,0,0,0,0,0,0,0
Cap_Phase1_140_R.mp4,990,0,0,0,0,0,0,0
Cap_Phase1_140_R.mp4,991,0,0,0,0,0,0,0
Cap_Phase1_140_R.mp4,992,0,0,0,0,0,0,0
Cap_Phase1_140_R.mp4,993,0,0,0,0,0,0,0
Cap_Phase1_140_R.mp4,994,0,0,0,0,0,0,0
Cap_Phase1_140_R.mp4,995,0,0,0,0,0,0,0
Cap_Phase1_140_R.mp4,996,0,0,0,0,0,0,0
Cap_Phase1_140_R.mp4,997,0,0,0,0,0,0,0
Cap_Phase1_140_R.mp4,998,0,0,0,0,0,0,0
Cap_Phase1_140_R.mp4,999,0,0,0,0,0,0,0
Cap_Phase1_140_R.mp4,1000,0,0,0,0,0,0,0
Cap_Phase1_140_R.mp4,1001,0,0,0,0,0,0,0
Cap_Phase1_140_R.mp4,1002,0,0,1,0,0,0,0
Cap_Phase1_140_R.mp4,1003,0,0,1,0,0,0,0
Cap_Phase1_140_R.mp4,1004,0,0,1,0,0,0,0
Cap_Phase1_140_R.mp4,1005,0,0,1,0,0,0,0
Cap_Phase1_140_R.mp4,1006,0,0,1,0,0,0,0
Cap_Phase1_140_R.mp4,1007,0,0,1,0,0,0,0
Cap_Phase1_140_R.mp4,1008,0,0,1,0,0,0,0
Cap_Phase1_140_R.mp4,1009,0,0,1,0,0,0,0
Cap_Phase1_140_R.mp4,1010,0,0,1,0,0,0,0
Cap_Phase1_140_R.mp4,1011,0,0,1,0,0,0,0
Cap_Phase1_140_R.mp4,1012,0,0,1,0,0,0,0
Cap_Phase1_140_R.mp4,1013,0,0,0,0,0,0,0
Cap_Phase1_140_R.mp4,1014,0,0,0,0,0,0,0
Cap_Phase1_140_R.mp4,1015,0,0,0,0,0,0,0
Cap_Phase1_140_R.mp4,1016,0,0,0,0,0,0,0
Cap_Phase1_140_R.mp4,1017,0,0,0,0,0,0,0
Cap_Phase1_140_R.mp4,1018,0,0,0,0,0,0,0
Cap_Phase1_140_R.mp4,1019,0,0,0,0,0,0,0
Cap_Phase1_140_R.mp4,1020,0,0,0,0,0,0,0
Cap_Phase1_140_R.mp4,1021,0,0,0,0,0,0,0
Cap_Phase1_140_R.mp4,1022,0,0,0,0,0,0,0
Cap_Phase1_140_R.mp4,1023,0,0,0,0,0,0,0
Cap_Phase1_140_R.mp4,1024,0,0,0,0,0,0,0
Cap_Phase1_140_R.mp4,1025,0,0,0,0,0,0,0
Cap_Phase1_140_R.mp4,1026,0,0,0,0,0,0,0
Cap_Phase1_140_R.mp4,1027,0,0,0,0,0,0,0
Cap_Phase1_140_R.mp4,1028,0,0,0,0,0,0,0
Cap_Phase1_140_R.mp4,1029,0,0,0,0,0,0,0
Cap_Phase1_140_R.mp4,1030,0,0,0,0,0,0,0
Cap_Phase1_140_R.mp4,1031,0,1,1,0,0,0,0
Cap_Phase1_140_R.mp4,1032,0,1,1,0,0,0,0
Cap_Phase1_140_R.mp4,1033,0,1,0,0,0,0,0
Cap_Phase1_140_R.mp4,1034,0,1,0,0,0,0,0
Cap_Phase1_140_R.mp4,1035,0,1,0,0,0,0,0
Cap_Phase1_140_R.mp4,1036,0,1,1,0,0,0,0
Cap_Phase1_140_R.mp4,1037,0,1,1,0,0,0,0
Cap_Phase1_140_R.mp4,1038,0,1,1,0,0,0,0
Cap_Phase1_140_R.mp4,1039,0,0,0,0,0,0,0
Cap_Phase1_140_R.mp4,1040,0,0,0,0,0,0,0
Cap_Phase1_140_R.mp4,1041,0,0,0,0,0,0,0
Cap_Phase1_140_R.mp4,1042,0,0,0,0,0,0,0
Cap_Phase1_140_R.mp4,1043,0,0,0,0,0,0,0
Cap_Phase1_140_R.mp4,1044,0,0,0,0,0,0,0
Cap_Phase1_140_R.mp4,1045,0,0,0,0,0,0,0
Cap_Phase1_140_R.mp4,1046,0,0,0,0,0,0,0
Cap_Phase1_140_R.mp4,1047,0,0,0,0,0,0,0
Cap_Phase1_140_R.mp4,1048,0,0,0,0,0,0,0
Cap_Phase1_140_R.mp4,1049,0,0,0,0,0,0,0
Cap_Phase1_140_R.mp4,1050,0,0,0,0,0,0,0
Cap_Phase1_140_R.mp4,1051,0,0,0,0,0,0,0
Cap_Phase1_140_R.mp4,1052,0,0,0,0,0,0,0
Cap_Phase1_140_R.mp4,1053,0,0,0,0,0,0,0
Cap_Phase1_140_R.mp4,1054,0,0,0,1,0,0,0
Cap_Phase1_140_R.mp4,1055,0,0,1,0,0,0,0
Cap_Phase1_140_R.mp4,1056,0,0,1,0,0,0,0
Cap_Phase1_140_R.mp4,1057,0,0,1,0,0,0,0
Cap_Phase1_140_R.mp4,1058,0,0,1,0,0,0,0
Cap_Phase1_140_R.mp4,1059,0,0,1,0,0,0,0
Cap_Phase1_140_R.mp4,1060,0,0,1,0,0,0,0
Cap_Phase1_140_R.mp4,1061,0,0,1,0,0,0,0
Cap_Phase1_140_R.mp4,1062,0,0,1,0,0,0,0
Cap_Phase1_140_R.mp4,1063,0,0,0,0,0,0,0
Cap_Phase1_140_R.mp4,1064,0,0,0,0,0,0,0
Cap_Phase1_140_R.mp4,1065,0,0,0,0,0,0,0
Cap_Phase1_140_R.mp4,1066,0,0,0,0,0,0,0
Cap_Phase1_140_R.mp4,1067,0,0,0,0,0,0,0
Cap_Phase1_140_R.mp4,1068,0,0,0,0,0,0,0
Cap_Phase1_140_R.mp4,1069,0,0,0,0,0,0,0
Cap_Phase1_140_R.mp4,1070,0,0,0,0,0,0,0
Cap_Phase1_140_R.mp4,1071,0,0,0,0,0,0,0
Cap_Phase1_140_R.mp4,1072,0,0,0,0,0,0,0
Cap_Phase1_140_R.mp4,1073,0,0,0,0,0,0,0
Cap_Phase1_140_R.mp4,1074,0,0,0,0,0,0,0
Cap_Phase1_140_R.mp4,1075,0,0,0,0,0,0,0
Cap_Phase1_140_R.mp4,1076,0,0,0,0,0,0,0
Cap_Phase1_140_R.mp4,1077,0,0,0,0,0,0,0
Cap_Phase1_140_R.mp4,1078,0,0,1,0,0,0,0
Cap_Phase1_140_R.mp4,1079,0,0,1,0,0,0,0
Cap_Phase1_140_R.mp4,1080,0,0,1,0,0,0,0
Cap_Phase1_140_R.mp4,1081,0,0,1,0,0,0,0
Cap_Phase1_140_R.mp4,1082,0,0,1,0,0,0,0
Cap_Phase1_140_R.mp4,1083,0,0,1,0,0,0,0
Cap_Phase1_140_R.mp4,1084,0,0,1,0,0,0,0
Cap_Phase1_140_R.mp4,1085,0,0,0,0,0,0,0
Cap_Phase1_140_R.mp4,1086,0,0,0,0,0,0,0
Cap_Phase1_140_R.mp4,1087,0,0,0,0,0,0,0
Cap_Phase1_140_R.mp4,1088,0,0,0,0,0,0,0
Cap_Phase1_140_R.mp4,1089,0,0,0,0,0,0,0
Cap_Phase1_140_R.mp4,1090,0,0,0,0,0,0,0
Cap_Phase1_140_R.mp4,1091,0,0,0,0,0,0,0
Cap_Phase1_140_R.mp4,1092,0,0,0,0,0,0,0
Cap_Phase1_140_R.mp4,1093,0,0,0,0,0,0,0
Cap_Phase1_140_R.mp4,1094,0,0,0,0,0,0,0
Cap_Phase1_140_R.mp4,1095,0,0,0,0,0,0,0
Cap_Phase1_140_R.mp4,1096,0,0,0,0,0,0,0
Cap_Phase1_140_R.mp4,1097,0,0,0,0,0,0,0
Cap_Phase1_140_R.mp4,1098,0,0,0,0,0,0,0
Cap_Phase1_140_R.mp4,1099,0,0,0,0,0,0,0
Cap_Phase1_140_R.mp4,1100,0,0,0,0,0,0,0
Cap_Phase1_140_R.mp4,1101,0,0,0,0,0,0,0
Cap_Phase1_140_R.mp4,1102,0,0,0,1,0,0,0
Cap_Phase1_140_R.mp4,1103,0,0,0,1,0,0,0
Cap_Phase1_140_R.mp4,1104,0,0,0,1,0,0,0
Cap_Phase1_140_R.mp4,1105,0,0,0,1,0,0,0
Cap_Phase1_140_R.mp4,1106,0,0,0,1,0,0,0
Cap_Phase1_140_R.mp4,1107,0,0,0,1,0,0,0
Cap_Phase1_140_R.mp4,1108,0,0,0,1,0,0,0
Cap_Phase1_140_R.mp4,1109,0,0,0,1,0,0,0
Cap_Phase1_140_R.mp4,1110,0,0,0,1,0,0,0
Cap_Phase1_140_R.mp4,1111,0,0,0,0,0,0,0
Cap_Phase1_140_R.mp4,1112,0,0,0,0,0,0,0
Cap_Phase1_140_R.mp4,1113,0,0,0,0,0,0,0
Cap_Phase1_140_R.mp4,1114,0,0,0,0,0,0,0
Cap_Phase1_140_R.mp4,1115,0,0,0,0,0,0,0
Cap_Phase1_140_R.mp4,1116,0,0,0,0,0,0,0
Cap_Phase1_140_R.mp4,1117,0,0,0,0,0,0,0
Cap_Phase1_140_R.mp4,1118,0,0,0,0,0,0,0
Cap_Phase1_140_R.mp4,1119,0,0,0,0,0,0,0
Cap_Phase1_140_R.mp4,1120,0,0,0,0,0,0,0
Cap_Phase1_140_R.mp4,1121,0,0,0,0,0,0,0
Cap_Phase1_140_R.mp4,1122,0,0,0,0,0,0,0
Cap_Phase1_140_R.mp4,1123,0,0,0,0,0,0,0
Cap_Phase1_140_R.mp4,1124,0,0,0,0,0,0,0
Cap_Phase1_140_R.mp4,1125,0,0,0,0,1,0,0
Cap_Phase1_140_R.mp4,1126,0,0,1,1,1,0,0
Cap_Phase1_140_R.mp4,1127,0,0,1,1,0,0,0
Cap_Phase1_140_R.mp4,1128,0,0,1,1,0,0,0
Cap_Phase1_140_R.mp4,1129,0,0,0,1,0,0,0
Cap_Phase1_140_R.mp4,1130,0,0,0,1,0,0,0
Cap_Phase1_140_R.mp4,1131,0,0,0,1,0,0,0
Cap_Phase1_140_R.mp4,1132,0,0,0,1,0,0,0
Cap_Phase1_140_R.mp4,1133,0,0,0,1,0,0,0
Cap_Phase1_140_R.mp4,1134,0,0,0,1,0,0,0
Cap_Phase1_140_R.mp4,1135,0,0,0,1,0,0,0
Cap_Phase1_140_R.mp4,1136,0,0,0,0,0,0,0
Cap_Phase1_140_R.mp4,1137,0,0,0,0,0,0,0
Cap_Phase1_140_R.mp4,1138,0,0,0,0,0,0,0
Cap_Phase1_140_R.mp4,1139,0,0,0,0,0,0,0
Cap_Phase1_140_R.mp4,1140,0,0,0,0,0,0,0
Cap_Phase1_140_R.mp4,1141,0,0,0,0,0,0,0
Cap_Phase1_140_R.mp4,1142,0,0,0,0,0,0,0
Cap_Phase1_140_R.mp4,1143,0,0,0,0,0,0,0
Cap_Phase1_140_R.mp4,1144,0,0,0,0,0,0,0
Cap_Phase1_140_R.mp4,1145,0,0,0,0,0,0,0
Cap_Phase1_140_R.mp4,1146,0,0,0,0,0,0,0
Cap_Phase1_140_R.mp4,1147,0,0,0,0,0,0,0
Cap_Phase1_140_R.mp4,1148,0,0,0,0,0,0,0
Cap_Phase1_140_R.mp4,1149,0,0,0,0,0,0,0
Cap_Phase1_140_R.mp4,1150,0,0,0,0,0,0,0
Cap_Phase1_140_R.mp4,1151,0,0,0,0,0,0,0
Cap_Phase1_140_R.mp4,1152,0,0,0,0,0,0,0
Cap_Phase1_140_R.mp4,1153,0,0,0,0,1,0,0
Cap_Phase1_140_R.mp4,1154,0,0,0,0,1,0,0
Cap_Phase1_140_R.mp4,1155,0,0,0,0,1,0,0
Cap_Phase1_140_R.mp4,1156,0,0,0,0,1,0,0
Cap_Phase1_140_R.mp4,1157,0,0,0,0,1,0,0
Cap_Phase1_140_R.mp4,1158,0,0,0,0,1,0,0
Cap_Phase1_140_R.mp4,1159,0,0,0,0,1,0,0
Cap_Phase1_140_R.mp4,1160,0,0,0,0,1,0,0
Cap_Phase1_140_R.mp4,1161,0,0,0,0,1,0,0
Cap_Phase1_140_R.mp4,1162,0,0,0,0,0,0,0
Cap_Phase1_140_R.mp4,1163,0,0,0,0,0,0,0
Cap_Phase1_140_R.mp4,1164,0,0,0,0,0,0,0
Cap_Phase1_140_R.mp4,1165,0,0,0,0,0,0,0
Cap_Phase1_140_R.mp4,1166,0,0,0,0,0,0,0
Cap_Phase1_140_R.mp4,1167,0,0,0,0,0,0,0
Cap_Phase1_140_R.mp4,1168,0,0,0,0,0,0,0
Cap_Phase1_140_R.mp4,1169,0,0,0,0,0,0,0
Cap_Phase1_140_R.mp4,1170,0,0,0,0,0,0,0
Cap_Phase1_140_R.mp4,1171,0,0,0,0,0,0,0
Cap_Phase1_140_R.mp4,1172,0,0,0,0,0,0,0
Cap_Phase1_140_R.mp4,1173,0,0,0,0,0,0,0
Cap_Phase1_140_R.mp4,1174,0,0,0,0,0,0,0
Cap_Phase1_140_R.mp4,1175,0,0,0,0,0,0,0
Cap_Phase1_140_R.mp4,1176,0,0,0,0,0,0,0
Cap_Phase1_140_R.mp4,1177,0,0,0,0,0,0,0
Cap_Phase1_140_R.mp4,1178,0,0,0,0,0,0,0
Cap_Phase1_140_R.mp4,1179,0,0,1,1,0,0,0
Cap_Phase1_140_R.mp4,1180,0,0,0,1,0,0,0
Cap_Phase1_140_R.mp4,1181,0,0,0,1,0,0,0
Cap_Phase1_140_R.mp4,1182,0,0,0,1,0,0,0
Cap_Phase1_140_R.mp4,1183,0,0,0,1,0,0,0
Cap_Phase1_140_R.mp4,1184,0,0,0,1,0,0,0
Cap_Phase1_140_R.mp4,1185,0,0,0,1,0,0,0
Cap_Phase1_140_R.mp4,1186,0,0,0,1,0,0,0
Cap_Phase1_140_R.mp4,1187,0,0,0,1,0,0,0
Cap_Phase1_140_R.mp4,1188,0,0,0,0,0,0,0
Cap_Phase1_140_R.mp4,1189,0,0,0,0,0,0,0
Cap_Phase1_140_R.mp4,1190,0,0,0,0,0,0,0
Cap_Phase1_140_R.mp4,1191,0,0,0,0,0,0,0
Cap_Phase1_140_R.mp4,1192,0,0,0,0,0,0,0
Cap_Phase1_140_R.mp4,1193,0,0,0,0,0,0,0
Cap_Phase1_140_R.mp4,1194,0,0,0,0,0,0,0
Cap_Phase1_140_R.mp4,1195,0,0,0,0,0,0,0
Cap_Phase1_140_R.mp4,1196,0,0,0,0,0,0,0
Cap_Phase1_140_R.mp4,1197,0,0,0,0,0,0,0
Cap_Phase1_140_R.mp4,1198,0,0,0,0,0,0,0
Cap_Phase1_140_R.mp4,1199,0,0,0,0,0,0,0
Cap_Phase1_140_R.mp4,1200,0,0,0,0,0,0,0
Cap_Phase1_140_R.mp4,1201,0,0,0,0,0,0,0
Cap_Phase1_140_R.mp4,1202,0,0,0,0,0,0,0
Cap_Phase1_140_R.mp4,1203,0,0,0,0,0,0,0
Cap_Phase1_140_R.mp4,1204,0,0,0,0,0,0,0
Cap_Phase1_140_R.mp4,1205,0,0,0,0,0,0,0
Cap_Phase1_140_R.mp4,1206,0,0,0,0,0,0,0
Cap_Phase1_140_R.mp4,1207,0,0,0,0,0,0,0
Cap_Phase1_140_R.mp4,1208,0,0,0,0,0,0,0
Cap_Phase1_140_R.mp4,1209,0,0,0,0,1,0,0
Cap_Phase1_140_R.mp4,1210,0,0,0,0,1,0,0
Cap_Phase1_140_R.mp4,1211,0,0,0,0,1,0,0
Cap_Phase1_140_R.mp4,1212,0,0,0,0,1,0,0
Cap_Phase1_140_R.mp4,1213,0,0,0,0,1,0,0
Cap_Phase1_140_R.mp4,1214,0,0,0,0,1,0,0
Cap_Phase1_140_R.mp4,1215,0,0,0,0,1,0,0
Cap_Phase1_140_R.mp4,1216,0,0,0,0,1,0,0
Cap_Phase1_140_R.mp4,1217,0,0,0,0,1,0,0
Cap_Phase1_140_R.mp4,1218,0,0,0,0,1,0,0
Cap_Phase1_140_R.mp4,1219,0,0,0,0,1,0,0
Cap_Phase1_140_R.mp4,1220,0,0,0,0,0,0,0
Cap_Phase1_140_R.mp4,1221,0,0,0,0,0,0,0
Cap_Phase1_140_R.mp4,1222,0,0,0,0,0,0,0
Cap_Phase1_140_R.mp4,1223,0,0,0,0,0,0,0
Cap_Phase1_140_R.mp4,1224,0,0,0,0,0,0,0
Cap_Phase1_140_R.mp4,1225,0,0,0,0,0,0,0
Cap_Phase1_140_R.mp4,1226,0,0,0,0,0,0,0
Cap_Phase1_140_R.mp4,1227,0,0,0,0,0,0,0
Cap_Phase1_140_R.mp4,1228,0,0,0,0,0,0,0
Cap_Phase1_140_R.mp4,1229,0,0,0,0,0,0,0
Cap_Phase1_140_R.mp4,1230,0,0,0,0,0,0,0
Cap_Phase1_140_R.mp4,1231,0,0,0,0,0,0,0
Cap_Phase1_140_R.mp4,1232,0,0,0,0,0,0,0
Cap_Phase1_140_R.mp4,1233,0,0,0,1,0,0,0
Cap_Phase1_140_R.mp4,1234,0,0,0,1,0,0,0
Cap_Phase1_140_R.mp4,1235,0,0,0,1,0,0,0
Cap_Phase1_140_R.mp4,1236,0,0,0,1,0,0,0
Cap_Phase1_140_R.mp4,1237,0,0,0,1,0,0,0
Cap_Phase1_140_R.mp4,1238,0,0,0,1,0,0,0
Cap_Phase1_140_R.mp4,1239,0,0,0,1,0,0,0
Cap_Phase1_140_R.mp4,1240,0,0,0,1,0,0,0
Cap_Phase1_140_R.mp4,1241,0,0,0,1,0,0,0
Cap_Phase1_140_R.mp4,1242,0,0,0,1,0,0,0
Cap_Phase1_140_R.mp4,1243,0,0,0,1,0,0,0
Cap_Phase1_140_R.mp4,1244,0,0,0,1,0,0,0
Cap_Phase1_140_R.mp4,1245,0,0,0,0,0,0,0
Cap_Phase1_140_R.mp4,1246,0,0,0,0,0,0,0
Cap_Phase1_140_R.mp4,1247,0,0,0,0,0,0,0
Cap_Phase1_140_R.mp4,1248,0,0,0,0,0,0,0
Cap_Phase1_140_R.mp4,1249,0,0,0,0,0,0,0
Cap_Phase1_140_R.mp4,1250,0,0,0,0,0,0,0
Cap_Phase1_140_R.mp4,1251,0,0,0,0,0,0,0
Cap_Phase1_140_R.mp4,1252,0,0,0,0,0,0,0
Cap_Phase1_140_R.mp4,1253,0,0,0,0,0,0,0
Cap_Phase1_140_R.mp4,1254,0,0,0,0,0,0,0
Cap_Phase1_140_R.mp4,1255,0,0,0,0,0,0,0
Cap_Phase1_140_R.mp4,1256,0,0,0,0,0,0,0
Cap_Phase1_140_R.mp4,1257,0,0,0,0,0,0,0
Cap_Phase1_140_R.mp4,1258,0,0,0,0,0,0,0
Cap_Phase1_140_R.mp4,1259,0,0,0,0,0,0,0
Cap_Phase1_140_R.mp4,1260,0,0,0,0,0,0,0
Cap_Phase1_140_R.mp4,1261,0,0,0,0,0,0,0
Cap_Phase1_140_R.mp4,1262,0,0,0,0,0,0,0
Cap_Phase1_140_R.mp4,1263,0,0,0,0,0,0,0
Cap_Phase1_140_R.mp4,1264,0,0,0,0,0,0,0
Cap_Phase1_140_R.mp4,1265,0,0,0,0,0,0,0
Cap_Phase1_140_R.mp4,1266,0,0,0,0,0,0,0
Cap_Phase1_140_R.mp4,1267,0,0,0,0,0,0,0
Cap_Phase1_140_R.mp4,1268,0,0,0,0,0,0,0
Cap_Phase1_140_R.mp4,1269,0,0,0,0,0,0,0
Cap_Phase1_140_R.mp4,1270,0,0,0,0,0,0,0
Cap_Phase1_140_R.mp4,1271,0,0,0,0,0,0,0
Cap_Phase1_140_R.mp4,1272,0,0,0,0,0,0,0
Cap_Phase1_140_R.mp4,1273,0,0,0,0,0,0,0
Cap_Phase1_140_R.mp4,1274,0,0,0,0,0,0,0
Cap_Phase1_140_R.mp4,1275,0,0,0,0,0,0,0
Cap_Phase1_140_R.mp4,1276,0,0,0,0,0,0,0
Cap_Phase1_140_R.mp4,1277,0,0,0,0,0,0,0
Cap_Phase1_140_R.mp4,1278,0,0,0,0,0,0,0
Cap_Phase1_140_R.mp4,1279,0,0,0,0,0,0,0
Cap_Phase1_140_R.mp4,1280,0,0,0,0,0,0,0
Cap_Phase1_140_R.mp4,1281,0,0,0,0,0,0,0
Cap_Phase1_140_R.mp4,1282,0,0,0,0,0,0,0
Cap_Phase1_140_R.mp4,1283,0,0,0,0,0,0,0
Cap_Phase1_140_R.mp4,1284,0,0,0,0,0,0,0
Cap_Phase1_140_R.mp4,1285,0,0,0,0,0,0,0
Cap_Phase1_140_R.mp4,1286,0,0,0,0,0,0,0
Cap_Phase1_140_R.mp4,1287,0,0,0,0,0,0,0
Cap_Phase1_140_R.mp4,1288,0,0,0,0,0,0,0
Cap_Phase1_140_R.mp4,1289,0,0,0,0,0,0,0
Cap_Phase1_140_R.mp4,1290,0,0,0,0,0,0,0
Cap_Phase1_140_R.mp4,1291,0,0,0,0,0,0,0
Cap_Phase1_140_R.mp4,1292,0,0,0,0,0,0,0
Cap_Phase1_140_R.mp4,1293,0,0,0,0,0,0,0
Cap_Phase1_140_R.mp4,1294,0,0,0,0,0,0,0
Cap_Phase1_140_R.mp4,1295,0,0,0,0,0,0,0
Cap_Phase1_140_R.mp4,1296,0,0,0,0,0,0,0
Cap_Phase1_140_R.mp4,1297,0,0,0,0,0,0,0
Cap_Phase1_140_R.mp4,1298,0,0,0,0,0,0,0
Cap_Phase1_140_R.mp4,1299,0,0,0,0,0,0,0
Cap_Phase1_140_R.mp4,1300,0,0,0,0,0,0,0
Cap_Phase1_140_R.mp4,1301,0,0,0,0,0,0,0
Cap_Phase1_140_R.mp4,1302,0,0,0,0,0,0,0
Cap_Phase1_140_R.mp4,1303,0,0,0,0,0,0,0
Cap_Phase1_140_R.mp4,1304,0,0,0,0,0,0,0
Cap_Phase1_140_R.mp4,1305,0,0,0,0,0,0,0
Cap_Phase1_140_R.mp4,1306,0,0,0,0,0,0,0
Cap_Phase1_140_R.mp4,1307,0,0,0,0,0,0,0
Cap_Phase1_140_R.mp4,1308,0,0,0,0,0,0,0
Cap_Phase1_140_R.mp4,1309,0,0,0,0,0,0,0
Cap_Phase1_140_R.mp4,1310,0,0,0,0,0,0,0
Cap_Phase1_140_R.mp4,1311,0,0,0,0,0,0,0
Cap_Phase1_140_R.mp4,1312,0,0,0,0,0,0,0
Cap_Phase1_140_R.mp4,1313,0,0,0,0,0,0,0
Cap_Phase1_140_R.mp4,1314,0,0,0,0,0,0,0
Cap_Phase1_140_R.mp4,1315,0,0,0,0,0,0,0
Cap_Phase1_140_R.mp4,1316,0,0,0,0,0,0,0
Cap_Phase1_140_R.mp4,1317,0,0,0,0,0,0,0
Cap_Phase1_140_R.mp4,1318,0,0,0,0,0,0,0
Cap_Phase1_140_R.mp4,1319,0,0,0,0,0,0,0
Cap_Phase1_140_R.mp4,1320,0,0,0,0,0,0,0
Cap_Phase1_140_R.mp4,1321,0,0,0,0,0,0,0
Cap_Phase1_140_R.mp4,1322,0,0,0,0,0,0,0
Cap_Phase1_140_R.mp4,1323,0,0,0,0,0,0,0
Cap_Phase1_140_R.mp4,1324,0,0,0,0,0,0,0
Cap_Phase1_140_R.mp4,1325,0,0,0,0,0,0,0
Cap_Phase1_140_R.mp4,1326,0,0,0,0,0,0,0
Cap_Phase1_140_R.mp4,1327,0,0,0,0,0,0,0
Cap_Phase1_140_R.mp4,1328,0,0,0,0,0,0,0
Cap_Phase1_140_R.mp4,1329,0,0,0,0,0,0,0
Cap_Phase1_140_R.mp4,1330,0,0,0,0,0,0,0
Cap_Phase1_140_R.mp4,1331,0,0,0,0,0,0,0
Cap_Phase1_140_R.mp4,1332,0,0,0,0,0,0,0
Cap_Phase1_140_R.mp4,1333,0,0,0,0,0,0,0
Cap_Phase1_140_R.mp4,1334,0,0,0,0,0,0,0
Cap_Phase1_140_R.mp4,1335,0,0,0,0,0,0,0
Cap_Phase1_140_R.mp4,1336,0,0,0,0,0,0,0
Cap_Phase1_140_R.mp4,1337,0,0,0,0,0,0,0
Cap_Phase1_140_R.mp4,1338,0,0,0,0,0,0,0
Cap_Phase1_140_R.mp4,1339,0,0,0,0,0,0,0
Cap_Phase1_140_R.mp4,1340,0,0,0,0,0,0,0
Cap_Phase1_140_R.mp4,1341,0,0,0,0,0,0,0
Cap_Phase1_140_R.mp4,1342,0,0,0,0,0,0,0
Cap_Phase1_140_R.mp4,1343,0,0,0,0,0,0,0
Cap_Phase1_140_R.mp4,1344,0,0,0,0,0,0,0
Cap_Phase1_140_R.mp4,1345,0,0,0,0,0,0,0
Cap_Phase1_140_R.mp4,1346,0,0,0,0,0,0,0
Cap_Phase1_140_R.mp4,1347,0,0,0,0,0,0,0
Cap_Phase1_140_R.mp4,1348,0,0,0,0,0,0,0
Cap_Phase1_140_R.mp4,1349,0,0,0,0,0,0,0
Cap_Phase1_140_R.mp4,1350,0,0,0,0,0,0,0
Cap_Phase1_140_R.mp4,1351,0,0,0,0,0,0,0
Cap_Phase1_140_R.mp4,1352,0,0,0,0,0,0,0
Cap_Phase1_140_R.mp4,1353,0,0,0,0,0,0,0
Cap_Phase1_140_R.mp4,1354,0,0,0,0,0,0,0
Cap_Phase1_140_R.mp4,1355,0,0,0,0,0,0,0
Cap_Phase1_140_R.mp4,1356,0,0,0,0,0,0,0
Cap_Phase1_140_R.mp4,1357,0,0,0,0,0,0,0
Cap_Phase1_140_R.mp4,1358,0,0,0,0,0,0,0
Cap_Phase1_140_R.mp4,1359,0,0,0,0,0,0,0
Cap_Phase1_140_R.mp4,1360,0,0,0,0,0,0,0
Cap_Phase1_140_R.mp4,1361,0,0,0,0,0,0,0
Cap_Phase1_140_R.mp4,1362,0,0,0,0,0,0,0
Cap_Phase1_140_R.mp4,1363,0,0,0,0,0,0,0
Cap_Phase1_140_R.mp4,1364,0,0,0,0,0,0,0
Cap_Phase1_140_R.mp4,1365,0,0,0,0,0,0,0
Cap_Phase1_140_R.mp4,1366,0,0,0,0,0,0,0
Cap_Phase1_140_R.mp4,1367,0,0,0,0,0,0,0
Cap_Phase1_140_R.mp4,1368,0,0,0,0,0,0,0
Cap_Phase1_140_R.mp4,1369,0,0,0,0,0,0,0
Cap_Phase1_140_R.mp4,1370,0,0,0,0,0,0,0
Cap_Phase1_140_R.mp4,1371,0,0,0,0,0,0,0
Cap_Phase1_140_R.mp4,1372,0,0,0,0,0,0,0
Cap_Phase1_140_R.mp4,1373,0,0,0,0,0,0,0
Cap_Phase1_140_R.mp4,1374,0,0,0,0,0,0,0
Cap_Phase1_140_R.mp4,1375,0,0,0,0,0,0,0
Cap_Phase1_140_R.mp4,1376,0,0,0,0,0,0,0
Cap_Phase1_140_R.mp4,1377,0,0,0,0,0,0,0
Cap_Phase1_140_R.mp4,1378,0,0,0,0,0,0,0
Cap_Phase1_140_R.mp4,1379,0,0,0,0,0,0,0
Cap_Phase1_140_R.mp4,1380,0,0,0,0,0,0,0
Cap_Phase1_140_R.mp4,1381,0,0,0,0,0,0,0
Cap_Phase1_140_R.mp4,1382,0,0,0,0,0,0,0
Cap_Phase1_140_R.mp4,1383,0,0,0,0,0,0,0
Cap_Phase1_140_R.mp4,1384,0,0,0,0,0,0,0
Cap_Phase1_140_R.mp4,1385,0,0,0,0,0,0,0
Cap_Phase1_140_R.mp4,1386,0,0,0,0,0,0,0
Cap_Phase1_140_R.mp4,1387,0,0,0,0,0,0,0
Cap_Phase1_140_R.mp4,1388,0,0,0,0,0,0,0
Cap_Phase1_140_R.mp4,1389,0,0,0,0,0,0,0
Cap_Phase1_140_R.mp4,1390,0,0,0,0,0,0,0
Cap_Phase1_140_R.mp4,1391,0,0,0,0,0,0,0
Cap_Phase1_140_R.mp4,1392,0,0,0,0,0,0,0
Cap_Phase1_140_R.mp4,1393,0,0,0,0,0,0,0
Cap_Phase1_140_R.mp4,1394,0,0,0,0,0,0,0
Cap_Phase1_140_R.mp4,1395,0,0,0,0,0,0,0
Cap_Phase1_140_R.mp4,1396,0,0,0,0,0,0,0
Cap_Phase1_140_R.mp4,1397,0,0,0,0,0,0,0
Cap_Phase1_140_R.mp4,1398,0,0,0,0,0,0,0
Cap_Phase1_140_R.mp4,1399,0,0,0,0,0,0,0
Cap_Phase1_140_R.mp4,1400,0,0,0,0,0,0,0
Cap_Phase1_140_R.mp4,1401,0,0,0,0,0,0,0
Cap_Phase1_140_R.mp4,1402,0,0,0,0,0,0,0
Cap_Phase1_140_R.mp4,1403,0,0,0,0,0,0,0
Cap_Phase1_140_R.mp4,1404,0,0,0,0,0,0,0
Cap_Phase1_140_R.mp4,1405,0,0,0,0,0,0,0
Cap_Phase1_140_R.mp4,1406,0,0,0,0,0,0,0
Cap_Phase1_140_R.mp4,1407,0,0,0,0,0,0,0
Cap_Phase1_140_R.mp4,1408,0,0,0,0,0,0,0
Cap_Phase1_140_R.mp4,1409,0,0,0,0,0,0,0
Cap_Phase1_140_R.mp4,1410,0,0,0,0,0,0,0
Cap_Phase1_140_R.mp4,1411,0,0,0,0,0,0,0
Cap_Phase1_140_R.mp4,1412,0,0,0,0,0,0,0
Cap_Phase1_140_R.mp4,1413,0,0,0,0,0,0,0
Cap_Phase1_140_R.mp4,1414,0,0,0,0,0,0,0
Cap_Phase1_140_R.mp4,1415,0,0,0,0,0,0,0
Cap_Phase1_140_R.mp4,1416,0,0,0,0,0,0,0
Cap_Phase1_140_R.mp4,1417,0,0,0,0,0,0,0
Cap_Phase1_140_R.mp4,1418,0,0,0,0,0,0,0
Cap_Phase1_140_R.mp4,1419,0,0,0,0,0,0,0
Cap_Phase1_140_R.mp4,1420,0,0,0,0,0,0,0
Cap_Phase1_140_R.mp4,1421,0,0,0,0,0,0,0
Cap_Phase1_140_R.mp4,1422,0,0,0,0,0,0,0
Cap_Phase1_140_R.mp4,1423,0,0,0,0,0,0,0
Cap_Phase1_140_R.mp4,1424,0,0,0,0,0,0,0
Cap_Phase1_140_R.mp4,1425,0,0,0,0,0,0,0
Cap_Phase1_140_R.mp4,1426,0,0,0,0,0,0,0
Cap_Phase1_140_R.mp4,1427,0,0,0,0,0,0,0
Cap_Phase1_140_R.mp4,1428,0,0,0,0,0,0,0
Cap_Phase1_140_R.mp4,1429,0,0,0,0,0,0,0
Cap_Phase1_140_R.mp4,1430,0,0,0,0,0,0,0
Cap_Phase1_140_R.mp4,1431,0,0,0,0,0,0,0
Cap_Phase1_140_R.mp4,1432,0,0,0,0,0,0,0
Cap_Phase1_140_R.mp4,1433,0,0,0,0,0,0,0
Cap_Phase1_140_R.mp4,1434,0,0,0,0,0,0,0
Cap_Phase1_140_R.mp4,1435,0,0,0,0,0,0,0
Cap_Phase1_140_R.mp4,1436,0,0,0,0,0,0,0
Cap_Phase1_140_R.mp4,1437,0,0,0,0,0,0,0
Cap_Phase1_140_R.mp4,1438,0,0,0,0,0,0,0
Cap_Phase1_140_R.mp4,1439,0,0,0,0,0,0,0
Cap_Phase1_140_R.mp4,1440,0,0,0,0,0,0,0
Cap_Phase1_140_R.mp4,1441,0,0,0,0,0,0,0
Cap_Phase1_140_R.mp4,1442,0,0,0,0,0,0,0
Cap_Phase1_140_R.mp4,1443,0,0,0,0,0,0,0
Cap_Phase1_140_R.mp4,1444,0,0,0,0,0,0,0
Cap_Phase1_140_R.mp4,1445,0,0,0,0,0,0,0
Cap_Phase1_140_R.mp4,1446,0,0,0,0,0,0,0
Cap_Phase1_140_R.mp4,1447,0,0,0,0,0,0,0
Cap_Phase1_140_R.mp4,1448,0,0,0,0,0,0,0
Cap_Phase1_140_R.mp4,1449,0,0,0,0,0,0,0
Cap_Phase1_140_R.mp4,1450,0,0,0,0,0,0,0
Cap_Phase1_140_R.mp4,1451,0,0,0,0,0,0,0
Cap_Phase1_140_R.mp4,1452,0,0,0,0,0,0,0
Cap_Phase1_140_R.mp4,1453,0,0,0,0,0,0,0
Cap_Phase1_140_R.mp4,1454,0,0,0,0,0,0,0
Cap_Phase1_140_R.mp4,1455,0,0,0,0,0,0,0
Cap_Phase1_140_R.mp4,1456,0,0,0,0,0,0,0
Cap_Phase1_140_R.mp4,1457,0,0,0,0,0,0,0
Cap_Phase1_140_R.mp4,1458,0,0,0,0,0,0,0
Cap_Phase1_140_R.mp4,1459,0,0,0,0,0,0,0
Cap_Phase1_140_R.mp4,1460,0,0,0,0,0,0,0
Cap_Phase1_140_R.mp4,1461,0,0,0,0,0,0,0
Cap_Phase1_140_R.mp4,1462,0,0,0,0,0,0,0
Cap_Phase1_140_R.mp4,1463,0,0,0,0,0,0,0
Cap_Phase1_140_R.mp4,1464,0,0,0,0,0,0,0
Cap_Phase1_140_R.mp4,1465,0,0,0,0,0,0,0
Cap_Phase1_140_R.mp4,1466,0,0,0,0,0,0,0
Cap_Phase1_140_R.mp4,1467,0,0,0,0,0,0,0
Cap_Phase1_140_R.mp4,1468,0,0,0,0,0,0,0
Cap_Phase1_140_R.mp4,1469,0,0,0,0,0,0,0
Cap_Phase1_140_R.mp4,1470,0,0,0,0,0,0,0
Cap_Phase1_140_R.mp4,1471,0,0,0,0,0,0,0
Cap_Phase1_140_R.mp4,1472,0,0,0,0,0,0,0
Cap_Phase1_140_R.mp4,1473,0,0,0,0,0,0,0
Cap_Phase1_140_R.mp4,1474,0,0,0,0,0,0,0
Cap_Phase1_140_R.mp4,1475,0,0,0,0,0,0,0
Cap_Phase1_140_R.mp4,1476,0,0,0,0,0,0,0
Cap_Phase1_140_R.mp4,1477,0,0,0,0,0,0,0
Cap_Phase1_140_R.mp4,1478,0,0,0,0,0,0,0
Cap_Phase1_140_R.mp4,1479,0,0,0,0,0,0,0
Cap_Phase1_140_R.mp4,1480,0,0,0,0,0,0,0
Cap_Phase1_140_R.mp4,1481,0,0,0,0,0,0,0
Cap_Phase1_140_R.mp4,1482,0,0,0,0,0,0,0
Cap_Phase1_140_R.mp4,1483,0,0,0,0,0,0,0
Cap_Phase1_140_R.mp4,1484,0,0,0,0,0,0,0
Cap_Phase1_140_R.mp4,1485,0,0,0,0,0,0,0
Cap_Phase1_140_R.mp4,1486,0,0,0,0,0,0,0
Cap_Phase1_140_R.mp4,1487,0,0,0,0,0,0,0
Cap_Phase1_140_R.mp4,1488,0,0,0,0,0,0,0
Cap_Phase1_140_R.mp4,1489,0,0,0,0,0,0,0
Cap_Phase1_140_R.mp4,1490,0,0,0,0,0,0,0
Cap_Phase1_140_R.mp4,1491,0,0,0,0,0,0,0
Cap_Phase1_140_R.mp4,1492,0,0,0,0,0,0,0
Cap_Phase1_140_R.mp4,1493,0,0,0,0,0,0,0
Cap_Phase1_140_R.mp4,1494,0,0,0,0,0,0,0
Cap_Phase1_140_R.mp4,1495,0,0,0,0,0,0,0
Cap_Phase1_140_R.mp4,1496,0,0,0,0,0,0,0
Cap_Phase1_140_R.mp4,1497,0,0,0,0,0,0,0
Cap_Phase1_140_R.mp4,1498,0,0,0,0,0,0,0
Cap_Phase1_140_R.mp4,1499,0,0,0,0,0,0,0
Cap_Phase1_140_R.mp4,1500,0,0,0,0,0,0,0
Cap_Phase1_140_R.mp4,1501,0,0,0,0,0,0,0
Cap_Phase1_140_R.mp4,1502,0,0,0,0,0,0,0
Cap_Phase1_140_R.mp4,1503,0,0,0,0,0,0,0
Cap_Phase1_140_R.mp4,1504,0,0,0,0,0,0,0
Cap_Phase1_140_R.mp4,1505,0,0,0,0,0,0,0
Cap_Phase1_140_R.mp4,1506,0,0,0,0,0,0,0
Cap_Phase1_140_R.mp4,1507,0,0,0,0,0,0,0
Cap_Phase1_140_R.mp4,1508,0,0,0,0,0,0,0
Cap_Phase1_140_R.mp4,1509,0,0,0,0,0,0,0
Cap_Phase1_140_R.mp4,1510,0,0,0,0,0,0,0
Cap_Phase1_140_R.mp4,1511,0,0,0,0,0,0,0
Cap_Phase1_140_R.mp4,1512,0,0,0,0,0,0,0
Cap_Phase1_140_R.mp4,1513,0,0,0,0,0,0,0
Cap_Phase1_140_R.mp4,1514,0,0,0,0,0,0,0
Cap_Phase1_140_R.mp4,1515,0,0,0,0,0,0,0
Cap_Phase1_140_R.mp4,1516,0,0,0,0,0,0,0
Cap_Phase1_140_R.mp4,1517,0,0,0,0,0,0,0
Cap_Phase1_140_R.mp4,1518,0,0,0,0,0,0,0
Cap_Phase1_140_R.mp4,1519,0,0,0,0,0,0,0
Cap_Phase1_140_R.mp4,1520,0,0,0,0,0,0,0
Cap_Phase1_140_R.mp4,1521,0,0,0,0,0,0,0
Cap_Phase1_140_R.mp4,1522,0,0,0,0,0,0,0
Cap_Phase1_140_R.mp4,1523,0,0,0,0,0,0,0
Cap_Phase1_140_R.mp4,1524,0,0,0,0,0,0,0
Cap_Phase1_140_R.mp4,1525,0,0,0,0,0,0,0
Cap_Phase1_140_R.mp4,1526,0,0,0,0,0,0,0
Cap_Phase1_140_R.mp4,1527,0,0,0,0,0,0,0
Cap_Phase1_140_R.mp4,1528,0,0,0,0,0,0,0
Cap_Phase1_140_R.mp4,1529,0,0,0,0,0,0,0
Cap_Phase1_140_R.mp4,1530,0,0,0,0,0,0,0
Cap_Phase1_140_R.mp4,1531,0,0,0,0,0,0,0
Cap_Phase1_140_R.mp4,1532,0,0,0,0,0,0,0
Cap_Phase1_140_R.mp4,1533,0,0,0,0,0,0,0
Cap_Phase1_140_R.mp4,1534,0,0,0,0,0,0,0
Cap_Phase1_140_R.mp4,1535,0,0,0,0,0,0,0
Cap_Phase1_140_R.mp4,1536,0,0,0,0,0,0,0
Cap_Phase1_140_R.mp4,1537,0,0,0,0,0,0,0
Cap_Phase1_140_R.mp4,1538,0,0,0,0,0,0,0
Cap_Phase1_140_R.mp4,1539,0,0,0,0,0,0,0
Cap_Phase1_140_R.mp4,1540,0,0,0,0,0,0,0
Cap_Phase1_140_R.mp4,1541,0,0,0,0,0,0,0
Cap_Phase1_140_R.mp4,1542,0,0,0,0,0,0,0
Cap_Phase1_140_R.mp4,1543,0,0,0,0,0,0,0
Cap_Phase1_140_R.mp4,1544,0,0,0,0,0,0,0
Cap_Phase1_140_R.mp4,1545,0,0,0,0,0,0,0
Cap_Phase1_140_R.mp4,1546,0,0,0,0,0,0,0
Cap_Phase1_140_R.mp4,1547,0,0,0,0,0,0,0
Cap_Phase1_140_R.mp4,1548,0,0,0,0,0,0,0
Cap_Phase1_140_R.mp4,1549,0,0,0,0,0,0,0
Cap_Phase1_140_R.mp4,1550,0,0,0,0,0,0,0
Cap_Phase1_140_R.mp4,1551,0,0,0,0,0,0,0
Cap_Phase1_140_R.mp4,1552,0,0,0,0,0,0,0
Cap_Phase1_140_R.mp4,1553,0,0,0,0,0,0,0
Cap_Phase1_140_R.mp4,1554,0,0,0,0,0,0,0
Cap_Phase1_140_R.mp4,1555,0,0,0,0,0,0,0
Cap_Phase1_140_R.mp4,1556,0,0,0,0,0,0,0
Cap_Phase1_140_R.mp4,1557,0,0,0,0,0,0,0
Cap_Phase1_140_R.mp4,1558,0,0,0,0,0,0,0
Cap_Phase1_140_R.mp4,1559,0,0,0,0,0,0,0
Cap_Phase1_140_R.mp4,1560,0,0,0,0,0,0,0
Cap_Phase1_140_R.mp4,1561,0,0,0,0,0,0,0
Cap_Phase1_140_R.mp4,1562,0,0,0,0,0,0,0
Cap_Phase1_140_R.mp4,1563,0,0,0,0,0,0,0
Cap_Phase1_140_R.mp4,1564,0,0,0,0,0,0,0
Cap_Phase1_140_R.mp4,1565,0,0,0,0,0,0,0
Cap_Phase1_140_R.mp4,1566,0,0,0,0,0,0,0
Cap_Phase1_140_R.mp4,1567,0,0,0,0,0,0,0
Cap_Phase1_140_R.mp4,1568,0,0,0,0,0,0,0
Cap_Phase1_140_R.mp4,1569,0,0,0,0,0,0,0
Cap_Phase1_140_R.mp4,1570,0,0,0,0,0,0,0
Cap_Phase1_140_R.mp4,1571,0,0,0,0,0,0,0
Cap_Phase1_140_R.mp4,1572,0,0,0,0,0,0,0
Cap_Phase1_140_R.mp4,1573,0,0,0,0,0,0,0
Cap_Phase1_140_R.mp4,1574,0,0,0,0,0,0,0
Cap_Phase1_140_R.mp4,1575,0,0,0,0,0,0,0
Cap_Phase1_140_R.mp4,1576,0,0,0,0,0,0,0
Cap_Phase1_140_R.mp4,1577,0,0,0,0,0,0,0
Cap_Phase1_140_R.mp4,1578,0,0,0,0,0,0,0
Cap_Phase1_140_R.mp4,1579,0,0,0,0,0,0,0
Cap_Phase1_140_R.mp4,1580,0,0,0,0,0,0,0
Cap_Phase1_140_R.mp4,1581,0,0,0,0,0,0,0
Cap_Phase1_140_R.mp4,1582,0,0,0,0,0,0,0
Cap_Phase1_140_R.mp4,1583,0,0,0,0,0,0,0
Cap_Phase1_140_R.mp4,1584,0,0,0,0,0,0,0
Cap_Phase1_140_R.mp4,1585,0,0,0,0,0,0,0
Cap_Phase1_140_R.mp4,1586,0,0,0,0,0,0,0
Cap_Phase1_140_R.mp4,1587,0,0,0,0,0,0,0
Cap_Phase1_140_R.mp4,1588,0,0,0,0,0,0,0
Cap_Phase1_140_R.mp4,1589,0,0,0,0,0,0,0
Cap_Phase1_140_R.mp4,1590,0,0,0,0,0,0,0
Cap_Phase1_140_R.mp4,1591,0,0,0,0,0,0,0
Cap_Phase1_140_R.mp4,1592,0,0,0,0,0,0,0
Cap_Phase1_140_R.mp4,1593,0,0,0,0,0,0,0
Cap_Phase1_140_R.mp4,1594,0,0,0,0,0,0,0
Cap_Phase1_140_R.mp4,1595,0,0,0,0,0,0,0
Cap_Phase1_140_R.mp4,1596,0,0,0,0,0,0,0
Cap_Phase1_140_R.mp4,1597,0,0,0,0,0,0,0
Cap_Phase1_140_R.mp4,1598,0,0,0,0,0,0,0
Cap_Phase1_140_R.mp4,1599,0,0,0,0,0,0,0
Cap_Phase1_140_R.mp4,1600,0,0,0,0,0,0,0
Cap_Phase1_140_R.mp4,1601,0,0,0,0,0,0,0
Cap_Phase1_140_R.mp4,1602,0,0,0,0,0,0,0
Cap_Phase1_140_R.mp4,1603,0,0,0,0,0,0,0
Cap_Phase1_140_R.mp4,1604,0,0,0,0,0,0,0
Cap_Phase1_140_R.mp4,1605,0,0,0,0,0,0,0
Cap_Phase1_140_R.mp4,1606,0,0,0,0,0,0,0
Cap_Phase1_140_R.mp4,1607,0,0,0,0,0,0,0
Cap_Phase1_140_R.mp4,1608,0,0,0,0,0,0,0
Cap_Phase1_140_R.mp4,1609,0,0,0,0,0,0,0
Cap_Phase1_140_R.mp4,1610,0,0,0,0,0,0,0
Cap_Phase1_140_R.mp4,1611,0,0,0,0,0,0,0
Cap_Phase1_140_R.mp4,1612,0,0,0,0,0,0,0
Cap_Phase1_140_R.mp4,1613,0,0,0,0,0,0,0
Cap_Phase1_140_R.mp4,1614,0,0,0,0,0,0,0
Cap_Phase1_140_R.mp4,1615,0,0,0,0,0,0,0
Cap_Phase1_140_R.mp4,1616,0,0,0,0,0,0,0
Cap_Phase1_140_R.mp4,1617,0,0,0,0,0,0,0
Cap_Phase1_140_R.mp4,1618,0,0,0,0,0,0,0
Cap_Phase1_140_R.mp4,1619,0,0,0,0,0,0,0
Cap_Phase1_140_R.mp4,1620,0,0,0,0,0,0,0
Cap_Phase1_140_R.mp4,1621,0,0,0,0,0,0,0
Cap_Phase1_140_R.mp4,1622,0,0,0,0,0,0,0
Cap_Phase1_140_R.mp4,1623,0,0,0,0,0,0,0
Cap_Phase1_140_R.mp4,1624,0,0,0,0,0,0,0
Cap_Phase1_140_R.mp4,1625,0,0,0,0,0,0,0
Cap_Phase1_140_R.mp4,1626,0,0,0,0,0,0,0
Cap_Phase1_140_R.mp4,1627,0,0,0,0,0,0,0
Cap_Phase1_140_R.mp4,1628,0,0,0,0,0,0,0
Cap_Phase1_140_R.mp4,1629,0,0,0,0,0,0,0
Cap_Phase1_140_R.mp4,1630,0,0,0,0,0,0,0
Cap_Phase1_140_R.mp4,1631,0,0,0,0,0,0,0
Cap_Phase1_140_R.mp4,1632,0,0,0,0,0,0,0
Cap_Phase1_140_R.mp4,1633,0,0,0,0,0,0,0
Cap_Phase1_140_R.mp4,1634,0,0,0,0,0,0,0
Cap_Phase1_140_R.mp4,1635,0,0,0,0,0,0,0
Cap_Phase1_140_R.mp4,1636,0,0,0,0,0,0,0
Cap_Phase1_140_R.mp4,1637,0,0,0,0,0,0,0
Cap_Phase1_140_R.mp4,1638,0,0,0,0,0,0,0
Cap_Phase1_140_R.mp4,1639,0,0,0,0,0,0,0
Cap_Phase1_140_R.mp4,1640,0,0,0,0,0,0,0
Cap_Phase1_140_R.mp4,1641,0,0,0,0,0,0,0
Cap_Phase1_140_R.mp4,1642,0,0,0,0,0,0,0
Cap_Phase1_140_R.mp4,1643,0,0,0,0,0,0,0
Cap_Phase1_140_R.mp4,1644,0,0,0,0,0,0,0
Cap_Phase1_140_R.mp4,1645,0,0,0,0,0,0,0
Cap_Phase1_140_R.mp4,1646,0,0,0,0,0,0,0
Cap_Phase1_140_R.mp4,1647,0,0,0,0,0,0,0
Cap_Phase1_140_R.mp4,1648,0,0,0,0,0,0,0
Cap_Phase1_140_R.mp4,1649,0,0,0,0,0,0,0
Cap_Phase1_140_R.mp4,1650,0,0,0,0,0,0,0
Cap_Phase1_140_R.mp4,1651,0,0,0,0,0,0,0
Cap_Phase1_140_R.mp4,1652,0,0,0,0,0,0,0
Cap_Phase1_140_R.mp4,1653,0,0,0,0,0,0,0
Cap_Phase1_140_R.mp4,1654,0,0,0,0,0,0,0
Cap_Phase1_140_R.mp4,1655,0,0,0,0,0,0,0
Cap_Phase1_140_R.mp4,1656,0,0,0,0,0,0,0
Cap_Phase1_140_R.mp4,1657,0,0,0,0,0,0,0
Cap_Phase1_140_R.mp4,1658,0,0,0,0,0,0,0
Cap_Phase1_140_R.mp4,1659,0,0,0,0,0,0,0
Cap_Phase1_140_R.mp4,1660,0,0,0,0,0,0,0
Cap_Phase1_140_R.mp4,1661,0,0,0,0,0,0,0
Cap_Phase1_140_R.mp4,1662,0,0,0,0,0,0,0
Cap_Phase1_140_R.mp4,1663,0,0,0,0,0,0,0
Cap_Phase1_140_R.mp4,1664,0,0,0,0,0,0,0
Cap_Phase1_140_R.mp4,1665,0,0,0,0,0,0,0
Cap_Phase1_140_R.mp4,1666,0,0,0,0,0,0,0
Cap_Phase1_140_R.mp4,1667,0,0,0,0,0,0,0
Cap_Phase1_140_R.mp4,1668,0,0,0,0,0,0,0
Cap_Phase1_140_R.mp4,1669,0,0,0,0,0,0,0
Cap_Phase1_140_R.mp4,1670,0,0,0,0,0,0,0
Cap_Phase1_140_R.mp4,1671,0,0,0,0,0,0,0
Cap_Phase1_140_R.mp4,1672,0,0,0,0,0,0,0
Cap_Phase1_140_R.mp4,1673,0,0,0,0,0,0,0
Cap_Phase1_140_R.mp4,1674,0,0,0,0,0,0,0
Cap_Phase1_140_R.mp4,1675,0,0,0,0,0,0,0
Cap_Phase1_140_R.mp4,1676,0,0,0,0,0,0,0
Cap_Phase1_140_R.mp4,1677,0,0,0,0,0,0,0
Cap_Phase1_140_R.mp4,1678,0,0,0,0,0,0,0
Cap_Phase1_140_R.mp4,1679,0,0,0,0,0,0,0
Cap_Phase1_140_R.mp4,1680,0,0,0,0,0,0,0
Cap_Phase1_140_R.mp4,1681,0,0,0,0,0,0,0
Cap_Phase1_140_R.mp4,1682,0,0,0,0,0,0,0
Cap_Phase1_140_R.mp4,1683,0,0,0,0,0,0,0
Cap_Phase1_140_R.mp4,1684,0,0,0,0,0,0,0
Cap_Phase1_140_R.mp4,1685,0,0,0,0,0,0,0
Cap_Phase1_140_R.mp4,1686,0,0,0,0,0,0,0
Cap_Phase1_140_R.mp4,1687,0,0,0,0,0,0,0
Cap_Phase1_140_R.mp4,1688,0,0,0,0,0,0,0
Cap_Phase1_140_R.mp4,1689,0,0,0,0,0,0,0
Cap_Phase1_140_R.mp4,1690,0,0,0,0,0,0,0
Cap_Phase1_140_R.mp4,1691,0,0,0,0,0,0,0
Cap_Phase1_140_R.mp4,1692,0,0,0,0,0,0,0
Cap_Phase1_140_R.mp4,1693,0,0,0,0,0,0,0
Cap_Phase1_140_R.mp4,1694,0,0,0,0,0,0,0
Cap_Phase1_140_R.mp4,1695,0,0,0,0,0,0,0
Cap_Phase1_140_R.mp4,1696,0,0,0,0,0,0,0
Cap_Phase1_140_R.mp4,1697,0,0,0,0,0,0,0
